period,variant,segmento,marca,modelo,powertrain,units,source,notes
2025-12,LightVehicles,leve,TOYOTA,VITZ,ICE,861,Aduana PY datos abiertos,NCM 8703 automóvil/turismo (default leve)
2025-12,LightVehicles,leve,TOYOTA,RACTIS,ICE,588,Aduana PY datos abiertos,NCM 8703 automóvil/turismo (default leve)
2025-12,LightVehicles,leve,KIA,SPORTAGE,ICE,510,Aduana PY datos abiertos,NCM 8703 automóvil/turismo (default leve)
2025-12,LightVehicles,leve,CHEVROLET,(sin modelo),ICE,432,Aduana PY datos abiertos,NCM 8703 automóvil/turismo (default leve)
2025-12,LightVehicles,leve,TOYOTA,AURIS,ICE,343,Aduana PY datos abiertos,NCM 8703 automóvil/turismo (default leve)
2025-12,LightVehicles,leve,TOYOTA,(sin modelo),ICE,320,Aduana PY datos abiertos,NCM 8703 automóvil/turismo (default leve)
2025-12,LightVehicles,leve,KENTON,(sin modelo),ICE,257,Aduana PY datos abiertos,NCM 8703 automóvil/turismo (default leve)
2025-12,LightVehicles,leve,TOYOTA,ALLION,ICE,245,Aduana PY datos abiertos,NCM 8703 automóvil/turismo (default leve)
2025-12,LightVehicles,leve,TOYOTA,PREMIO,ICE,231,Aduana PY datos abiertos,NCM 8703 automóvil/turismo (default leve)
2025-12,LightVehicles,leve,TOYOTA,HILUX,ICE,230,Aduana PY datos abiertos,NCM 8704.21 GVW≤5t pickup/camioneta
2025-12,LightVehicles,leve,TOYOTA,SIENTA,ICE,188,Aduana PY datos abiertos,NCM 8703 automóvil/turismo (default leve)
2025-12,LightVehicles,leve,KIA,SOLUTO,ICE,132,Aduana PY datos abiertos,NCM 8703 automóvil/turismo (default leve)
2025-12,LightVehicles,leve,TOYOTA,WISH,ICE,124,Aduana PY datos abiertos,NCM 8703 automóvil/turismo (default leve)
2025-12,LightVehicles,leve,CHERY,T2,ICE,108,Aduana PY datos abiertos,NCM 8703 automóvil/turismo (default leve)
2025-12,LightVehicles,leve,TOYOTA,COROLLA CROSS,HEV,102,Aduana PY datos abiertos,NCM 8703 automóvil/turismo (default leve)
2025-12,LightVehicles,leve,TOYOTA,NOAH,ICE,99,Aduana PY datos abiertos,passenger van/minibus (Hiace/Staria/…) counts as leve
2025-12,LightVehicles,leve,TOYOTA,VOXY,ICE,95,Aduana PY datos abiertos,passenger van/minibus (Hiace/Staria/…) counts as leve
2025-12,LightVehicles,leve,TOYOTA,FORTUNER,ICE,84,Aduana PY datos abiertos,NCM 8703 automóvil/turismo (default leve)
2025-12,LightVehicles,leve,TOYOTA,IST,ICE,82,Aduana PY datos abiertos,NCM 8703 automóvil/turismo (default leve)
2025-12,LightVehicles,leve,MITSUBISHI,(sin modelo),ICE,78,Aduana PY datos abiertos,NCM 8704.21 GVW≤5t pickup/camioneta
2025-12,LightVehicles,leve,VOLKSWAGEN,T-CROSS 1,ICE,73,Aduana PY datos abiertos,NCM 8703 automóvil/turismo (default leve)
2025-12,LightVehicles,leve,HYUNDAI,NEW CRETA COMFORT NAFTERO 1,ICE,72,Aduana PY datos abiertos,NCM 8703 automóvil/turismo (default leve)
2025-12,LightVehicles,leve,MITSUBISHI,CANTER,ICE,63,Aduana PY datos abiertos,NCM 8704.21 GVW≤5t pickup/camioneta
2025-12,LightVehicles,leve,HYUNDAI,(sin modelo),ICE,57,Aduana PY datos abiertos,NCM 8703 automóvil/turismo (default leve)
2025-12,LightVehicles,leve,GEELY,EMGRAND GX3 PRO A O,ICE,55,Aduana PY datos abiertos,NCM 8703 automóvil/turismo (default leve)
2025-12,LightVehicles,leve,KIA,SONET,ICE,54,Aduana PY datos abiertos,NCM 8703 automóvil/turismo (default leve)
2025-12,LightVehicles,leve,HYUNDAI,SANTA FE,ICE,53,Aduana PY datos abiertos,NCM 8703 automóvil/turismo (default leve)
2025-12,LightVehicles,leve,VOLKSWAGEN,POLO TRACK 1,ICE,49,Aduana PY datos abiertos,NCM 8703 automóvil/turismo (default leve)
2025-12,LightVehicles,leve,JETOUR,(sin modelo),ICE,48,Aduana PY datos abiertos,NCM 8703 automóvil/turismo (default leve)
2025-12,LightVehicles,leve,CHERY,T4 PRO 1,HEV,45,Aduana PY datos abiertos,NCM 8703 automóvil/turismo (default leve)
2025-12,LightVehicles,leve,GEELY,COOLRAY FL NAFT 1,ICE,45,Aduana PY datos abiertos,NCM 8703 automóvil/turismo (default leve)
2025-12,LightVehicles,leve,KIA,SELTOS,ICE,45,Aduana PY datos abiertos,NCM 8703 automóvil/turismo (default leve)
2025-12,LightVehicles,leve,TOYOTA,COROLLA,ICE,45,Aduana PY datos abiertos,NCM 8703 automóvil/turismo (default leve)
2025-12,LightVehicles,leve,HYUNDAI,H-100,ICE,44,Aduana PY datos abiertos,NCM 8704.21 GVW≤5t pickup/camioneta
2025-12,LightVehicles,leve,FIAT,FIORINO ENDURANCE 1,ICE,43,Aduana PY datos abiertos,NCM 8704.31 GVW≤5t pickup/camioneta
2025-12,LightVehicles,leve,GREATWALL,(sin modelo),ICE,43,Aduana PY datos abiertos,NCM 8704.21 GVW≤5t pickup/camioneta
2025-12,LightVehicles,leve,HYUNDAI,TUCSON,ICE,43,Aduana PY datos abiertos,NCM 8703 automóvil/turismo (default leve)
2025-12,LightVehicles,leve,JEEP,COMPASS SPORT 1,ICE,41,Aduana PY datos abiertos,NCM 8703 automóvil/turismo (default leve)
2025-12,LightVehicles,leve,MERCEDES-BENZ,2026,ICE,41,Aduana PY datos abiertos,NCM 8703 automóvil/turismo (default leve)
2025-12,LightVehicles,leve,GEELY,COOLRAY LITE NAFTERO,ICE,40,Aduana PY datos abiertos,NCM 8703 automóvil/turismo (default leve)
2025-12,LightVehicles,leve,TOYOTA,RAIZE AUT,ICE,40,Aduana PY datos abiertos,NCM 8703 automóvil/turismo (default leve)
2025-12,LightVehicles,leve,CHERY,T8 PRO 1,ICE,39,Aduana PY datos abiertos,NCM 8703 automóvil/turismo (default leve)
2025-12,LightVehicles,leve,FIAT,STRADA FREEDOM D/C 1,ICE,35,Aduana PY datos abiertos,NCM 8704.31 GVW≤5t pickup/camioneta
2025-12,LightVehicles,leve,MAZDA,2026,ICE,35,Aduana PY datos abiertos,NCM 8704.21 GVW≤5t pickup/camioneta
2025-12,LightVehicles,leve,TOYOTA,YARIS CROSS,ICE,35,Aduana PY datos abiertos,NCM 8703 automóvil/turismo (default leve)
2025-12,LightVehicles,leve,KIA,SORENTO,ICE,34,Aduana PY datos abiertos,NCM 8703 automóvil/turismo (default leve)
2025-12,LightVehicles,leve,FIAT,STRADA VOLCANO D/C 1,ICE,32,Aduana PY datos abiertos,NCM 8704.31 GVW≤5t pickup/camioneta
2025-12,LightVehicles,leve,VOLKSWAGEN,SAVEIRO ROBUST SC 1,ICE,31,Aduana PY datos abiertos,NCM 8704.31 GVW≤5t pickup/camioneta
2025-12,LightVehicles,leve,TOYOTA,AGYA AUT,ICE,30,Aduana PY datos abiertos,NCM 8703 automóvil/turismo (default leve)
2025-12,LightVehicles,leve,TOYOTA,RUSH AUT,ICE,30,Aduana PY datos abiertos,NCM 8703 automóvil/turismo (default leve)
2025-12,LightVehicles,leve,KIA,SPORTAGE,HEV,29,Aduana PY datos abiertos,NCM 8703 automóvil/turismo (default leve)
2025-12,LightVehicles,recreativo,CLUB CAR,(sin modelo),ICE,28,Aduana PY datos abiertos,NCM 8703.10
2025-12,LightVehicles,leve,NISSAN,NEW KICKS 220T EXCLUSIVE 6 DCT - FLEX FLEX,ICE,27,Aduana PY datos abiertos,NCM 8703 automóvil/turismo (default leve)
2025-12,LightVehicles,leve,DAIHATSU,MOVE,ICE,26,Aduana PY datos abiertos,NCM 8703 automóvil/turismo (default leve)
2025-12,LightVehicles,leve,FIAT,MOBI LIKE 1,ICE,26,Aduana PY datos abiertos,NCM 8703 automóvil/turismo (default leve)
2025-12,LightVehicles,leve,FIAT,STRADA ENDURANCE C/P 1,ICE,26,Aduana PY datos abiertos,NCM 8704.31 GVW≤5t pickup/camioneta
2025-12,LightVehicles,leve,TOYOTA,LAND CRUISER,ICE,26,Aduana PY datos abiertos,NCM 8703 automóvil/turismo (default leve)
2025-12,LightVehicles,leve,GEELY,EMGRAND GX3 PRO,ICE,25,Aduana PY datos abiertos,NCM 8703 automóvil/turismo (default leve)
2025-12,LightVehicles,leve,NISSAN,(sin modelo),ICE,24,Aduana PY datos abiertos,NCM 8704.21 GVW≤5t pickup/camioneta
2025-12,LightVehicles,leve,GREATWALL,TANK 400,PHEV,23,Aduana PY datos abiertos,NCM 8703 automóvil/turismo (default leve)
2025-12,LightVehicles,leve,ISUZU,QMR77L HH5AYNCON,ICE,23,Aduana PY datos abiertos,NCM 8704.21 GVW≤5t pickup/camioneta
2025-12,LightVehicles,leve,MAXUS,(sin modelo),ICE,23,Aduana PY datos abiertos,NCM 8704.21 GVW≤5t pickup/camioneta
2025-12,LightVehicles,leve,GREATWALL,H6 GT,PHEV,22,Aduana PY datos abiertos,NCM 8703 automóvil/turismo (default leve)
2025-12,LightVehicles,leve,TOYOTA,BELTA,ICE,22,Aduana PY datos abiertos,NCM 8703 automóvil/turismo (default leve)
2025-12,LightVehicles,leve,CHERY,(sin modelo),ICE,21,Aduana PY datos abiertos,NCM 8703 automóvil/turismo (default leve)
2025-12,LightVehicles,leve,ISUZU,QLR77L EE1AYN,ICE,21,Aduana PY datos abiertos,NCM 8704.21 GVW≤5t pickup/camioneta
2025-12,LightVehicles,leve,TOYOTA,COROLLA AXIO,ICE,21,Aduana PY datos abiertos,NCM 8703 automóvil/turismo (default leve)
2025-12,LightVehicles,leve,GREATWALL,NEW H6 PHEV,PHEV,20,Aduana PY datos abiertos,NCM 8703 automóvil/turismo (default leve)
2025-12,LightVehicles,leve,MG,2026,HEV,20,Aduana PY datos abiertos,NCM 8703 automóvil/turismo (default leve)
2025-12,LightVehicles,leve,TOYOTA,FUNCARGO,ICE,20,Aduana PY datos abiertos,NCM 8703 automóvil/turismo (default leve)
2025-12,LightVehicles,leve,TOYOTA,RUSH,ICE,20,Aduana PY datos abiertos,NCM 8703 automóvil/turismo (default leve)
2025-12,LightVehicles,leve,VOLKSWAGEN,SAVEIRO EXTREME DC 1,ICE,20,Aduana PY datos abiertos,NCM 8704.31 GVW≤5t pickup/camioneta
2025-12,LightVehicles,leve,VOLKSWAGEN,SAVEIRO ROBUST DC 1,ICE,20,Aduana PY datos abiertos,NCM 8704.31 GVW≤5t pickup/camioneta
2025-12,LightVehicles,leve,VOLVO,EX30,BEV,20,Aduana PY datos abiertos,NCM 8703 automóvil/turismo (default leve)
2025-12,LightVehicles,leve,CHEVROLET,SPARK EUV,BEV,19,Aduana PY datos abiertos,NCM 8703 automóvil/turismo (default leve)
2025-12,LightVehicles,leve,SUBARU,IMPREZA,ICE,19,Aduana PY datos abiertos,NCM 8703 automóvil/turismo (default leve)
2025-12,LightVehicles,recreativo,BLUHAN,(sin modelo),ICE,19,Aduana PY datos abiertos,NCM 8703.10
2025-12,LightVehicles,leve,CHERY,T7 PRO 1,ICE,18,Aduana PY datos abiertos,NCM 8703 automóvil/turismo (default leve)
2025-12,LightVehicles,leve,FIAT,MOBI TREKKING 1,ICE,18,Aduana PY datos abiertos,NCM 8703 automóvil/turismo (default leve)
2025-12,LightVehicles,leve,LYNK CO,06 A O,PHEV,18,Aduana PY datos abiertos,NCM 8703 automóvil/turismo (default leve)
2025-12,LightVehicles,leve,NISSAN,ATLAS,ICE,18,Aduana PY datos abiertos,NCM 8704.21 GVW≤5t pickup/camioneta
2025-12,LightVehicles,leve,SUBARU,(sin modelo),ICE,18,Aduana PY datos abiertos,NCM 8703 automóvil/turismo (default leve)
2025-12,LightVehicles,leve,VOLKSWAGEN,TERA 1,ICE,18,Aduana PY datos abiertos,NCM 8703 automóvil/turismo (default leve)
2025-12,LightVehicles,leve,SUZUKI,(sin modelo),ICE,17,Aduana PY datos abiertos,NCM 8703 automóvil/turismo (default leve)
2025-12,LightVehicles,leve,VOLKSWAGEN,NIVUS 1,ICE,17,Aduana PY datos abiertos,NCM 8703 automóvil/turismo (default leve)
2025-12,LightVehicles,leve,CHANGAN,NEW CS55 PLUS ELITE,ICE,16,Aduana PY datos abiertos,NCM 8703 automóvil/turismo (default leve)
2025-12,LightVehicles,leve,FORD,TERRITORY 1,ICE,16,Aduana PY datos abiertos,NCM 8703 automóvil/turismo (default leve)
2025-12,LightVehicles,leve,MITSUBISHI,CANTER GUTS,ICE,16,Aduana PY datos abiertos,NCM 8704.21 GVW≤5t pickup/camioneta
2025-12,LightVehicles,leve,PEUGEOT,(sin modelo),ICE,16,Aduana PY datos abiertos,NCM 8703 automóvil/turismo (default leve)
2025-12,LightVehicles,leve,TOYOTA,ALLEX,ICE,16,Aduana PY datos abiertos,NCM 8703 automóvil/turismo (default leve)
2025-12,LightVehicles,leve,FIAT,FASTBACK LIMITED 1,ICE,15,Aduana PY datos abiertos,NCM 8703 automóvil/turismo (default leve)
2025-12,LightVehicles,leve,GEELY,RIDDARA RD6 PLUG-IN,PHEV,15,Aduana PY datos abiertos,8704 + pickup/camioneta keyword
2025-12,LightVehicles,leve,GREATWALL,NEW H6 HEV,HEV,15,Aduana PY datos abiertos,NCM 8703 automóvil/turismo (default leve)
2025-12,LightVehicles,leve,JETOUR,T2,PHEV,15,Aduana PY datos abiertos,NCM 8703 automóvil/turismo (default leve)
2025-12,LightVehicles,leve,JMEV,EV3,BEV,15,Aduana PY datos abiertos,NCM 8703 automóvil/turismo (default leve)
2025-12,LightVehicles,leve,RENAULT,(sin modelo),ICE,15,Aduana PY datos abiertos,NCM 8703 automóvil/turismo (default leve)
2025-12,LightVehicles,leve,VOLKSWAGEN,(sin modelo),ICE,15,Aduana PY datos abiertos,NCM 8703 automóvil/turismo (default leve)
2025-12,LightVehicles,pesado,FOTON,BJ1065VDJD6-F1,ICE,15,Aduana PY datos abiertos,NCM 8704.22 typically GVW>5t
2025-12,LightVehicles,leve,FIAT,STRADA ULTRA D/C 1,ICE,14,Aduana PY datos abiertos,NCM 8704.31 GVW≤5t pickup/camioneta
2025-12,LightVehicles,leve,FORD,RANGER 3,ICE,14,Aduana PY datos abiertos,NCM 8704.21 GVW≤5t pickup/camioneta
2025-12,LightVehicles,leve,TOYOTA,AQUA,HEV,14,Aduana PY datos abiertos,NCM 8703 automóvil/turismo (default leve)
2025-12,LightVehicles,leve,GREATWALL,TANK 300,PHEV,13,Aduana PY datos abiertos,NCM 8703 automóvil/turismo (default leve)
2025-12,LightVehicles,leve,HYUNDAI,ALL NEW TUCSON,HEV,13,Aduana PY datos abiertos,NCM 8703 automóvil/turismo (default leve)
2025-12,LightVehicles,leve,TOYOTA,LAND CRUISER PRADO,ICE,13,Aduana PY datos abiertos,NCM 8703 automóvil/turismo (default leve)
2025-12,LightVehicles,leve,CHANGAN,MD 201 CABINA SIMPLE,ICE,12,Aduana PY datos abiertos,NCM 8704.31 GVW≤5t pickup/camioneta
2025-12,LightVehicles,leve,DAIHATSU,MOVE CUSTOM,ICE,12,Aduana PY datos abiertos,NCM 8703 automóvil/turismo (default leve)
2025-12,LightVehicles,leve,FIAT,ARGO TREKKING 1,ICE,12,Aduana PY datos abiertos,NCM 8703 automóvil/turismo (default leve)
2025-12,LightVehicles,leve,HYUNDAI,GRAND I10 HATCHBACK,ICE,12,Aduana PY datos abiertos,NCM 8703 automóvil/turismo (default leve)
2025-12,LightVehicles,leve,HYUNDAI,VENUE,ICE,12,Aduana PY datos abiertos,NCM 8703 automóvil/turismo (default leve)
2025-12,LightVehicles,leve,KGM,REXTON A O,ICE,12,Aduana PY datos abiertos,NCM 8703 automóvil/turismo (default leve)
2025-12,LightVehicles,leve,KIA,K5,ICE,12,Aduana PY datos abiertos,NCM 8703 automóvil/turismo (default leve)
2025-12,LightVehicles,leve,CHANGAN,M201 FURGON CARGO,ICE,11,Aduana PY datos abiertos,NCM 8704.31 GVW≤5t pickup/camioneta
2025-12,LightVehicles,leve,CHEVROLET,TRACKER LTZ FLEX AT TURBO,ICE,11,Aduana PY datos abiertos,NCM 8703 automóvil/turismo (default leve)
2025-12,LightVehicles,leve,CITROEN,(sin modelo),ICE,11,Aduana PY datos abiertos,NCM 8703 automóvil/turismo (default leve)
2025-12,LightVehicles,leve,JEEP,COMMANDER LIMITED 1,ICE,11,Aduana PY datos abiertos,NCM 8703 automóvil/turismo (default leve)
2025-12,LightVehicles,leve,KIA,(sin modelo),ICE,11,Aduana PY datos abiertos,NCM 8703 automóvil/turismo (default leve)
2025-12,LightVehicles,leve,MAZDA,(sin modelo),ICE,11,Aduana PY datos abiertos,NCM 8703 automóvil/turismo (default leve)
2025-12,LightVehicles,leve,TOYOTA,RAV4,HEV,11,Aduana PY datos abiertos,NCM 8703 automóvil/turismo (default leve)
2025-12,LightVehicles,leve,VOLKSWAGEN,2026,ICE,11,Aduana PY datos abiertos,NCM 8703 automóvil/turismo (default leve)
2025-12,LightVehicles,leve,CHEVROLET,S10 WT,ICE,10,Aduana PY datos abiertos,NCM 8704.21 GVW≤5t pickup/camioneta
2025-12,LightVehicles,leve,FIAT,FASTBACK ABARTH 1,ICE,10,Aduana PY datos abiertos,NCM 8703 automóvil/turismo (default leve)
2025-12,LightVehicles,leve,HYUNDAI,NEW HB20 HATCH 16 NAFT AUTCON SUS ACCESORIOS CORRESPONDIENTE,ICE,10,Aduana PY datos abiertos,NCM 8703 automóvil/turismo (default leve)
2025-12,LightVehicles,leve,HYUNDAI,NEW HB20S 16 NAFT ATCON SUS ACCESORIOS CORRESPONDIENTES,ICE,10,Aduana PY datos abiertos,NCM 8703 automóvil/turismo (default leve)
2025-12,LightVehicles,leve,KGM,TORRES A O,HEV,10,Aduana PY datos abiertos,NCM 8703 automóvil/turismo (default leve)
2025-12,LightVehicles,leve,MERCEDES-BENZ,(sin modelo),ICE,10,Aduana PY datos abiertos,NCM 8703 automóvil/turismo (default leve)
2025-12,LightVehicles,leve,TOYOTA,SPORTAGE,ICE,10,Aduana PY datos abiertos,NCM 8703 automóvil/turismo (default leve)
2025-12,LightVehicles,leve,CHERY,(sin modelo),HEV,9,Aduana PY datos abiertos,NCM 8703 automóvil/turismo (default leve)
2025-12,LightVehicles,leve,CHERY,T4 PRO 1,ICE,9,Aduana PY datos abiertos,NCM 8703 automóvil/turismo (default leve)
2025-12,LightVehicles,leve,DFSK,(sin modelo),ICE,9,Aduana PY datos abiertos,NCM 8703 automóvil/turismo (default leve)
2025-12,LightVehicles,leve,HYUNDAI,NEW KONA,HEV,9,Aduana PY datos abiertos,NCM 8703 automóvil/turismo (default leve)
2025-12,LightVehicles,leve,ISUZU,QLR77L-EE1AYN,ICE,9,Aduana PY datos abiertos,NCM 8704.21 GVW≤5t pickup/camioneta
2025-12,LightVehicles,leve,LEXUS,(sin modelo),HEV,9,Aduana PY datos abiertos,NCM 8703 automóvil/turismo (default leve)
2025-12,LightVehicles,leve,MG,2026,ICE,9,Aduana PY datos abiertos,NCM 8703 automóvil/turismo (default leve)
2025-12,LightVehicles,leve,RAM,RAMPAGE R/T 2,ICE,9,Aduana PY datos abiertos,NCM 8704.31 GVW≤5t pickup/camioneta
2025-12,LightVehicles,leve,TOYOTA,CROWN,ICE,9,Aduana PY datos abiertos,NCM 8703 automóvil/turismo (default leve)
2025-12,LightVehicles,leve,TOYOTA,CROWN ATHLETE,ICE,9,Aduana PY datos abiertos,NCM 8703 automóvil/turismo (default leve)
2025-12,LightVehicles,pesado,MERCEDES-BENZ,ATEGO,ICE,9,Aduana PY datos abiertos,NCM 8704.22 typically GVW>5t
2025-12,LightVehicles,leve,BMW,(sin modelo),ICE,8,Aduana PY datos abiertos,NCM 8703 automóvil/turismo (default leve)
2025-12,LightVehicles,leve,CHERY,T8 PRO 1,PHEV,8,Aduana PY datos abiertos,NCM 8703 automóvil/turismo (default leve)
2025-12,LightVehicles,leve,GREATWALL,JOLION PRO,HEV,8,Aduana PY datos abiertos,NCM 8703 automóvil/turismo (default leve)
2025-12,LightVehicles,leve,HONDA,WR-V EXL,ICE,8,Aduana PY datos abiertos,NCM 8703 automóvil/turismo (default leve)
2025-12,LightVehicles,leve,HYUNDAI,ACCENT,ICE,8,Aduana PY datos abiertos,NCM 8703 automóvil/turismo (default leve)
2025-12,LightVehicles,leve,HYUNDAI,NEW CRETA PLATINUM NAFTERO 1,ICE,8,Aduana PY datos abiertos,NCM 8703 automóvil/turismo (default leve)
2025-12,LightVehicles,leve,MAHINDRA,XUV3XO MX3,ICE,8,Aduana PY datos abiertos,NCM 8703 automóvil/turismo (default leve)
2025-12,LightVehicles,leve,MITSUBISHI,CANTER FUSO,ICE,8,Aduana PY datos abiertos,NCM 8704.21 GVW≤5t pickup/camioneta
2025-12,LightVehicles,leve,TOYOTA,TACOMA,ICE,8,Aduana PY datos abiertos,NCM 8704.31 GVW≤5t pickup/camioneta
2025-12,LightVehicles,leve,TOYOTA,YARIS CROSS,HEV,8,Aduana PY datos abiertos,NCM 8703 automóvil/turismo (default leve)
2025-12,LightVehicles,pesado,HINO,(sin modelo),ICE,8,Aduana PY datos abiertos,NCM 8704.22 typically GVW>5t
2025-12,LightVehicles,pesado,SINOTRUK,(sin modelo),ICE,8,Aduana PY datos abiertos,NCM 8704.22 typically GVW>5t
2025-12,LightVehicles,leve,AUDI,Q3 1,ICE,7,Aduana PY datos abiertos,NCM 8703 automóvil/turismo (default leve)
2025-12,LightVehicles,leve,CHANGAN,NEW CS15 DCT,ICE,7,Aduana PY datos abiertos,NCM 8703 automóvil/turismo (default leve)
2025-12,LightVehicles,leve,CHANGAN,NEW CS35 PLUS ELITE,ICE,7,Aduana PY datos abiertos,NCM 8703 automóvil/turismo (default leve)
2025-12,LightVehicles,leve,DODGE,CHALLENGER,ICE,7,Aduana PY datos abiertos,NCM 8703 automóvil/turismo (default leve)
2025-12,LightVehicles,leve,HYUNDAI,GRAND STAREX,ICE,7,Aduana PY datos abiertos,NCM 8703 automóvil/turismo (default leve)
2025-12,LightVehicles,leve,HYUNDAI,PORTER II,ICE,7,Aduana PY datos abiertos,NCM 8704.21 GVW≤5t pickup/camioneta
2025-12,LightVehicles,leve,KAWASAKI,2026,ICE,7,Aduana PY datos abiertos,NCM 8703 automóvil/turismo (default leve)
2025-12,LightVehicles,leve,NISSAN,FAIRLADY Z,ICE,7,Aduana PY datos abiertos,NCM 8703 automóvil/turismo (default leve)
2025-12,LightVehicles,leve,TOYOTA,COROLLA,HEV,7,Aduana PY datos abiertos,NCM 8703 automóvil/turismo (default leve)
2025-12,LightVehicles,pesado,HYUNDAI,EX8 FURGON REFRIGERADO,ICE,7,Aduana PY datos abiertos,NCM 8704.22 typically GVW>5t
2025-12,LightVehicles,pesado,MERCEDES-BENZ,(sin modelo),ICE,7,Aduana PY datos abiertos,NCM 8704.22 typically GVW>5t
2025-12,LightVehicles,recreativo,SEGWAY,(sin modelo),ICE,7,Aduana PY datos abiertos,keyword ATV/UTV/carrito golf/snow
2025-12,LightVehicles,leve,CHANGAN,MD201 CABINA SIMPLE,ICE,6,Aduana PY datos abiertos,NCM 8704.31 GVW≤5t pickup/camioneta
2025-12,LightVehicles,leve,CHANGAN,UNI-T ELITE,ICE,6,Aduana PY datos abiertos,NCM 8703 automóvil/turismo (default leve)
2025-12,LightVehicles,leve,CHEVROLET,CAPTIVA EV,BEV,6,Aduana PY datos abiertos,NCM 8703 automóvil/turismo (default leve)
2025-12,LightVehicles,leve,CHEVROLET,S10 HIGH COUNTRY,ICE,6,Aduana PY datos abiertos,NCM 8704.21 GVW≤5t pickup/camioneta
2025-12,LightVehicles,leve,CHEVROLET,TRAILBLAZER HIGH COUNTRY,ICE,6,Aduana PY datos abiertos,NCM 8703 automóvil/turismo (default leve)
2025-12,LightVehicles,leve,FIAT,STRADA RANCH D/C 1,ICE,6,Aduana PY datos abiertos,NCM 8704.31 GVW≤5t pickup/camioneta
2025-12,LightVehicles,leve,FORD,MUSTANG,ICE,6,Aduana PY datos abiertos,NCM 8703 automóvil/turismo (default leve)
2025-12,LightVehicles,leve,GAC,GS4 MAX GL 1,ICE,6,Aduana PY datos abiertos,NCM 8703 automóvil/turismo (default leve)
2025-12,LightVehicles,leve,HINO,DUTRO,ICE,6,Aduana PY datos abiertos,NCM 8704.21 GVW≤5t pickup/camioneta
2025-12,LightVehicles,leve,HONDA,HR-V EXL,ICE,6,Aduana PY datos abiertos,NCM 8703 automóvil/turismo (default leve)
2025-12,LightVehicles,leve,JAC,T9 ADVANCE LUXURY,ICE,6,Aduana PY datos abiertos,NCM 8704.21 GVW≤5t pickup/camioneta
2025-12,LightVehicles,leve,JIM,(sin modelo),ICE,6,Aduana PY datos abiertos,NCM 8704.21 GVW≤5t pickup/camioneta
2025-12,LightVehicles,leve,KIA,K2700,ICE,6,Aduana PY datos abiertos,NCM 8704.21 GVW≤5t pickup/camioneta
2025-12,LightVehicles,leve,LAND ROVER,DEFENDER,ICE,6,Aduana PY datos abiertos,NCM 8703 automóvil/turismo (default leve)
2025-12,LightVehicles,leve,MAHINDRA,(sin modelo),ICE,6,Aduana PY datos abiertos,NCM 8704.21 GVW≤5t pickup/camioneta
2025-12,LightVehicles,leve,MITSUBISHI FUSO,2026,ICE,6,Aduana PY datos abiertos,NCM 8704.21 GVW≤5t pickup/camioneta
2025-12,LightVehicles,leve,SUZUKI,SWIFT,ICE,6,Aduana PY datos abiertos,NCM 8703 automóvil/turismo (default leve)
2025-12,LightVehicles,pesado,FOTON,BJ1044V9JD4-F,ICE,6,Aduana PY datos abiertos,NCM 8704.22 typically GVW>5t
2025-12,LightVehicles,pesado,TATA,SFC 407 TRUCK WITH 4SPTC ENGINE-EN,ICE,6,Aduana PY datos abiertos,NCM 8704.22 typically GVW>5t
2025-12,LightVehicles,recreativo,CFMOTO,2026,ICE,6,Aduana PY datos abiertos,keyword ATV/UTV/carrito golf/snow
2025-12,LightVehicles,recreativo,VENTURA,(sin modelo),ICE,6,Aduana PY datos abiertos,keyword ATV/UTV/carrito golf/snow
2025-12,LightVehicles,leve,AUDI,Q5 2,ICE,5,Aduana PY datos abiertos,NCM 8703 automóvil/turismo (default leve)
2025-12,LightVehicles,leve,AUDI,Q7 3,ICE,5,Aduana PY datos abiertos,NCM 8703 automóvil/turismo (default leve)
2025-12,LightVehicles,leve,CHEVROLET,NOVA MONTANA LTZ FLEX AT TURBO,ICE,5,Aduana PY datos abiertos,NCM 8704.31 GVW≤5t pickup/camioneta
2025-12,LightVehicles,leve,FORD,RANGER 2,ICE,5,Aduana PY datos abiertos,NCM 8704.21 GVW≤5t pickup/camioneta
2025-12,LightVehicles,leve,FORD,RANGER RAPTOR DC 3,ICE,5,Aduana PY datos abiertos,NCM 8704.31 GVW≤5t pickup/camioneta
2025-12,LightVehicles,leve,JAC,T8,ICE,5,Aduana PY datos abiertos,NCM 8704.21 GVW≤5t pickup/camioneta
2025-12,LightVehicles,leve,KAWASAKI,2025,ICE,5,Aduana PY datos abiertos,NCM 8703 automóvil/turismo (default leve)
2025-12,LightVehicles,leve,KIA,TASMAN,ICE,5,Aduana PY datos abiertos,NCM 8704.21 GVW≤5t pickup/camioneta
2025-12,LightVehicles,leve,MERCEDES-BENZ,2026,PHEV,5,Aduana PY datos abiertos,NCM 8703 automóvil/turismo (default leve)
2025-12,LightVehicles,leve,MERCEDES-BENZ,814,ICE,5,Aduana PY datos abiertos,NCM 8704.21 GVW≤5t pickup/camioneta
2025-12,LightVehicles,leve,NISSAN,X-TRAIL,ICE,5,Aduana PY datos abiertos,NCM 8703 automóvil/turismo (default leve)
2025-12,LightVehicles,leve,RAM,RAMPAGE BIGHORN 2,ICE,5,Aduana PY datos abiertos,NCM 8704.21 GVW≤5t pickup/camioneta
2025-12,LightVehicles,leve,TOYOTA,GRAND HIACE,ICE,5,Aduana PY datos abiertos,passenger van/minibus (Hiace/Staria/…) counts as leve
2025-12,LightVehicles,leve,TOYOTA,IQ,ICE,5,Aduana PY datos abiertos,NCM 8703 automóvil/turismo (default leve)
2025-12,LightVehicles,leve,TOYOTA,MARK X,ICE,5,Aduana PY datos abiertos,NCM 8703 automóvil/turismo (default leve)
2025-12,LightVehicles,leve,TOYOTA,SIENTA,HEV,5,Aduana PY datos abiertos,NCM 8703 automóvil/turismo (default leve)
2025-12,LightVehicles,pesado,MERCEDES-BENZ,814,ICE,5,Aduana PY datos abiertos,NCM 8704.22 typically GVW>5t
2025-12,LightVehicles,pesado,MERCEDES-BENZ,815,ICE,5,Aduana PY datos abiertos,NCM 8704.22 typically GVW>5t
2025-12,LightVehicles,pesado,SCANIA,(sin modelo),ICE,5,Aduana PY datos abiertos,NCM 8704.23 typically GVW>5t
2025-12,LightVehicles,leve,BMW,X1 SDRIVE18I,ICE,4,Aduana PY datos abiertos,NCM 8703 automóvil/turismo (default leve)
2025-12,LightVehicles,leve,BMW,X5 XDRIVE50E,PHEV,4,Aduana PY datos abiertos,NCM 8703 automóvil/turismo (default leve)
2025-12,LightVehicles,leve,BYD,EL,BEV,4,Aduana PY datos abiertos,NCM 8703 automóvil/turismo (default leve)
2025-12,LightVehicles,leve,CHANGAN,2026,ICE,4,Aduana PY datos abiertos,NCM 8703 automóvil/turismo (default leve)
2025-12,LightVehicles,leve,CHANGAN,HUNTER ELITE,ICE,4,Aduana PY datos abiertos,NCM 8704.21 GVW≤5t pickup/camioneta
2025-12,LightVehicles,leve,CHANGAN,NEW CS35 PLUS LUXURY,ICE,4,Aduana PY datos abiertos,NCM 8703 automóvil/turismo (default leve)
2025-12,LightVehicles,leve,CHEVROLET,S10 WORK TRUCK,ICE,4,Aduana PY datos abiertos,NCM 8704.21 GVW≤5t pickup/camioneta
2025-12,LightVehicles,leve,DEEPAL,S05,PHEV,4,Aduana PY datos abiertos,NCM 8703 automóvil/turismo (default leve)
2025-12,LightVehicles,leve,FORD,(sin modelo),ICE,4,Aduana PY datos abiertos,NCM 8703 automóvil/turismo (default leve)
2025-12,LightVehicles,leve,FUSO,2026,ICE,4,Aduana PY datos abiertos,NCM 8704.21 GVW≤5t pickup/camioneta
2025-12,LightVehicles,leve,JETOUR,T1 PHEV,PHEV,4,Aduana PY datos abiertos,NCM 8703 automóvil/turismo (default leve)
2025-12,LightVehicles,leve,KIA,CARNIVAL,ICE,4,Aduana PY datos abiertos,passenger van/minibus (Hiace/Staria/…) counts as leve
2025-12,LightVehicles,leve,MAZDA,DEMIO,ICE,4,Aduana PY datos abiertos,NCM 8703 automóvil/turismo (default leve)
2025-12,LightVehicles,leve,MERCEDES-BENZ,ATEGO,ICE,4,Aduana PY datos abiertos,NCM 8704.21 GVW≤5t pickup/camioneta
2025-12,LightVehicles,leve,MERCEDES-BENZ,C300,ICE,4,Aduana PY datos abiertos,NCM 8703 automóvil/turismo (default leve)
2025-12,LightVehicles,leve,MERCEDES-BENZ,E350,ICE,4,Aduana PY datos abiertos,NCM 8703 automóvil/turismo (default leve)
2025-12,LightVehicles,leve,MINI,(sin modelo),ICE,4,Aduana PY datos abiertos,NCM 8703 automóvil/turismo (default leve)
2025-12,LightVehicles,leve,NISSAN,MARCH,ICE,4,Aduana PY datos abiertos,NCM 8703 automóvil/turismo (default leve)
2025-12,LightVehicles,leve,PORSCHE,CAYENNE,PHEV,4,Aduana PY datos abiertos,NCM 8703 automóvil/turismo (default leve)
2025-12,LightVehicles,leve,TATA,SUPERACE MINT LHD EIV-DLE,ICE,4,Aduana PY datos abiertos,NCM 8704.21 GVW≤5t pickup/camioneta
2025-12,LightVehicles,leve,TOYOTA,4RUNNER,HEV,4,Aduana PY datos abiertos,NCM 8703 automóvil/turismo (default leve)
2025-12,LightVehicles,leve,TOYOTA,DYNA,ICE,4,Aduana PY datos abiertos,NCM 8704.21 GVW≤5t pickup/camioneta
2025-12,LightVehicles,leve,TOYOTA,HIACE,ICE,4,Aduana PY datos abiertos,passenger van/minibus (Hiace/Staria/…) counts as leve
2025-12,LightVehicles,leve,TOYOTA,ISIS PLATANA,ICE,4,Aduana PY datos abiertos,NCM 8703 automóvil/turismo (default leve)
2025-12,LightVehicles,leve,VOLVO,EX40,BEV,4,Aduana PY datos abiertos,NCM 8703 automóvil/turismo (default leve)
2025-12,LightVehicles,pesado,FUSO,2025,ICE,4,Aduana PY datos abiertos,NCM 8704.22 typically GVW>5t
2025-12,LightVehicles,pesado,HYUNDAI,EX6,ICE,4,Aduana PY datos abiertos,NCM 8704.22 typically GVW>5t
2025-12,LightVehicles,pesado,IVECO,TECTOR 17-210,ICE,4,Aduana PY datos abiertos,NCM 8704.22 typically GVW>5t
2025-12,LightVehicles,pesado,MERCEDES-BENZ,2026,ICE,4,Aduana PY datos abiertos,NCM 8704.22 typically GVW>5t
2025-12,LightVehicles,pesado,MERCEDES-BENZ,817,ICE,4,Aduana PY datos abiertos,NCM 8704.22 typically GVW>5t
2025-12,LightVehicles,pesado,MERCEDES-BENZ,ATEGO 815,ICE,4,Aduana PY datos abiertos,NCM 8704.22 typically GVW>5t
2025-12,LightVehicles,pesado,SCANIA,P380,ICE,4,Aduana PY datos abiertos,NCM 8704.22 typically GVW>5t
2025-12,LightVehicles,pesado,TATA,LPT 613/38 LHD 697TCIC EURO-II ENGINE 31,ICE,4,Aduana PY datos abiertos,NCM 8704.22 typically GVW>5t
2025-12,LightVehicles,pesado,TATA,LPT1116-42WB-697TCIC-EUROII-PS-G600-352D,ICE,4,Aduana PY datos abiertos,NCM 8704.22 typically GVW>5t
2025-12,LightVehicles,recreativo,POLARIS,ATV-25 570 SPMN,ICE,4,Aduana PY datos abiertos,keyword ATV/UTV/carrito golf/snow
2025-12,LightVehicles,leve,BMW,X3 20,ICE,3,Aduana PY datos abiertos,NCM 8703 automóvil/turismo (default leve)
2025-12,LightVehicles,leve,BYD,YUAN UP,BEV,3,Aduana PY datos abiertos,NCM 8703 automóvil/turismo (default leve)
2025-12,LightVehicles,leve,CHANGAN,NEW ALSVIN COMFORT MT,ICE,3,Aduana PY datos abiertos,NCM 8703 automóvil/turismo (default leve)
2025-12,LightVehicles,leve,CHANGAN,NEW CS15 MT,ICE,3,Aduana PY datos abiertos,NCM 8703 automóvil/turismo (default leve)
2025-12,LightVehicles,leve,CHEVROLET,ONIX LT HB FLEX AT TURBO,ICE,3,Aduana PY datos abiertos,NCM 8703 automóvil/turismo (default leve)
2025-12,LightVehicles,leve,CHEVROLET,ONIX RS HB FLEX AT TURBO,ICE,3,Aduana PY datos abiertos,NCM 8703 automóvil/turismo (default leve)
2025-12,LightVehicles,leve,CHEVROLET,S10 CS WORK 2,ICE,3,Aduana PY datos abiertos,NCM 8704.21 GVW≤5t pickup/camioneta
2025-12,LightVehicles,leve,CHEVROLET,S10 Z71,ICE,3,Aduana PY datos abiertos,NCM 8704.21 GVW≤5t pickup/camioneta
2025-12,LightVehicles,leve,CHEVROLET,TRACKER LITE FLEX AT TURBO,ICE,3,Aduana PY datos abiertos,NCM 8703 automóvil/turismo (default leve)
2025-12,LightVehicles,leve,CHEVROLET,TRAILBLAZER HC 2,ICE,3,Aduana PY datos abiertos,NCM 8703 automóvil/turismo (default leve)
2025-12,LightVehicles,leve,DEEPAL,S07,PHEV,3,Aduana PY datos abiertos,NCM 8703 automóvil/turismo (default leve)
2025-12,LightVehicles,leve,FORD,2025,ICE,3,Aduana PY datos abiertos,NCM 8703 automóvil/turismo (default leve)
2025-12,LightVehicles,leve,FORD,F-150 DC,ICE,3,Aduana PY datos abiertos,NCM 8704.31 GVW≤5t pickup/camioneta
2025-12,LightVehicles,leve,HYUNDAI,I30,ICE,3,Aduana PY datos abiertos,NCM 8703 automóvil/turismo (default leve)
2025-12,LightVehicles,leve,HYUNDAI,VERACRUZ,ICE,3,Aduana PY datos abiertos,NCM 8703 automóvil/turismo (default leve)
2025-12,LightVehicles,leve,ISUZU,(sin modelo),ICE,3,Aduana PY datos abiertos,NCM 8704.21 GVW≤5t pickup/camioneta
2025-12,LightVehicles,leve,KIA,BONGO III,ICE,3,Aduana PY datos abiertos,NCM 8704.21 GVW≤5t pickup/camioneta
2025-12,LightVehicles,leve,LEXUS,RX350H,HEV,3,Aduana PY datos abiertos,NCM 8703 automóvil/turismo (default leve)
2025-12,LightVehicles,leve,MAZDA,BONGO,ICE,3,Aduana PY datos abiertos,NCM 8704.21 GVW≤5t pickup/camioneta
2025-12,LightVehicles,leve,MERCEDES-BENZ,ATEGO 815,ICE,3,Aduana PY datos abiertos,NCM 8704.21 GVW≤5t pickup/camioneta
2025-12,LightVehicles,leve,MG,MG ONE TROPHY,ICE,3,Aduana PY datos abiertos,NCM 8703 automóvil/turismo (default leve)
2025-12,LightVehicles,leve,MITSUBISHI,MONTERO SPORT GLS SAM 4WD 2,ICE,3,Aduana PY datos abiertos,NCM 8703 automóvil/turismo (default leve)
2025-12,LightVehicles,leve,MITSUBISHI,PAJERO,ICE,3,Aduana PY datos abiertos,NCM 8703 automóvil/turismo (default leve)
2025-12,LightVehicles,leve,MITSUBISHI FUSO,(sin modelo),ICE,3,Aduana PY datos abiertos,NCM 8704.21 GVW≤5t pickup/camioneta
2025-12,LightVehicles,leve,NISSAN,FAIRLADY,ICE,3,Aduana PY datos abiertos,NCM 8703 automóvil/turismo (default leve)
2025-12,LightVehicles,leve,RAM,RAMPAGE REBEL 2,ICE,3,Aduana PY datos abiertos,NCM 8704.21 GVW≤5t pickup/camioneta
2025-12,LightVehicles,leve,SUBARU,IMPREZA WRX,ICE,3,Aduana PY datos abiertos,NCM 8703 automóvil/turismo (default leve)
2025-12,LightVehicles,leve,TOYOTA,AQUA,ICE,3,Aduana PY datos abiertos,NCM 8703 automóvil/turismo (default leve)
2025-12,LightVehicles,leve,TOYOTA,AXIO,ICE,3,Aduana PY datos abiertos,NCM 8703 automóvil/turismo (default leve)
2025-12,LightVehicles,leve,TOYOTA,CROWN ROYAL SALOON,ICE,3,Aduana PY datos abiertos,NCM 8703 automóvil/turismo (default leve)
2025-12,LightVehicles,leve,TOYOTA,GT86,ICE,3,Aduana PY datos abiertos,NCM 8703 automóvil/turismo (default leve)
2025-12,LightVehicles,leve,TOYOTA,RUNX,ICE,3,Aduana PY datos abiertos,NCM 8703 automóvil/turismo (default leve)
2025-12,LightVehicles,leve,VENTURA,(sin modelo),ICE,3,Aduana PY datos abiertos,NCM 8704.31 GVW≤5t pickup/camioneta
2025-12,LightVehicles,leve,VOLKSWAGEN,GOLF,ICE,3,Aduana PY datos abiertos,NCM 8703 automóvil/turismo (default leve)
2025-12,LightVehicles,pesado,ISUZU,NPR71L KJ5VAYN,ICE,3,Aduana PY datos abiertos,NCM 8704.22 typically GVW>5t
2025-12,LightVehicles,pesado,ISUZU,NQR71L LN5VAYN,ICE,3,Aduana PY datos abiertos,NCM 8704.22 typically GVW>5t
2025-12,LightVehicles,pesado,MITSUBISHI FUSO,2026,ICE,3,Aduana PY datos abiertos,NCM 8704.22 typically GVW>5t
2025-12,LightVehicles,pesado,SCANIA,124 - 400,ICE,3,Aduana PY datos abiertos,NCM 8704.22 typically GVW>5t
2025-12,LightVehicles,pesado,SCANIA,R420,ICE,3,Aduana PY datos abiertos,NCM 8704.22 typically GVW>5t
2025-12,LightVehicles,pesado,VOLKSWAGEN,9,ICE,3,Aduana PY datos abiertos,NCM 8704.22 typically GVW>5t
2025-12,LightVehicles,leve,AUDI,(sin modelo),ICE,2,Aduana PY datos abiertos,NCM 8703 automóvil/turismo (default leve)
2025-12,LightVehicles,leve,AUDI,Q2 1,ICE,2,Aduana PY datos abiertos,NCM 8703 automóvil/turismo (default leve)
2025-12,LightVehicles,leve,AUDI,Q6 E-TRON QUATTRO SPORTBACK SLINE BP,BEV,2,Aduana PY datos abiertos,NCM 8703 automóvil/turismo (default leve)
2025-12,LightVehicles,leve,AUDI,Q6 ETRON PERFORMANCE SP SLINE BP,BEV,2,Aduana PY datos abiertos,NCM 8703 automóvil/turismo (default leve)
2025-12,LightVehicles,leve,AUDI,Q8 3,ICE,2,Aduana PY datos abiertos,NCM 8703 automóvil/turismo (default leve)
2025-12,LightVehicles,leve,BMW,(sin modelo),BEV,2,Aduana PY datos abiertos,NCM 8703 automóvil/turismo (default leve)
2025-12,LightVehicles,leve,BMW,320 D,ICE,2,Aduana PY datos abiertos,NCM 8703 automóvil/turismo (default leve)
2025-12,LightVehicles,leve,BMW,330E LIMOUSINE,PHEV,2,Aduana PY datos abiertos,NCM 8703 automóvil/turismo (default leve)
2025-12,LightVehicles,leve,BMW,X3 20D XDRIVE,ICE,2,Aduana PY datos abiertos,NCM 8703 automóvil/turismo (default leve)
2025-12,LightVehicles,leve,BMW,X3 30E XDRIVE,PHEV,2,Aduana PY datos abiertos,NCM 8703 automóvil/turismo (default leve)
2025-12,LightVehicles,leve,BMW,X5 XDRIVE30D,ICE,2,Aduana PY datos abiertos,NCM 8703 automóvil/turismo (default leve)
2025-12,LightVehicles,leve,BMW,X6 XDRIVE30D M SPORT,ICE,2,Aduana PY datos abiertos,NCM 8703 automóvil/turismo (default leve)
2025-12,LightVehicles,leve,BMW,X6 XDRIVE40I M SPORT,ICE,2,Aduana PY datos abiertos,NCM 8703 automóvil/turismo (default leve)
2025-12,LightVehicles,leve,CHANGAN,NEW ALSVIN LUXURY MT,ICE,2,Aduana PY datos abiertos,NCM 8703 automóvil/turismo (default leve)
2025-12,LightVehicles,leve,CHEVROLET,CAMARO,ICE,2,Aduana PY datos abiertos,NCM 8703 automóvil/turismo (default leve)
2025-12,LightVehicles,leve,CHEVROLET,NOVA MONTANA PREMIER II FLEX AT TURBO,ICE,2,Aduana PY datos abiertos,NCM 8704.31 GVW≤5t pickup/camioneta
2025-12,LightVehicles,leve,CHEVROLET,ONIX LT HB FLEX MT,ICE,2,Aduana PY datos abiertos,NCM 8703 automóvil/turismo (default leve)
2025-12,LightVehicles,leve,CHEVROLET,ONIX PREMIER HB FLEX AT TURBO,ICE,2,Aduana PY datos abiertos,NCM 8703 automóvil/turismo (default leve)
2025-12,LightVehicles,leve,CHEVROLET,S10 LTZ,ICE,2,Aduana PY datos abiertos,NCM 8704.21 GVW≤5t pickup/camioneta
2025-12,LightVehicles,leve,DODGE,(sin modelo),ICE,2,Aduana PY datos abiertos,NCM 8703 automóvil/turismo (default leve)
2025-12,LightVehicles,leve,FIAT,TORO RANCH D/C 2,ICE,2,Aduana PY datos abiertos,NCM 8704.21 GVW≤5t pickup/camioneta
2025-12,LightVehicles,leve,FIAT,TORO ULTRA D/C 1,ICE,2,Aduana PY datos abiertos,NCM 8704.31 GVW≤5t pickup/camioneta
2025-12,LightVehicles,leve,FIAT,TORO VOLCANO D/C 1,ICE,2,Aduana PY datos abiertos,NCM 8704.31 GVW≤5t pickup/camioneta
2025-12,LightVehicles,leve,FORD,BRONCO SPORT 2,ICE,2,Aduana PY datos abiertos,NCM 8703 automóvil/turismo (default leve)
2025-12,LightVehicles,leve,GEELY,FARIZON V7E,BEV,2,Aduana PY datos abiertos,8704 + pickup/camioneta keyword
2025-12,LightVehicles,leve,GREATWALL,TANK 500,PHEV,2,Aduana PY datos abiertos,NCM 8703 automóvil/turismo (default leve)
2025-12,LightVehicles,leve,HONDA,HR-V EX,ICE,2,Aduana PY datos abiertos,NCM 8703 automóvil/turismo (default leve)
2025-12,LightVehicles,leve,HYUNDAI,EX6 FURGON REFRIGERADO CORTO,ICE,2,Aduana PY datos abiertos,NCM 8704.21 GVW≤5t pickup/camioneta
2025-12,LightVehicles,leve,HYUNDAI,STARIA,ICE,2,Aduana PY datos abiertos,passenger van/minibus (Hiace/Staria/…) counts as leve
2025-12,LightVehicles,leve,ISUZU,ELF,ICE,2,Aduana PY datos abiertos,NCM 8704.21 GVW≤5t pickup/camioneta
2025-12,LightVehicles,leve,JAC,T9 ADVANCE ADVANCE,ICE,2,Aduana PY datos abiertos,NCM 8704.21 GVW≤5t pickup/camioneta
2025-12,LightVehicles,leve,JEEP,RENEGADE LONGITUDE 1,ICE,2,Aduana PY datos abiertos,NCM 8703 automóvil/turismo (default leve)
2025-12,LightVehicles,leve,JEEP,WRANGLER RUBICON,ICE,2,Aduana PY datos abiertos,NCM 8703 automóvil/turismo (default leve)
2025-12,LightVehicles,leve,KGM,KORANDO A O,ICE,2,Aduana PY datos abiertos,NCM 8703 automóvil/turismo (default leve)
2025-12,LightVehicles,leve,KIA,K7,ICE,2,Aduana PY datos abiertos,NCM 8703 automóvil/turismo (default leve)
2025-12,LightVehicles,leve,LEXUS,UX300H,HEV,2,Aduana PY datos abiertos,NCM 8703 automóvil/turismo (default leve)
2025-12,LightVehicles,leve,LYNK CO,09,ICE,2,Aduana PY datos abiertos,NCM 8703 automóvil/turismo (default leve)
2025-12,LightVehicles,leve,MAHINDRA,XUV3XO AX5 LHD QK,ICE,2,Aduana PY datos abiertos,NCM 8703 automóvil/turismo (default leve)
2025-12,LightVehicles,leve,MAHINDRA,XUV3XO AX7L PM AT EXP LHD ZX,ICE,2,Aduana PY datos abiertos,NCM 8703 automóvil/turismo (default leve)
2025-12,LightVehicles,leve,MAZDA,CX-3,ICE,2,Aduana PY datos abiertos,NCM 8703 automóvil/turismo (default leve)
2025-12,LightVehicles,leve,MAZDA,CX-5,ICE,2,Aduana PY datos abiertos,NCM 8703 automóvil/turismo (default leve)
2025-12,LightVehicles,leve,MERCEDES-BENZ,C220 CDI,ICE,2,Aduana PY datos abiertos,NCM 8703 automóvil/turismo (default leve)
2025-12,LightVehicles,leve,MERCEDES-BENZ,ELO,ICE,2,Aduana PY datos abiertos,NCM 8703 automóvil/turismo (default leve)
2025-12,LightVehicles,leve,MERCEDES-BENZ,G500,ICE,2,Aduana PY datos abiertos,NCM 8703 automóvil/turismo (default leve)
2025-12,LightVehicles,leve,MERCEDES-BENZ,GLC300,ICE,2,Aduana PY datos abiertos,NCM 8703 automóvil/turismo (default leve)
2025-12,LightVehicles,leve,MERCEDES-BENZ,GLE 450 D 4MATIC COUPE,ICE,2,Aduana PY datos abiertos,NCM 8703 automóvil/turismo (default leve)
2025-12,LightVehicles,leve,MERCEDES-BENZ,ML 350,ICE,2,Aduana PY datos abiertos,NCM 8703 automóvil/turismo (default leve)
2025-12,LightVehicles,leve,MERCEDES-BENZ,ML350,ICE,2,Aduana PY datos abiertos,NCM 8703 automóvil/turismo (default leve)
2025-12,LightVehicles,leve,MERCEDES-BENZ,SLK250,ICE,2,Aduana PY datos abiertos,NCM 8703 automóvil/turismo (default leve)
2025-12,LightVehicles,leve,MITSUBISHI,FUSO,ICE,2,Aduana PY datos abiertos,NCM 8704.21 GVW≤5t pickup/camioneta
2025-12,LightVehicles,leve,MITSUBISHI,LANCER,ICE,2,Aduana PY datos abiertos,NCM 8703 automóvil/turismo (default leve)
2025-12,LightVehicles,leve,MITSUBISHI,MONTERO SPORT GLS 4WD SAM 2,ICE,2,Aduana PY datos abiertos,NCM 8703 automóvil/turismo (default leve)
2025-12,LightVehicles,leve,NISSAN,A ATLAS,ICE,2,Aduana PY datos abiertos,NCM 8704.21 GVW≤5t pickup/camioneta
2025-12,LightVehicles,leve,NISSAN,CONDOR,ICE,2,Aduana PY datos abiertos,NCM 8704.21 GVW≤5t pickup/camioneta
2025-12,LightVehicles,leve,NISSAN,NOTE,ICE,2,Aduana PY datos abiertos,NCM 8703 automóvil/turismo (default leve)
2025-12,LightVehicles,leve,NISSAN,SKYLINE,ICE,2,Aduana PY datos abiertos,NCM 8703 automóvil/turismo (default leve)
2025-12,LightVehicles,leve,RAM,1500 REBEL CREW CAB,ICE,2,Aduana PY datos abiertos,NCM 8704.31 GVW≤5t pickup/camioneta
2025-12,LightVehicles,leve,RAM,3500,ICE,2,Aduana PY datos abiertos,NCM 8704.21 GVW≤5t pickup/camioneta
2025-12,LightVehicles,leve,RAM,RAMPAGE LARAMIE 2,ICE,2,Aduana PY datos abiertos,NCM 8704.21 GVW≤5t pickup/camioneta
2025-12,LightVehicles,leve,SCANIA,P94-220,ICE,2,Aduana PY datos abiertos,NCM 8704.21 GVW≤5t pickup/camioneta
2025-12,LightVehicles,leve,SUBARU,IMPREZA WRX STI,ICE,2,Aduana PY datos abiertos,NCM 8703 automóvil/turismo (default leve)
2025-12,LightVehicles,leve,SUBARU,WRX SDN WRX TS ES MT VBHELB6 E3 RW,ICE,2,Aduana PY datos abiertos,NCM 8703 automóvil/turismo (default leve)
2025-12,LightVehicles,leve,TOYOTA,86,ICE,2,Aduana PY datos abiertos,NCM 8703 automóvil/turismo (default leve)
2025-12,LightVehicles,leve,TOYOTA,ALLION NAFTERO,ICE,2,Aduana PY datos abiertos,NCM 8703 automóvil/turismo (default leve)
2025-12,LightVehicles,leve,TOYOTA,AURIS,HEV,2,Aduana PY datos abiertos,NCM 8703 automóvil/turismo (default leve)
2025-12,LightVehicles,leve,TOYOTA,C-HR,ICE,2,Aduana PY datos abiertos,NCM 8703 automóvil/turismo (default leve)
2025-12,LightVehicles,leve,TOYOTA,COROLLA FIELDER,ICE,2,Aduana PY datos abiertos,NCM 8703 automóvil/turismo (default leve)
2025-12,LightVehicles,leve,TOYOTA,FUNCARGO NAFTERO,ICE,2,Aduana PY datos abiertos,NCM 8703 automóvil/turismo (default leve)
2025-12,LightVehicles,leve,TOYOTA,GRANVIA,ICE,2,Aduana PY datos abiertos,NCM 8703 automóvil/turismo (default leve)
2025-12,LightVehicles,leve,TOYOTA,LANDCRUISER A/O,ICE,2,Aduana PY datos abiertos,NCM 8703 automóvil/turismo (default leve)
2025-12,LightVehicles,leve,TOYOTA,PASSO,ICE,2,Aduana PY datos abiertos,NCM 8703 automóvil/turismo (default leve)
2025-12,LightVehicles,leve,TOYOTA,PLATZ,ICE,2,Aduana PY datos abiertos,NCM 8703 automóvil/turismo (default leve)
2025-12,LightVehicles,leve,TOYOTA,REGIUS,ICE,2,Aduana PY datos abiertos,NCM 8703 automóvil/turismo (default leve)
2025-12,LightVehicles,leve,TOYOTA,TOYOACE,ICE,2,Aduana PY datos abiertos,NCM 8703 automóvil/turismo (default leve)
2025-12,LightVehicles,leve,TOYOTA,VITZ,HEV,2,Aduana PY datos abiertos,NCM 8703 automóvil/turismo (default leve)
2025-12,LightVehicles,leve,TOYOTA,YARIS,ICE,2,Aduana PY datos abiertos,NCM 8703 automóvil/turismo (default leve)
2025-12,LightVehicles,pesado,CLW,CLW5250ZZGT3,ICE,2,Aduana PY datos abiertos,NCM 8704.23 typically GVW>5t
2025-12,LightVehicles,pesado,HYUNDAI,EX1,ICE,2,Aduana PY datos abiertos,NCM 8704.22 typically GVW>5t
2025-12,LightVehicles,pesado,MERCEDES-BENZ,1114,ICE,2,Aduana PY datos abiertos,NCM 8704.22 typically GVW>5t
2025-12,LightVehicles,pesado,MERCEDES-BENZ,1320,ICE,2,Aduana PY datos abiertos,NCM 8704.22 typically GVW>5t
2025-12,LightVehicles,pesado,MERCEDES-BENZ,818,ICE,2,Aduana PY datos abiertos,NCM 8704.22 typically GVW>5t
2025-12,LightVehicles,pesado,SCANIA,P94 260,ICE,2,Aduana PY datos abiertos,NCM 8704.22 typically GVW>5t
2025-12,LightVehicles,recreativo,CAN-AM,OUTL MAX XT 700 GY INT 26,ICE,2,Aduana PY datos abiertos,keyword ATV/UTV/carrito golf/snow
2025-12,LightVehicles,recreativo,CAN-AM,OUTL PRO HD5 TN INT 26,ICE,2,Aduana PY datos abiertos,keyword ATV/UTV/carrito golf/snow
2025-12,LightVehicles,recreativo,CAN-AM,SSV MAV DS 64 T BE INT 26,ICE,2,Aduana PY datos abiertos,keyword ATV/UTV/carrito golf/snow
2025-12,LightVehicles,recreativo,CAN-AM,SSV MAV RS 72 TRR BE INT 26,ICE,2,Aduana PY datos abiertos,keyword ATV/UTV/carrito golf/snow
2025-12,LightVehicles,recreativo,FREYJA,(sin modelo),ICE,2,Aduana PY datos abiertos,keyword ATV/UTV/carrito golf/snow
2025-12,LightVehicles,recreativo,POLARIS,ATV-24 850 SPMN,ICE,2,Aduana PY datos abiertos,keyword ATV/UTV/carrito golf/snow
2025-12,LightVehicles,leve,ACURA,RDX,ICE,1,Aduana PY datos abiertos,NCM 8703 automóvil/turismo (default leve)
2025-12,LightVehicles,leve,AUDI,A7,ICE,1,Aduana PY datos abiertos,NCM 8703 automóvil/turismo (default leve)
2025-12,LightVehicles,leve,AUDI,Q6 E-TRON SPORTBACK PERFORMANCE,BEV,1,Aduana PY datos abiertos,NCM 8703 automóvil/turismo (default leve)
2025-12,LightVehicles,leve,AUDI,Q6 ETRON PREMIUM,BEV,1,Aduana PY datos abiertos,NCM 8703 automóvil/turismo (default leve)
2025-12,LightVehicles,leve,AUDI,Q6 PERFORMANCE,BEV,1,Aduana PY datos abiertos,NCM 8703 automóvil/turismo (default leve)
2025-12,LightVehicles,leve,AUDI,Q7,ICE,1,Aduana PY datos abiertos,NCM 8703 automóvil/turismo (default leve)
2025-12,LightVehicles,leve,AUDI,TT COUPE,ICE,1,Aduana PY datos abiertos,NCM 8703 automóvil/turismo (default leve)
2025-12,LightVehicles,leve,BENTLEY,TURBO R,ICE,1,Aduana PY datos abiertos,NCM 8703 automóvil/turismo (default leve)
2025-12,LightVehicles,leve,BMW,120D,ICE,1,Aduana PY datos abiertos,NCM 8703 automóvil/turismo (default leve)
2025-12,LightVehicles,leve,BMW,2000ANHO MOD,ICE,1,Aduana PY datos abiertos,NCM 8703 automóvil/turismo (default leve)
2025-12,LightVehicles,leve,BMW,218 GRAN COUPE,ICE,1,Aduana PY datos abiertos,NCM 8703 automóvil/turismo (default leve)
2025-12,LightVehicles,leve,BMW,320,ICE,1,Aduana PY datos abiertos,NCM 8703 automóvil/turismo (default leve)
2025-12,LightVehicles,leve,BMW,320D,ICE,1,Aduana PY datos abiertos,NCM 8703 automóvil/turismo (default leve)
2025-12,LightVehicles,leve,BMW,323I,ICE,1,Aduana PY datos abiertos,NCM 8703 automóvil/turismo (default leve)
2025-12,LightVehicles,leve,BMW,328I,ICE,1,Aduana PY datos abiertos,NCM 8703 automóvil/turismo (default leve)
2025-12,LightVehicles,leve,BMW,428I,ICE,1,Aduana PY datos abiertos,NCM 8703 automóvil/turismo (default leve)
2025-12,LightVehicles,leve,BMW,430I,ICE,1,Aduana PY datos abiertos,NCM 8703 automóvil/turismo (default leve)
2025-12,LightVehicles,leve,BMW,525I A/O,ICE,1,Aduana PY datos abiertos,NCM 8703 automóvil/turismo (default leve)
2025-12,LightVehicles,leve,BMW,740LI,ICE,1,Aduana PY datos abiertos,NCM 8703 automóvil/turismo (default leve)
2025-12,LightVehicles,leve,BMW,IX1 EDRIVE,BEV,1,Aduana PY datos abiertos,NCM 8703 automóvil/turismo (default leve)
2025-12,LightVehicles,leve,BMW,LO X5,ICE,1,Aduana PY datos abiertos,NCM 8703 automóvil/turismo (default leve)
2025-12,LightVehicles,leve,BMW,M340I XDRIVE LIMOUSINE MX,ICE,1,Aduana PY datos abiertos,NCM 8703 automóvil/turismo (default leve)
2025-12,LightVehicles,leve,BMW,M5,ICE,1,Aduana PY datos abiertos,NCM 8703 automóvil/turismo (default leve)
2025-12,LightVehicles,leve,BMW,X2 M35I XDRIVE,ICE,1,Aduana PY datos abiertos,NCM 8703 automóvil/turismo (default leve)
2025-12,LightVehicles,leve,BMW,X2 XDRIVE20I,ICE,1,Aduana PY datos abiertos,NCM 8703 automóvil/turismo (default leve)
2025-12,LightVehicles,leve,BMW,X3,ICE,1,Aduana PY datos abiertos,NCM 8703 automóvil/turismo (default leve)
2025-12,LightVehicles,leve,BMW,X3 M50 XDRIVE,ICE,1,Aduana PY datos abiertos,NCM 8703 automóvil/turismo (default leve)
2025-12,LightVehicles,leve,BMW,X4 XDRIVE20I,ICE,1,Aduana PY datos abiertos,NCM 8703 automóvil/turismo (default leve)
2025-12,LightVehicles,leve,BMW,X5,ICE,1,Aduana PY datos abiertos,NCM 8703 automóvil/turismo (default leve)
2025-12,LightVehicles,leve,BMW,X5 SDRIVE3,ICE,1,Aduana PY datos abiertos,NCM 8703 automóvil/turismo (default leve)
2025-12,LightVehicles,leve,BMW,X6,ICE,1,Aduana PY datos abiertos,NCM 8703 automóvil/turismo (default leve)
2025-12,LightVehicles,leve,BMW,X7 XDRIVE40I,ICE,1,Aduana PY datos abiertos,NCM 8703 automóvil/turismo (default leve)
2025-12,LightVehicles,leve,BYD,(sin modelo),BEV,1,Aduana PY datos abiertos,NCM 8703 automóvil/turismo (default leve)
2025-12,LightVehicles,leve,CHANGAN,(sin modelo),PHEV,1,Aduana PY datos abiertos,NCM 8703 automóvil/turismo (default leve)
2025-12,LightVehicles,leve,CHANGAN,NEW CS55,ICE,1,Aduana PY datos abiertos,NCM 8703 automóvil/turismo (default leve)
2025-12,LightVehicles,leve,CHEVROLET,C10,ICE,1,Aduana PY datos abiertos,NCM 8703 automóvil/turismo (default leve)
2025-12,LightVehicles,leve,CHEVROLET,NOVA MONTANA RS FLEX AT TURBO,ICE,1,Aduana PY datos abiertos,NCM 8704.31 GVW≤5t pickup/camioneta
2025-12,LightVehicles,leve,CHEVROLET,SILVERADO,ICE,1,Aduana PY datos abiertos,NCM 8704.31 GVW≤5t pickup/camioneta
2025-12,LightVehicles,leve,CHEVROLET,SUBURBAN,ICE,1,Aduana PY datos abiertos,NCM 8703 automóvil/turismo (default leve)
2025-12,LightVehicles,leve,CHEVROLET,TRACKER PREMIER FLEX AT TURBO,ICE,1,Aduana PY datos abiertos,NCM 8703 automóvil/turismo (default leve)
2025-12,LightVehicles,leve,CHEVROLET,TRACKER RS FLEX AT TURBO,ICE,1,Aduana PY datos abiertos,NCM 8703 automóvil/turismo (default leve)
2025-12,LightVehicles,leve,"CHEVROLET, CAMARO SS",CAMARO,ICE,1,Aduana PY datos abiertos,NCM 8703 automóvil/turismo (default leve)
2025-12,LightVehicles,leve,DAIHATSU,(sin modelo),ICE,1,Aduana PY datos abiertos,NCM 8704.31 GVW≤5t pickup/camioneta
2025-12,LightVehicles,leve,DAIHATSU,MIRA,ICE,1,Aduana PY datos abiertos,NCM 8703 automóvil/turismo (default leve)
2025-12,LightVehicles,leve,DEEPAL,G318,PHEV,1,Aduana PY datos abiertos,NCM 8703 automóvil/turismo (default leve)
2025-12,LightVehicles,leve,DENZA,(sin modelo),PHEV,1,Aduana PY datos abiertos,NCM 8703 automóvil/turismo (default leve)
2025-12,LightVehicles,leve,DODGE,CHALLENGER A/O,ICE,1,Aduana PY datos abiertos,NCM 8703 automóvil/turismo (default leve)
2025-12,LightVehicles,leve,DODGE,RAM,ICE,1,Aduana PY datos abiertos,NCM 8704.21 GVW≤5t pickup/camioneta
2025-12,LightVehicles,leve,DONGFENG,(sin modelo),ICE,1,Aduana PY datos abiertos,NCM 8704.21 GVW≤5t pickup/camioneta
2025-12,LightVehicles,leve,FIAT,ARGO MOBI LIKE 1,ICE,1,Aduana PY datos abiertos,NCM 8703 automóvil/turismo (default leve)
2025-12,LightVehicles,leve,FIAT,FASTBACK AUDACE MILD,ICE,1,Aduana PY datos abiertos,NCM 8703 automóvil/turismo (default leve)
2025-12,LightVehicles,leve,FIAT,PULSE IMPETUS MILD,ICE,1,Aduana PY datos abiertos,NCM 8703 automóvil/turismo (default leve)
2025-12,LightVehicles,leve,FIAT,TORO ENDURANCE D/C 1,ICE,1,Aduana PY datos abiertos,NCM 8704.31 GVW≤5t pickup/camioneta
2025-12,LightVehicles,leve,FIAT,TORO VOLCANO D/C 2,ICE,1,Aduana PY datos abiertos,NCM 8704.21 GVW≤5t pickup/camioneta
2025-12,LightVehicles,leve,FORD,BRONCO RAPTOR,ICE,1,Aduana PY datos abiertos,NCM 8703 automóvil/turismo (default leve)
2025-12,LightVehicles,leve,FORD,EXPLORER PLATINUM 2,ICE,1,Aduana PY datos abiertos,NCM 8703 automóvil/turismo (default leve)
2025-12,LightVehicles,leve,FORD,EXPLORER XLT,ICE,1,Aduana PY datos abiertos,NCM 8703 automóvil/turismo (default leve)
2025-12,LightVehicles,leve,FORD,F-150,ICE,1,Aduana PY datos abiertos,NCM 8704.31 GVW≤5t pickup/camioneta
2025-12,LightVehicles,leve,FORD,F150 A/O MOD,ICE,1,Aduana PY datos abiertos,NCM 8704.31 GVW≤5t pickup/camioneta
2025-12,LightVehicles,leve,FORD,F150 STX,ICE,1,Aduana PY datos abiertos,NCM 8704.31 GVW≤5t pickup/camioneta
2025-12,LightVehicles,leve,FORD,F350 A/O,ICE,1,Aduana PY datos abiertos,NCM 8704.21 GVW≤5t pickup/camioneta
2025-12,LightVehicles,leve,FORD,MAVERICK TREMOR DC 2,ICE,1,Aduana PY datos abiertos,NCM 8704.31 GVW≤5t pickup/camioneta
2025-12,LightVehicles,leve,FORD,MUSTANG ECOBOOS PREMIUN,ICE,1,Aduana PY datos abiertos,NCM 8703 automóvil/turismo (default leve)
2025-12,LightVehicles,leve,FORD,MUSTANG GT PREMIUN COUPE,ICE,1,Aduana PY datos abiertos,NCM 8703 automóvil/turismo (default leve)
2025-12,LightVehicles,leve,FORD,TRANSIT,ICE,1,Aduana PY datos abiertos,NCM 8704.21 GVW≤5t pickup/camioneta
2025-12,LightVehicles,leve,GEELY,RIDDARA RD6 ELECTRICO 86KWH 4WD ULTRA,BEV,1,Aduana PY datos abiertos,8704 + pickup/camioneta keyword
2025-12,LightVehicles,leve,GMC,CANYON SLT,ICE,1,Aduana PY datos abiertos,NCM 8704.31 GVW≤5t pickup/camioneta
2025-12,LightVehicles,leve,HINO,(sin modelo),ICE,1,Aduana PY datos abiertos,NCM 8704.21 GVW≤5t pickup/camioneta
2025-12,LightVehicles,leve,HINO,RANGER,ICE,1,Aduana PY datos abiertos,NCM 8704.21 GVW≤5t pickup/camioneta
2025-12,LightVehicles,leve,HONDA,(sin modelo),BEV,1,Aduana PY datos abiertos,NCM 8703 automóvil/turismo (default leve)
2025-12,LightVehicles,leve,HONDA,(sin modelo),ICE,1,Aduana PY datos abiertos,NCM 8704.31 GVW≤5t pickup/camioneta
2025-12,LightVehicles,leve,HONDA,CIVIC SI,ICE,1,Aduana PY datos abiertos,NCM 8703 automóvil/turismo (default leve)
2025-12,LightVehicles,leve,HONDA,PILOT TOURING,ICE,1,Aduana PY datos abiertos,NCM 8703 automóvil/turismo (default leve)
2025-12,LightVehicles,leve,HUMMER,H2,ICE,1,Aduana PY datos abiertos,NCM 8703 automóvil/turismo (default leve)
2025-12,LightVehicles,leve,HYUNDAI,MAXCRUZ,ICE,1,Aduana PY datos abiertos,NCM 8703 automóvil/turismo (default leve)
2025-12,LightVehicles,leve,HYUNDAI,MIGHTY,ICE,1,Aduana PY datos abiertos,NCM 8704.21 GVW≤5t pickup/camioneta
2025-12,LightVehicles,leve,HYUNDAI,PALISADE,ICE,1,Aduana PY datos abiertos,NCM 8703 automóvil/turismo (default leve)
2025-12,LightVehicles,leve,HYUNDAI,SONATA,ICE,1,Aduana PY datos abiertos,NCM 8703 automóvil/turismo (default leve)
2025-12,LightVehicles,leve,HYUNDAI,SPORTAGE,ICE,1,Aduana PY datos abiertos,NCM 8703 automóvil/turismo (default leve)
2025-12,LightVehicles,leve,HYUNDAI,VELOSTER,ICE,1,Aduana PY datos abiertos,NCM 8703 automóvil/turismo (default leve)
2025-12,LightVehicles,leve,ISUZU,QMR77L-HH5AYN,ICE,1,Aduana PY datos abiertos,NCM 8704.21 GVW≤5t pickup/camioneta
2025-12,LightVehicles,leve,JAGUAR,XJ A/O,ICE,1,Aduana PY datos abiertos,NCM 8703 automóvil/turismo (default leve)
2025-12,LightVehicles,leve,JEEP,(sin modelo),ICE,1,Aduana PY datos abiertos,NCM 8703 automóvil/turismo (default leve)
2025-12,LightVehicles,leve,JEEP,2024,ICE,1,Aduana PY datos abiertos,NCM 8703 automóvil/turismo (default leve)
2025-12,LightVehicles,leve,JEEP,GRAND CHEROKEE,HEV,1,Aduana PY datos abiertos,NCM 8703 automóvil/turismo (default leve)
2025-12,LightVehicles,leve,JEEP,GRAND CHEROKEE,ICE,1,Aduana PY datos abiertos,NCM 8703 automóvil/turismo (default leve)
2025-12,LightVehicles,leve,JEEP,RENEGADE ALTITUDE 1,ICE,1,Aduana PY datos abiertos,NCM 8703 automóvil/turismo (default leve)
2025-12,LightVehicles,leve,JEEP,WRANGLER,ICE,1,Aduana PY datos abiertos,NCM 8703 automóvil/turismo (default leve)
2025-12,LightVehicles,leve,JEEP,WRANGLER,PHEV,1,Aduana PY datos abiertos,NCM 8703 automóvil/turismo (default leve)
2025-12,LightVehicles,leve,JEEP,WRANGLER A/O,ICE,1,Aduana PY datos abiertos,NCM 8703 automóvil/turismo (default leve)
2025-12,LightVehicles,leve,KAWASAKI,BAYOU,ICE,1,Aduana PY datos abiertos,NCM 8703 automóvil/turismo (default leve)
2025-12,LightVehicles,leve,KIA,BONGO,ICE,1,Aduana PY datos abiertos,NCM 8704.21 GVW≤5t pickup/camioneta
2025-12,LightVehicles,leve,KIA,FORTE,ICE,1,Aduana PY datos abiertos,NCM 8703 automóvil/turismo (default leve)
2025-12,LightVehicles,leve,KIA,K3,ICE,1,Aduana PY datos abiertos,NCM 8703 automóvil/turismo (default leve)
2025-12,LightVehicles,leve,KIA,K5,HEV,1,Aduana PY datos abiertos,NCM 8703 automóvil/turismo (default leve)
2025-12,LightVehicles,leve,LAND ROVER,RANGE ROVER,ICE,1,Aduana PY datos abiertos,NCM 8703 automóvil/turismo (default leve)
2025-12,LightVehicles,leve,LAND ROVER,RANGE ROVER HSE,ICE,1,Aduana PY datos abiertos,NCM 8703 automóvil/turismo (default leve)
2025-12,LightVehicles,leve,LAND ROVER,RANGE ROVER SPORT HSE,ICE,1,Aduana PY datos abiertos,NCM 8703 automóvil/turismo (default leve)
2025-12,LightVehicles,leve,LEXUS,(sin modelo),PHEV,1,Aduana PY datos abiertos,NCM 8703 automóvil/turismo (default leve)
2025-12,LightVehicles,leve,LEXUS,RX500H,HEV,1,Aduana PY datos abiertos,NCM 8703 automóvil/turismo (default leve)
2025-12,LightVehicles,leve,LEXUS,SC430,ICE,1,Aduana PY datos abiertos,NCM 8703 automóvil/turismo (default leve)
2025-12,LightVehicles,leve,LINCOLN,CONTINENTAL,ICE,1,Aduana PY datos abiertos,NCM 8703 automóvil/turismo (default leve)
2025-12,LightVehicles,leve,MAHINDRA,XUV3XO AX5 LHD RP,ICE,1,Aduana PY datos abiertos,NCM 8703 automóvil/turismo (default leve)
2025-12,LightVehicles,leve,MAHINDRA,XUV3XO AX5 PM AT EXP LHD QK,ICE,1,Aduana PY datos abiertos,NCM 8703 automóvil/turismo (default leve)
2025-12,LightVehicles,leve,MAHINDRA,XUV3XO AX5 PM AT EXP LHD WQ,ICE,1,Aduana PY datos abiertos,NCM 8703 automóvil/turismo (default leve)
2025-12,LightVehicles,leve,MAHINDRA,XUV3XO AX7L PM AT EXP LHD AC,ICE,1,Aduana PY datos abiertos,NCM 8703 automóvil/turismo (default leve)
2025-12,LightVehicles,leve,MASERATI,LEVANTE,ICE,1,Aduana PY datos abiertos,NCM 8703 automóvil/turismo (default leve)
2025-12,LightVehicles,leve,MAZDA,CX9,ICE,1,Aduana PY datos abiertos,NCM 8703 automóvil/turismo (default leve)
2025-12,LightVehicles,leve,MAZDA,EUNOS 2DR,ICE,1,Aduana PY datos abiertos,NCM 8703 automóvil/turismo (default leve)
2025-12,LightVehicles,leve,MCLAREN,650S,ICE,1,Aduana PY datos abiertos,NCM 8703 automóvil/turismo (default leve)
2025-12,LightVehicles,leve,MERCEDES-BENZ,1223 USADO,ICE,1,Aduana PY datos abiertos,NCM 8704.21 GVW≤5t pickup/camioneta
2025-12,LightVehicles,leve,MERCEDES-BENZ,1317,ICE,1,Aduana PY datos abiertos,NCM 8704.21 GVW≤5t pickup/camioneta
2025-12,LightVehicles,leve,MERCEDES-BENZ,1517,ICE,1,Aduana PY datos abiertos,NCM 8704.21 GVW≤5t pickup/camioneta
2025-12,LightVehicles,leve,MERCEDES-BENZ,1520,ICE,1,Aduana PY datos abiertos,NCM 8704.21 GVW≤5t pickup/camioneta
2025-12,LightVehicles,leve,MERCEDES-BENZ,230S,ICE,1,Aduana PY datos abiertos,NCM 8703 automóvil/turismo (default leve)
2025-12,LightVehicles,leve,MERCEDES-BENZ,250C,ICE,1,Aduana PY datos abiertos,NCM 8703 automóvil/turismo (default leve)
2025-12,LightVehicles,leve,MERCEDES-BENZ,280 SL,ICE,1,Aduana PY datos abiertos,NCM 8703 automóvil/turismo (default leve)
2025-12,LightVehicles,leve,MERCEDES-BENZ,500 SEC,ICE,1,Aduana PY datos abiertos,NCM 8703 automóvil/turismo (default leve)
2025-12,LightVehicles,leve,MERCEDES-BENZ,560 SEL,ICE,1,Aduana PY datos abiertos,NCM 8703 automóvil/turismo (default leve)
2025-12,LightVehicles,leve,MERCEDES-BENZ,609D DIESEL,ICE,1,Aduana PY datos abiertos,NCM 8704.21 GVW≤5t pickup/camioneta
2025-12,LightVehicles,leve,MERCEDES-BENZ,811 DIESEL,ICE,1,Aduana PY datos abiertos,NCM 8704.21 GVW≤5t pickup/camioneta
2025-12,LightVehicles,leve,MERCEDES-BENZ,914,ICE,1,Aduana PY datos abiertos,NCM 8704.21 GVW≤5t pickup/camioneta
2025-12,LightVehicles,leve,MERCEDES-BENZ,AMG C43,ICE,1,Aduana PY datos abiertos,NCM 8703 automóvil/turismo (default leve)
2025-12,LightVehicles,leve,MERCEDES-BENZ,B180 CDI,ICE,1,Aduana PY datos abiertos,NCM 8703 automóvil/turismo (default leve)
2025-12,LightVehicles,leve,MERCEDES-BENZ,C 220 D,ICE,1,Aduana PY datos abiertos,NCM 8703 automóvil/turismo (default leve)
2025-12,LightVehicles,leve,MERCEDES-BENZ,C200,ICE,1,Aduana PY datos abiertos,NCM 8703 automóvil/turismo (default leve)
2025-12,LightVehicles,leve,MERCEDES-BENZ,C250,ICE,1,Aduana PY datos abiertos,NCM 8703 automóvil/turismo (default leve)
2025-12,LightVehicles,leve,MERCEDES-BENZ,C250 A/O,ICE,1,Aduana PY datos abiertos,NCM 8703 automóvil/turismo (default leve)
2025-12,LightVehicles,leve,MERCEDES-BENZ,CLS 63 AMG,ICE,1,Aduana PY datos abiertos,NCM 8703 automóvil/turismo (default leve)
2025-12,LightVehicles,leve,MERCEDES-BENZ,E 350,ICE,1,Aduana PY datos abiertos,NCM 8703 automóvil/turismo (default leve)
2025-12,LightVehicles,leve,MERCEDES-BENZ,E 400,ICE,1,Aduana PY datos abiertos,NCM 8703 automóvil/turismo (default leve)
2025-12,LightVehicles,leve,MERCEDES-BENZ,E220,ICE,1,Aduana PY datos abiertos,NCM 8703 automóvil/turismo (default leve)
2025-12,LightVehicles,leve,MERCEDES-BENZ,E220 CDI,ICE,1,Aduana PY datos abiertos,NCM 8703 automóvil/turismo (default leve)
2025-12,LightVehicles,leve,MERCEDES-BENZ,E280,ICE,1,Aduana PY datos abiertos,NCM 8703 automóvil/turismo (default leve)
2025-12,LightVehicles,leve,MERCEDES-BENZ,E300,ICE,1,Aduana PY datos abiertos,NCM 8703 automóvil/turismo (default leve)
2025-12,LightVehicles,leve,MERCEDES-BENZ,E350 CLK,ICE,1,Aduana PY datos abiertos,NCM 8703 automóvil/turismo (default leve)
2025-12,LightVehicles,leve,MERCEDES-BENZ,E550,ICE,1,Aduana PY datos abiertos,NCM 8703 automóvil/turismo (default leve)
2025-12,LightVehicles,leve,MERCEDES-BENZ,G 320 CDI CABRIOLET,ICE,1,Aduana PY datos abiertos,NCM 8703 automóvil/turismo (default leve)
2025-12,LightVehicles,leve,MERCEDES-BENZ,G 450 D,ICE,1,Aduana PY datos abiertos,NCM 8703 automóvil/turismo (default leve)
2025-12,LightVehicles,leve,MERCEDES-BENZ,GLA 250,ICE,1,Aduana PY datos abiertos,NCM 8703 automóvil/turismo (default leve)
2025-12,LightVehicles,leve,MERCEDES-BENZ,GLC,ICE,1,Aduana PY datos abiertos,NCM 8703 automóvil/turismo (default leve)
2025-12,LightVehicles,leve,MERCEDES-BENZ,GLC 200 4MATIC CON,ICE,1,Aduana PY datos abiertos,NCM 8703 automóvil/turismo (default leve)
2025-12,LightVehicles,leve,MERCEDES-BENZ,GLC 200 4MATIC COUPE CON,ICE,1,Aduana PY datos abiertos,NCM 8703 automóvil/turismo (default leve)
2025-12,LightVehicles,leve,MERCEDES-BENZ,GLC 220 D 4MATIC CON,ICE,1,Aduana PY datos abiertos,NCM 8703 automóvil/turismo (default leve)
2025-12,LightVehicles,leve,MERCEDES-BENZ,GLC 220 D 4MATIC COUPE CON,ICE,1,Aduana PY datos abiertos,NCM 8703 automóvil/turismo (default leve)
2025-12,LightVehicles,leve,MERCEDES-BENZ,GLC 300,ICE,1,Aduana PY datos abiertos,NCM 8703 automóvil/turismo (default leve)
2025-12,LightVehicles,leve,MERCEDES-BENZ,GLE 300 D 4MATIC COUPE,ICE,1,Aduana PY datos abiertos,NCM 8703 automóvil/turismo (default leve)
2025-12,LightVehicles,leve,MERCEDES-BENZ,GLE 350 D,ICE,1,Aduana PY datos abiertos,NCM 8703 automóvil/turismo (default leve)
2025-12,LightVehicles,leve,MERCEDES-BENZ,S560,ICE,1,Aduana PY datos abiertos,NCM 8703 automóvil/turismo (default leve)
2025-12,LightVehicles,leve,MERCEDES-BENZ,SL 500,ICE,1,Aduana PY datos abiertos,NCM 8703 automóvil/turismo (default leve)
2025-12,LightVehicles,leve,MERCEDES-BENZ,SLK200,ICE,1,Aduana PY datos abiertos,NCM 8703 automóvil/turismo (default leve)
2025-12,LightVehicles,leve,MERCEDES-BENZ,SPRINTER,ICE,1,Aduana PY datos abiertos,NCM 8704.21 GVW≤5t pickup/camioneta
2025-12,LightVehicles,leve,MERCEDES-BENZ,VITO 111 CDI,ICE,1,Aduana PY datos abiertos,NCM 8704.21 GVW≤5t pickup/camioneta
2025-12,LightVehicles,leve,MG,(sin modelo),ICE,1,Aduana PY datos abiertos,NCM 8703 automóvil/turismo (default leve)
2025-12,LightVehicles,leve,MINI,COOPER CONVERTIBLE,ICE,1,Aduana PY datos abiertos,NCM 8703 automóvil/turismo (default leve)
2025-12,LightVehicles,leve,MINI,COOPER COUNTRYMAN D,ICE,1,Aduana PY datos abiertos,NCM 8703 automóvil/turismo (default leve)
2025-12,LightVehicles,leve,MINI,COOPER D,ICE,1,Aduana PY datos abiertos,NCM 8703 automóvil/turismo (default leve)
2025-12,LightVehicles,leve,MINI,COOPER D COUNTRYMAN,ICE,1,Aduana PY datos abiertos,NCM 8703 automóvil/turismo (default leve)
2025-12,LightVehicles,leve,MINI,HARDTOP,ICE,1,Aduana PY datos abiertos,NCM 8703 automóvil/turismo (default leve)
2025-12,LightVehicles,leve,MITSUBISHI,CANTER A/O MOD,ICE,1,Aduana PY datos abiertos,NCM 8704.21 GVW≤5t pickup/camioneta
2025-12,LightVehicles,leve,MITSUBISHI,CANTER CUSTOM,ICE,1,Aduana PY datos abiertos,NCM 8704.21 GVW≤5t pickup/camioneta
2025-12,LightVehicles,leve,MITSUBISHI,CANTER DIESEL,ICE,1,Aduana PY datos abiertos,NCM 8704.21 GVW≤5t pickup/camioneta
2025-12,LightVehicles,leve,MITSUBISHI,CANTER DOBLE CABINA,ICE,1,Aduana PY datos abiertos,NCM 8704.21 GVW≤5t pickup/camioneta
2025-12,LightVehicles,leve,MITSUBISHI,JEEP,ICE,1,Aduana PY datos abiertos,NCM 8703 automóvil/turismo (default leve)
2025-12,LightVehicles,leve,MITSUBISHI,LANCER EVO X A/O,ICE,1,Aduana PY datos abiertos,NCM 8703 automóvil/turismo (default leve)
2025-12,LightVehicles,leve,MITSUBISHI,MONTERO SPORT GLS 2WD 2,ICE,1,Aduana PY datos abiertos,NCM 8703 automóvil/turismo (default leve)
2025-12,LightVehicles,leve,MITSUBISHI,SPORTAGE,ICE,1,Aduana PY datos abiertos,NCM 8704.21 GVW≤5t pickup/camioneta
2025-12,LightVehicles,leve,MITSUBISHI FUSO,2025,ICE,1,Aduana PY datos abiertos,NCM 8704.21 GVW≤5t pickup/camioneta
2025-12,LightVehicles,leve,MITSUBISHI FUSO,CANTER,ICE,1,Aduana PY datos abiertos,NCM 8704.21 GVW≤5t pickup/camioneta
2025-12,LightVehicles,leve,MOTREC,(sin modelo),BEV,1,Aduana PY datos abiertos,8704.60 electric goods vehicle (treated leve unless heavy)
2025-12,LightVehicles,leve,NISSAN,350 Z,ICE,1,Aduana PY datos abiertos,NCM 8703 automóvil/turismo (default leve)
2025-12,LightVehicles,leve,NISSAN,370 Z,ICE,1,Aduana PY datos abiertos,NCM 8703 automóvil/turismo (default leve)
2025-12,LightVehicles,leve,NISSAN,CARAVAN TIPO FURGON,ICE,1,Aduana PY datos abiertos,NCM 8704.21 GVW≤5t pickup/camioneta
2025-12,LightVehicles,leve,NISSAN,DATSUN,ICE,1,Aduana PY datos abiertos,NCM 8704.21 GVW≤5t pickup/camioneta
2025-12,LightVehicles,leve,NISSAN,FUSO,ICE,1,Aduana PY datos abiertos,NCM 8704.21 GVW≤5t pickup/camioneta
2025-12,LightVehicles,leve,NISSAN,NAVARA A/O,ICE,1,Aduana PY datos abiertos,NCM 8704.21 GVW≤5t pickup/camioneta
2025-12,LightVehicles,leve,NISSAN,SUNNY,ICE,1,Aduana PY datos abiertos,NCM 8703 automóvil/turismo (default leve)
2025-12,LightVehicles,leve,NISSAN,TERRANO,ICE,1,Aduana PY datos abiertos,NCM 8703 automóvil/turismo (default leve)
2025-12,LightVehicles,leve,NISSAN,XTRAIL,ICE,1,Aduana PY datos abiertos,NCM 8703 automóvil/turismo (default leve)
2025-12,LightVehicles,leve,POLARIS,RGR-23,ICE,1,Aduana PY datos abiertos,NCM 8704.31 GVW≤5t pickup/camioneta
2025-12,LightVehicles,leve,POLARIS,RGR-24,ICE,1,Aduana PY datos abiertos,NCM 8704.31 GVW≤5t pickup/camioneta
2025-12,LightVehicles,leve,PORSCHE,(sin modelo),BEV,1,Aduana PY datos abiertos,NCM 8703 automóvil/turismo (default leve)
2025-12,LightVehicles,leve,PORSCHE,911 CARRERA,ICE,1,Aduana PY datos abiertos,NCM 8703 automóvil/turismo (default leve)
2025-12,LightVehicles,leve,PORSCHE,911 CARRERA 4S,ICE,1,Aduana PY datos abiertos,NCM 8703 automóvil/turismo (default leve)
2025-12,LightVehicles,leve,PORSCHE,911 CARRERA GTS,ICE,1,Aduana PY datos abiertos,NCM 8703 automóvil/turismo (default leve)
2025-12,LightVehicles,leve,PORSCHE,911 CARRERA RS,ICE,1,Aduana PY datos abiertos,NCM 8703 automóvil/turismo (default leve)
2025-12,LightVehicles,leve,PORSCHE,911 GT3,ICE,1,Aduana PY datos abiertos,NCM 8703 automóvil/turismo (default leve)
2025-12,LightVehicles,leve,PORSCHE,CAYENNE,ICE,1,Aduana PY datos abiertos,NCM 8703 automóvil/turismo (default leve)
2025-12,LightVehicles,leve,PORSCHE,CAYENNE S,PHEV,1,Aduana PY datos abiertos,NCM 8703 automóvil/turismo (default leve)
2025-12,LightVehicles,leve,POSCHE,BOXSTER,ICE,1,Aduana PY datos abiertos,NCM 8703 automóvil/turismo (default leve)
2025-12,LightVehicles,leve,RENAULT,QM6,ICE,1,Aduana PY datos abiertos,NCM 8703 automóvil/turismo (default leve)
2025-12,LightVehicles,leve,SCANIA,P94 USADO,ICE,1,Aduana PY datos abiertos,NCM 8704.21 GVW≤5t pickup/camioneta
2025-12,LightVehicles,leve,SCANIA,P94-260,ICE,1,Aduana PY datos abiertos,NCM 8704.21 GVW≤5t pickup/camioneta
2025-12,LightVehicles,leve,SCANIA,P94-310,ICE,1,Aduana PY datos abiertos,NCM 8704.21 GVW≤5t pickup/camioneta
2025-12,LightVehicles,leve,SCANIA,R114-380,ICE,1,Aduana PY datos abiertos,NCM 8704.21 GVW≤5t pickup/camioneta
2025-12,LightVehicles,leve,SEGWAY,(sin modelo),ICE,1,Aduana PY datos abiertos,NCM 8704.31 GVW≤5t pickup/camioneta
2025-12,LightVehicles,leve,SUBARU,BRZ,ICE,1,Aduana PY datos abiertos,NCM 8703 automóvil/turismo (default leve)
2025-12,LightVehicles,leve,SUBARU,IMPEZA,ICE,1,Aduana PY datos abiertos,NCM 8703 automóvil/turismo (default leve)
2025-12,LightVehicles,leve,SUBARU,TREZIA,ICE,1,Aduana PY datos abiertos,NCM 8703 automóvil/turismo (default leve)
2025-12,LightVehicles,leve,SUBARU,WRX S4,ICE,1,Aduana PY datos abiertos,NCM 8703 automóvil/turismo (default leve)
2025-12,LightVehicles,leve,SUBARU,WRX SDN WRX TS ES CVT VBHELB8 E3 RF,ICE,1,Aduana PY datos abiertos,NCM 8703 automóvil/turismo (default leve)
2025-12,LightVehicles,leve,SUBARU,WRX STI,ICE,1,Aduana PY datos abiertos,NCM 8703 automóvil/turismo (default leve)
2025-12,LightVehicles,leve,TESLA,3,BEV,1,Aduana PY datos abiertos,NCM 8703 automóvil/turismo (default leve)
2025-12,LightVehicles,leve,TOYOTA,(sin modelo),HEV,1,Aduana PY datos abiertos,NCM 8703 automóvil/turismo (default leve)
2025-12,LightVehicles,leve,TOYOTA,4 RUNNER OF ROAD,HEV,1,Aduana PY datos abiertos,NCM 8703 automóvil/turismo (default leve)
2025-12,LightVehicles,leve,TOYOTA,4RUNNER,ICE,1,Aduana PY datos abiertos,NCM 8703 automóvil/turismo (default leve)
2025-12,LightVehicles,leve,TOYOTA,ALION,ICE,1,Aduana PY datos abiertos,NCM 8703 automóvil/turismo (default leve)
2025-12,LightVehicles,leve,TOYOTA,ALTIS,ICE,1,Aduana PY datos abiertos,NCM 8703 automóvil/turismo (default leve)
2025-12,LightVehicles,leve,TOYOTA,AUIRIS,ICE,1,Aduana PY datos abiertos,NCM 8703 automóvil/turismo (default leve)
2025-12,LightVehicles,leve,TOYOTA,BLADE,ICE,1,Aduana PY datos abiertos,NCM 8703 automóvil/turismo (default leve)
2025-12,LightVehicles,leve,TOYOTA,BLETA,ICE,1,Aduana PY datos abiertos,NCM 8703 automóvil/turismo (default leve)
2025-12,LightVehicles,leve,TOYOTA,BZ3X,BEV,1,Aduana PY datos abiertos,NCM 8703 automóvil/turismo (default leve)
2025-12,LightVehicles,leve,TOYOTA,C,ICE,1,Aduana PY datos abiertos,NCM 8703 automóvil/turismo (default leve)
2025-12,LightVehicles,leve,TOYOTA,CALDINA,ICE,1,Aduana PY datos abiertos,NCM 8703 automóvil/turismo (default leve)
2025-12,LightVehicles,leve,TOYOTA,CARINA,ICE,1,Aduana PY datos abiertos,NCM 8703 automóvil/turismo (default leve)
2025-12,LightVehicles,leve,TOYOTA,CELICA,ICE,1,Aduana PY datos abiertos,NCM 8703 automóvil/turismo (default leve)
2025-12,LightVehicles,leve,TOYOTA,COROLLA CROSS,ICE,1,Aduana PY datos abiertos,NCM 8703 automóvil/turismo (default leve)
2025-12,LightVehicles,leve,TOYOTA,CROWN ATLHETE,ICE,1,Aduana PY datos abiertos,NCM 8703 automóvil/turismo (default leve)
2025-12,LightVehicles,leve,TOYOTA,DYNA TRUCK,ICE,1,Aduana PY datos abiertos,NCM 8704.21 GVW≤5t pickup/camioneta
2025-12,LightVehicles,leve,TOYOTA,ESQUIRE,ICE,1,Aduana PY datos abiertos,NCM 8703 automóvil/turismo (default leve)
2025-12,LightVehicles,leve,TOYOTA,FIELDER,ICE,1,Aduana PY datos abiertos,NCM 8703 automóvil/turismo (default leve)
2025-12,LightVehicles,leve,TOYOTA,FUNCARGO A O,ICE,1,Aduana PY datos abiertos,NCM 8703 automóvil/turismo (default leve)
2025-12,LightVehicles,leve,TOYOTA,GRANS HIACE,ICE,1,Aduana PY datos abiertos,passenger van/minibus (Hiace/Staria/…) counts as leve
2025-12,LightVehicles,leve,TOYOTA,HIACE GRAND CABI2,ICE,1,Aduana PY datos abiertos,passenger van/minibus (Hiace/Staria/…) counts as leve
2025-12,LightVehicles,leve,TOYOTA,HIACE TIPO FURGON,ICE,1,Aduana PY datos abiertos,NCM 8704.21 GVW≤5t pickup/camioneta
2025-12,LightVehicles,leve,TOYOTA,HIGHLANDER,ICE,1,Aduana PY datos abiertos,NCM 8703 automóvil/turismo (default leve)
2025-12,LightVehicles,leve,TOYOTA,ISIS,ICE,1,Aduana PY datos abiertos,NCM 8703 automóvil/turismo (default leve)
2025-12,LightVehicles,leve,TOYOTA,ISTAO,ICE,1,Aduana PY datos abiertos,NCM 8703 automóvil/turismo (default leve)
2025-12,LightVehicles,leve,TOYOTA,LAND CRUISER,HEV,1,Aduana PY datos abiertos,NCM 8703 automóvil/turismo (default leve)
2025-12,LightVehicles,leve,TOYOTA,LAND CUISER PRADO 250 ADVENTURE,ICE,1,Aduana PY datos abiertos,NCM 8703 automóvil/turismo (default leve)
2025-12,LightVehicles,leve,TOYOTA,LANDCRUISER PRADO,ICE,1,Aduana PY datos abiertos,NCM 8703 automóvil/turismo (default leve)
2025-12,LightVehicles,leve,TOYOTA,LITEACE,ICE,1,Aduana PY datos abiertos,NCM 8703 automóvil/turismo (default leve)
2025-12,LightVehicles,leve,TOYOTA,MARKX,ICE,1,Aduana PY datos abiertos,NCM 8703 automóvil/turismo (default leve)
2025-12,LightVehicles,leve,TOYOTA,NNOAH,ICE,1,Aduana PY datos abiertos,NCM 8703 automóvil/turismo (default leve)
2025-12,LightVehicles,leve,TOYOTA,PREMIO 216,ICE,1,Aduana PY datos abiertos,NCM 8703 automóvil/turismo (default leve)
2025-12,LightVehicles,leve,TOYOTA,PREMIO A O,ICE,1,Aduana PY datos abiertos,NCM 8703 automóvil/turismo (default leve)
2025-12,LightVehicles,leve,TOYOTA,PRIUS,HEV,1,Aduana PY datos abiertos,NCM 8703 automóvil/turismo (default leve)
2025-12,LightVehicles,leve,TOYOTA,RAV4,ICE,1,Aduana PY datos abiertos,NCM 8703 automóvil/turismo (default leve)
2025-12,LightVehicles,leve,TOYOTA,SEQUOIA,HEV,1,Aduana PY datos abiertos,NCM 8703 automóvil/turismo (default leve)
2025-12,LightVehicles,leve,TOYOTA,SUPRA,ICE,1,Aduana PY datos abiertos,NCM 8703 automóvil/turismo (default leve)
2025-12,LightVehicles,leve,TOYOTA,TACOMA TRD PRO,HEV,1,Aduana PY datos abiertos,8704 + pickup/camioneta keyword
2025-12,LightVehicles,leve,TOYOTA,TACOMA TRD PRO,ICE,1,Aduana PY datos abiertos,8704 + pickup/camioneta keyword
2025-12,LightVehicles,leve,TOYOTA,TACOMA TRD SPORT,ICE,1,Aduana PY datos abiertos,8704 + pickup/camioneta keyword
2025-12,LightVehicles,leve,TOYOTA,TOWNACE,ICE,1,Aduana PY datos abiertos,NCM 8703 automóvil/turismo (default leve)
2025-12,LightVehicles,leve,TOYOTA,TUNDRA,HEV,1,Aduana PY datos abiertos,8704 + pickup/camioneta keyword
2025-12,LightVehicles,leve,TOYOTA,TUNDRA,ICE,1,Aduana PY datos abiertos,NCM 8704.31 GVW≤5t pickup/camioneta
2025-12,LightVehicles,leve,TOYOTA,VELLFIRE,ICE,1,Aduana PY datos abiertos,passenger van/minibus (Hiace/Staria/…) counts as leve
2025-12,LightVehicles,leve,TOYOTA,VOXY,HEV,1,Aduana PY datos abiertos,passenger van/minibus (Hiace/Staria/…) counts as leve
2025-12,LightVehicles,leve,TOYOTA,WISH NAFTERO,ICE,1,Aduana PY datos abiertos,NCM 8703 automóvil/turismo (default leve)
2025-12,LightVehicles,leve,TOYOTA,YARIS A/O,ICE,1,Aduana PY datos abiertos,NCM 8703 automóvil/turismo (default leve)
2025-12,LightVehicles,leve,VOLKSWAGEN,CABRIO A/O,ICE,1,Aduana PY datos abiertos,NCM 8703 automóvil/turismo (default leve)
2025-12,LightVehicles,leve,VOLKSWAGEN,FUSCA,ICE,1,Aduana PY datos abiertos,NCM 8703 automóvil/turismo (default leve)
2025-12,LightVehicles,leve,VOLKSWAGEN,JETTA,ICE,1,Aduana PY datos abiertos,NCM 8703 automóvil/turismo (default leve)
2025-12,LightVehicles,leve,VOLKSWAGEN,KARMANN GHIA,ICE,1,Aduana PY datos abiertos,NCM 8703 automóvil/turismo (default leve)
2025-12,LightVehicles,leve,VOLKSWAGEN,SCIROCCO TDI,ICE,1,Aduana PY datos abiertos,NCM 8703 automóvil/turismo (default leve)
2025-12,LightVehicles,leve,VOLKSWAGEN,TIGUAN,ICE,1,Aduana PY datos abiertos,NCM 8703 automóvil/turismo (default leve)
2025-12,LightVehicles,leve,VOLVO,XC90,ICE,1,Aduana PY datos abiertos,NCM 8703 automóvil/turismo (default leve)
2025-12,LightVehicles,leve,XIAOMI,YU7 MAX,BEV,1,Aduana PY datos abiertos,NCM 8703 automóvil/turismo (default leve)
2025-12,LightVehicles,leve,YAMAHA,(sin modelo),ICE,1,Aduana PY datos abiertos,NCM 8703 automóvil/turismo (default leve)
2025-12,LightVehicles,leve,YAMAHA,GRIZZLY 90,ICE,1,Aduana PY datos abiertos,NCM 8703 automóvil/turismo (default leve)
2025-12,LightVehicles,pesado,ISUZU,FRR90SL-NAN,ICE,1,Aduana PY datos abiertos,NCM 8704.22 typically GVW>5t
2025-12,LightVehicles,pesado,ISUZU,NQR71L-LN5VAYN,ICE,1,Aduana PY datos abiertos,NCM 8704.22 typically GVW>5t
2025-12,LightVehicles,pesado,IVECO,DAILY,ICE,1,Aduana PY datos abiertos,NCM 8704.22 typically GVW>5t
2025-12,LightVehicles,pesado,MAN,14,ICE,1,Aduana PY datos abiertos,NCM 8704.22 typically GVW>5t
2025-12,LightVehicles,pesado,MERCEDES-BENZ,1018,ICE,1,Aduana PY datos abiertos,NCM 8704.22 typically GVW>5t
2025-12,LightVehicles,pesado,MERCEDES-BENZ,1117,ICE,1,Aduana PY datos abiertos,NCM 8704.22 typically GVW>5t
2025-12,LightVehicles,pesado,MERCEDES-BENZ,1217,ICE,1,Aduana PY datos abiertos,NCM 8704.22 typically GVW>5t
2025-12,LightVehicles,pesado,MERCEDES-BENZ,1220,ICE,1,Aduana PY datos abiertos,NCM 8704.22 typically GVW>5t
2025-12,LightVehicles,pesado,MERCEDES-BENZ,1517,ICE,1,Aduana PY datos abiertos,NCM 8704.22 typically GVW>5t
2025-12,LightVehicles,pesado,MERCEDES-BENZ,709,ICE,1,Aduana PY datos abiertos,NCM 8704.22 typically GVW>5t
2025-12,LightVehicles,pesado,MERCEDES-BENZ,811,ICE,1,Aduana PY datos abiertos,NCM 8704.22 typically GVW>5t
2025-12,LightVehicles,pesado,MERCEDES-BENZ,814 ECO POWER,ICE,1,Aduana PY datos abiertos,NCM 8704.22 typically GVW>5t
2025-12,LightVehicles,pesado,MERCEDES-BENZ,816,ICE,1,Aduana PY datos abiertos,NCM 8704.22 typically GVW>5t
2025-12,LightVehicles,pesado,MERCEDES-BENZ,823,ICE,1,Aduana PY datos abiertos,NCM 8704.22 typically GVW>5t
2025-12,LightVehicles,pesado,MERCEDES-BENZ,914,ICE,1,Aduana PY datos abiertos,NCM 8704.22 typically GVW>5t
2025-12,LightVehicles,pesado,MERCEDES-BENZ,917,ICE,1,Aduana PY datos abiertos,NCM 8704.22 typically GVW>5t
2025-12,LightVehicles,pesado,MERCEDES-BENZ,ATEGO 1518L,ICE,1,Aduana PY datos abiertos,NCM 8704.22 typically GVW>5t
2025-12,LightVehicles,pesado,MERCEDES-BENZ,ATEGO 2533L,ICE,1,Aduana PY datos abiertos,NCM 8704.22 typically GVW>5t
2025-12,LightVehicles,pesado,MERCEDES-BENZ,ATEGO 816,ICE,1,Aduana PY datos abiertos,NCM 8704.22 typically GVW>5t
2025-12,LightVehicles,pesado,MERCEDES-BENZ,ATEGO 818 DIESEL,ICE,1,Aduana PY datos abiertos,NCM 8704.22 typically GVW>5t
2025-12,LightVehicles,pesado,MITSUBISHI,CANTER,ICE,1,Aduana PY datos abiertos,NCM 8704.22 typically GVW>5t
2025-12,LightVehicles,pesado,NISSAN,(sin modelo),ICE,1,Aduana PY datos abiertos,NCM 8704.22 typically GVW>5t
2025-12,LightVehicles,pesado,NISSAN,CONDOR,ICE,1,Aduana PY datos abiertos,NCM 8704.22 typically GVW>5t
2025-12,LightVehicles,pesado,PEGASO,2331K,ICE,1,Aduana PY datos abiertos,NCM 8704.22 typically GVW>5t
2025-12,LightVehicles,pesado,SCANIA,114G-340,ICE,1,Aduana PY datos abiertos,NCM 8704.23 typically GVW>5t
2025-12,LightVehicles,pesado,SCANIA,124-400,ICE,1,Aduana PY datos abiertos,NCM 8704.22 typically GVW>5t
2025-12,LightVehicles,pesado,SCANIA,124/400,ICE,1,Aduana PY datos abiertos,NCM 8704.22 typically GVW>5t
2025-12,LightVehicles,pesado,SCANIA,124L 420 6X2,ICE,1,Aduana PY datos abiertos,NCM 8704.22 typically GVW>5t
2025-12,LightVehicles,pesado,SCANIA,94 -220,ICE,1,Aduana PY datos abiertos,NCM 8704.22 typically GVW>5t
2025-12,LightVehicles,pesado,SCANIA,94 -310,ICE,1,Aduana PY datos abiertos,NCM 8704.22 typically GVW>5t
2025-12,LightVehicles,pesado,SCANIA,94/220,ICE,1,Aduana PY datos abiertos,NCM 8704.22 typically GVW>5t
2025-12,LightVehicles,pesado,SCANIA,P112,ICE,1,Aduana PY datos abiertos,NCM 8704.22 typically GVW>5t
2025-12,LightVehicles,pesado,SCANIA,P310 6X4,ICE,1,Aduana PY datos abiertos,NCM 8704.22 typically GVW>5t
2025-12,LightVehicles,pesado,SCANIA,P310C B6X4 E3,ICE,1,Aduana PY datos abiertos,NCM 8704.23 typically GVW>5t
2025-12,LightVehicles,pesado,SCANIA,P310CB6X4 E3,ICE,1,Aduana PY datos abiertos,NCM 8704.23 typically GVW>5t
2025-12,LightVehicles,pesado,SCANIA,P400 8X4,ICE,1,Aduana PY datos abiertos,NCM 8704.23 typically GVW>5t
2025-12,LightVehicles,pesado,SCANIA,P450,ICE,1,Aduana PY datos abiertos,NCM 8704.22 typically GVW>5t
2025-12,LightVehicles,pesado,SCANIA,P93,ICE,1,Aduana PY datos abiertos,NCM 8704.22 typically GVW>5t
2025-12,LightVehicles,pesado,SCANIA,P94,ICE,1,Aduana PY datos abiertos,NCM 8704.22 typically GVW>5t
2025-12,LightVehicles,pesado,SCANIA,P94 - 220,ICE,1,Aduana PY datos abiertos,NCM 8704.22 typically GVW>5t
2025-12,LightVehicles,pesado,SCANIA,P94 A/O,ICE,1,Aduana PY datos abiertos,NCM 8704.22 typically GVW>5t
2025-12,LightVehicles,pesado,SCANIA,P94-230,ICE,1,Aduana PY datos abiertos,NCM 8704.22 typically GVW>5t
2025-12,LightVehicles,pesado,SCANIA,R124,ICE,1,Aduana PY datos abiertos,NCM 8704.22 typically GVW>5t
2025-12,LightVehicles,pesado,SCANIA,R420 8X4,ICE,1,Aduana PY datos abiertos,NCM 8704.23 typically GVW>5t
2025-12,LightVehicles,pesado,SCANIA,R440,ICE,1,Aduana PY datos abiertos,NCM 8704.22 typically GVW>5t
2025-12,LightVehicles,pesado,SHACMAN F3000,(sin modelo),ICE,1,Aduana PY datos abiertos,NCM 8704.23 typically GVW>5t
2025-12,LightVehicles,pesado,VOLVO,FE 62 R,ICE,1,Aduana PY datos abiertos,NCM 8704.22 typically GVW>5t
2025-12,LightVehicles,recreativo,CLUB CAR TEMPO,(sin modelo),ICE,1,Aduana PY datos abiertos,NCM 8703.10
2025-12,LightVehicles,recreativo,EPIC,E60L,ICE,1,Aduana PY datos abiertos,NCM 8703.10
2025-12,LightVehicles,recreativo,EZGO,(sin modelo),ICE,1,Aduana PY datos abiertos,NCM 8703.10
2025-12,LightVehicles,recreativo,EZGO,GOLF CART,ICE,1,Aduana PY datos abiertos,NCM 8703.10
2025-12,LightVehicles,recreativo,EZGO,GOLF CARTS,ICE,1,Aduana PY datos abiertos,NCM 8703.10
2025-12,LightVehicles,recreativo,POLARIS,570 SPORTSMAN TRAIL,ICE,1,Aduana PY datos abiertos,keyword ATV/UTV/carrito golf/snow
2025-12,LightVehicles,recreativo,SUZUKI,KINGQUAD LT-F400F,ICE,1,Aduana PY datos abiertos,keyword ATV/UTV/carrito golf/snow
2026-01,LightVehicles,leve,TOYOTA,VITZ,ICE,5612,Aduana PY datos abiertos,NCM 8703 automóvil/turismo (default leve)
2026-01,LightVehicles,leve,TOYOTA,RACTIS,ICE,3163,Aduana PY datos abiertos,NCM 8703 automóvil/turismo (default leve)
2026-01,LightVehicles,leve,KIA,SPORTAGE,ICE,2698,Aduana PY datos abiertos,NCM 8703 automóvil/turismo (default leve)
2026-01,LightVehicles,leve,TOYOTA,(sin modelo),ICE,1819,Aduana PY datos abiertos,NCM 8703 automóvil/turismo (default leve)
2026-01,LightVehicles,leve,TOYOTA,AURIS,ICE,1810,Aduana PY datos abiertos,NCM 8703 automóvil/turismo (default leve)
2026-01,LightVehicles,leve,TOYOTA,ALLION,ICE,1047,Aduana PY datos abiertos,NCM 8703 automóvil/turismo (default leve)
2026-01,LightVehicles,leve,TOYOTA,PREMIO,ICE,1029,Aduana PY datos abiertos,NCM 8703 automóvil/turismo (default leve)
2026-01,LightVehicles,leve,TOYOTA,SIENTA,ICE,1008,Aduana PY datos abiertos,NCM 8703 automóvil/turismo (default leve)
2026-01,LightVehicles,leve,TOYOTA,VOXY,ICE,932,Aduana PY datos abiertos,passenger van/minibus (Hiace/Staria/…) counts as leve
2026-01,LightVehicles,leve,TOYOTA,WISH,ICE,854,Aduana PY datos abiertos,NCM 8703 automóvil/turismo (default leve)
2026-01,LightVehicles,leve,TOYOTA,NOAH,ICE,737,Aduana PY datos abiertos,passenger van/minibus (Hiace/Staria/…) counts as leve
2026-01,LightVehicles,leve,TOYOTA,IST,ICE,643,Aduana PY datos abiertos,NCM 8703 automóvil/turismo (default leve)
2026-01,LightVehicles,leve,MITSUBISHI,CANTER,ICE,325,Aduana PY datos abiertos,NCM 8704.21 GVW≤5t pickup/camioneta
2026-01,LightVehicles,leve,HYUNDAI,SANTA FE,ICE,308,Aduana PY datos abiertos,NCM 8703 automóvil/turismo (default leve)
2026-01,LightVehicles,leve,HYUNDAI,(sin modelo),ICE,273,Aduana PY datos abiertos,NCM 8703 automóvil/turismo (default leve)
2026-01,LightVehicles,leve,TOYOTA,COROLLA,ICE,246,Aduana PY datos abiertos,NCM 8703 automóvil/turismo (default leve)
2026-01,LightVehicles,leve,HYUNDAI,TUCSON,ICE,232,Aduana PY datos abiertos,NCM 8703 automóvil/turismo (default leve)
2026-01,LightVehicles,leve,JEEP,COMPASS SPORT 1,ICE,232,Aduana PY datos abiertos,NCM 8703 automóvil/turismo (default leve)
2026-01,LightVehicles,leve,MITSUBISHI,(sin modelo),ICE,191,Aduana PY datos abiertos,NCM 8704.21 GVW≤5t pickup/camioneta
2026-01,LightVehicles,leve,KIA,SOLUTO,ICE,171,Aduana PY datos abiertos,NCM 8703 automóvil/turismo (default leve)
2026-01,LightVehicles,leve,CHEVROLET,(sin modelo),ICE,168,Aduana PY datos abiertos,NCM 8703 automóvil/turismo (default leve)
2026-01,LightVehicles,leve,TOYOTA,FUNCARGO,ICE,161,Aduana PY datos abiertos,NCM 8703 automóvil/turismo (default leve)
2026-01,LightVehicles,leve,KIA,SELTOS,ICE,140,Aduana PY datos abiertos,NCM 8703 automóvil/turismo (default leve)
2026-01,LightVehicles,leve,NISSAN,(sin modelo),ICE,129,Aduana PY datos abiertos,NCM 8704.21 GVW≤5t pickup/camioneta
2026-01,LightVehicles,leve,TOYOTA,COROLLA CROSS,HEV,108,Aduana PY datos abiertos,NCM 8703 automóvil/turismo (default leve)
2026-01,LightVehicles,leve,SUBARU,IMPREZA,ICE,106,Aduana PY datos abiertos,NCM 8703 automóvil/turismo (default leve)
2026-01,LightVehicles,leve,KIA,(sin modelo),ICE,105,Aduana PY datos abiertos,NCM 8703 automóvil/turismo (default leve)
2026-01,LightVehicles,leve,KIA,SORENTO,ICE,105,Aduana PY datos abiertos,NCM 8703 automóvil/turismo (default leve)
2026-01,LightVehicles,leve,TOYOTA,RUSH,ICE,105,Aduana PY datos abiertos,NCM 8703 automóvil/turismo (default leve)
2026-01,LightVehicles,leve,DAIHATSU,MOVE,ICE,98,Aduana PY datos abiertos,NCM 8703 automóvil/turismo (default leve)
2026-01,LightVehicles,leve,DAIHATSU,MOVE CUSTOM,ICE,98,Aduana PY datos abiertos,NCM 8703 automóvil/turismo (default leve)
2026-01,LightVehicles,leve,KIA,K5,ICE,91,Aduana PY datos abiertos,NCM 8703 automóvil/turismo (default leve)
2026-01,LightVehicles,leve,MITSUBISHI,CANTER GUTS,ICE,84,Aduana PY datos abiertos,NCM 8704.21 GVW≤5t pickup/camioneta
2026-01,LightVehicles,leve,TOYOTA,HILUX,ICE,80,Aduana PY datos abiertos,NCM 8704.21 GVW≤5t pickup/camioneta
2026-01,LightVehicles,leve,JETOUR,(sin modelo),ICE,77,Aduana PY datos abiertos,NCM 8703 automóvil/turismo (default leve)
2026-01,LightVehicles,leve,TOYOTA,BELTA,ICE,77,Aduana PY datos abiertos,NCM 8703 automóvil/turismo (default leve)
2026-01,LightVehicles,leve,TOYOTA,COROLLA AXIO,ICE,77,Aduana PY datos abiertos,NCM 8703 automóvil/turismo (default leve)
2026-01,LightVehicles,leve,TOYOTA,CROWN ATHLETE,ICE,77,Aduana PY datos abiertos,NCM 8703 automóvil/turismo (default leve)
2026-01,LightVehicles,leve,GAC,GS3 GB 1,ICE,74,Aduana PY datos abiertos,NCM 8703 automóvil/turismo (default leve)
2026-01,LightVehicles,leve,TOYOTA,LAND CRUISER,ICE,70,Aduana PY datos abiertos,NCM 8703 automóvil/turismo (default leve)
2026-01,LightVehicles,leve,MERCEDES-BENZ,(sin modelo),ICE,64,Aduana PY datos abiertos,NCM 8703 automóvil/turismo (default leve)
2026-01,LightVehicles,leve,KIA,SONET,ICE,60,Aduana PY datos abiertos,NCM 8703 automóvil/turismo (default leve)
2026-01,LightVehicles,leve,HYUNDAI,VENUE,ICE,59,Aduana PY datos abiertos,NCM 8703 automóvil/turismo (default leve)
2026-01,LightVehicles,leve,MAZDA,(sin modelo),ICE,58,Aduana PY datos abiertos,NCM 8703 automóvil/turismo (default leve)
2026-01,LightVehicles,leve,NISSAN,ATLAS,ICE,56,Aduana PY datos abiertos,NCM 8704.21 GVW≤5t pickup/camioneta
2026-01,LightVehicles,leve,KIA,K2700,ICE,52,Aduana PY datos abiertos,NCM 8704.21 GVW≤5t pickup/camioneta
2026-01,LightVehicles,leve,CHERY,(sin modelo),ICE,51,Aduana PY datos abiertos,NCM 8703 automóvil/turismo (default leve)
2026-01,LightVehicles,pesado,SCANIA,(sin modelo),ICE,51,Aduana PY datos abiertos,NCM 8704.22 typically GVW>5t
2026-01,LightVehicles,leve,GEELY,COOLRAY LITE,ICE,50,Aduana PY datos abiertos,NCM 8703 automóvil/turismo (default leve)
2026-01,LightVehicles,pesado,MERCEDES-BENZ,ATEGO,ICE,50,Aduana PY datos abiertos,NCM 8704.22 typically GVW>5t
2026-01,LightVehicles,leve,BMW,(sin modelo),ICE,49,Aduana PY datos abiertos,NCM 8703 automóvil/turismo (default leve)
2026-01,LightVehicles,leve,KIA,CARNIVAL,ICE,49,Aduana PY datos abiertos,passenger van/minibus (Hiace/Staria/…) counts as leve
2026-01,LightVehicles,leve,MERCEDES-BENZ,ATEGO,ICE,49,Aduana PY datos abiertos,NCM 8704.21 GVW≤5t pickup/camioneta
2026-01,LightVehicles,leve,RAM,RAMPAGE REBEL 2,ICE,49,Aduana PY datos abiertos,NCM 8704.21 GVW≤5t pickup/camioneta
2026-01,LightVehicles,leve,SUBARU,(sin modelo),ICE,49,Aduana PY datos abiertos,NCM 8703 automóvil/turismo (default leve)
2026-01,LightVehicles,leve,TOYOTA,ALLEX,ICE,49,Aduana PY datos abiertos,NCM 8703 automóvil/turismo (default leve)
2026-01,LightVehicles,leve,FIAT,STRADA FREEDOM D/C 1,ICE,44,Aduana PY datos abiertos,NCM 8704.31 GVW≤5t pickup/camioneta
2026-01,LightVehicles,leve,FORD,MUSTANG,ICE,43,Aduana PY datos abiertos,NCM 8703 automóvil/turismo (default leve)
2026-01,LightVehicles,leve,HYUNDAI,NEW HB20 HATCH 1,ICE,43,Aduana PY datos abiertos,NCM 8703 automóvil/turismo (default leve)
2026-01,LightVehicles,leve,JEEP,WRANGLER,ICE,43,Aduana PY datos abiertos,NCM 8703 automóvil/turismo (default leve)
2026-01,LightVehicles,leve,KIA,SPORTAGE,HEV,43,Aduana PY datos abiertos,NCM 8703 automóvil/turismo (default leve)
2026-01,LightVehicles,leve,MAZDA,CX-5,ICE,42,Aduana PY datos abiertos,NCM 8703 automóvil/turismo (default leve)
2026-01,LightVehicles,leve,MERCEDES-BENZ,C300,ICE,42,Aduana PY datos abiertos,NCM 8703 automóvil/turismo (default leve)
2026-01,LightVehicles,pesado,MERCEDES-BENZ,(sin modelo),ICE,42,Aduana PY datos abiertos,NCM 8704.22 typically GVW>5t
2026-01,LightVehicles,pesado,SCANIA,R420,ICE,42,Aduana PY datos abiertos,NCM 8704.22 typically GVW>5t
2026-01,LightVehicles,pesado,MERCEDES-BENZ,815,ICE,41,Aduana PY datos abiertos,NCM 8704.22 typically GVW>5t
2026-01,LightVehicles,leve,LYNK CO,06,PHEV,40,Aduana PY datos abiertos,NCM 8703 automóvil/turismo (default leve)
2026-01,LightVehicles,leve,TOYOTA,RAIZE AUT,ICE,40,Aduana PY datos abiertos,NCM 8703 automóvil/turismo (default leve)
2026-01,LightVehicles,leve,TOYOTA,COROLLA,HEV,38,Aduana PY datos abiertos,NCM 8703 automóvil/turismo (default leve)
2026-01,LightVehicles,leve,FIAT,FIORINO ENDURANCE 1,ICE,37,Aduana PY datos abiertos,NCM 8704.31 GVW≤5t pickup/camioneta
2026-01,LightVehicles,leve,FIAT,PULSE DRIVE 1,ICE,37,Aduana PY datos abiertos,NCM 8703 automóvil/turismo (default leve)
2026-01,LightVehicles,leve,HYUNDAI,PORTER II,ICE,35,Aduana PY datos abiertos,NCM 8704.21 GVW≤5t pickup/camioneta
2026-01,LightVehicles,leve,MERCEDES-BENZ,2026,ICE,35,Aduana PY datos abiertos,NCM 8703 automóvil/turismo (default leve)
2026-01,LightVehicles,leve,MERCEDES-BENZ,ATEGO 815,ICE,35,Aduana PY datos abiertos,NCM 8704.21 GVW≤5t pickup/camioneta
2026-01,LightVehicles,leve,MITSUBISHI,CANTER FUSO,ICE,35,Aduana PY datos abiertos,NCM 8704.21 GVW≤5t pickup/camioneta
2026-01,LightVehicles,leve,SOUEAST,S06,PHEV,35,Aduana PY datos abiertos,NCM 8703 automóvil/turismo (default leve)
2026-01,LightVehicles,leve,TOYOTA,ALLION NAFTERO,ICE,35,Aduana PY datos abiertos,NCM 8703 automóvil/turismo (default leve)
2026-01,LightVehicles,leve,GEELY,CITYRAY,ICE,34,Aduana PY datos abiertos,NCM 8703 automóvil/turismo (default leve)
2026-01,LightVehicles,leve,ISUZU,(sin modelo),ICE,33,Aduana PY datos abiertos,NCM 8703 automóvil/turismo (default leve)
2026-01,LightVehicles,leve,TOYOTA,YARIS CROSS,ICE,33,Aduana PY datos abiertos,NCM 8703 automóvil/turismo (default leve)
2026-01,LightVehicles,leve,NISSAN,NEW KICKS 220T ADVANCE PLUS 6 DCT - FLEX,ICE,32,Aduana PY datos abiertos,NCM 8703 automóvil/turismo (default leve)
2026-01,LightVehicles,leve,PEUGEOT,(sin modelo),ICE,32,Aduana PY datos abiertos,NCM 8703 automóvil/turismo (default leve)
2026-01,LightVehicles,leve,JEEP,COMMANDER LIMITED 1,ICE,30,Aduana PY datos abiertos,NCM 8703 automóvil/turismo (default leve)
2026-01,LightVehicles,leve,MAZDA,2026,ICE,30,Aduana PY datos abiertos,NCM 8704.21 GVW≤5t pickup/camioneta
2026-01,LightVehicles,leve,TOYOTA,AGYA AUT,ICE,30,Aduana PY datos abiertos,NCM 8703 automóvil/turismo (default leve)
2026-01,LightVehicles,leve,TOYOTA,RUSH AUT,ICE,30,Aduana PY datos abiertos,NCM 8703 automóvil/turismo (default leve)
2026-01,LightVehicles,leve,MG,2026,ICE,29,Aduana PY datos abiertos,NCM 8703 automóvil/turismo (default leve)
2026-01,LightVehicles,leve,TOYOTA,LAND CRUISER PRADO,ICE,29,Aduana PY datos abiertos,NCM 8703 automóvil/turismo (default leve)
2026-01,LightVehicles,leve,CHEVROLET,CAMARO,ICE,28,Aduana PY datos abiertos,NCM 8703 automóvil/turismo (default leve)
2026-01,LightVehicles,leve,CHEVROLET,CORVETTE,ICE,28,Aduana PY datos abiertos,NCM 8703 automóvil/turismo (default leve)
2026-01,LightVehicles,leve,DODGE,CHALLENGER,ICE,28,Aduana PY datos abiertos,NCM 8703 automóvil/turismo (default leve)
2026-01,LightVehicles,leve,MAZDA,CX-30,ICE,28,Aduana PY datos abiertos,NCM 8703 automóvil/turismo (default leve)
2026-01,LightVehicles,leve,MAZDA,DEMIO,ICE,28,Aduana PY datos abiertos,NCM 8703 automóvil/turismo (default leve)
2026-01,LightVehicles,leve,NISSAN,DATSUN,ICE,28,Aduana PY datos abiertos,NCM 8704.21 GVW≤5t pickup/camioneta
2026-01,LightVehicles,leve,NISSAN,FAIRLADY Z,ICE,28,Aduana PY datos abiertos,NCM 8703 automóvil/turismo (default leve)
2026-01,LightVehicles,leve,TOYOTA,COROLLA FIELDER,ICE,28,Aduana PY datos abiertos,NCM 8703 automóvil/turismo (default leve)
2026-01,LightVehicles,leve,TOYOTA,DYNA,ICE,28,Aduana PY datos abiertos,NCM 8704.21 GVW≤5t pickup/camioneta
2026-01,LightVehicles,leve,TOYOTA,GRAND HIACE,ICE,28,Aduana PY datos abiertos,passenger van/minibus (Hiace/Staria/…) counts as leve
2026-01,LightVehicles,leve,TOYOTA,IQ,ICE,28,Aduana PY datos abiertos,NCM 8703 automóvil/turismo (default leve)
2026-01,LightVehicles,leve,TOYOTA,MARK X,ICE,28,Aduana PY datos abiertos,NCM 8703 automóvil/turismo (default leve)
2026-01,LightVehicles,leve,TOYOTA,PLATZ,ICE,28,Aduana PY datos abiertos,NCM 8703 automóvil/turismo (default leve)
2026-01,LightVehicles,leve,TOYOTA,WISH NAFTERO,ICE,28,Aduana PY datos abiertos,NCM 8703 automóvil/turismo (default leve)
2026-01,LightVehicles,leve,HYUNDAI,NEW HB20 HATCH 16 NAFT AUTCON SUS ACCESORIOS CORRESPONDIENTE,ICE,26,Aduana PY datos abiertos,NCM 8703 automóvil/turismo (default leve)
2026-01,LightVehicles,leve,ISUZU,ELO,ICE,26,Aduana PY datos abiertos,NCM 8704.21 GVW≤5t pickup/camioneta
2026-01,LightVehicles,leve,KIA,CARNIVAL,HEV,25,Aduana PY datos abiertos,passenger van/minibus (Hiace/Staria/…) counts as leve
2026-01,LightVehicles,leve,NISSAN,PATHFINDER PLATINUM,ICE,24,Aduana PY datos abiertos,NCM 8703 automóvil/turismo (default leve)
2026-01,LightVehicles,pesado,HINO,(sin modelo),ICE,24,Aduana PY datos abiertos,NCM 8704.22 typically GVW>5t
2026-01,LightVehicles,pesado,MERCEDES-BENZ,814,ICE,23,Aduana PY datos abiertos,NCM 8704.22 typically GVW>5t
2026-01,LightVehicles,leve,BMW,320D,ICE,22,Aduana PY datos abiertos,NCM 8703 automóvil/turismo (default leve)
2026-01,LightVehicles,leve,FIAT,FASTBACK AUDACE MILD,ICE,22,Aduana PY datos abiertos,NCM 8703 automóvil/turismo (default leve)
2026-01,LightVehicles,leve,FORD,RANGER RAPTOR DC 3,ICE,22,Aduana PY datos abiertos,NCM 8704.31 GVW≤5t pickup/camioneta
2026-01,LightVehicles,leve,TOYOTA,VELLFIRE,ICE,22,Aduana PY datos abiertos,passenger van/minibus (Hiace/Staria/…) counts as leve
2026-01,LightVehicles,leve,CHEVROLET,S10 CABINA DOBLE WORK TRUCK,ICE,21,Aduana PY datos abiertos,NCM 8704.21 GVW≤5t pickup/camioneta
2026-01,LightVehicles,leve,FORD,(sin modelo),ICE,21,Aduana PY datos abiertos,NCM 8703 automóvil/turismo (default leve)
2026-01,LightVehicles,leve,HINO,(sin modelo),ICE,21,Aduana PY datos abiertos,NCM 8704.21 GVW≤5t pickup/camioneta
2026-01,LightVehicles,leve,JETOUR,T2,PHEV,21,Aduana PY datos abiertos,NCM 8703 automóvil/turismo (default leve)
2026-01,LightVehicles,leve,MERCEDES-BENZ,ATEGO 818,ICE,21,Aduana PY datos abiertos,NCM 8704.21 GVW≤5t pickup/camioneta
2026-01,LightVehicles,leve,MERCEDES-BENZ,E350,ICE,21,Aduana PY datos abiertos,NCM 8703 automóvil/turismo (default leve)
2026-01,LightVehicles,leve,MERCEDES-BENZ,ML350,ICE,21,Aduana PY datos abiertos,NCM 8703 automóvil/turismo (default leve)
2026-01,LightVehicles,leve,MERCEDES-BENZ,SPRINTER,ICE,21,Aduana PY datos abiertos,passenger van/minibus (Hiace/Staria/…) counts as leve
2026-01,LightVehicles,leve,MITSUBISHI FUSO,CANTER,ICE,21,Aduana PY datos abiertos,NCM 8704.21 GVW≤5t pickup/camioneta
2026-01,LightVehicles,leve,NISSAN,JUKE,ICE,21,Aduana PY datos abiertos,NCM 8703 automóvil/turismo (default leve)
2026-01,LightVehicles,leve,SUBARU,IMPREZA WRX,ICE,21,Aduana PY datos abiertos,NCM 8703 automóvil/turismo (default leve)
2026-01,LightVehicles,leve,SUZUKI,(sin modelo),ICE,21,Aduana PY datos abiertos,NCM 8703 automóvil/turismo (default leve)
2026-01,LightVehicles,leve,SUZUKI,SWIFT,ICE,21,Aduana PY datos abiertos,NCM 8703 automóvil/turismo (default leve)
2026-01,LightVehicles,leve,TOYOTA,FORTUNER,ICE,21,Aduana PY datos abiertos,NCM 8703 automóvil/turismo (default leve)
2026-01,LightVehicles,leve,TOYOTA,TACOMA,ICE,21,Aduana PY datos abiertos,NCM 8704.31 GVW≤5t pickup/camioneta
2026-01,LightVehicles,pesado,SCANIA,124,ICE,21,Aduana PY datos abiertos,NCM 8704.22 typically GVW>5t
2026-01,LightVehicles,pesado,SCANIA,P94,ICE,21,Aduana PY datos abiertos,NCM 8704.22 typically GVW>5t
2026-01,LightVehicles,recreativo,EXCAR,EL BN2+2/FF,ICE,21,Aduana PY datos abiertos,NCM 8703.10
2026-01,LightVehicles,leve,GEELY,(sin modelo),ICE,20,Aduana PY datos abiertos,NCM 8703 automóvil/turismo (default leve)
2026-01,LightVehicles,leve,GEELY,EMGRAND GX3 PRO,ICE,20,Aduana PY datos abiertos,NCM 8703 automóvil/turismo (default leve)
2026-01,LightVehicles,leve,GEELY,RIDDARA RD6 PLUG-IN,PHEV,20,Aduana PY datos abiertos,8704 + pickup/camioneta keyword
2026-01,LightVehicles,leve,KIA,SORENTO,HEV,20,Aduana PY datos abiertos,NCM 8703 automóvil/turismo (default leve)
2026-01,LightVehicles,leve,MG,2026,HEV,20,Aduana PY datos abiertos,NCM 8703 automóvil/turismo (default leve)
2026-01,LightVehicles,leve,TOYOTA,4RUNNER,HEV,19,Aduana PY datos abiertos,NCM 8703 automóvil/turismo (default leve)
2026-01,LightVehicles,leve,AUDI,Q5 2,ICE,18,Aduana PY datos abiertos,NCM 8703 automóvil/turismo (default leve)
2026-01,LightVehicles,leve,JETOUR,T1 PHEV,PHEV,18,Aduana PY datos abiertos,NCM 8703 automóvil/turismo (default leve)
2026-01,LightVehicles,leve,VOLKSWAGEN,(sin modelo),ICE,18,Aduana PY datos abiertos,NCM 8703 automóvil/turismo (default leve)
2026-01,LightVehicles,leve,KIA,TASMAN,ICE,17,Aduana PY datos abiertos,NCM 8704.21 GVW≤5t pickup/camioneta
2026-01,LightVehicles,leve,HYUNDAI,NEW HB20S 1,ICE,16,Aduana PY datos abiertos,NCM 8703 automóvil/turismo (default leve)
2026-01,LightVehicles,leve,JEEP,RENEGADE ALTITUDE 1,ICE,16,Aduana PY datos abiertos,NCM 8703 automóvil/turismo (default leve)
2026-01,LightVehicles,leve,MAZDA,CX-60 MILD,ICE,16,Aduana PY datos abiertos,NCM 8703 automóvil/turismo (default leve)
2026-01,LightVehicles,leve,RAM,RAMPAGE LARAMIE 2,ICE,16,Aduana PY datos abiertos,NCM 8704.21 GVW≤5t pickup/camioneta
2026-01,LightVehicles,leve,RAM,RAMPAGE R/T 2,ICE,16,Aduana PY datos abiertos,NCM 8704.31 GVW≤5t pickup/camioneta
2026-01,LightVehicles,leve,RENAULT,(sin modelo),ICE,16,Aduana PY datos abiertos,NCM 8704.21 GVW≤5t pickup/camioneta
2026-01,LightVehicles,pesado,MERCEDES-BENZ,2026,ICE,16,Aduana PY datos abiertos,NCM 8704.22 typically GVW>5t
2026-01,LightVehicles,leve,FOTON,BJ1128VGJED A TIPO,ICE,15,Aduana PY datos abiertos,NCM 8704.21 GVW≤5t pickup/camioneta
2026-01,LightVehicles,leve,GEELY,COOLRAY FL NAFT,ICE,15,Aduana PY datos abiertos,NCM 8703 automóvil/turismo (default leve)
2026-01,LightVehicles,leve,GREATWALL,(sin modelo),ICE,15,Aduana PY datos abiertos,NCM 8704.21 GVW≤5t pickup/camioneta
2026-01,LightVehicles,leve,HYUNDAI,NEW GRAND I10,ICE,15,Aduana PY datos abiertos,NCM 8703 automóvil/turismo (default leve)
2026-01,LightVehicles,leve,MERCEDES-BENZ,C250,ICE,15,Aduana PY datos abiertos,NCM 8703 automóvil/turismo (default leve)
2026-01,LightVehicles,pesado,MERCEDES-BENZ,1317,ICE,15,Aduana PY datos abiertos,NCM 8704.22 typically GVW>5t
2026-01,LightVehicles,pesado,MERCEDES-BENZ,809,ICE,15,Aduana PY datos abiertos,NCM 8704.22 typically GVW>5t
2026-01,LightVehicles,pesado,SCANIA,P94 260,ICE,15,Aduana PY datos abiertos,NCM 8704.22 typically GVW>5t
2026-01,LightVehicles,leve,AUDI,(sin modelo),ICE,14,Aduana PY datos abiertos,NCM 8703 automóvil/turismo (default leve)
2026-01,LightVehicles,leve,CITROEN,(sin modelo),ICE,14,Aduana PY datos abiertos,NCM 8703 automóvil/turismo (default leve)
2026-01,LightVehicles,leve,DAIHATSU,MIRA,ICE,14,Aduana PY datos abiertos,NCM 8703 automóvil/turismo (default leve)
2026-01,LightVehicles,leve,DEEPAL,DEEPAL MODELO,PHEV,14,Aduana PY datos abiertos,NCM 8703 automóvil/turismo (default leve)
2026-01,LightVehicles,leve,DODGE,RAM,ICE,14,Aduana PY datos abiertos,NCM 8704.31 GVW≤5t pickup/camioneta
2026-01,LightVehicles,leve,FIAT,PULSE IMPETUS MILD,ICE,14,Aduana PY datos abiertos,NCM 8703 automóvil/turismo (default leve)
2026-01,LightVehicles,leve,FORD,F150,ICE,14,Aduana PY datos abiertos,NCM 8704.31 GVW≤5t pickup/camioneta
2026-01,LightVehicles,leve,HYUNDAI,ACCENT,ICE,14,Aduana PY datos abiertos,NCM 8703 automóvil/turismo (default leve)
2026-01,LightVehicles,leve,HYUNDAI,TUCSON IX,ICE,14,Aduana PY datos abiertos,NCM 8703 automóvil/turismo (default leve)
2026-01,LightVehicles,leve,KIA,BONGO III,ICE,14,Aduana PY datos abiertos,NCM 8704.21 GVW≤5t pickup/camioneta
2026-01,LightVehicles,leve,MAZDA,BONGO,ICE,14,Aduana PY datos abiertos,NCM 8704.21 GVW≤5t pickup/camioneta
2026-01,LightVehicles,leve,MERCEDES-BENZ,814,ICE,14,Aduana PY datos abiertos,NCM 8704.21 GVW≤5t pickup/camioneta
2026-01,LightVehicles,leve,MERCEDES-BENZ,ATEGO 817,ICE,14,Aduana PY datos abiertos,NCM 8704.21 GVW≤5t pickup/camioneta
2026-01,LightVehicles,leve,MERCEDES-BENZ,SPRINTER 211 KA A/O,ICE,14,Aduana PY datos abiertos,NCM 8704.21 GVW≤5t pickup/camioneta
2026-01,LightVehicles,leve,MINI,COOPER,ICE,14,Aduana PY datos abiertos,NCM 8703 automóvil/turismo (default leve)
2026-01,LightVehicles,leve,NISSAN,NOTE A/O,ICE,14,Aduana PY datos abiertos,NCM 8703 automóvil/turismo (default leve)
2026-01,LightVehicles,leve,PORSCHE,BOXSTER,ICE,14,Aduana PY datos abiertos,NCM 8703 automóvil/turismo (default leve)
2026-01,LightVehicles,leve,SCANIA,P94,ICE,14,Aduana PY datos abiertos,NCM 8704.21 GVW≤5t pickup/camioneta
2026-01,LightVehicles,leve,SUBARU,IMPREZA WRX STI,ICE,14,Aduana PY datos abiertos,NCM 8703 automóvil/turismo (default leve)
2026-01,LightVehicles,leve,SUBARU,TREZIA,ICE,14,Aduana PY datos abiertos,NCM 8703 automóvil/turismo (default leve)
2026-01,LightVehicles,leve,TOYOTA,86,ICE,14,Aduana PY datos abiertos,NCM 8703 automóvil/turismo (default leve)
2026-01,LightVehicles,leve,TOYOTA,GRANVIA,ICE,14,Aduana PY datos abiertos,NCM 8703 automóvil/turismo (default leve)
2026-01,LightVehicles,leve,TOYOTA,HIACE,ICE,14,Aduana PY datos abiertos,passenger van/minibus (Hiace/Staria/…) counts as leve
2026-01,LightVehicles,leve,TOYOTA,MARK X A/O,ICE,14,Aduana PY datos abiertos,NCM 8703 automóvil/turismo (default leve)
2026-01,LightVehicles,leve,TOYOTA,PREMIO NAFTERO,ICE,14,Aduana PY datos abiertos,NCM 8703 automóvil/turismo (default leve)
2026-01,LightVehicles,leve,TOYOTA,RUSH NAFTERO,ICE,14,Aduana PY datos abiertos,NCM 8703 automóvil/turismo (default leve)
2026-01,LightVehicles,pesado,SCANIA,P 360,ICE,14,Aduana PY datos abiertos,NCM 8704.22 typically GVW>5t
2026-01,LightVehicles,pesado,SCANIA,R124,ICE,14,Aduana PY datos abiertos,NCM 8704.22 typically GVW>5t
2026-01,LightVehicles,recreativo,EXCAR,EL BN2,ICE,14,Aduana PY datos abiertos,NCM 8703.10
2026-01,LightVehicles,recreativo,EXCAR,EL BN4+2/FF,ICE,14,Aduana PY datos abiertos,NCM 8703.10
2026-01,LightVehicles,recreativo,EXCAR,EL M1S2,ICE,14,Aduana PY datos abiertos,NCM 8703.10
2026-01,LightVehicles,recreativo,EXCAR,EL M1S2+2/FF,ICE,14,Aduana PY datos abiertos,NCM 8703.10
2026-01,LightVehicles,leve,RAM,RAMPAGE BIGHORN 2,ICE,13,Aduana PY datos abiertos,NCM 8704.21 GVW≤5t pickup/camioneta
2026-01,LightVehicles,recreativo,HDK,(sin modelo),ICE,13,Aduana PY datos abiertos,NCM 8703.10
2026-01,LightVehicles,leve,DFSK,(sin modelo),ICE,12,Aduana PY datos abiertos,NCM 8703 automóvil/turismo (default leve)
2026-01,LightVehicles,leve,HONDA,(sin modelo),BEV,12,Aduana PY datos abiertos,NCM 8703 automóvil/turismo (default leve)
2026-01,LightVehicles,leve,MAXUS,(sin modelo),ICE,12,Aduana PY datos abiertos,NCM 8704.21 GVW≤5t pickup/camioneta
2026-01,LightVehicles,leve,NISSAN,QASHQAI SENSE,ICE,12,Aduana PY datos abiertos,NCM 8703 automóvil/turismo (default leve)
2026-01,LightVehicles,pesado,ISUZU,QMR77L-HH5AYN,ICE,12,Aduana PY datos abiertos,NCM 8704.22 typically GVW>5t
2026-01,LightVehicles,leve,FIAT,STRADA ENDURANCE C/P 1,ICE,11,Aduana PY datos abiertos,NCM 8704.31 GVW≤5t pickup/camioneta
2026-01,LightVehicles,leve,FORD,RANGER 3,ICE,11,Aduana PY datos abiertos,NCM 8704.21 GVW≤5t pickup/camioneta
2026-01,LightVehicles,leve,NISSAN,QASHQAI EXCLUSIVE,ICE,11,Aduana PY datos abiertos,NCM 8703 automóvil/turismo (default leve)
2026-01,LightVehicles,leve,TOYOTA,YARIS CROSS,HEV,11,Aduana PY datos abiertos,NCM 8703 automóvil/turismo (default leve)
2026-01,LightVehicles,leve,BYD,(sin modelo),BEV,10,Aduana PY datos abiertos,NCM 8703 automóvil/turismo (default leve)
2026-01,LightVehicles,leve,CHEVROLET,SILVERADO Z71 3,ICE,10,Aduana PY datos abiertos,NCM 8704.21 GVW≤5t pickup/camioneta
2026-01,LightVehicles,leve,FORD,RANGER 2,ICE,10,Aduana PY datos abiertos,NCM 8704.21 GVW≤5t pickup/camioneta
2026-01,LightVehicles,leve,FUSO,2026,ICE,10,Aduana PY datos abiertos,NCM 8704.21 GVW≤5t pickup/camioneta
2026-01,LightVehicles,leve,HYUNDAI,ALL NEW TUCSON,HEV,10,Aduana PY datos abiertos,NCM 8703 automóvil/turismo (default leve)
2026-01,LightVehicles,leve,CHERY,T8 PRO 1,ICE,9,Aduana PY datos abiertos,NCM 8703 automóvil/turismo (default leve)
2026-01,LightVehicles,leve,FORD,TERRITORY 1,ICE,9,Aduana PY datos abiertos,NCM 8703 automóvil/turismo (default leve)
2026-01,LightVehicles,leve,JETOUR,T2,ICE,9,Aduana PY datos abiertos,NCM 8703 automóvil/turismo (default leve)
2026-01,LightVehicles,leve,NISSAN,NEW KICKS 220T EXCLUSIVE 6 DCT - FLEX,ICE,9,Aduana PY datos abiertos,NCM 8703 automóvil/turismo (default leve)
2026-01,LightVehicles,leve,NISSAN,NEW KICKS 220T EXCLUSIVE 6 DCT - FLEX FLEX,ICE,9,Aduana PY datos abiertos,NCM 8703 automóvil/turismo (default leve)
2026-01,LightVehicles,pesado,HYUNDAI,(sin modelo),ICE,9,Aduana PY datos abiertos,NCM 8704.22 typically GVW>5t
2026-01,LightVehicles,pesado,SINOTRUK,(sin modelo),ICE,9,Aduana PY datos abiertos,NCM 8704.23 typically GVW>5t
2026-01,LightVehicles,leve,HONDA,HR-V EXL,ICE,8,Aduana PY datos abiertos,NCM 8703 automóvil/turismo (default leve)
2026-01,LightVehicles,leve,HONDA,HR-V TOURING,ICE,8,Aduana PY datos abiertos,NCM 8703 automóvil/turismo (default leve)
2026-01,LightVehicles,leve,HONDA,WR-V EXL,ICE,8,Aduana PY datos abiertos,NCM 8703 automóvil/turismo (default leve)
2026-01,LightVehicles,leve,HYUNDAI,NEW PALISADE CALLIGRAPHY AUT,HEV,8,Aduana PY datos abiertos,NCM 8703 automóvil/turismo (default leve)
2026-01,LightVehicles,leve,HYUNDAI,NEW PALISADE LIMTED AUT,HEV,8,Aduana PY datos abiertos,NCM 8703 automóvil/turismo (default leve)
2026-01,LightVehicles,leve,MERCEDES-BENZ,SL500,ICE,8,Aduana PY datos abiertos,NCM 8703 automóvil/turismo (default leve)
2026-01,LightVehicles,leve,NISSAN,QASHQAI ADVANCE PLUS,ICE,8,Aduana PY datos abiertos,NCM 8703 automóvil/turismo (default leve)
2026-01,LightVehicles,leve,TOYOTA,AQUA,ICE,8,Aduana PY datos abiertos,NCM 8703 automóvil/turismo (default leve)
2026-01,LightVehicles,leve,TOYOTA,YARIS,ICE,8,Aduana PY datos abiertos,NCM 8703 automóvil/turismo (default leve)
2026-01,LightVehicles,pesado,MERCEDES-BENZ,817,ICE,8,Aduana PY datos abiertos,NCM 8704.22 typically GVW>5t
2026-01,LightVehicles,pesado,MERCEDES-BENZ,ATEGO 815,ICE,8,Aduana PY datos abiertos,NCM 8704.22 typically GVW>5t
2026-01,LightVehicles,leve,2000,MOVE,ICE,7,Aduana PY datos abiertos,NCM 8703 automóvil/turismo (default leve)
2026-01,LightVehicles,leve,ARGO,750 HDI,ICE,7,Aduana PY datos abiertos,NCM 8703 automóvil/turismo (default leve)
2026-01,LightVehicles,leve,AUDI,(sin modelo),BEV,7,Aduana PY datos abiertos,NCM 8703 automóvil/turismo (default leve)
2026-01,LightVehicles,leve,BMW,325ES,ICE,7,Aduana PY datos abiertos,NCM 8703 automóvil/turismo (default leve)
2026-01,LightVehicles,leve,BMW,525I,ICE,7,Aduana PY datos abiertos,NCM 8703 automóvil/turismo (default leve)
2026-01,LightVehicles,leve,BMW,X3,ICE,7,Aduana PY datos abiertos,NCM 8703 automóvil/turismo (default leve)
2026-01,LightVehicles,leve,BMW,X4,ICE,7,Aduana PY datos abiertos,NCM 8703 automóvil/turismo (default leve)
2026-01,LightVehicles,leve,BMW,X5,ICE,7,Aduana PY datos abiertos,NCM 8703 automóvil/turismo (default leve)
2026-01,LightVehicles,leve,BMW,X6,ICE,7,Aduana PY datos abiertos,NCM 8703 automóvil/turismo (default leve)
2026-01,LightVehicles,leve,BMW,X7,ICE,7,Aduana PY datos abiertos,NCM 8703 automóvil/turismo (default leve)
2026-01,LightVehicles,leve,BUICK,CASCADA COMVERTIBLE,ICE,7,Aduana PY datos abiertos,NCM 8703 automóvil/turismo (default leve)
2026-01,LightVehicles,leve,CADILLAC,ESCALADE 600,ICE,7,Aduana PY datos abiertos,NCM 8703 automóvil/turismo (default leve)
2026-01,LightVehicles,leve,CHEVROLET,CAMARO SS,ICE,7,Aduana PY datos abiertos,NCM 8703 automóvil/turismo (default leve)
2026-01,LightVehicles,leve,CHEVROLET,CORVETT S,ICE,7,Aduana PY datos abiertos,NCM 8703 automóvil/turismo (default leve)
2026-01,LightVehicles,leve,CHEVROLET,ONIX LT HB FLEX AT TURBO,ICE,7,Aduana PY datos abiertos,NCM 8703 automóvil/turismo (default leve)
2026-01,LightVehicles,leve,CHEVROLET,PICKUP,ICE,7,Aduana PY datos abiertos,NCM 8704.31 GVW≤5t pickup/camioneta
2026-01,LightVehicles,leve,CHRYSLER,TOWN COUNTRY,ICE,7,Aduana PY datos abiertos,NCM 8703 automóvil/turismo (default leve)
2026-01,LightVehicles,leve,DAEWOO,NUBIRA,ICE,7,Aduana PY datos abiertos,NCM 8703 automóvil/turismo (default leve)
2026-01,LightVehicles,leve,DODGE,CHALLANGER,ICE,7,Aduana PY datos abiertos,NCM 8703 automóvil/turismo (default leve)
2026-01,LightVehicles,leve,DODGE,CHALLENGER A O,ICE,7,Aduana PY datos abiertos,NCM 8703 automóvil/turismo (default leve)
2026-01,LightVehicles,leve,FIAT,(sin modelo),ICE,7,Aduana PY datos abiertos,NCM 8703 automóvil/turismo (default leve)
2026-01,LightVehicles,leve,FIAT,MOBI TREKKING 1,ICE,7,Aduana PY datos abiertos,NCM 8703 automóvil/turismo (default leve)
2026-01,LightVehicles,leve,FIAT,STRADA VOLCANO D/C 1,ICE,7,Aduana PY datos abiertos,NCM 8704.31 GVW≤5t pickup/camioneta
2026-01,LightVehicles,leve,FIAT,TORO ULTRA D/C 1,ICE,7,Aduana PY datos abiertos,NCM 8704.31 GVW≤5t pickup/camioneta
2026-01,LightVehicles,leve,FORD,C-MAX,ICE,7,Aduana PY datos abiertos,NCM 8703 automóvil/turismo (default leve)
2026-01,LightVehicles,leve,FORD,EXPLORER LIMITED,ICE,7,Aduana PY datos abiertos,NCM 8703 automóvil/turismo (default leve)
2026-01,LightVehicles,leve,FORD,F 150,ICE,7,Aduana PY datos abiertos,NCM 8704.31 GVW≤5t pickup/camioneta
2026-01,LightVehicles,leve,FORD,F-150,ICE,7,Aduana PY datos abiertos,NCM 8704.21 GVW≤5t pickup/camioneta
2026-01,LightVehicles,leve,FORD,F-350 LARIAT SUPER DUTY,ICE,7,Aduana PY datos abiertos,NCM 8704.21 GVW≤5t pickup/camioneta
2026-01,LightVehicles,leve,FORD,F350 DOBLE CABINA,ICE,7,Aduana PY datos abiertos,NCM 8704.21 GVW≤5t pickup/camioneta
2026-01,LightVehicles,leve,FORD,F350 ROJO A/O,ICE,7,Aduana PY datos abiertos,NCM 8704.21 GVW≤5t pickup/camioneta
2026-01,LightVehicles,leve,FORD,FOCUS,ICE,7,Aduana PY datos abiertos,NCM 8703 automóvil/turismo (default leve)
2026-01,LightVehicles,leve,FORD,MUSTANG ECOBOOST PREMIUM,ICE,7,Aduana PY datos abiertos,NCM 8703 automóvil/turismo (default leve)
2026-01,LightVehicles,leve,FORD,MUSTANG GT 5,ICE,7,Aduana PY datos abiertos,NCM 8703 automóvil/turismo (default leve)
2026-01,LightVehicles,leve,FORD,RANGER RAPTOR,ICE,7,Aduana PY datos abiertos,NCM 8704.31 GVW≤5t pickup/camioneta
2026-01,LightVehicles,leve,FORD,TRANSIT A/O,ICE,7,Aduana PY datos abiertos,NCM 8704.21 GVW≤5t pickup/camioneta
2026-01,LightVehicles,leve,GMC,(sin modelo),ICE,7,Aduana PY datos abiertos,NCM 8703 automóvil/turismo (default leve)
2026-01,LightVehicles,leve,HONDA,(sin modelo),ICE,7,Aduana PY datos abiertos,NCM 8703 automóvil/turismo (default leve)
2026-01,LightVehicles,leve,HONDA,ACTY,ICE,7,Aduana PY datos abiertos,NCM 8704.31 GVW≤5t pickup/camioneta
2026-01,LightVehicles,leve,HONDA,CR-V,ICE,7,Aduana PY datos abiertos,NCM 8703 automóvil/turismo (default leve)
2026-01,LightVehicles,leve,HONDA,FIT,HEV,7,Aduana PY datos abiertos,NCM 8703 automóvil/turismo (default leve)
2026-01,LightVehicles,leve,HONDA,HR-V,ICE,7,Aduana PY datos abiertos,NCM 8703 automóvil/turismo (default leve)
2026-01,LightVehicles,leve,HONDA,PILOT,ICE,7,Aduana PY datos abiertos,NCM 8703 automóvil/turismo (default leve)
2026-01,LightVehicles,leve,HYUNDAI,AVANTE,ICE,7,Aduana PY datos abiertos,NCM 8703 automóvil/turismo (default leve)
2026-01,LightVehicles,leve,HYUNDAI,GRAND STAREX USADO,ICE,7,Aduana PY datos abiertos,NCM 8703 automóvil/turismo (default leve)
2026-01,LightVehicles,leve,HYUNDAI,H1,ICE,7,Aduana PY datos abiertos,NCM 8704.21 GVW≤5t pickup/camioneta
2026-01,LightVehicles,leve,HYUNDAI,VELOSTER,ICE,7,Aduana PY datos abiertos,NCM 8703 automóvil/turismo (default leve)
2026-01,LightVehicles,leve,HYUNDAI,VERACRUZ,ICE,7,Aduana PY datos abiertos,NCM 8703 automóvil/turismo (default leve)
2026-01,LightVehicles,leve,ISUZU,ELF,ICE,7,Aduana PY datos abiertos,NCM 8704.21 GVW≤5t pickup/camioneta
2026-01,LightVehicles,leve,IVECO,DAILY A O,ICE,7,Aduana PY datos abiertos,NCM 8704.21 GVW≤5t pickup/camioneta
2026-01,LightVehicles,leve,JAGUAR,F-TYPE,ICE,7,Aduana PY datos abiertos,NCM 8703 automóvil/turismo (default leve)
2026-01,LightVehicles,leve,JAGUAR,X-TYPE,ICE,7,Aduana PY datos abiertos,NCM 8703 automóvil/turismo (default leve)
2026-01,LightVehicles,leve,JEEP,GRAND CHEROKEE,ICE,7,Aduana PY datos abiertos,NCM 8703 automóvil/turismo (default leve)
2026-01,LightVehicles,leve,JEEP,WRANGLER A/O,ICE,7,Aduana PY datos abiertos,NCM 8703 automóvil/turismo (default leve)
2026-01,LightVehicles,leve,JEEP,WRANGLER UNLIMITED SPORT,ICE,7,Aduana PY datos abiertos,NCM 8703 automóvil/turismo (default leve)
2026-01,LightVehicles,leve,KIA,K3,ICE,7,Aduana PY datos abiertos,NCM 8703 automóvil/turismo (default leve)
2026-01,LightVehicles,leve,KIA,K5,HEV,7,Aduana PY datos abiertos,NCM 8703 automóvil/turismo (default leve)
2026-01,LightVehicles,leve,KIA,KIA BONGO 3ANO,ICE,7,Aduana PY datos abiertos,NCM 8704.21 GVW≤5t pickup/camioneta
2026-01,LightVehicles,leve,KIA,MORNING,ICE,7,Aduana PY datos abiertos,NCM 8703 automóvil/turismo (default leve)
2026-01,LightVehicles,leve,KIA,SORTAGE,ICE,7,Aduana PY datos abiertos,NCM 8703 automóvil/turismo (default leve)
2026-01,LightVehicles,leve,LAMBORGHINI,(sin modelo),ICE,7,Aduana PY datos abiertos,NCM 8703 automóvil/turismo (default leve)
2026-01,LightVehicles,leve,LANCIA,DELTA HF EVOLUZIONE,ICE,7,Aduana PY datos abiertos,NCM 8703 automóvil/turismo (default leve)
2026-01,LightVehicles,leve,LINCOLN,TOWN CAR,ICE,7,Aduana PY datos abiertos,NCM 8703 automóvil/turismo (default leve)
2026-01,LightVehicles,leve,MAZDA,CX-3,ICE,7,Aduana PY datos abiertos,NCM 8703 automóvil/turismo (default leve)
2026-01,LightVehicles,leve,MAZDA,DELO CX-5,ICE,7,Aduana PY datos abiertos,NCM 8703 automóvil/turismo (default leve)
2026-01,LightVehicles,leve,MAZDA,MAZDA3 2,ICE,7,Aduana PY datos abiertos,NCM 8703 automóvil/turismo (default leve)
2026-01,LightVehicles,leve,MAZDA,TITAN,ICE,7,Aduana PY datos abiertos,NCM 8704.21 GVW≤5t pickup/camioneta
2026-01,LightVehicles,leve,MERCEDES-BENZ,1117,ICE,7,Aduana PY datos abiertos,NCM 8704.21 GVW≤5t pickup/camioneta
2026-01,LightVehicles,leve,MERCEDES-BENZ,1317,ICE,7,Aduana PY datos abiertos,NCM 8704.21 GVW≤5t pickup/camioneta
2026-01,LightVehicles,leve,MERCEDES-BENZ,818,ICE,7,Aduana PY datos abiertos,NCM 8704.21 GVW≤5t pickup/camioneta
2026-01,LightVehicles,leve,MERCEDES-BENZ,970,ICE,7,Aduana PY datos abiertos,NCM 8704.21 GVW≤5t pickup/camioneta
2026-01,LightVehicles,leve,MERCEDES-BENZ,ATEGO 823,ICE,7,Aduana PY datos abiertos,NCM 8704.21 GVW≤5t pickup/camioneta
2026-01,LightVehicles,leve,MERCEDES-BENZ,C200,ICE,7,Aduana PY datos abiertos,NCM 8703 automóvil/turismo (default leve)
2026-01,LightVehicles,leve,MERCEDES-BENZ,C220,ICE,7,Aduana PY datos abiertos,NCM 8703 automóvil/turismo (default leve)
2026-01,LightVehicles,leve,MERCEDES-BENZ,C220 -CDI,ICE,7,Aduana PY datos abiertos,NCM 8703 automóvil/turismo (default leve)
2026-01,LightVehicles,leve,MERCEDES-BENZ,C220 A/O,ICE,7,Aduana PY datos abiertos,NCM 8703 automóvil/turismo (default leve)
2026-01,LightVehicles,leve,MERCEDES-BENZ,C220 CDI,ICE,7,Aduana PY datos abiertos,NCM 8703 automóvil/turismo (default leve)
2026-01,LightVehicles,leve,MERCEDES-BENZ,C230 A/O,ICE,7,Aduana PY datos abiertos,NCM 8703 automóvil/turismo (default leve)
2026-01,LightVehicles,leve,MERCEDES-BENZ,C300 COUPE,ICE,7,Aduana PY datos abiertos,NCM 8703 automóvil/turismo (default leve)
2026-01,LightVehicles,leve,MERCEDES-BENZ,CL55 AMG,ICE,7,Aduana PY datos abiertos,NCM 8703 automóvil/turismo (default leve)
2026-01,LightVehicles,leve,MERCEDES-BENZ,CLA 200D,ICE,7,Aduana PY datos abiertos,NCM 8703 automóvil/turismo (default leve)
2026-01,LightVehicles,leve,MERCEDES-BENZ,CLS500,ICE,7,Aduana PY datos abiertos,NCM 8703 automóvil/turismo (default leve)
2026-01,LightVehicles,leve,MERCEDES-BENZ,E190,ICE,7,Aduana PY datos abiertos,NCM 8703 automóvil/turismo (default leve)
2026-01,LightVehicles,leve,MERCEDES-BENZ,E220D,ICE,7,Aduana PY datos abiertos,NCM 8703 automóvil/turismo (default leve)
2026-01,LightVehicles,leve,MERCEDES-BENZ,E320,ICE,7,Aduana PY datos abiertos,NCM 8703 automóvil/turismo (default leve)
2026-01,LightVehicles,leve,MERCEDES-BENZ,EQA,BEV,7,Aduana PY datos abiertos,NCM 8703 automóvil/turismo (default leve)
2026-01,LightVehicles,leve,MERCEDES-BENZ,G63,ICE,7,Aduana PY datos abiertos,NCM 8703 automóvil/turismo (default leve)
2026-01,LightVehicles,leve,MERCEDES-BENZ,GLC 220 D,ICE,7,Aduana PY datos abiertos,NCM 8703 automóvil/turismo (default leve)
2026-01,LightVehicles,leve,MERCEDES-BENZ,GLS450,ICE,7,Aduana PY datos abiertos,NCM 8703 automóvil/turismo (default leve)
2026-01,LightVehicles,leve,MERCEDES-BENZ,ML320,ICE,7,Aduana PY datos abiertos,NCM 8703 automóvil/turismo (default leve)
2026-01,LightVehicles,leve,MERCEDES-BENZ,ML350 BLUETEC,ICE,7,Aduana PY datos abiertos,NCM 8703 automóvil/turismo (default leve)
2026-01,LightVehicles,leve,MERCEDES-BENZ,SL 55 AMG,ICE,7,Aduana PY datos abiertos,NCM 8703 automóvil/turismo (default leve)
2026-01,LightVehicles,leve,MERCEDES-BENZ,SLK 350,ICE,7,Aduana PY datos abiertos,NCM 8703 automóvil/turismo (default leve)
2026-01,LightVehicles,leve,MITSUBISHI,CANTER T,ICE,7,Aduana PY datos abiertos,NCM 8704.21 GVW≤5t pickup/camioneta
2026-01,LightVehicles,leve,MITSUBISHI,FUSO CANTER GUTS,ICE,7,Aduana PY datos abiertos,NCM 8704.21 GVW≤5t pickup/camioneta
2026-01,LightVehicles,leve,MITSUBISHI,OUTLANDER,ICE,7,Aduana PY datos abiertos,NCM 8703 automóvil/turismo (default leve)
2026-01,LightVehicles,leve,MITSUBISHI,PAJEROANHO,ICE,7,Aduana PY datos abiertos,NCM 8703 automóvil/turismo (default leve)
2026-01,LightVehicles,leve,NISSAN,370Z,ICE,7,Aduana PY datos abiertos,NCM 8703 automóvil/turismo (default leve)
2026-01,LightVehicles,leve,NISSAN,CONDOR,ICE,7,Aduana PY datos abiertos,NCM 8704.21 GVW≤5t pickup/camioneta
2026-01,LightVehicles,leve,NISSAN,FAIRLADAY Z,ICE,7,Aduana PY datos abiertos,NCM 8703 automóvil/turismo (default leve)
2026-01,LightVehicles,leve,NISSAN,FAIRLADY,ICE,7,Aduana PY datos abiertos,NCM 8703 automóvil/turismo (default leve)
2026-01,LightVehicles,leve,NISSAN,NAVARA,ICE,7,Aduana PY datos abiertos,NCM 8704.21 GVW≤5t pickup/camioneta
2026-01,LightVehicles,leve,NISSAN,NOTE,ICE,7,Aduana PY datos abiertos,NCM 8703 automóvil/turismo (default leve)
2026-01,LightVehicles,leve,OPEL,2,ICE,7,Aduana PY datos abiertos,NCM 8704.21 GVW≤5t pickup/camioneta
2026-01,LightVehicles,leve,PEUGEOT,208 RALLY 4,ICE,7,Aduana PY datos abiertos,NCM 8703 automóvil/turismo (default leve)
2026-01,LightVehicles,leve,PORSCHE,911,ICE,7,Aduana PY datos abiertos,NCM 8703 automóvil/turismo (default leve)
2026-01,LightVehicles,leve,PORSCHE,924,ICE,7,Aduana PY datos abiertos,NCM 8703 automóvil/turismo (default leve)
2026-01,LightVehicles,leve,PORSCHE,CAYENNE,ICE,7,Aduana PY datos abiertos,NCM 8703 automóvil/turismo (default leve)
2026-01,LightVehicles,leve,PORSCHE,CAYENNE A/O,ICE,7,Aduana PY datos abiertos,NCM 8703 automóvil/turismo (default leve)
2026-01,LightVehicles,leve,PORSCHE,CAYMAN,ICE,7,Aduana PY datos abiertos,NCM 8703 automóvil/turismo (default leve)
2026-01,LightVehicles,leve,RENAULT,LUTECIA,ICE,7,Aduana PY datos abiertos,NCM 8703 automóvil/turismo (default leve)
2026-01,LightVehicles,leve,SIN MARCA,RACTIS,ICE,7,Aduana PY datos abiertos,NCM 8703 automóvil/turismo (default leve)
2026-01,LightVehicles,leve,SSANGYONG,KORANDO,ICE,7,Aduana PY datos abiertos,NCM 8703 automóvil/turismo (default leve)
2026-01,LightVehicles,leve,SUBARU,IMPREZA A/O,ICE,7,Aduana PY datos abiertos,NCM 8703 automóvil/turismo (default leve)
2026-01,LightVehicles,leve,SUBARU,IMPREZA ANESIS,ICE,7,Aduana PY datos abiertos,NCM 8703 automóvil/turismo (default leve)
2026-01,LightVehicles,leve,SUBARU,IMPREZA O,ICE,7,Aduana PY datos abiertos,NCM 8703 automóvil/turismo (default leve)
2026-01,LightVehicles,leve,SUBARU,RACTIS,ICE,7,Aduana PY datos abiertos,NCM 8703 automóvil/turismo (default leve)
2026-01,LightVehicles,leve,SUBARU,TREZIA A/O,ICE,7,Aduana PY datos abiertos,NCM 8703 automóvil/turismo (default leve)
2026-01,LightVehicles,leve,SUBARU,WRX,ICE,7,Aduana PY datos abiertos,NCM 8703 automóvil/turismo (default leve)
2026-01,LightVehicles,leve,SUBARU,WRX S4 GT,ICE,7,Aduana PY datos abiertos,NCM 8703 automóvil/turismo (default leve)
2026-01,LightVehicles,leve,SUBARU,WRX S4 GT-S245,ICE,7,Aduana PY datos abiertos,NCM 8703 automóvil/turismo (default leve)
2026-01,LightVehicles,leve,TOYOTA,86GT,ICE,7,Aduana PY datos abiertos,NCM 8703 automóvil/turismo (default leve)
2026-01,LightVehicles,leve,TOYOTA,AQUA,HEV,7,Aduana PY datos abiertos,NCM 8703 automóvil/turismo (default leve)
2026-01,LightVehicles,leve,TOYOTA,AURIS,HEV,7,Aduana PY datos abiertos,NCM 8703 automóvil/turismo (default leve)
2026-01,LightVehicles,leve,TOYOTA,AXIO,ICE,7,Aduana PY datos abiertos,NCM 8703 automóvil/turismo (default leve)
2026-01,LightVehicles,leve,TOYOTA,CALDINA,ICE,7,Aduana PY datos abiertos,NCM 8703 automóvil/turismo (default leve)
2026-01,LightVehicles,leve,TOYOTA,CAMRY,HEV,7,Aduana PY datos abiertos,NCM 8703 automóvil/turismo (default leve)
2026-01,LightVehicles,leve,TOYOTA,CAMRY,ICE,7,Aduana PY datos abiertos,NCM 8703 automóvil/turismo (default leve)
2026-01,LightVehicles,leve,TOYOTA,CELICA,ICE,7,Aduana PY datos abiertos,NCM 8703 automóvil/turismo (default leve)
2026-01,LightVehicles,leve,TOYOTA,CROWM ATHLETE,ICE,7,Aduana PY datos abiertos,NCM 8703 automóvil/turismo (default leve)
2026-01,LightVehicles,leve,TOYOTA,CROWN,ICE,7,Aduana PY datos abiertos,NCM 8703 automóvil/turismo (default leve)
2026-01,LightVehicles,leve,TOYOTA,CROWN ATHLETE A/O,ICE,7,Aduana PY datos abiertos,NCM 8703 automóvil/turismo (default leve)
2026-01,LightVehicles,leve,TOYOTA,CROWN ROYAL SALOON,ICE,7,Aduana PY datos abiertos,NCM 8703 automóvil/turismo (default leve)
2026-01,LightVehicles,leve,TOYOTA,ELO,ICE,7,Aduana PY datos abiertos,NCM 8703 automóvil/turismo (default leve)
2026-01,LightVehicles,leve,TOYOTA,ESQUIRE,ICE,7,Aduana PY datos abiertos,NCM 8703 automóvil/turismo (default leve)
2026-01,LightVehicles,leve,TOYOTA,GT86,ICE,7,Aduana PY datos abiertos,NCM 8703 automóvil/turismo (default leve)
2026-01,LightVehicles,leve,TOYOTA,HIACE REGUIS,ICE,7,Aduana PY datos abiertos,passenger van/minibus (Hiace/Staria/…) counts as leve
2026-01,LightVehicles,leve,TOYOTA,HIACE SUPER GL,ICE,7,Aduana PY datos abiertos,passenger van/minibus (Hiace/Staria/…) counts as leve
2026-01,LightVehicles,leve,TOYOTA,IMPREZA,ICE,7,Aduana PY datos abiertos,NCM 8703 automóvil/turismo (default leve)
2026-01,LightVehicles,leve,TOYOTA,IMPREZA WRX,ICE,7,Aduana PY datos abiertos,NCM 8703 automóvil/turismo (default leve)
2026-01,LightVehicles,leve,TOYOTA,ISIS PLATANA,ICE,7,Aduana PY datos abiertos,NCM 8703 automóvil/turismo (default leve)
2026-01,LightVehicles,leve,TOYOTA,ITS,ICE,7,Aduana PY datos abiertos,NCM 8703 automóvil/turismo (default leve)
2026-01,LightVehicles,leve,TOYOTA,PASSO,ICE,7,Aduana PY datos abiertos,NCM 8703 automóvil/turismo (default leve)
2026-01,LightVehicles,leve,TOYOTA,PORTE,ICE,7,Aduana PY datos abiertos,NCM 8703 automóvil/turismo (default leve)
2026-01,LightVehicles,leve,TOYOTA,PRADO,ICE,7,Aduana PY datos abiertos,NCM 8703 automóvil/turismo (default leve)
2026-01,LightVehicles,leve,TOYOTA,REGIUS,ICE,7,Aduana PY datos abiertos,NCM 8703 automóvil/turismo (default leve)
2026-01,LightVehicles,leve,TOYOTA,REGIUS ACE,ICE,7,Aduana PY datos abiertos,NCM 8703 automóvil/turismo (default leve)
2026-01,LightVehicles,leve,TOYOTA,REGIUSACE,ICE,7,Aduana PY datos abiertos,NCM 8703 automóvil/turismo (default leve)
2026-01,LightVehicles,leve,TOYOTA,RSCTIS,ICE,7,Aduana PY datos abiertos,NCM 8703 automóvil/turismo (default leve)
2026-01,LightVehicles,leve,TOYOTA,SPACIO,ICE,7,Aduana PY datos abiertos,NCM 8703 automóvil/turismo (default leve)
2026-01,LightVehicles,leve,TOYOTA,STARLET,ICE,7,Aduana PY datos abiertos,NCM 8703 automóvil/turismo (default leve)
2026-01,LightVehicles,leve,TOYOTA,TOYOACE A/O MOD,ICE,7,Aduana PY datos abiertos,NCM 8704.21 GVW≤5t pickup/camioneta
2026-01,LightVehicles,leve,TOYOTA,TUNDRA,ICE,7,Aduana PY datos abiertos,NCM 8704.31 GVW≤5t pickup/camioneta
2026-01,LightVehicles,leve,TOYOTA,VITZ,HEV,7,Aduana PY datos abiertos,NCM 8703 automóvil/turismo (default leve)
2026-01,LightVehicles,leve,TOYOTA,VVITZ,ICE,7,Aduana PY datos abiertos,NCM 8703 automóvil/turismo (default leve)
2026-01,LightVehicles,leve,VOLKSWAGEN,FASTBACK TYPE 3 A RESTAURAR,ICE,7,Aduana PY datos abiertos,NCM 8703 automóvil/turismo (default leve)
2026-01,LightVehicles,leve,VOLKSWAGEN,JETTA,ICE,7,Aduana PY datos abiertos,NCM 8703 automóvil/turismo (default leve)
2026-01,LightVehicles,leve,VOLKSWAGEN,KARMAN GHIA CONVERTIBLE,ICE,7,Aduana PY datos abiertos,NCM 8703 automóvil/turismo (default leve)
2026-01,LightVehicles,leve,VOLKSWAGEN,PASSAT 1,ICE,7,Aduana PY datos abiertos,NCM 8703 automóvil/turismo (default leve)
2026-01,LightVehicles,leve,VOLKSWAGEN,SCRIROCCO,ICE,7,Aduana PY datos abiertos,NCM 8703 automóvil/turismo (default leve)
2026-01,LightVehicles,leve,VOLKSWAGEN,TOUAREG A/O,ICE,7,Aduana PY datos abiertos,NCM 8703 automóvil/turismo (default leve)
2026-01,LightVehicles,leve,VOLVO,XC60,PHEV,7,Aduana PY datos abiertos,NCM 8703 automóvil/turismo (default leve)
2026-01,LightVehicles,pesado,FORD,F75,ICE,7,Aduana PY datos abiertos,NCM 8704.22 typically GVW>5t
2026-01,LightVehicles,pesado,IVECO,(sin modelo),ICE,7,Aduana PY datos abiertos,NCM 8704.22 typically GVW>5t
2026-01,LightVehicles,pesado,MERCEDES-BENZ,1117,ICE,7,Aduana PY datos abiertos,NCM 8704.22 typically GVW>5t
2026-01,LightVehicles,pesado,MERCEDES-BENZ,1218,ICE,7,Aduana PY datos abiertos,NCM 8704.22 typically GVW>5t
2026-01,LightVehicles,pesado,MERCEDES-BENZ,1222,ICE,7,Aduana PY datos abiertos,NCM 8704.22 typically GVW>5t
2026-01,LightVehicles,pesado,MERCEDES-BENZ,1320,ICE,7,Aduana PY datos abiertos,NCM 8704.22 typically GVW>5t
2026-01,LightVehicles,pesado,MERCEDES-BENZ,815 A/O,ICE,7,Aduana PY datos abiertos,NCM 8704.22 typically GVW>5t
2026-01,LightVehicles,pesado,MERCEDES-BENZ,818,ICE,7,Aduana PY datos abiertos,NCM 8704.22 typically GVW>5t
2026-01,LightVehicles,pesado,MERCEDES-BENZ,ATEGO 818,ICE,7,Aduana PY datos abiertos,NCM 8704.22 typically GVW>5t
2026-01,LightVehicles,pesado,MERCEDES-BENZ,ATEGO 917,ICE,7,Aduana PY datos abiertos,NCM 8704.22 typically GVW>5t
2026-01,LightVehicles,pesado,MITSUBISHI,CANTER CON CAJA BASCULANTE,ICE,7,Aduana PY datos abiertos,NCM 8704.22 typically GVW>5t
2026-01,LightVehicles,pesado,NISSAN,ATLEON A O,ICE,7,Aduana PY datos abiertos,NCM 8704.22 typically GVW>5t
2026-01,LightVehicles,pesado,NISSAN,L-60,ICE,7,Aduana PY datos abiertos,NCM 8704.22 typically GVW>5t
2026-01,LightVehicles,pesado,PEGASO,1226,ICE,7,Aduana PY datos abiertos,NCM 8704.22 typically GVW>5t
2026-01,LightVehicles,pesado,PEUGEOT,EXPERT A O,ICE,7,Aduana PY datos abiertos,NCM 8704.22 typically GVW>5t
2026-01,LightVehicles,pesado,RENAULT,385,ICE,7,Aduana PY datos abiertos,NCM 8704.22 typically GVW>5t
2026-01,LightVehicles,pesado,RENAULT,M210 A O,ICE,7,Aduana PY datos abiertos,NCM 8704.22 typically GVW>5t
2026-01,LightVehicles,pesado,SCANIA,114/380,ICE,7,Aduana PY datos abiertos,NCM 8704.22 typically GVW>5t
2026-01,LightVehicles,pesado,SCANIA,94 - 300,ICE,7,Aduana PY datos abiertos,NCM 8704.22 typically GVW>5t
2026-01,LightVehicles,pesado,SCANIA,94 - 340,ICE,7,Aduana PY datos abiertos,NCM 8704.22 typically GVW>5t
2026-01,LightVehicles,pesado,SCANIA,G420,ICE,7,Aduana PY datos abiertos,NCM 8704.22 typically GVW>5t
2026-01,LightVehicles,pesado,SCANIA,P 280,ICE,7,Aduana PY datos abiertos,NCM 8704.22 typically GVW>5t
2026-01,LightVehicles,pesado,SCANIA,P 93,ICE,7,Aduana PY datos abiertos,NCM 8704.22 typically GVW>5t
2026-01,LightVehicles,pesado,SCANIA,P230,ICE,7,Aduana PY datos abiertos,NCM 8704.22 typically GVW>5t
2026-01,LightVehicles,pesado,SCANIA,P310,ICE,7,Aduana PY datos abiertos,NCM 8704.22 typically GVW>5t
2026-01,LightVehicles,pesado,SCANIA,P340,ICE,7,Aduana PY datos abiertos,NCM 8704.23 typically GVW>5t
2026-01,LightVehicles,pesado,SCANIA,P93,ICE,7,Aduana PY datos abiertos,NCM 8704.22 typically GVW>5t
2026-01,LightVehicles,pesado,SCANIA,P94 - 310,ICE,7,Aduana PY datos abiertos,NCM 8704.22 typically GVW>5t
2026-01,LightVehicles,pesado,SCANIA,P94 310,ICE,7,Aduana PY datos abiertos,NCM 8704.22 typically GVW>5t
2026-01,LightVehicles,pesado,SCANIA,R270,ICE,7,Aduana PY datos abiertos,NCM 8704.22 typically GVW>5t
2026-01,LightVehicles,pesado,VOLVO,FL612,ICE,7,Aduana PY datos abiertos,NCM 8704.22 typically GVW>5t
2026-01,LightVehicles,recreativo,EZGO,GOLF CART,ICE,7,Aduana PY datos abiertos,NCM 8703.10
2026-01,LightVehicles,recreativo,EZGO,TXT ELECTRIC,ICE,7,Aduana PY datos abiertos,NCM 8703.10
2026-01,LightVehicles,recreativo,NIHAO,(sin modelo),ICE,7,Aduana PY datos abiertos,NCM 8703.10
2026-01,LightVehicles,leve,BAIC,(sin modelo),ICE,6,Aduana PY datos abiertos,NCM 8703 automóvil/turismo (default leve)
2026-01,LightVehicles,leve,CHANGAN,MS 201 DOBLE CABINA,ICE,6,Aduana PY datos abiertos,NCM 8704.31 GVW≤5t pickup/camioneta
2026-01,LightVehicles,leve,CHANGAN,NEW CS15 DCT,ICE,6,Aduana PY datos abiertos,NCM 8703 automóvil/turismo (default leve)
2026-01,LightVehicles,leve,FIAT,MOBI LIKE 1,ICE,6,Aduana PY datos abiertos,NCM 8703 automóvil/turismo (default leve)
2026-01,LightVehicles,leve,FIAT,TORO ENDURANCE D/C 1,ICE,6,Aduana PY datos abiertos,NCM 8704.31 GVW≤5t pickup/camioneta
2026-01,LightVehicles,leve,GREATWALL,JOLION PRO,HEV,6,Aduana PY datos abiertos,NCM 8703 automóvil/turismo (default leve)
2026-01,LightVehicles,leve,GREATWALL,NEW H6 HEV,HEV,6,Aduana PY datos abiertos,NCM 8703 automóvil/turismo (default leve)
2026-01,LightVehicles,leve,ISUZU,QLR77L-EE1AYN,ICE,6,Aduana PY datos abiertos,NCM 8704.21 GVW≤5t pickup/camioneta
2026-01,LightVehicles,leve,LEAPMOTOR,C10 REEV,PHEV,6,Aduana PY datos abiertos,NCM 8703 automóvil/turismo (default leve)
2026-01,LightVehicles,leve,LEXUS,RX350H,HEV,6,Aduana PY datos abiertos,NCM 8703 automóvil/turismo (default leve)
2026-01,LightVehicles,recreativo,CAN-AM,OUTLANDER PRO HD5,ICE,6,Aduana PY datos abiertos,keyword ATV/UTV/carrito golf/snow
2026-01,LightVehicles,recreativo,EVOCAR,(sin modelo),ICE,6,Aduana PY datos abiertos,NCM 8703.10
2026-01,LightVehicles,recreativo,SEGWAY,AT6 L PREMIUM,ICE,6,Aduana PY datos abiertos,keyword ATV/UTV/carrito golf/snow
2026-01,LightVehicles,recreativo,SIN MARCA,(sin modelo),ICE,6,Aduana PY datos abiertos,NCM 8703.10
2026-01,LightVehicles,leve,AUDI,Q8 3,ICE,5,Aduana PY datos abiertos,NCM 8703 automóvil/turismo (default leve)
2026-01,LightVehicles,leve,FIAT,ARGO TREKKING 1,ICE,5,Aduana PY datos abiertos,NCM 8703 automóvil/turismo (default leve)
2026-01,LightVehicles,leve,FIAT,TORO VOLCANO D/C 1,ICE,5,Aduana PY datos abiertos,NCM 8704.31 GVW≤5t pickup/camioneta
2026-01,LightVehicles,leve,GREATWALL,TANK 400,PHEV,5,Aduana PY datos abiertos,NCM 8703 automóvil/turismo (default leve)
2026-01,LightVehicles,leve,HYUNDAI,ALL NEW TUCSON,ICE,5,Aduana PY datos abiertos,NCM 8703 automóvil/turismo (default leve)
2026-01,LightVehicles,leve,MAHINDRA,S6 DIESEL,ICE,5,Aduana PY datos abiertos,NCM 8704.21 GVW≤5t pickup/camioneta
2026-01,LightVehicles,leve,MERCEDES-BENZ,2025,ICE,5,Aduana PY datos abiertos,NCM 8704.21 GVW≤5t pickup/camioneta
2026-01,LightVehicles,leve,NISSAN,QASHQAI ADVANCE,ICE,5,Aduana PY datos abiertos,NCM 8703 automóvil/turismo (default leve)
2026-01,LightVehicles,leve,VOLVO,XC90,PHEV,5,Aduana PY datos abiertos,NCM 8703 automóvil/turismo (default leve)
2026-01,LightVehicles,recreativo,ROBOOTER,E40S - MARCA ROBOOTER,ICE,5,Aduana PY datos abiertos,NCM 8703.10
2026-01,LightVehicles,recreativo,ROBOOTER,X40 - MARCA ROBOOTER,ICE,5,Aduana PY datos abiertos,NCM 8703.10
2026-01,LightVehicles,leve,AION,EL 330 KM STARLIGHT EDITION,BEV,4,Aduana PY datos abiertos,NCM 8703 automóvil/turismo (default leve)
2026-01,LightVehicles,leve,BMW,X3 20,ICE,4,Aduana PY datos abiertos,NCM 8703 automóvil/turismo (default leve)
2026-01,LightVehicles,leve,BMW,X5 XDRIVE50E,PHEV,4,Aduana PY datos abiertos,NCM 8703 automóvil/turismo (default leve)
2026-01,LightVehicles,leve,CHEVROLET,S10 HIGH COUNTRY,ICE,4,Aduana PY datos abiertos,NCM 8704.21 GVW≤5t pickup/camioneta
2026-01,LightVehicles,leve,CHEVROLET,S10 LTZ,ICE,4,Aduana PY datos abiertos,NCM 8704.21 GVW≤5t pickup/camioneta
2026-01,LightVehicles,leve,CHEVROLET,TRAILBLAZER HIGH COUNTRY,ICE,4,Aduana PY datos abiertos,NCM 8703 automóvil/turismo (default leve)
2026-01,LightVehicles,leve,FIAT,FASTBACK ABARTH 1,ICE,4,Aduana PY datos abiertos,NCM 8703 automóvil/turismo (default leve)
2026-01,LightVehicles,leve,FIAT,STRADA RANCH D/C 1,ICE,4,Aduana PY datos abiertos,NCM 8704.31 GVW≤5t pickup/camioneta
2026-01,LightVehicles,leve,FIAT,STRADA ULTRA D/C 1,ICE,4,Aduana PY datos abiertos,NCM 8704.31 GVW≤5t pickup/camioneta
2026-01,LightVehicles,leve,GREATWALL,H6 GT,PHEV,4,Aduana PY datos abiertos,NCM 8703 automóvil/turismo (default leve)
2026-01,LightVehicles,leve,GREATWALL,NEW H6 PHEV,PHEV,4,Aduana PY datos abiertos,NCM 8703 automóvil/turismo (default leve)
2026-01,LightVehicles,leve,GREATWALL,TANK 500,PHEV,4,Aduana PY datos abiertos,NCM 8703 automóvil/turismo (default leve)
2026-01,LightVehicles,leve,HYUNDAI,NEW HB20S 16 NAFT ATCON SUS ACCESORIOS CORRESPONDIENTES,ICE,4,Aduana PY datos abiertos,NCM 8703 automóvil/turismo (default leve)
2026-01,LightVehicles,leve,JAC,JS4 1,ICE,4,Aduana PY datos abiertos,NCM 8703 automóvil/turismo (default leve)
2026-01,LightVehicles,leve,KIA,EV5,BEV,4,Aduana PY datos abiertos,NCM 8703 automóvil/turismo (default leve)
2026-01,LightVehicles,leve,LEXUS,(sin modelo),HEV,4,Aduana PY datos abiertos,NCM 8703 automóvil/turismo (default leve)
2026-01,LightVehicles,leve,MAHINDRA,(sin modelo),ICE,4,Aduana PY datos abiertos,NCM 8703 automóvil/turismo (default leve)
2026-01,LightVehicles,leve,MAHINDRA,S11 DIESEL,ICE,4,Aduana PY datos abiertos,NCM 8704.21 GVW≤5t pickup/camioneta
2026-01,LightVehicles,leve,MITSUBISHI,MONTERO SPORT GLS 2WD 2,ICE,4,Aduana PY datos abiertos,NCM 8703 automóvil/turismo (default leve)
2026-01,LightVehicles,leve,NISSAN,NEW KICKS 220T SENSE 6 DCT - FLEX,ICE,4,Aduana PY datos abiertos,NCM 8703 automóvil/turismo (default leve)
2026-01,LightVehicles,leve,NISSAN,PATHFINDER LIMITED,ICE,4,Aduana PY datos abiertos,NCM 8703 automóvil/turismo (default leve)
2026-01,LightVehicles,leve,POLARIS,RGR-26 1K,ICE,4,Aduana PY datos abiertos,NCM 8704.31 GVW≤5t pickup/camioneta
2026-01,LightVehicles,leve,TOYOTA,LAND CRUISER,HEV,4,Aduana PY datos abiertos,NCM 8703 automóvil/turismo (default leve)
2026-01,LightVehicles,pesado,ISUZU,NQR71L-LN5VAYN,ICE,4,Aduana PY datos abiertos,NCM 8704.22 typically GVW>5t
2026-01,LightVehicles,recreativo,CAN-AM,OUTLANDER MAX XT 700 GY,ICE,4,Aduana PY datos abiertos,keyword ATV/UTV/carrito golf/snow
2026-01,LightVehicles,leve,BMW,X5 XDRIVE30D,ICE,3,Aduana PY datos abiertos,NCM 8703 automóvil/turismo (default leve)
2026-01,LightVehicles,leve,BYD,(sin modelo),PHEV,3,Aduana PY datos abiertos,NCM 8703 automóvil/turismo (default leve)
2026-01,LightVehicles,leve,CHEVROLET,NOVA MONTANA LTZ FLEX AT TURBO,ICE,3,Aduana PY datos abiertos,NCM 8704.31 GVW≤5t pickup/camioneta
2026-01,LightVehicles,leve,CHEVROLET,NOVA MONTANA RS FLEX AT TURBO,ICE,3,Aduana PY datos abiertos,NCM 8704.31 GVW≤5t pickup/camioneta
2026-01,LightVehicles,leve,CHEVROLET,ONIX RS HB FLEX AT TURBO,ICE,3,Aduana PY datos abiertos,NCM 8703 automóvil/turismo (default leve)
2026-01,LightVehicles,leve,CHEVROLET,S10 WORK TRUCK,ICE,3,Aduana PY datos abiertos,NCM 8704.21 GVW≤5t pickup/camioneta
2026-01,LightVehicles,leve,CHEVROLET,TRACKER LITE FLEX AT TURBO,ICE,3,Aduana PY datos abiertos,NCM 8703 automóvil/turismo (default leve)
2026-01,LightVehicles,leve,CHEVROLET,TRACKER LTZ FLEX AT TURBO,ICE,3,Aduana PY datos abiertos,NCM 8703 automóvil/turismo (default leve)
2026-01,LightVehicles,leve,DONGFENG,ZNA RICH6,ICE,3,Aduana PY datos abiertos,NCM 8704.21 GVW≤5t pickup/camioneta
2026-01,LightVehicles,leve,FIAT,FASTBACK IMPETUS MILD,ICE,3,Aduana PY datos abiertos,NCM 8703 automóvil/turismo (default leve)
2026-01,LightVehicles,leve,GREATWALL,TANK 300,PHEV,3,Aduana PY datos abiertos,NCM 8703 automóvil/turismo (default leve)
2026-01,LightVehicles,leve,LEAPMOTOR,(sin modelo),BEV,3,Aduana PY datos abiertos,NCM 8703 automóvil/turismo (default leve)
2026-01,LightVehicles,leve,MAHINDRA,XUV3XO AX5 PM AT EXP LHD QK,ICE,3,Aduana PY datos abiertos,NCM 8703 automóvil/turismo (default leve)
2026-01,LightVehicles,leve,MAHINDRA,XUV3XO MX3 PM AT EXP LHD WQ,ICE,3,Aduana PY datos abiertos,NCM 8703 automóvil/turismo (default leve)
2026-01,LightVehicles,leve,MAZDA,CX-90 MILD,ICE,3,Aduana PY datos abiertos,NCM 8703 automóvil/turismo (default leve)
2026-01,LightVehicles,leve,MERCEDES-BENZ,2026,PHEV,3,Aduana PY datos abiertos,NCM 8703 automóvil/turismo (default leve)
2026-01,LightVehicles,leve,MINI,(sin modelo),ICE,3,Aduana PY datos abiertos,NCM 8703 automóvil/turismo (default leve)
2026-01,LightVehicles,leve,MITSUBISHI,MONTERO SPORT GLS 4WD 2,ICE,3,Aduana PY datos abiertos,NCM 8703 automóvil/turismo (default leve)
2026-01,LightVehicles,leve,RAM,1500 REBEL CREW CAB,ICE,3,Aduana PY datos abiertos,NCM 8704.31 GVW≤5t pickup/camioneta
2026-01,LightVehicles,leve,SCION,XD,ICE,3,Aduana PY datos abiertos,NCM 8703 automóvil/turismo (default leve)
2026-01,LightVehicles,leve,SUBARU,WRX SDN WRX TS ES MT VBHELB6 E3 RW,ICE,3,Aduana PY datos abiertos,NCM 8703 automóvil/turismo (default leve)
2026-01,LightVehicles,pesado,ISUZU,NPR71L-KJ5VAYN,ICE,3,Aduana PY datos abiertos,NCM 8704.22 typically GVW>5t
2026-01,LightVehicles,pesado,KALMAR,EL,ICE,3,Aduana PY datos abiertos,NCM 8704.23 typically GVW>5t
2026-01,LightVehicles,pesado,SCANIA,R460 B4X2NA E3,ICE,3,Aduana PY datos abiertos,NCM 8704.23 typically GVW>5t
2026-01,LightVehicles,recreativo,POLARIS,ATV-26 450 SPMN,ICE,3,Aduana PY datos abiertos,keyword ATV/UTV/carrito golf/snow
2026-01,LightVehicles,leve,CHANGAN,CS55PLUS,PHEV,2,Aduana PY datos abiertos,NCM 8703 automóvil/turismo (default leve)
2026-01,LightVehicles,leve,CHEVROLET,NOVA MONTANA PREMIER II FLEX AT TURBO,ICE,2,Aduana PY datos abiertos,NCM 8704.31 GVW≤5t pickup/camioneta
2026-01,LightVehicles,leve,FORD,EXPLORER PLATINUM 2,ICE,2,Aduana PY datos abiertos,NCM 8703 automóvil/turismo (default leve)
2026-01,LightVehicles,leve,GEELY,FARIZON V7E,BEV,2,Aduana PY datos abiertos,8704 + pickup/camioneta keyword
2026-01,LightVehicles,leve,HYUNDAI,H-100,ICE,2,Aduana PY datos abiertos,NCM 8704.21 GVW≤5t pickup/camioneta
2026-01,LightVehicles,leve,JAC,E30X LUXURY,BEV,2,Aduana PY datos abiertos,NCM 8703 automóvil/turismo (default leve)
2026-01,LightVehicles,leve,JAC,E30X STANDARD,BEV,2,Aduana PY datos abiertos,NCM 8703 automóvil/turismo (default leve)
2026-01,LightVehicles,leve,MAHINDRA,XUV3XO AX5 PM AT EXP LHD RP,ICE,2,Aduana PY datos abiertos,NCM 8703 automóvil/turismo (default leve)
2026-01,LightVehicles,leve,MAHINDRA,XUV3XO AX5 PM AT EXP LHD WQ,ICE,2,Aduana PY datos abiertos,NCM 8703 automóvil/turismo (default leve)
2026-01,LightVehicles,leve,MAHINDRA,XUV3XO MX3 PM AT EXP LHD QK,ICE,2,Aduana PY datos abiertos,NCM 8703 automóvil/turismo (default leve)
2026-01,LightVehicles,leve,MAHINDRA,XUV3XO MX3 PM AT EXP LHD RP,ICE,2,Aduana PY datos abiertos,NCM 8703 automóvil/turismo (default leve)
2026-01,LightVehicles,leve,MITSUBISHI,LANCER,ICE,2,Aduana PY datos abiertos,NCM 8703 automóvil/turismo (default leve)
2026-01,LightVehicles,leve,PORSCHE,CAYENNE,PHEV,2,Aduana PY datos abiertos,NCM 8703 automóvil/turismo (default leve)
2026-01,LightVehicles,leve,SEGWAY,UT10 CREW STANDARD,ICE,2,Aduana PY datos abiertos,NCM 8704.31 GVW≤5t pickup/camioneta
2026-01,LightVehicles,pesado,FUSO,2026,ICE,2,Aduana PY datos abiertos,NCM 8704.22 typically GVW>5t
2026-01,LightVehicles,pesado,MERCEDES-BENZ,ATEGO 816,ICE,2,Aduana PY datos abiertos,NCM 8704.22 typically GVW>5t
2026-01,LightVehicles,pesado,MERCEDES-BENZ,ELO,ICE,2,Aduana PY datos abiertos,NCM 8704.22 typically GVW>5t
2026-01,LightVehicles,pesado,VOLKSWAGEN,9,ICE,2,Aduana PY datos abiertos,NCM 8704.22 typically GVW>5t
2026-01,LightVehicles,recreativo,SEGWAY,VILLAIN SX10 W PREMIUM,ICE,2,Aduana PY datos abiertos,keyword ATV/UTV/carrito golf/snow
2026-01,LightVehicles,leve,AUDI,A4 2,ICE,1,Aduana PY datos abiertos,NCM 8703 automóvil/turismo (default leve)
2026-01,LightVehicles,leve,AUDI,Q2 1,ICE,1,Aduana PY datos abiertos,NCM 8703 automóvil/turismo (default leve)
2026-01,LightVehicles,leve,AUDI,RS6 4,ICE,1,Aduana PY datos abiertos,NCM 8703 automóvil/turismo (default leve)
2026-01,LightVehicles,leve,BMW,218 GRAN COUPE,ICE,1,Aduana PY datos abiertos,NCM 8703 automóvil/turismo (default leve)
2026-01,LightVehicles,leve,BMW,330CI,ICE,1,Aduana PY datos abiertos,NCM 8703 automóvil/turismo (default leve)
2026-01,LightVehicles,leve,BMW,530E,PHEV,1,Aduana PY datos abiertos,NCM 8703 automóvil/turismo (default leve)
2026-01,LightVehicles,leve,BMW,750E XDRIVE LIMOUSINE,PHEV,1,Aduana PY datos abiertos,NCM 8703 automóvil/turismo (default leve)
2026-01,LightVehicles,leve,BMW,ELO,ICE,1,Aduana PY datos abiertos,NCM 8703 automóvil/turismo (default leve)
2026-01,LightVehicles,leve,BMW,X1 XDRIVE18D,ICE,1,Aduana PY datos abiertos,NCM 8703 automóvil/turismo (default leve)
2026-01,LightVehicles,leve,BMW,X1 XDRIVE25E,PHEV,1,Aduana PY datos abiertos,NCM 8703 automóvil/turismo (default leve)
2026-01,LightVehicles,leve,BMW,X2 XDRIVE20I,ICE,1,Aduana PY datos abiertos,NCM 8703 automóvil/turismo (default leve)
2026-01,LightVehicles,leve,BMW,X3 30E XDRIVE,PHEV,1,Aduana PY datos abiertos,NCM 8703 automóvil/turismo (default leve)
2026-01,LightVehicles,leve,BMW,X4 XDRIVE30I,ICE,1,Aduana PY datos abiertos,NCM 8703 automóvil/turismo (default leve)
2026-01,LightVehicles,leve,BMW,X6 XDRIVE30D M SPORT,ICE,1,Aduana PY datos abiertos,NCM 8703 automóvil/turismo (default leve)
2026-01,LightVehicles,leve,BYD,TANG L EV,BEV,1,Aduana PY datos abiertos,NCM 8703 automóvil/turismo (default leve)
2026-01,LightVehicles,leve,BYD,YUAN PLUS,BEV,1,Aduana PY datos abiertos,NCM 8703 automóvil/turismo (default leve)
2026-01,LightVehicles,leve,BYD,YUAN UP,BEV,1,Aduana PY datos abiertos,NCM 8703 automóvil/turismo (default leve)
2026-01,LightVehicles,leve,BYD,YUAN UP SMART DRIVING EDITION VITALITY EDITION A/O,BEV,1,Aduana PY datos abiertos,NCM 8703 automóvil/turismo (default leve)
2026-01,LightVehicles,leve,CHANGAN,CS55PLUS,ICE,1,Aduana PY datos abiertos,NCM 8703 automóvil/turismo (default leve)
2026-01,LightVehicles,leve,CHEVROLET,CAMARO 2SS,ICE,1,Aduana PY datos abiertos,NCM 8703 automóvil/turismo (default leve)
2026-01,LightVehicles,leve,CHEVROLET,NOVA MONTANA LT FLEX MT TURBO,ICE,1,Aduana PY datos abiertos,NCM 8704.31 GVW≤5t pickup/camioneta
2026-01,LightVehicles,leve,CHEVROLET,S10 WT,ICE,1,Aduana PY datos abiertos,NCM 8704.21 GVW≤5t pickup/camioneta
2026-01,LightVehicles,leve,CHEVROLET,SILVERADO 2500HD,ICE,1,Aduana PY datos abiertos,NCM 8704.21 GVW≤5t pickup/camioneta
2026-01,LightVehicles,leve,CHEVROLET,TRACKER PREMIER FLEX AT TURBO,ICE,1,Aduana PY datos abiertos,NCM 8703 automóvil/turismo (default leve)
2026-01,LightVehicles,leve,DODGE,(sin modelo),ICE,1,Aduana PY datos abiertos,NCM 8703 automóvil/turismo (default leve)
2026-01,LightVehicles,leve,FORD,F-150 DC,ICE,1,Aduana PY datos abiertos,NCM 8704.31 GVW≤5t pickup/camioneta
2026-01,LightVehicles,leve,HYUNDAI,NEW HB20 HATCH 16 NAFT AUT,ICE,1,Aduana PY datos abiertos,NCM 8703 automóvil/turismo (default leve)
2026-01,LightVehicles,leve,HYUNDAI,NEW KONA,HEV,1,Aduana PY datos abiertos,NCM 8703 automóvil/turismo (default leve)
2026-01,LightVehicles,leve,JEEP,CHEROKEE 2,ICE,1,Aduana PY datos abiertos,NCM 8703 automóvil/turismo (default leve)
2026-01,LightVehicles,leve,LAND ROVER,RANGE ROVER 3,ICE,1,Aduana PY datos abiertos,NCM 8703 automóvil/turismo (default leve)
2026-01,LightVehicles,leve,LAND ROVER,RANGE ROVER SPORT 3,ICE,1,Aduana PY datos abiertos,NCM 8703 automóvil/turismo (default leve)
2026-01,LightVehicles,leve,LEXUS,UX300H,HEV,1,Aduana PY datos abiertos,NCM 8703 automóvil/turismo (default leve)
2026-01,LightVehicles,leve,MAHINDRA,XUV3XO MX3 PM MT EXP LHD QK,ICE,1,Aduana PY datos abiertos,NCM 8703 automóvil/turismo (default leve)
2026-01,LightVehicles,leve,MAHINDRA,XUV3XO MX3 PM MT EXP LHD WQ,ICE,1,Aduana PY datos abiertos,NCM 8703 automóvil/turismo (default leve)
2026-01,LightVehicles,leve,MERCEDES-BENZ,1120,ICE,1,Aduana PY datos abiertos,NCM 8704.21 GVW≤5t pickup/camioneta
2026-01,LightVehicles,leve,MERCEDES-BENZ,E400,ICE,1,Aduana PY datos abiertos,NCM 8703 automóvil/turismo (default leve)
2026-01,LightVehicles,leve,MERCEDES-BENZ,G63 AMG,ICE,1,Aduana PY datos abiertos,NCM 8703 automóvil/turismo (default leve)
2026-01,LightVehicles,leve,MERCEDES-BENZ,GLA 200 CON,ICE,1,Aduana PY datos abiertos,NCM 8703 automóvil/turismo (default leve)
2026-01,LightVehicles,leve,MERCEDES-BENZ,GLA 200 D CON,ICE,1,Aduana PY datos abiertos,NCM 8703 automóvil/turismo (default leve)
2026-01,LightVehicles,leve,MERCEDES-BENZ,GLC 220 D 4MATIC CON,ICE,1,Aduana PY datos abiertos,NCM 8703 automóvil/turismo (default leve)
2026-01,LightVehicles,leve,MERCEDES-BENZ,GLC 220 D 4MATIC COUPE CON,ICE,1,Aduana PY datos abiertos,NCM 8703 automóvil/turismo (default leve)
2026-01,LightVehicles,leve,MERCEDES-BENZ,GLE 350,ICE,1,Aduana PY datos abiertos,NCM 8703 automóvil/turismo (default leve)
2026-01,LightVehicles,leve,MERCEDES-BENZ,S400,ICE,1,Aduana PY datos abiertos,NCM 8703 automóvil/turismo (default leve)
2026-01,LightVehicles,leve,MERCEDES-BENZ,SL400,ICE,1,Aduana PY datos abiertos,NCM 8703 automóvil/turismo (default leve)
2026-01,LightVehicles,leve,MINI,(sin modelo),BEV,1,Aduana PY datos abiertos,NCM 8703 automóvil/turismo (default leve)
2026-01,LightVehicles,leve,MITSUBISHI,FUSO,ICE,1,Aduana PY datos abiertos,NCM 8704.21 GVW≤5t pickup/camioneta
2026-01,LightVehicles,leve,NISSAN,ROGUE,ICE,1,Aduana PY datos abiertos,NCM 8703 automóvil/turismo (default leve)
2026-01,LightVehicles,leve,PORSCHE,MACAN TURBO ELECTRICO,BEV,1,Aduana PY datos abiertos,NCM 8703 automóvil/turismo (default leve)
2026-01,LightVehicles,leve,RAM,1500 LIMITED NIGHT EDITION NAFTERO 3,ICE,1,Aduana PY datos abiertos,NCM 8704.31 GVW≤5t pickup/camioneta
2026-01,LightVehicles,leve,SCANIA,R124-420,ICE,1,Aduana PY datos abiertos,NCM 8704.21 GVW≤5t pickup/camioneta
2026-01,LightVehicles,leve,SCION,XA,ICE,1,Aduana PY datos abiertos,NCM 8703 automóvil/turismo (default leve)
2026-01,LightVehicles,leve,SUBARU,LEGACY,ICE,1,Aduana PY datos abiertos,NCM 8703 automóvil/turismo (default leve)
2026-01,LightVehicles,leve,TOYOTA,COROLLA CROSS,ICE,1,Aduana PY datos abiertos,NCM 8703 automóvil/turismo (default leve)
2026-01,LightVehicles,leve,TOYOTA,EL,ICE,1,Aduana PY datos abiertos,NCM 8703 automóvil/turismo (default leve)
2026-01,LightVehicles,leve,TOYOTA,TACOMA TRD,ICE,1,Aduana PY datos abiertos,8704 + pickup/camioneta keyword
2026-01,LightVehicles,leve,TOYOTA,TUNDRA,HEV,1,Aduana PY datos abiertos,8704 + pickup/camioneta keyword
2026-01,LightVehicles,leve,VOLVO,FS10,ICE,1,Aduana PY datos abiertos,NCM 8704.21 GVW≤5t pickup/camioneta
2026-01,LightVehicles,leve,XPENG,X9,BEV,1,Aduana PY datos abiertos,NCM 8703 automóvil/turismo (default leve)
2026-01,LightVehicles,pesado,ISUZU,FRR90SL-NAN,ICE,1,Aduana PY datos abiertos,NCM 8704.22 typically GVW>5t
2026-01,LightVehicles,pesado,MERCEDES-BENZ,1114,ICE,1,Aduana PY datos abiertos,NCM 8704.22 typically GVW>5t
2026-01,LightVehicles,pesado,MERCEDES-BENZ,812,ICE,1,Aduana PY datos abiertos,NCM 8704.22 typically GVW>5t
2026-01,LightVehicles,pesado,MERCEDES-BENZ,ATEGO 822,ICE,1,Aduana PY datos abiertos,NCM 8704.22 typically GVW>5t
2026-01,LightVehicles,pesado,MERCEDES-BENZ,SPRINTER,ICE,1,Aduana PY datos abiertos,NCM 8704.22 typically GVW>5t
2026-01,LightVehicles,pesado,SCANIA,P280- 6X2,ICE,1,Aduana PY datos abiertos,NCM 8704.23 typically GVW>5t
2026-01,LightVehicles,pesado,SCANIA,P380,ICE,1,Aduana PY datos abiertos,NCM 8704.22 typically GVW>5t
2026-01,LightVehicles,pesado,SCANIA,P82ML,ICE,1,Aduana PY datos abiertos,NCM 8704.22 typically GVW>5t
2026-01,LightVehicles,pesado,VOLKSWAGEN,(sin modelo),ICE,1,Aduana PY datos abiertos,NCM 8704.22 typically GVW>5t
2026-01,LightVehicles,pesado,VOLKSWAGEN,24,ICE,1,Aduana PY datos abiertos,NCM 8704.23 typically GVW>5t
2026-01,LightVehicles,pesado,VOLVO,FH12,ICE,1,Aduana PY datos abiertos,NCM 8704.22 typically GVW>5t
2026-01,LightVehicles,recreativo,CAN-AM,OUTLANDER MAX XTP 1000R GY SAS,ICE,1,Aduana PY datos abiertos,keyword ATV/UTV/carrito golf/snow
2026-01,LightVehicles,recreativo,CAN-AM,OUTLANDER MAX XTP 1000R GY SAS INT 26,ICE,1,Aduana PY datos abiertos,keyword ATV/UTV/carrito golf/snow
2026-01,LightVehicles,recreativo,POLARIS,ATV-26 570 SPMN,ICE,1,Aduana PY datos abiertos,keyword ATV/UTV/carrito golf/snow
2026-02,LightVehicles,leve,TOYOTA,VITZ,ICE,6181,Aduana PY datos abiertos,NCM 8703 automóvil/turismo (default leve)
2026-02,LightVehicles,leve,KIA,SPORTAGE,ICE,2737,Aduana PY datos abiertos,NCM 8703 automóvil/turismo (default leve)
2026-02,LightVehicles,leve,TOYOTA,RACTIS,ICE,2527,Aduana PY datos abiertos,NCM 8703 automóvil/turismo (default leve)
2026-02,LightVehicles,leve,TOYOTA,(sin modelo),ICE,1957,Aduana PY datos abiertos,NCM 8703 automóvil/turismo (default leve)
2026-02,LightVehicles,leve,TOYOTA,AURIS,ICE,1850,Aduana PY datos abiertos,NCM 8703 automóvil/turismo (default leve)
2026-02,LightVehicles,leve,TOYOTA,PREMIO,ICE,1074,Aduana PY datos abiertos,NCM 8703 automóvil/turismo (default leve)
2026-02,LightVehicles,leve,TOYOTA,SIENTA,ICE,960,Aduana PY datos abiertos,NCM 8703 automóvil/turismo (default leve)
2026-02,LightVehicles,leve,TOYOTA,ALLION,ICE,948,Aduana PY datos abiertos,NCM 8703 automóvil/turismo (default leve)
2026-02,LightVehicles,leve,TOYOTA,VOXY,ICE,847,Aduana PY datos abiertos,passenger van/minibus (Hiace/Staria/…) counts as leve
2026-02,LightVehicles,leve,TOYOTA,WISH,ICE,798,Aduana PY datos abiertos,NCM 8703 automóvil/turismo (default leve)
2026-02,LightVehicles,leve,TOYOTA,NOAH,ICE,791,Aduana PY datos abiertos,passenger van/minibus (Hiace/Staria/…) counts as leve
2026-02,LightVehicles,leve,TOYOTA,IST,ICE,553,Aduana PY datos abiertos,NCM 8703 automóvil/turismo (default leve)
2026-02,LightVehicles,leve,JETOUR,(sin modelo),ICE,390,Aduana PY datos abiertos,NCM 8703 automóvil/turismo (default leve)
2026-02,LightVehicles,leve,MITSUBISHI,CANTER,ICE,323,Aduana PY datos abiertos,NCM 8704.21 GVW≤5t pickup/camioneta
2026-02,LightVehicles,leve,TOYOTA,COROLLA,ICE,289,Aduana PY datos abiertos,NCM 8703 automóvil/turismo (default leve)
2026-02,LightVehicles,leve,HYUNDAI,SANTA FE,ICE,266,Aduana PY datos abiertos,NCM 8703 automóvil/turismo (default leve)
2026-02,LightVehicles,leve,HYUNDAI,TUCSON,ICE,238,Aduana PY datos abiertos,NCM 8703 automóvil/turismo (default leve)
2026-02,LightVehicles,leve,MITSUBISHI,(sin modelo),ICE,222,Aduana PY datos abiertos,NCM 8704.21 GVW≤5t pickup/camioneta
2026-02,LightVehicles,leve,HYUNDAI,(sin modelo),ICE,210,Aduana PY datos abiertos,NCM 8703 automóvil/turismo (default leve)
2026-02,LightVehicles,leve,TOYOTA,HILUX,ICE,188,Aduana PY datos abiertos,NCM 8704.21 GVW≤5t pickup/camioneta
2026-02,LightVehicles,leve,TOYOTA,FUNCARGO,ICE,154,Aduana PY datos abiertos,NCM 8703 automóvil/turismo (default leve)
2026-02,LightVehicles,leve,HYUNDAI,NEW CRETA COMFORT NAFTERO 1,ICE,149,Aduana PY datos abiertos,NCM 8703 automóvil/turismo (default leve)
2026-02,LightVehicles,leve,NISSAN,ATLAS,ICE,147,Aduana PY datos abiertos,NCM 8704.21 GVW≤5t pickup/camioneta
2026-02,LightVehicles,leve,TOYOTA,COROLLA AXIO,ICE,147,Aduana PY datos abiertos,NCM 8703 automóvil/turismo (default leve)
2026-02,LightVehicles,leve,TOYOTA,BELTA,ICE,140,Aduana PY datos abiertos,NCM 8703 automóvil/turismo (default leve)
2026-02,LightVehicles,leve,SUBARU,(sin modelo),ICE,133,Aduana PY datos abiertos,NCM 8703 automóvil/turismo (default leve)
2026-02,LightVehicles,leve,CHEVROLET,(sin modelo),ICE,128,Aduana PY datos abiertos,NCM 8704.21 GVW≤5t pickup/camioneta
2026-02,LightVehicles,leve,MITSUBISHI,CANTER GUTS,ICE,126,Aduana PY datos abiertos,NCM 8704.21 GVW≤5t pickup/camioneta
2026-02,LightVehicles,leve,CHERY,T2,ICE,112,Aduana PY datos abiertos,NCM 8703 automóvil/turismo (default leve)
2026-02,LightVehicles,leve,KIA,(sin modelo),ICE,105,Aduana PY datos abiertos,NCM 8703 automóvil/turismo (default leve)
2026-02,LightVehicles,leve,NISSAN,(sin modelo),ICE,105,Aduana PY datos abiertos,NCM 8704.21 GVW≤5t pickup/camioneta
2026-02,LightVehicles,leve,TOYOTA,CROWN ATHLETE,ICE,105,Aduana PY datos abiertos,NCM 8703 automóvil/turismo (default leve)
2026-02,LightVehicles,leve,TOYOTA,RUSH,ICE,105,Aduana PY datos abiertos,NCM 8703 automóvil/turismo (default leve)
2026-02,LightVehicles,leve,SUBARU,IMPREZA,ICE,98,Aduana PY datos abiertos,NCM 8703 automóvil/turismo (default leve)
2026-02,LightVehicles,leve,TOYOTA,COROLLA CROSS,HEV,97,Aduana PY datos abiertos,NCM 8703 automóvil/turismo (default leve)
2026-02,LightVehicles,leve,NISSAN,FRONTIER DOBLE CABINA,ICE,94,Aduana PY datos abiertos,NCM 8704.21 GVW≤5t pickup/camioneta
2026-02,LightVehicles,leve,CHERY,(sin modelo),ICE,93,Aduana PY datos abiertos,NCM 8703 automóvil/turismo (default leve)
2026-02,LightVehicles,leve,DAIHATSU,MOVE,ICE,91,Aduana PY datos abiertos,NCM 8703 automóvil/turismo (default leve)
2026-02,LightVehicles,leve,TOYOTA,ALLEX,ICE,91,Aduana PY datos abiertos,NCM 8703 automóvil/turismo (default leve)
2026-02,LightVehicles,leve,KIA,SORENTO,ICE,84,Aduana PY datos abiertos,NCM 8703 automóvil/turismo (default leve)
2026-02,LightVehicles,leve,MITSUBISHI,CANTER FUSO,ICE,77,Aduana PY datos abiertos,NCM 8704.21 GVW≤5t pickup/camioneta
2026-02,LightVehicles,leve,TOYOTA,FORTUNER,ICE,76,Aduana PY datos abiertos,NCM 8703 automóvil/turismo (default leve)
2026-02,LightVehicles,leve,HYUNDAI,NEW CRETA COMFORT NAFTERO 15CC AT,ICE,75,Aduana PY datos abiertos,NCM 8703 automóvil/turismo (default leve)
2026-02,LightVehicles,leve,KIA,SELTOS,ICE,73,Aduana PY datos abiertos,NCM 8703 automóvil/turismo (default leve)
2026-02,LightVehicles,leve,KIA,K2700,ICE,68,Aduana PY datos abiertos,NCM 8704.21 GVW≤5t pickup/camioneta
2026-02,LightVehicles,leve,GEELY,AT 1,ICE,66,Aduana PY datos abiertos,NCM 8703 automóvil/turismo (default leve)
2026-02,LightVehicles,leve,TOYOTA,LAND CRUISER,ICE,65,Aduana PY datos abiertos,NCM 8703 automóvil/turismo (default leve)
2026-02,LightVehicles,pesado,MERCEDES-BENZ,ELO,ICE,65,Aduana PY datos abiertos,NCM 8704.22 typically GVW>5t
2026-02,LightVehicles,leve,BMW,320D,ICE,63,Aduana PY datos abiertos,NCM 8703 automóvil/turismo (default leve)
2026-02,LightVehicles,leve,KIA,K5,ICE,63,Aduana PY datos abiertos,NCM 8703 automóvil/turismo (default leve)
2026-02,LightVehicles,leve,SUZUKI,SWIFT,ICE,63,Aduana PY datos abiertos,NCM 8703 automóvil/turismo (default leve)
2026-02,LightVehicles,recreativo,EXCAR,(sin modelo),ICE,63,Aduana PY datos abiertos,NCM 8703.10
2026-02,LightVehicles,leve,MAZDA,(sin modelo),ICE,59,Aduana PY datos abiertos,NCM 8703 automóvil/turismo (default leve)
2026-02,LightVehicles,leve,KIA,SOLUTO,ICE,56,Aduana PY datos abiertos,NCM 8703 automóvil/turismo (default leve)
2026-02,LightVehicles,pesado,MERCEDES-BENZ,ATEGO,ICE,51,Aduana PY datos abiertos,NCM 8704.22 typically GVW>5t
2026-02,LightVehicles,leve,MERCEDES-BENZ,(sin modelo),ICE,50,Aduana PY datos abiertos,NCM 8703 automóvil/turismo (default leve)
2026-02,LightVehicles,leve,VOLKSWAGEN,T-CROSS 1,ICE,50,Aduana PY datos abiertos,NCM 8703 automóvil/turismo (default leve)
2026-02,LightVehicles,leve,BMW,(sin modelo),ICE,49,Aduana PY datos abiertos,NCM 8703 automóvil/turismo (default leve)
2026-02,LightVehicles,leve,KIA,SONET,ICE,49,Aduana PY datos abiertos,NCM 8703 automóvil/turismo (default leve)
2026-02,LightVehicles,leve,NISSAN,MARCH,ICE,49,Aduana PY datos abiertos,NCM 8703 automóvil/turismo (default leve)
2026-02,LightVehicles,recreativo,CLUB CAR,TEMPO,ICE,49,Aduana PY datos abiertos,NCM 8703.10
2026-02,LightVehicles,leve,HYUNDAI,ALL NEW TUCSON 1,HEV,48,Aduana PY datos abiertos,NCM 8703 automóvil/turismo (default leve)
2026-02,LightVehicles,leve,TOYOTA,LAND CRUISER PRADO,ICE,46,Aduana PY datos abiertos,NCM 8703 automóvil/turismo (default leve)
2026-02,LightVehicles,leve,FIAT,PULSE DRIVE 1,ICE,44,Aduana PY datos abiertos,NCM 8703 automóvil/turismo (default leve)
2026-02,LightVehicles,leve,MERCEDES-BENZ,ATEGO,ICE,42,Aduana PY datos abiertos,NCM 8704.21 GVW≤5t pickup/camioneta
2026-02,LightVehicles,leve,TOYOTA,COROLLA FIELDER,ICE,42,Aduana PY datos abiertos,NCM 8703 automóvil/turismo (default leve)
2026-02,LightVehicles,leve,FIAT,STRADA ENDURANCE C/P 1,ICE,40,Aduana PY datos abiertos,NCM 8704.31 GVW≤5t pickup/camioneta
2026-02,LightVehicles,leve,FORD,TERRITORY 1,ICE,40,Aduana PY datos abiertos,NCM 8703 automóvil/turismo (default leve)
2026-02,LightVehicles,leve,TOYOTA,RAIZE AUT,ICE,40,Aduana PY datos abiertos,NCM 8703 automóvil/turismo (default leve)
2026-02,LightVehicles,leve,KIA,K3 CROSS,ICE,39,Aduana PY datos abiertos,NCM 8703 automóvil/turismo (default leve)
2026-02,LightVehicles,leve,RENAULT,KOLEOS,HEV,39,Aduana PY datos abiertos,NCM 8703 automóvil/turismo (default leve)
2026-02,LightVehicles,leve,HYUNDAI,NEW GRAND I10 HATCHBACK 5 PTAS 5P,ICE,38,Aduana PY datos abiertos,NCM 8703 automóvil/turismo (default leve)
2026-02,LightVehicles,leve,SUZUKI,(sin modelo),ICE,37,Aduana PY datos abiertos,NCM 8703 automóvil/turismo (default leve)
2026-02,LightVehicles,leve,FORD,RANGER 3,ICE,36,Aduana PY datos abiertos,NCM 8704.21 GVW≤5t pickup/camioneta
2026-02,LightVehicles,pesado,MERCEDES-BENZ,(sin modelo),ICE,36,Aduana PY datos abiertos,NCM 8704.22 typically GVW>5t
2026-02,LightVehicles,leve,BYD,(sin modelo),BEV,35,Aduana PY datos abiertos,NCM 8703 automóvil/turismo (default leve)
2026-02,LightVehicles,leve,FORD,MUSTANG,ICE,35,Aduana PY datos abiertos,NCM 8703 automóvil/turismo (default leve)
2026-02,LightVehicles,leve,HYUNDAI,PORTER II,ICE,35,Aduana PY datos abiertos,NCM 8704.21 GVW≤5t pickup/camioneta
2026-02,LightVehicles,leve,MAZDA,DEMIO,ICE,35,Aduana PY datos abiertos,NCM 8703 automóvil/turismo (default leve)
2026-02,LightVehicles,leve,MERCEDES-BENZ,ATEGO 815,ICE,35,Aduana PY datos abiertos,NCM 8704.21 GVW≤5t pickup/camioneta
2026-02,LightVehicles,leve,TOYOTA,AQUA,HEV,35,Aduana PY datos abiertos,NCM 8703 automóvil/turismo (default leve)
2026-02,LightVehicles,leve,TOYOTA,CROWN,ICE,35,Aduana PY datos abiertos,NCM 8703 automóvil/turismo (default leve)
2026-02,LightVehicles,leve,TOYOTA,REGIUS,ICE,35,Aduana PY datos abiertos,NCM 8703 automóvil/turismo (default leve)
2026-02,LightVehicles,leve,TOYOTA,YARIS CROSS,ICE,35,Aduana PY datos abiertos,NCM 8703 automóvil/turismo (default leve)
2026-02,LightVehicles,leve,VOLVO,EX30,BEV,34,Aduana PY datos abiertos,NCM 8703 automóvil/turismo (default leve)
2026-02,LightVehicles,leve,MERCEDES-BENZ,2026,ICE,33,Aduana PY datos abiertos,NCM 8703 automóvil/turismo (default leve)
2026-02,LightVehicles,leve,HYUNDAI,NEW HB20 HATCH 16 NAFT AUTCON SUS ACCESORIOS CORRESPONDIENTE,ICE,32,Aduana PY datos abiertos,NCM 8703 automóvil/turismo (default leve)
2026-02,LightVehicles,leve,JETOUR,T2,ICE,32,Aduana PY datos abiertos,NCM 8703 automóvil/turismo (default leve)
2026-02,LightVehicles,leve,FIAT,FIORINO ENDURANCE 1,ICE,31,Aduana PY datos abiertos,NCM 8704.31 GVW≤5t pickup/camioneta
2026-02,LightVehicles,leve,GEELY,(sin modelo),ICE,31,Aduana PY datos abiertos,NCM 8703 automóvil/turismo (default leve)
2026-02,LightVehicles,leve,HONDA,(sin modelo),ICE,31,Aduana PY datos abiertos,NCM 8703 automóvil/turismo (default leve)
2026-02,LightVehicles,leve,HYUNDAI,VENUE,ICE,31,Aduana PY datos abiertos,NCM 8703 automóvil/turismo (default leve)
2026-02,LightVehicles,leve,HYUNDAI,ALL NEW TUCSON,ICE,30,Aduana PY datos abiertos,NCM 8703 automóvil/turismo (default leve)
2026-02,LightVehicles,leve,KGM,TIVOLI,ICE,30,Aduana PY datos abiertos,NCM 8703 automóvil/turismo (default leve)
2026-02,LightVehicles,leve,TOYOTA,AGYA AUT,ICE,30,Aduana PY datos abiertos,NCM 8703 automóvil/turismo (default leve)
2026-02,LightVehicles,leve,VOLKSWAGEN,POLO TRACK 1,ICE,30,Aduana PY datos abiertos,NCM 8703 automóvil/turismo (default leve)
2026-02,LightVehicles,leve,VOLKSWAGEN,SAVEIRO ROBUST SC 1,ICE,30,Aduana PY datos abiertos,NCM 8704.31 GVW≤5t pickup/camioneta
2026-02,LightVehicles,leve,DODGE,CHALLENGER,ICE,29,Aduana PY datos abiertos,NCM 8703 automóvil/turismo (default leve)
2026-02,LightVehicles,leve,TOYOTA,HIACE,ICE,29,Aduana PY datos abiertos,passenger van/minibus (Hiace/Staria/…) counts as leve
2026-02,LightVehicles,leve,VOLKSWAGEN,TERA 1,ICE,29,Aduana PY datos abiertos,NCM 8703 automóvil/turismo (default leve)
2026-02,LightVehicles,leve,FORD,RANGER 2,ICE,28,Aduana PY datos abiertos,NCM 8704.21 GVW≤5t pickup/camioneta
2026-02,LightVehicles,leve,KIA,CARNIVAL,ICE,28,Aduana PY datos abiertos,passenger van/minibus (Hiace/Staria/…) counts as leve
2026-02,LightVehicles,leve,MERCEDES-BENZ,C250,ICE,28,Aduana PY datos abiertos,NCM 8703 automóvil/turismo (default leve)
2026-02,LightVehicles,leve,NISSAN,FAIRLADY Z,ICE,28,Aduana PY datos abiertos,NCM 8703 automóvil/turismo (default leve)
2026-02,LightVehicles,leve,SUBARU,TREZIA,ICE,28,Aduana PY datos abiertos,NCM 8703 automóvil/turismo (default leve)
2026-02,LightVehicles,leve,TOYOTA,DYNA,ICE,28,Aduana PY datos abiertos,NCM 8704.21 GVW≤5t pickup/camioneta
2026-02,LightVehicles,leve,TOYOTA,IQ,ICE,28,Aduana PY datos abiertos,NCM 8703 automóvil/turismo (default leve)
2026-02,LightVehicles,leve,TOYOTA,MARK X,ICE,28,Aduana PY datos abiertos,NCM 8703 automóvil/turismo (default leve)
2026-02,LightVehicles,pesado,SCANIA,R420,ICE,28,Aduana PY datos abiertos,NCM 8704.22 typically GVW>5t
2026-02,LightVehicles,leve,LYNK CO,06,PHEV,27,Aduana PY datos abiertos,NCM 8703 automóvil/turismo (default leve)
2026-02,LightVehicles,leve,GEELY,COOLRAY LITE NAFTERO,ICE,26,Aduana PY datos abiertos,NCM 8703 automóvil/turismo (default leve)
2026-02,LightVehicles,leve,VOLKSWAGEN,NIVUS 1,ICE,25,Aduana PY datos abiertos,NCM 8703 automóvil/turismo (default leve)
2026-02,LightVehicles,leve,KIA,K3,ICE,24,Aduana PY datos abiertos,NCM 8703 automóvil/turismo (default leve)
2026-02,LightVehicles,leve,CHERY,T8 PRO 1,PHEV,23,Aduana PY datos abiertos,NCM 8703 automóvil/turismo (default leve)
2026-02,LightVehicles,leve,MG,(sin modelo),ICE,23,Aduana PY datos abiertos,NCM 8703 automóvil/turismo (default leve)
2026-02,LightVehicles,leve,VOLVO,XC60,PHEV,22,Aduana PY datos abiertos,NCM 8703 automóvil/turismo (default leve)
2026-02,LightVehicles,pesado,MERCEDES-BENZ,ATEGO 816,ICE,22,Aduana PY datos abiertos,NCM 8704.22 typically GVW>5t
2026-02,LightVehicles,leve,BMW,520D,ICE,21,Aduana PY datos abiertos,NCM 8703 automóvil/turismo (default leve)
2026-02,LightVehicles,leve,DAIHATSU,MOVE CUSTOM,ICE,21,Aduana PY datos abiertos,NCM 8703 automóvil/turismo (default leve)
2026-02,LightVehicles,leve,FIAT,STRADA VOLCANO D/C 1,ICE,21,Aduana PY datos abiertos,NCM 8704.31 GVW≤5t pickup/camioneta
2026-02,LightVehicles,leve,HYUNDAI,GRAND STAREX,ICE,21,Aduana PY datos abiertos,NCM 8703 automóvil/turismo (default leve)
2026-02,LightVehicles,leve,JEEP,WRANGLER,ICE,21,Aduana PY datos abiertos,NCM 8703 automóvil/turismo (default leve)
2026-02,LightVehicles,leve,MERCEDES-BENZ,814,ICE,21,Aduana PY datos abiertos,NCM 8704.21 GVW≤5t pickup/camioneta
2026-02,LightVehicles,leve,MERCEDES-BENZ,C200 CGI,ICE,21,Aduana PY datos abiertos,NCM 8703 automóvil/turismo (default leve)
2026-02,LightVehicles,leve,MERCEDES-BENZ,E350,ICE,21,Aduana PY datos abiertos,NCM 8703 automóvil/turismo (default leve)
2026-02,LightVehicles,leve,MITSUBISHI,FUSO,ICE,21,Aduana PY datos abiertos,NCM 8704.21 GVW≤5t pickup/camioneta
2026-02,LightVehicles,leve,NISSAN,JUKE,ICE,21,Aduana PY datos abiertos,NCM 8703 automóvil/turismo (default leve)
2026-02,LightVehicles,leve,TOYOTA,AXIO,ICE,21,Aduana PY datos abiertos,NCM 8703 automóvil/turismo (default leve)
2026-02,LightVehicles,leve,TOYOTA,GT86,ICE,21,Aduana PY datos abiertos,NCM 8703 automóvil/turismo (default leve)
2026-02,LightVehicles,leve,TOYOTA,PREMIO A O,ICE,21,Aduana PY datos abiertos,NCM 8703 automóvil/turismo (default leve)
2026-02,LightVehicles,leve,TOYOTA,RUNX,ICE,21,Aduana PY datos abiertos,NCM 8703 automóvil/turismo (default leve)
2026-02,LightVehicles,leve,TOYOTA,VELLFIRE,ICE,21,Aduana PY datos abiertos,passenger van/minibus (Hiace/Staria/…) counts as leve
2026-02,LightVehicles,leve,TOYOTA,YARIS,ICE,21,Aduana PY datos abiertos,NCM 8703 automóvil/turismo (default leve)
2026-02,LightVehicles,pesado,SCANIA,P94,ICE,21,Aduana PY datos abiertos,NCM 8704.22 typically GVW>5t
2026-02,LightVehicles,pesado,SCANIA,P94/260,ICE,21,Aduana PY datos abiertos,NCM 8704.22 typically GVW>5t
2026-02,LightVehicles,leve,FORD,RANGER RAPTOR DC 3,ICE,20,Aduana PY datos abiertos,NCM 8704.31 GVW≤5t pickup/camioneta
2026-02,LightVehicles,leve,GEELY,EMGRAND GX3 PRO,ICE,20,Aduana PY datos abiertos,NCM 8703 automóvil/turismo (default leve)
2026-02,LightVehicles,leve,HYUNDAI,NEW HB20 HATCH 1,ICE,20,Aduana PY datos abiertos,NCM 8703 automóvil/turismo (default leve)
2026-02,LightVehicles,leve,TOYOTA,RUSH AUT,ICE,20,Aduana PY datos abiertos,NCM 8703 automóvil/turismo (default leve)
2026-02,LightVehicles,leve,FIAT,ARGO TREKKING 1,ICE,19,Aduana PY datos abiertos,NCM 8703 automóvil/turismo (default leve)
2026-02,LightVehicles,leve,HYUNDAI,NEW CRETA PLATINUM NAFTERO 1,ICE,19,Aduana PY datos abiertos,NCM 8703 automóvil/turismo (default leve)
2026-02,LightVehicles,recreativo,HISUN,(sin modelo),ICE,19,Aduana PY datos abiertos,keyword ATV/UTV/carrito golf/snow
2026-02,LightVehicles,leve,CHEVROLET,ONIX HATCHBACK LT,ICE,18,Aduana PY datos abiertos,NCM 8703 automóvil/turismo (default leve)
2026-02,LightVehicles,leve,HYUNDAI,NEW HB20S 16 NAFT ATCON SUS ACCESORIOS CORRESPONDIENTES,ICE,18,Aduana PY datos abiertos,NCM 8703 automóvil/turismo (default leve)
2026-02,LightVehicles,leve,CITROEN,(sin modelo),ICE,16,Aduana PY datos abiertos,NCM 8703 automóvil/turismo (default leve)
2026-02,LightVehicles,leve,DEEPAL,DEEPAL MODELO,PHEV,16,Aduana PY datos abiertos,NCM 8703 automóvil/turismo (default leve)
2026-02,LightVehicles,leve,DODGE,(sin modelo),ICE,16,Aduana PY datos abiertos,NCM 8703 automóvil/turismo (default leve)
2026-02,LightVehicles,leve,HYUNDAI,NEW KONA,HEV,16,Aduana PY datos abiertos,NCM 8703 automóvil/turismo (default leve)
2026-02,LightVehicles,leve,KGM,TORRES,HEV,16,Aduana PY datos abiertos,NCM 8703 automóvil/turismo (default leve)
2026-02,LightVehicles,leve,VOLKSWAGEN,SAVEIRO ROBUST DC 1,ICE,16,Aduana PY datos abiertos,NCM 8704.31 GVW≤5t pickup/camioneta
2026-02,LightVehicles,leve,JIM,(sin modelo),ICE,15,Aduana PY datos abiertos,NCM 8704.21 GVW≤5t pickup/camioneta
2026-02,LightVehicles,pesado,MERCEDES-BENZ,814,ICE,15,Aduana PY datos abiertos,NCM 8704.22 typically GVW>5t
2026-02,LightVehicles,pesado,MERCEDES-BENZ,817,ICE,15,Aduana PY datos abiertos,NCM 8704.22 typically GVW>5t
2026-02,LightVehicles,pesado,SCANIA,(sin modelo),ICE,15,Aduana PY datos abiertos,NCM 8704.22 typically GVW>5t
2026-02,LightVehicles,leve,BMW,X5,ICE,14,Aduana PY datos abiertos,NCM 8703 automóvil/turismo (default leve)
2026-02,LightVehicles,leve,CFMOTO,2,ICE,14,Aduana PY datos abiertos,NCM 8703 automóvil/turismo (default leve)
2026-02,LightVehicles,leve,CHEVROLET,CORVETTE,ICE,14,Aduana PY datos abiertos,NCM 8703 automóvil/turismo (default leve)
2026-02,LightVehicles,leve,DAIHATSU,HIJET,ICE,14,Aduana PY datos abiertos,NCM 8704.31 GVW≤5t pickup/camioneta
2026-02,LightVehicles,leve,FORD,EVEREST 2,ICE,14,Aduana PY datos abiertos,NCM 8703 automóvil/turismo (default leve)
2026-02,LightVehicles,leve,FORD,F-350,ICE,14,Aduana PY datos abiertos,8704 + pickup/camioneta keyword
2026-02,LightVehicles,leve,FORD,F150,ICE,14,Aduana PY datos abiertos,NCM 8703 automóvil/turismo (default leve)
2026-02,LightVehicles,leve,FORD,MUSTANG GT,ICE,14,Aduana PY datos abiertos,NCM 8703 automóvil/turismo (default leve)
2026-02,LightVehicles,leve,HINO,DUTRO,ICE,14,Aduana PY datos abiertos,NCM 8704.21 GVW≤5t pickup/camioneta
2026-02,LightVehicles,leve,HONDA,ACTY,ICE,14,Aduana PY datos abiertos,NCM 8704.31 GVW≤5t pickup/camioneta
2026-02,LightVehicles,leve,HUMMER,H3,ICE,14,Aduana PY datos abiertos,NCM 8703 automóvil/turismo (default leve)
2026-02,LightVehicles,leve,HYUNDAI,AVANTE,ICE,14,Aduana PY datos abiertos,NCM 8703 automóvil/turismo (default leve)
2026-02,LightVehicles,leve,ISUZU,ELO,ICE,14,Aduana PY datos abiertos,NCM 8704.21 GVW≤5t pickup/camioneta
2026-02,LightVehicles,leve,KIA,K5 A,ICE,14,Aduana PY datos abiertos,NCM 8703 automóvil/turismo (default leve)
2026-02,LightVehicles,leve,MERCEDES-BENZ,E200,ICE,14,Aduana PY datos abiertos,NCM 8703 automóvil/turismo (default leve)
2026-02,LightVehicles,leve,MINI,(sin modelo),ICE,14,Aduana PY datos abiertos,NCM 8703 automóvil/turismo (default leve)
2026-02,LightVehicles,leve,MINI,COOPER S,ICE,14,Aduana PY datos abiertos,NCM 8703 automóvil/turismo (default leve)
2026-02,LightVehicles,leve,MITSUBISHI,JEEP,ICE,14,Aduana PY datos abiertos,NCM 8703 automóvil/turismo (default leve)
2026-02,LightVehicles,leve,MITSUBISHI,PAJERO,ICE,14,Aduana PY datos abiertos,NCM 8703 automóvil/turismo (default leve)
2026-02,LightVehicles,leve,MITSUBISHI FUSO,2026,ICE,14,Aduana PY datos abiertos,NCM 8704.21 GVW≤5t pickup/camioneta
2026-02,LightVehicles,leve,NISSAN,370Z,ICE,14,Aduana PY datos abiertos,NCM 8703 automóvil/turismo (default leve)
2026-02,LightVehicles,leve,NISSAN,DATSUN,ICE,14,Aduana PY datos abiertos,NCM 8704.21 GVW≤5t pickup/camioneta
2026-02,LightVehicles,leve,NISSAN,VANETTE,ICE,14,Aduana PY datos abiertos,NCM 8704.21 GVW≤5t pickup/camioneta
2026-02,LightVehicles,leve,PORSCHE,CAYENNE,ICE,14,Aduana PY datos abiertos,NCM 8703 automóvil/turismo (default leve)
2026-02,LightVehicles,leve,SUZUKI,SPLASH,ICE,14,Aduana PY datos abiertos,NCM 8703 automóvil/turismo (default leve)
2026-02,LightVehicles,leve,TOYOTA,(sin modelo),HEV,14,Aduana PY datos abiertos,NCM 8703 automóvil/turismo (default leve)
2026-02,LightVehicles,leve,TOYOTA,AURIS,HEV,14,Aduana PY datos abiertos,NCM 8703 automóvil/turismo (default leve)
2026-02,LightVehicles,leve,TOYOTA,ESQUIRE,ICE,14,Aduana PY datos abiertos,NCM 8703 automóvil/turismo (default leve)
2026-02,LightVehicles,leve,TOYOTA,FIELDER,ICE,14,Aduana PY datos abiertos,NCM 8703 automóvil/turismo (default leve)
2026-02,LightVehicles,leve,TOYOTA,GRANVIA,ICE,14,Aduana PY datos abiertos,NCM 8703 automóvil/turismo (default leve)
2026-02,LightVehicles,leve,TOYOTA,LITEACE,ICE,14,Aduana PY datos abiertos,NCM 8703 automóvil/turismo (default leve)
2026-02,LightVehicles,leve,TOYOTA,PLATZ,ICE,14,Aduana PY datos abiertos,NCM 8703 automóvil/turismo (default leve)
2026-02,LightVehicles,leve,TOYOTA,RUMION,ICE,14,Aduana PY datos abiertos,NCM 8703 automóvil/turismo (default leve)
2026-02,LightVehicles,leve,TOYOTA,TACOMA,ICE,14,Aduana PY datos abiertos,NCM 8704.31 GVW≤5t pickup/camioneta
2026-02,LightVehicles,leve,TOYOTA,TOURING HIACE,ICE,14,Aduana PY datos abiertos,passenger van/minibus (Hiace/Staria/…) counts as leve
2026-02,LightVehicles,leve,TOYOTA,TUNDRA,ICE,14,Aduana PY datos abiertos,8704 + pickup/camioneta keyword
2026-02,LightVehicles,leve,VOLKSWAGEN,NOTCHBACK,ICE,14,Aduana PY datos abiertos,NCM 8703 automóvil/turismo (default leve)
2026-02,LightVehicles,leve,VOLKSWAGEN,SAVEIRO EXTREME DC 1,ICE,14,Aduana PY datos abiertos,NCM 8704.31 GVW≤5t pickup/camioneta
2026-02,LightVehicles,pesado,MERCEDES-BENZ,1317,ICE,14,Aduana PY datos abiertos,NCM 8704.22 typically GVW>5t
2026-02,LightVehicles,pesado,MERCEDES-BENZ,1517,ICE,14,Aduana PY datos abiertos,NCM 8704.22 typically GVW>5t
2026-02,LightVehicles,pesado,MERCEDES-BENZ,2026,ICE,14,Aduana PY datos abiertos,NCM 8704.22 typically GVW>5t
2026-02,LightVehicles,pesado,SCANIA,94 - 260,ICE,14,Aduana PY datos abiertos,NCM 8704.22 typically GVW>5t
2026-02,LightVehicles,pesado,SCANIA,P380,ICE,14,Aduana PY datos abiertos,NCM 8704.22 typically GVW>5t
2026-02,LightVehicles,pesado,SCANIA,P93,ICE,14,Aduana PY datos abiertos,NCM 8704.22 typically GVW>5t
2026-02,LightVehicles,leve,AUDI,Q5 2,ICE,13,Aduana PY datos abiertos,NCM 8703 automóvil/turismo (default leve)
2026-02,LightVehicles,pesado,MERCEDES-BENZ,815,ICE,13,Aduana PY datos abiertos,NCM 8704.22 typically GVW>5t
2026-02,LightVehicles,leve,VOLKSWAGEN,POLO HIGHLINE 1,ICE,12,Aduana PY datos abiertos,NCM 8703 automóvil/turismo (default leve)
2026-02,LightVehicles,recreativo,VENTURA,(sin modelo),ICE,12,Aduana PY datos abiertos,keyword ATV/UTV/carrito golf/snow
2026-02,LightVehicles,leve,HYUNDAI,NEW GRAND I10,ICE,11,Aduana PY datos abiertos,NCM 8703 automóvil/turismo (default leve)
2026-02,LightVehicles,leve,LEXUS,(sin modelo),HEV,11,Aduana PY datos abiertos,NCM 8703 automóvil/turismo (default leve)
2026-02,LightVehicles,leve,MAXUS,(sin modelo),ICE,11,Aduana PY datos abiertos,NCM 8704.21 GVW≤5t pickup/camioneta
2026-02,LightVehicles,leve,PEUGEOT,(sin modelo),ICE,11,Aduana PY datos abiertos,NCM 8703 automóvil/turismo (default leve)
2026-02,LightVehicles,leve,CHERY,T7 PRO 1,PHEV,10,Aduana PY datos abiertos,NCM 8703 automóvil/turismo (default leve)
2026-02,LightVehicles,leve,CHEVROLET,ONIX LT HB FLEX AT TURBO,ICE,10,Aduana PY datos abiertos,NCM 8703 automóvil/turismo (default leve)
2026-02,LightVehicles,leve,CHEVROLET,TRAILBLAZER HIGH COUNTRY,ICE,10,Aduana PY datos abiertos,NCM 8703 automóvil/turismo (default leve)
2026-02,LightVehicles,leve,FORD,BRONCO SPORT 2,ICE,10,Aduana PY datos abiertos,NCM 8703 automóvil/turismo (default leve)
2026-02,LightVehicles,leve,GEELY,STARRAY NAFTERO,ICE,10,Aduana PY datos abiertos,NCM 8703 automóvil/turismo (default leve)
2026-02,LightVehicles,leve,HYUNDAI,NEW HB20S 1,ICE,10,Aduana PY datos abiertos,NCM 8703 automóvil/turismo (default leve)
2026-02,LightVehicles,leve,NISSAN,FRONTIER CABINA SIMPLE,ICE,10,Aduana PY datos abiertos,NCM 8704.21 GVW≤5t pickup/camioneta
2026-02,LightVehicles,leve,TOYOTA,4RUNNER,HEV,10,Aduana PY datos abiertos,NCM 8703 automóvil/turismo (default leve)
2026-02,LightVehicles,leve,TOYOTA,YARIS CROSS,HEV,10,Aduana PY datos abiertos,NCM 8703 automóvil/turismo (default leve)
2026-02,LightVehicles,leve,VOLKSWAGEN,(sin modelo),ICE,10,Aduana PY datos abiertos,NCM 8703 automóvil/turismo (default leve)
2026-02,LightVehicles,leve,BMW,X3 20,ICE,9,Aduana PY datos abiertos,NCM 8703 automóvil/turismo (default leve)
2026-02,LightVehicles,leve,CHANGAN,M201 FURGON CARGO,ICE,9,Aduana PY datos abiertos,NCM 8704.31 GVW≤5t pickup/camioneta
2026-02,LightVehicles,leve,CHANGAN,NEW CS35 PLUS ELITE,ICE,9,Aduana PY datos abiertos,NCM 8703 automóvil/turismo (default leve)
2026-02,LightVehicles,leve,FIAT,FASTBACK AUDACE MILD,ICE,9,Aduana PY datos abiertos,NCM 8703 automóvil/turismo (default leve)
2026-02,LightVehicles,leve,FORD,EXPLORER PLATINUM 2,ICE,9,Aduana PY datos abiertos,NCM 8703 automóvil/turismo (default leve)
2026-02,LightVehicles,leve,FORD,F-150 DC,ICE,9,Aduana PY datos abiertos,NCM 8704.31 GVW≤5t pickup/camioneta
2026-02,LightVehicles,leve,HONDA,CR-V,ICE,9,Aduana PY datos abiertos,NCM 8703 automóvil/turismo (default leve)
2026-02,LightVehicles,leve,KGM,REXTON,ICE,9,Aduana PY datos abiertos,NCM 8703 automóvil/turismo (default leve)
2026-02,LightVehicles,leve,KIA,SPORTAGE,HEV,9,Aduana PY datos abiertos,NCM 8703 automóvil/turismo (default leve)
2026-02,LightVehicles,leve,CHEVROLET,S10 LTZ,ICE,8,Aduana PY datos abiertos,NCM 8704.21 GVW≤5t pickup/camioneta
2026-02,LightVehicles,leve,GAC,(sin modelo),BEV,8,Aduana PY datos abiertos,NCM 8703 automóvil/turismo (default leve)
2026-02,LightVehicles,leve,HONDA,WR-V EXL,ICE,8,Aduana PY datos abiertos,NCM 8703 automóvil/turismo (default leve)
2026-02,LightVehicles,leve,KGM,KORANDO,ICE,8,Aduana PY datos abiertos,NCM 8703 automóvil/turismo (default leve)
2026-02,LightVehicles,leve,MITSUBISHI,MONTERO SPORT GLS SAM 4WD 2,ICE,8,Aduana PY datos abiertos,NCM 8703 automóvil/turismo (default leve)
2026-02,LightVehicles,leve,TATA,SUPER ACE MINT LHD EIV DLE,ICE,8,Aduana PY datos abiertos,NCM 8704.21 GVW≤5t pickup/camioneta
2026-02,LightVehicles,leve,TOYOTA,VIOS,ICE,8,Aduana PY datos abiertos,NCM 8703 automóvil/turismo (default leve)
2026-02,LightVehicles,pesado,HINO,(sin modelo),ICE,8,Aduana PY datos abiertos,NCM 8704.22 typically GVW>5t
2026-02,LightVehicles,pesado,ISUZU,QMR77L-HH5AYN,ICE,8,Aduana PY datos abiertos,NCM 8704.22 typically GVW>5t
2026-02,LightVehicles,pesado,MERCEDES-BENZ,818,ICE,8,Aduana PY datos abiertos,NCM 8704.22 typically GVW>5t
2026-02,LightVehicles,pesado,MERCEDES-BENZ,ATEGO 818,ICE,8,Aduana PY datos abiertos,NCM 8704.22 typically GVW>5t
2026-02,LightVehicles,leve,ALFA ROMEO,GIULETTA,ICE,7,Aduana PY datos abiertos,NCM 8703 automóvil/turismo (default leve)
2026-02,LightVehicles,leve,ALFA ROMEO,STELVIO A/O,ICE,7,Aduana PY datos abiertos,NCM 8703 automóvil/turismo (default leve)
2026-02,LightVehicles,leve,AUDI,Q2,ICE,7,Aduana PY datos abiertos,NCM 8703 automóvil/turismo (default leve)
2026-02,LightVehicles,leve,AUDI,TT,ICE,7,Aduana PY datos abiertos,NCM 8703 automóvil/turismo (default leve)
2026-02,LightVehicles,leve,BAIC,(sin modelo),ICE,7,Aduana PY datos abiertos,NCM 8703 automóvil/turismo (default leve)
2026-02,LightVehicles,leve,BMW,120I SEDAN,ICE,7,Aduana PY datos abiertos,NCM 8703 automóvil/turismo (default leve)
2026-02,LightVehicles,leve,BMW,320D A,ICE,7,Aduana PY datos abiertos,NCM 8703 automóvil/turismo (default leve)
2026-02,LightVehicles,leve,BMW,328I,ICE,7,Aduana PY datos abiertos,NCM 8703 automóvil/turismo (default leve)
2026-02,LightVehicles,leve,BMW,330CI,ICE,7,Aduana PY datos abiertos,NCM 8703 automóvil/turismo (default leve)
2026-02,LightVehicles,leve,BMW,528I,ICE,7,Aduana PY datos abiertos,NCM 8703 automóvil/turismo (default leve)
2026-02,LightVehicles,leve,BMW,650I,ICE,7,Aduana PY datos abiertos,NCM 8703 automóvil/turismo (default leve)
2026-02,LightVehicles,leve,BMW,EOO 320I,ICE,7,Aduana PY datos abiertos,NCM 8703 automóvil/turismo (default leve)
2026-02,LightVehicles,leve,BMW,M240I,ICE,7,Aduana PY datos abiertos,NCM 8703 automóvil/turismo (default leve)
2026-02,LightVehicles,leve,BMW,M6,ICE,7,Aduana PY datos abiertos,NCM 8703 automóvil/turismo (default leve)
2026-02,LightVehicles,leve,BMW,X4 XDRIVE 20I,ICE,7,Aduana PY datos abiertos,NCM 8703 automóvil/turismo (default leve)
2026-02,LightVehicles,leve,BMW,X6,ICE,7,Aduana PY datos abiertos,NCM 8703 automóvil/turismo (default leve)
2026-02,LightVehicles,leve,BMW,X6 DIESEL,ICE,7,Aduana PY datos abiertos,NCM 8703 automóvil/turismo (default leve)
2026-02,LightVehicles,leve,BMW,Z3,ICE,7,Aduana PY datos abiertos,NCM 8703 automóvil/turismo (default leve)
2026-02,LightVehicles,leve,BYD,SEAGULL INTELLIGENT DRIVING VERSION 405KM,BEV,7,Aduana PY datos abiertos,NCM 8703 automóvil/turismo (default leve)
2026-02,LightVehicles,leve,CADILLAC,ESCALADE,ICE,7,Aduana PY datos abiertos,NCM 8703 automóvil/turismo (default leve)
2026-02,LightVehicles,leve,CHANGAN,NEW CS55 PLUS ELITE,ICE,7,Aduana PY datos abiertos,NCM 8703 automóvil/turismo (default leve)
2026-02,LightVehicles,leve,CHANGAN,UNI-K,ICE,7,Aduana PY datos abiertos,NCM 8703 automóvil/turismo (default leve)
2026-02,LightVehicles,leve,CHEVROLET,BLAZER,ICE,7,Aduana PY datos abiertos,NCM 8703 automóvil/turismo (default leve)
2026-02,LightVehicles,leve,CHEVROLET,CAMARO,ICE,7,Aduana PY datos abiertos,NCM 8703 automóvil/turismo (default leve)
2026-02,LightVehicles,leve,CHEVROLET,CAMARO SS,ICE,7,Aduana PY datos abiertos,NCM 8703 automóvil/turismo (default leve)
2026-02,LightVehicles,leve,CHEVROLET,CRUZE,ICE,7,Aduana PY datos abiertos,NCM 8703 automóvil/turismo (default leve)
2026-02,LightVehicles,leve,CHEVROLET,MALIBU LTZ,ICE,7,Aduana PY datos abiertos,NCM 8703 automóvil/turismo (default leve)
2026-02,LightVehicles,leve,DAIHATSU,BEGO,ICE,7,Aduana PY datos abiertos,NCM 8703 automóvil/turismo (default leve)
2026-02,LightVehicles,leve,DAIHATSU,MIRA,ICE,7,Aduana PY datos abiertos,NCM 8703 automóvil/turismo (default leve)
2026-02,LightVehicles,leve,DODGE,CALIBER,ICE,7,Aduana PY datos abiertos,NCM 8703 automóvil/turismo (default leve)
2026-02,LightVehicles,leve,DODGE,CHALLENGER SRT HELLCAT,ICE,7,Aduana PY datos abiertos,NCM 8703 automóvil/turismo (default leve)
2026-02,LightVehicles,leve,DODGE,CHALLENGER SRT HELLCAT WIDEBODY,ICE,7,Aduana PY datos abiertos,NCM 8703 automóvil/turismo (default leve)
2026-02,LightVehicles,leve,DODGE,CHALLENGER USADO,ICE,7,Aduana PY datos abiertos,NCM 8703 automóvil/turismo (default leve)
2026-02,LightVehicles,leve,DODGE RAM,1500,ICE,7,Aduana PY datos abiertos,NCM 8704.31 GVW≤5t pickup/camioneta
2026-02,LightVehicles,leve,FERRARI,458 ITALIA,ICE,7,Aduana PY datos abiertos,NCM 8703 automóvil/turismo (default leve)
2026-02,LightVehicles,leve,FORD,(sin modelo),ICE,7,Aduana PY datos abiertos,NCM 8703 automóvil/turismo (default leve)
2026-02,LightVehicles,leve,FORD,BRONCO,ICE,7,Aduana PY datos abiertos,NCM 8703 automóvil/turismo (default leve)
2026-02,LightVehicles,leve,FORD,F-150,ICE,7,Aduana PY datos abiertos,NCM 8704.31 GVW≤5t pickup/camioneta
2026-02,LightVehicles,leve,FORD,F150 CREW CAB 3,HEV,7,Aduana PY datos abiertos,8704 + pickup/camioneta keyword
2026-02,LightVehicles,leve,FORD,F350,ICE,7,Aduana PY datos abiertos,NCM 8703 automóvil/turismo (default leve)
2026-02,LightVehicles,leve,FORD,F550,ICE,7,Aduana PY datos abiertos,NCM 8704.21 GVW≤5t pickup/camioneta
2026-02,LightVehicles,leve,FORD,MAVERICK LARIAT DC 2,HEV,7,Aduana PY datos abiertos,8704 + pickup/camioneta keyword
2026-02,LightVehicles,leve,HINO,(sin modelo),ICE,7,Aduana PY datos abiertos,NCM 8704.21 GVW≤5t pickup/camioneta
2026-02,LightVehicles,leve,HONDA,FIT,HEV,7,Aduana PY datos abiertos,NCM 8703 automóvil/turismo (default leve)
2026-02,LightVehicles,leve,HUMMER,H2,ICE,7,Aduana PY datos abiertos,NCM 8703 automóvil/turismo (default leve)
2026-02,LightVehicles,leve,HYUNDAI,AVNATE,ICE,7,Aduana PY datos abiertos,NCM 8703 automóvil/turismo (default leve)
2026-02,LightVehicles,leve,HYUNDAI,IX35,ICE,7,Aduana PY datos abiertos,NCM 8703 automóvil/turismo (default leve)
2026-02,LightVehicles,leve,HYUNDAI,MAXCRUZ,ICE,7,Aduana PY datos abiertos,NCM 8703 automóvil/turismo (default leve)
2026-02,LightVehicles,leve,HYUNDAI,MIGHTY,ICE,7,Aduana PY datos abiertos,NCM 8704.21 GVW≤5t pickup/camioneta
2026-02,LightVehicles,leve,HYUNDAI,PALISADE,ICE,7,Aduana PY datos abiertos,NCM 8703 automóvil/turismo (default leve)
2026-02,LightVehicles,leve,HYUNDAI,SANTA FE A,ICE,7,Aduana PY datos abiertos,NCM 8703 automóvil/turismo (default leve)
2026-02,LightVehicles,leve,ISUZU,BOGHORN,ICE,7,Aduana PY datos abiertos,NCM 8703 automóvil/turismo (default leve)
2026-02,LightVehicles,leve,IVECO,35C13 A/O,ICE,7,Aduana PY datos abiertos,NCM 8704.21 GVW≤5t pickup/camioneta
2026-02,LightVehicles,leve,IVECO,35S14 A/O,ICE,7,Aduana PY datos abiertos,NCM 8704.21 GVW≤5t pickup/camioneta
2026-02,LightVehicles,leve,IVECO,35S9,ICE,7,Aduana PY datos abiertos,NCM 8704.21 GVW≤5t pickup/camioneta
2026-02,LightVehicles,leve,JEEP,(sin modelo),ICE,7,Aduana PY datos abiertos,NCM 8704.21 GVW≤5t pickup/camioneta
2026-02,LightVehicles,leve,JEEP,RENEGADE,ICE,7,Aduana PY datos abiertos,NCM 8703 automóvil/turismo (default leve)
2026-02,LightVehicles,leve,JETOUR,T2,PHEV,7,Aduana PY datos abiertos,NCM 8703 automóvil/turismo (default leve)
2026-02,LightVehicles,leve,KAWASAKI,2025,ICE,7,Aduana PY datos abiertos,NCM 8703 automóvil/turismo (default leve)
2026-02,LightVehicles,leve,KIA,MOHAVE,ICE,7,Aduana PY datos abiertos,NCM 8703 automóvil/turismo (default leve)
2026-02,LightVehicles,leve,KIA,SPPORTAGE,ICE,7,Aduana PY datos abiertos,NCM 8703 automóvil/turismo (default leve)
2026-02,LightVehicles,leve,LEXUS,LX570,ICE,7,Aduana PY datos abiertos,NCM 8703 automóvil/turismo (default leve)
2026-02,LightVehicles,leve,MASERATI,GHIBLI S,ICE,7,Aduana PY datos abiertos,NCM 8703 automóvil/turismo (default leve)
2026-02,LightVehicles,leve,MAZDA,AXELA,ICE,7,Aduana PY datos abiertos,NCM 8703 automóvil/turismo (default leve)
2026-02,LightVehicles,leve,MAZDA,CX 5,ICE,7,Aduana PY datos abiertos,NCM 8703 automóvil/turismo (default leve)
2026-02,LightVehicles,leve,MAZDA,CX-3,ICE,7,Aduana PY datos abiertos,NCM 8703 automóvil/turismo (default leve)
2026-02,LightVehicles,leve,MAZDA,DEMIO A,ICE,7,Aduana PY datos abiertos,NCM 8703 automóvil/turismo (default leve)
2026-02,LightVehicles,leve,MAZDA,RX 8,ICE,7,Aduana PY datos abiertos,NCM 8703 automóvil/turismo (default leve)
2026-02,LightVehicles,leve,MAZDA,TITAN,ICE,7,Aduana PY datos abiertos,NCM 8704.21 GVW≤5t pickup/camioneta
2026-02,LightVehicles,leve,MERCEDES-BENZ,280CE,ICE,7,Aduana PY datos abiertos,NCM 8703 automóvil/turismo (default leve)
2026-02,LightVehicles,leve,MERCEDES-BENZ,711,ICE,7,Aduana PY datos abiertos,NCM 8704.21 GVW≤5t pickup/camioneta
2026-02,LightVehicles,leve,MERCEDES-BENZ,917,ICE,7,Aduana PY datos abiertos,NCM 8704.21 GVW≤5t pickup/camioneta
2026-02,LightVehicles,leve,MERCEDES-BENZ,A35 AMG,ICE,7,Aduana PY datos abiertos,NCM 8703 automóvil/turismo (default leve)
2026-02,LightVehicles,leve,MERCEDES-BENZ,AMG A35,ICE,7,Aduana PY datos abiertos,NCM 8703 automóvil/turismo (default leve)
2026-02,LightVehicles,leve,MERCEDES-BENZ,AMG A45,ICE,7,Aduana PY datos abiertos,NCM 8703 automóvil/turismo (default leve)
2026-02,LightVehicles,leve,MERCEDES-BENZ,C 220D,ICE,7,Aduana PY datos abiertos,NCM 8703 automóvil/turismo (default leve)
2026-02,LightVehicles,leve,MERCEDES-BENZ,C 250,ICE,7,Aduana PY datos abiertos,NCM 8703 automóvil/turismo (default leve)
2026-02,LightVehicles,leve,MERCEDES-BENZ,C200L,ICE,7,Aduana PY datos abiertos,NCM 8703 automóvil/turismo (default leve)
2026-02,LightVehicles,leve,MERCEDES-BENZ,C220 CDI,ICE,7,Aduana PY datos abiertos,NCM 8703 automóvil/turismo (default leve)
2026-02,LightVehicles,leve,MERCEDES-BENZ,C220 D,ICE,7,Aduana PY datos abiertos,NCM 8703 automóvil/turismo (default leve)
2026-02,LightVehicles,leve,MERCEDES-BENZ,C230 A/O,ICE,7,Aduana PY datos abiertos,NCM 8703 automóvil/turismo (default leve)
2026-02,LightVehicles,leve,MERCEDES-BENZ,CLA 455 AMG,ICE,7,Aduana PY datos abiertos,NCM 8703 automóvil/turismo (default leve)
2026-02,LightVehicles,leve,MERCEDES-BENZ,CLK350,ICE,7,Aduana PY datos abiertos,NCM 8703 automóvil/turismo (default leve)
2026-02,LightVehicles,leve,MERCEDES-BENZ,CLS250,ICE,7,Aduana PY datos abiertos,NCM 8703 automóvil/turismo (default leve)
2026-02,LightVehicles,leve,MERCEDES-BENZ,E300 MOVIDO A GASOLINA,ICE,7,Aduana PY datos abiertos,NCM 8703 automóvil/turismo (default leve)
2026-02,LightVehicles,leve,MERCEDES-BENZ,E350 A/O,ICE,7,Aduana PY datos abiertos,NCM 8703 automóvil/turismo (default leve)
2026-02,LightVehicles,leve,MERCEDES-BENZ,ELO,ICE,7,Aduana PY datos abiertos,NCM 8704.21 GVW≤5t pickup/camioneta
2026-02,LightVehicles,leve,MERCEDES-BENZ,G 63 AMG,ICE,7,Aduana PY datos abiertos,NCM 8703 automóvil/turismo (default leve)
2026-02,LightVehicles,leve,MERCEDES-BENZ,GLC200,ICE,7,Aduana PY datos abiertos,NCM 8703 automóvil/turismo (default leve)
2026-02,LightVehicles,leve,MERCEDES-BENZ,GLK250 BLUETEC 4 MATIC A/O,ICE,7,Aduana PY datos abiertos,NCM 8703 automóvil/turismo (default leve)
2026-02,LightVehicles,leve,MERCEDES-BENZ,GT,ICE,7,Aduana PY datos abiertos,NCM 8703 automóvil/turismo (default leve)
2026-02,LightVehicles,leve,MERCEDES-BENZ,ML350,ICE,7,Aduana PY datos abiertos,NCM 8703 automóvil/turismo (default leve)
2026-02,LightVehicles,leve,MERCEDES-BENZ,S550,ICE,7,Aduana PY datos abiertos,NCM 8703 automóvil/turismo (default leve)
2026-02,LightVehicles,leve,MERCEDES-BENZ,SL350,ICE,7,Aduana PY datos abiertos,NCM 8703 automóvil/turismo (default leve)
2026-02,LightVehicles,leve,MERCEDES-BENZ,SLK55,ICE,7,Aduana PY datos abiertos,NCM 8703 automóvil/turismo (default leve)
2026-02,LightVehicles,leve,MERCEDES-BENZ,SLK55 AMG,ICE,7,Aduana PY datos abiertos,NCM 8703 automóvil/turismo (default leve)
2026-02,LightVehicles,leve,MERCEDES-BENZ,VITO 115,ICE,7,Aduana PY datos abiertos,NCM 8704.21 GVW≤5t pickup/camioneta
2026-02,LightVehicles,leve,MINI,MINI COOPER,ICE,7,Aduana PY datos abiertos,NCM 8703 automóvil/turismo (default leve)
2026-02,LightVehicles,leve,MITSUBISHI,DELICA,ICE,7,Aduana PY datos abiertos,NCM 8703 automóvil/turismo (default leve)
2026-02,LightVehicles,leve,MITSUBISHI,LACER EVO X,ICE,7,Aduana PY datos abiertos,NCM 8703 automóvil/turismo (default leve)
2026-02,LightVehicles,leve,MITSUBISHI,LANCER,ICE,7,Aduana PY datos abiertos,NCM 8703 automóvil/turismo (default leve)
2026-02,LightVehicles,leve,NISSAN,CONDOR UD,ICE,7,Aduana PY datos abiertos,NCM 8704.21 GVW≤5t pickup/camioneta
2026-02,LightVehicles,leve,NISSAN,EO ATLAS A,ICE,7,Aduana PY datos abiertos,NCM 8704.21 GVW≤5t pickup/camioneta
2026-02,LightVehicles,leve,NISSAN,FAIR LAYDI Z,ICE,7,Aduana PY datos abiertos,NCM 8703 automóvil/turismo (default leve)
2026-02,LightVehicles,leve,NISSAN,NT450 ATLAS,ICE,7,Aduana PY datos abiertos,NCM 8704.21 GVW≤5t pickup/camioneta
2026-02,LightVehicles,leve,NISSAN,ROGUE SV,ICE,7,Aduana PY datos abiertos,NCM 8703 automóvil/turismo (default leve)
2026-02,LightVehicles,leve,NISSAN,XTRAIL,ICE,7,Aduana PY datos abiertos,NCM 8703 automóvil/turismo (default leve)
2026-02,LightVehicles,leve,OPEL,COMBO,ICE,7,Aduana PY datos abiertos,NCM 8704.21 GVW≤5t pickup/camioneta
2026-02,LightVehicles,leve,OPEL,GRANDLAND,ICE,7,Aduana PY datos abiertos,NCM 8703 automóvil/turismo (default leve)
2026-02,LightVehicles,leve,PEUGEOT,406,ICE,7,Aduana PY datos abiertos,NCM 8703 automóvil/turismo (default leve)
2026-02,LightVehicles,leve,PONTIAC,(sin modelo),ICE,7,Aduana PY datos abiertos,NCM 8703 automóvil/turismo (default leve)
2026-02,LightVehicles,leve,PORSCHE,CAYMAN,ICE,7,Aduana PY datos abiertos,NCM 8703 automóvil/turismo (default leve)
2026-02,LightVehicles,leve,PORSCHE,ELL 356B,ICE,7,Aduana PY datos abiertos,NCM 8703 automóvil/turismo (default leve)
2026-02,LightVehicles,leve,RENAULT,(sin modelo),ICE,7,Aduana PY datos abiertos,NCM 8703 automóvil/turismo (default leve)
2026-02,LightVehicles,leve,RENAULT,KANGOO,ICE,7,Aduana PY datos abiertos,NCM 8704.21 GVW≤5t pickup/camioneta
2026-02,LightVehicles,leve,SCANIA,P94,ICE,7,Aduana PY datos abiertos,NCM 8704.21 GVW≤5t pickup/camioneta
2026-02,LightVehicles,leve,SEAT,IBIZA 1,ICE,7,Aduana PY datos abiertos,NCM 8703 automóvil/turismo (default leve)
2026-02,LightVehicles,leve,SIN MARCA,VITZ,ICE,7,Aduana PY datos abiertos,NCM 8703 automóvil/turismo (default leve)
2026-02,LightVehicles,leve,SOUEAST,(sin modelo),ICE,7,Aduana PY datos abiertos,NCM 8703 automóvil/turismo (default leve)
2026-02,LightVehicles,leve,SSANGYONG,(sin modelo),ICE,7,Aduana PY datos abiertos,NCM 8704.21 GVW≤5t pickup/camioneta
2026-02,LightVehicles,leve,SUBARU,IMPRESA A,ICE,7,Aduana PY datos abiertos,NCM 8703 automóvil/turismo (default leve)
2026-02,LightVehicles,leve,SUBARU,IMPREZA A,ICE,7,Aduana PY datos abiertos,NCM 8703 automóvil/turismo (default leve)
2026-02,LightVehicles,leve,SUBARU,IMPREZA WRX,ICE,7,Aduana PY datos abiertos,NCM 8703 automóvil/turismo (default leve)
2026-02,LightVehicles,leve,TOYOTA,4RUNNER,ICE,7,Aduana PY datos abiertos,NCM 8703 automóvil/turismo (default leve)
2026-02,LightVehicles,leve,TOYOTA,ALLEX A O,ICE,7,Aduana PY datos abiertos,NCM 8703 automóvil/turismo (default leve)
2026-02,LightVehicles,leve,TOYOTA,ALLION A O,ICE,7,Aduana PY datos abiertos,NCM 8703 automóvil/turismo (default leve)
2026-02,LightVehicles,leve,TOYOTA,AVENSIS,ICE,7,Aduana PY datos abiertos,NCM 8703 automóvil/turismo (default leve)
2026-02,LightVehicles,leve,TOYOTA,AXIO NAFTERO,ICE,7,Aduana PY datos abiertos,NCM 8703 automóvil/turismo (default leve)
2026-02,LightVehicles,leve,TOYOTA,CALDINA,ICE,7,Aduana PY datos abiertos,NCM 8703 automóvil/turismo (default leve)
2026-02,LightVehicles,leve,TOYOTA,CROWN,HEV,7,Aduana PY datos abiertos,NCM 8703 automóvil/turismo (default leve)
2026-02,LightVehicles,leve,TOYOTA,CROWN MAJESTA,ICE,7,Aduana PY datos abiertos,NCM 8703 automóvil/turismo (default leve)
2026-02,LightVehicles,leve,TOYOTA,CROWN ROYAL,ICE,7,Aduana PY datos abiertos,NCM 8703 automóvil/turismo (default leve)
2026-02,LightVehicles,leve,TOYOTA,CX-3,ICE,7,Aduana PY datos abiertos,NCM 8703 automóvil/turismo (default leve)
2026-02,LightVehicles,leve,TOYOTA,DYNA MARCA TOYOTA,ICE,7,Aduana PY datos abiertos,NCM 8704.21 GVW≤5t pickup/camioneta
2026-02,LightVehicles,leve,TOYOTA,FJ CRIUISER,ICE,7,Aduana PY datos abiertos,NCM 8703 automóvil/turismo (default leve)
2026-02,LightVehicles,leve,TOYOTA,FUNCARGO A,ICE,7,Aduana PY datos abiertos,NCM 8703 automóvil/turismo (default leve)
2026-02,LightVehicles,leve,TOYOTA,FUNCARGO A O,ICE,7,Aduana PY datos abiertos,NCM 8703 automóvil/turismo (default leve)
2026-02,LightVehicles,leve,TOYOTA,GRAND HIACE,ICE,7,Aduana PY datos abiertos,passenger van/minibus (Hiace/Staria/…) counts as leve
2026-02,LightVehicles,leve,TOYOTA,GRAND HIACE DIESEL,ICE,7,Aduana PY datos abiertos,passenger van/minibus (Hiace/Staria/…) counts as leve
2026-02,LightVehicles,leve,TOYOTA,HIACE GRAND CABIN,ICE,7,Aduana PY datos abiertos,passenger van/minibus (Hiace/Staria/…) counts as leve
2026-02,LightVehicles,leve,TOYOTA,HIACE GRAND CABIN G,ICE,7,Aduana PY datos abiertos,passenger van/minibus (Hiace/Staria/…) counts as leve
2026-02,LightVehicles,leve,TOYOTA,HIACE REGIUS,ICE,7,Aduana PY datos abiertos,passenger van/minibus (Hiace/Staria/…) counts as leve
2026-02,LightVehicles,leve,TOYOTA,HIACE SUPER GL,ICE,7,Aduana PY datos abiertos,passenger van/minibus (Hiace/Staria/…) counts as leve
2026-02,LightVehicles,leve,TOYOTA,ISIS PLATANA,ICE,7,Aduana PY datos abiertos,NCM 8703 automóvil/turismo (default leve)
2026-02,LightVehicles,leve,TOYOTA,LEVIN,HEV,7,Aduana PY datos abiertos,NCM 8703 automóvil/turismo (default leve)
2026-02,LightVehicles,leve,TOYOTA,NOAH,HEV,7,Aduana PY datos abiertos,passenger van/minibus (Hiace/Staria/…) counts as leve
2026-02,LightVehicles,leve,TOYOTA,PRE,ICE,7,Aduana PY datos abiertos,NCM 8703 automóvil/turismo (default leve)
2026-02,LightVehicles,leve,TOYOTA,PRIUS,HEV,7,Aduana PY datos abiertos,NCM 8703 automóvil/turismo (default leve)
2026-02,LightVehicles,leve,TOYOTA,RAV 4,HEV,7,Aduana PY datos abiertos,NCM 8703 automóvil/turismo (default leve)
2026-02,LightVehicles,leve,TOYOTA,RAV4,HEV,7,Aduana PY datos abiertos,NCM 8703 automóvil/turismo (default leve)
2026-02,LightVehicles,leve,TOYOTA,REGIUS ACE,ICE,7,Aduana PY datos abiertos,NCM 8703 automóvil/turismo (default leve)
2026-02,LightVehicles,leve,TOYOTA,REGIUSACE,ICE,7,Aduana PY datos abiertos,NCM 8703 automóvil/turismo (default leve)
2026-02,LightVehicles,leve,TOYOTA,REGIUSACE VAN,ICE,7,Aduana PY datos abiertos,NCM 8704.21 GVW≤5t pickup/camioneta
2026-02,LightVehicles,leve,TOYOTA,SPORTAGE,ICE,7,Aduana PY datos abiertos,NCM 8703 automóvil/turismo (default leve)
2026-02,LightVehicles,leve,TOYOTA,TACOMA TRD OFF ROAD,HEV,7,Aduana PY datos abiertos,8704 + pickup/camioneta keyword
2026-02,LightVehicles,leve,TOYOTA,VIT,ICE,7,Aduana PY datos abiertos,NCM 8703 automóvil/turismo (default leve)
2026-02,LightVehicles,leve,TOYOTA,VIT A,ICE,7,Aduana PY datos abiertos,NCM 8703 automóvil/turismo (default leve)
2026-02,LightVehicles,leve,TOYOTA,VOXY,HEV,7,Aduana PY datos abiertos,passenger van/minibus (Hiace/Staria/…) counts as leve
2026-02,LightVehicles,leve,VOLKSWAGEN,BEETLE,ICE,7,Aduana PY datos abiertos,NCM 8703 automóvil/turismo (default leve)
2026-02,LightVehicles,leve,VOLKSWAGEN,CRAFTER,ICE,7,Aduana PY datos abiertos,NCM 8704.21 GVW≤5t pickup/camioneta
2026-02,LightVehicles,leve,VOLKSWAGEN,FASTBACK,ICE,7,Aduana PY datos abiertos,NCM 8703 automóvil/turismo (default leve)
2026-02,LightVehicles,leve,VOLKSWAGEN,GOLF,ICE,7,Aduana PY datos abiertos,NCM 8703 automóvil/turismo (default leve)
2026-02,LightVehicles,leve,VOLKSWAGEN,LUPO A/O,ICE,7,Aduana PY datos abiertos,NCM 8703 automóvil/turismo (default leve)
2026-02,LightVehicles,pesado,FORD,(sin modelo),HEV,7,Aduana PY datos abiertos,8704 without light-pickup signal → pesado
2026-02,LightVehicles,pesado,IVECO,35C15,ICE,7,Aduana PY datos abiertos,NCM 8704.22 typically GVW>5t
2026-02,LightVehicles,pesado,IVECO,ML80EL17,ICE,7,Aduana PY datos abiertos,NCM 8704.22 typically GVW>5t
2026-02,LightVehicles,pesado,MERCEDES-BENZ,1114,ICE,7,Aduana PY datos abiertos,NCM 8704.22 typically GVW>5t
2026-02,LightVehicles,pesado,MERCEDES-BENZ,1117,ICE,7,Aduana PY datos abiertos,NCM 8704.22 typically GVW>5t
2026-02,LightVehicles,pesado,MERCEDES-BENZ,1517L A/O,ICE,7,Aduana PY datos abiertos,NCM 8704.22 typically GVW>5t
2026-02,LightVehicles,pesado,MERCEDES-BENZ,1524L,ICE,7,Aduana PY datos abiertos,NCM 8704.22 typically GVW>5t
2026-02,LightVehicles,pesado,MERCEDES-BENZ,709,ICE,7,Aduana PY datos abiertos,NCM 8704.22 typically GVW>5t
2026-02,LightVehicles,pesado,MERCEDES-BENZ,816 A/O,ICE,7,Aduana PY datos abiertos,NCM 8704.22 typically GVW>5t
2026-02,LightVehicles,pesado,MERCEDES-BENZ,ATEGO 809,ICE,7,Aduana PY datos abiertos,NCM 8704.22 typically GVW>5t
2026-02,LightVehicles,pesado,MERCEDES-BENZ,ATEGO 817,ICE,7,Aduana PY datos abiertos,NCM 8704.22 typically GVW>5t
2026-02,LightVehicles,pesado,MERCEDES-BENZ,SPRINTER,ICE,7,Aduana PY datos abiertos,8704 without light-pickup signal → pesado
2026-02,LightVehicles,pesado,MITSUBISHI,CANTER,ICE,7,Aduana PY datos abiertos,NCM 8704.22 typically GVW>5t
2026-02,LightVehicles,pesado,NISSAN,(sin modelo),ICE,7,Aduana PY datos abiertos,NCM 8704.22 typically GVW>5t
2026-02,LightVehicles,pesado,NISSAN,ATLEON,ICE,7,Aduana PY datos abiertos,NCM 8704.22 typically GVW>5t
2026-02,LightVehicles,pesado,NISSAN,CABSTAR,ICE,7,Aduana PY datos abiertos,NCM 8704.22 typically GVW>5t
2026-02,LightVehicles,pesado,NISSAN,ECO T100,ICE,7,Aduana PY datos abiertos,NCM 8704.22 typically GVW>5t
2026-02,LightVehicles,pesado,NISSAN,L-35 4R A/O,ICE,7,Aduana PY datos abiertos,NCM 8704.22 typically GVW>5t
2026-02,LightVehicles,pesado,NISSAN,M130 A/O,ICE,7,Aduana PY datos abiertos,NCM 8704.22 typically GVW>5t
2026-02,LightVehicles,pesado,NISSAN,M90,ICE,7,Aduana PY datos abiertos,NCM 8704.22 typically GVW>5t
2026-02,LightVehicles,pesado,RAM,(sin modelo),ICE,7,Aduana PY datos abiertos,NCM 8704.22 typically GVW>5t
2026-02,LightVehicles,pesado,SCANIA,124 420 6X2,ICE,7,Aduana PY datos abiertos,NCM 8704.22 typically GVW>5t
2026-02,LightVehicles,pesado,SCANIA,94 - 310,ICE,7,Aduana PY datos abiertos,NCM 8704.22 typically GVW>5t
2026-02,LightVehicles,pesado,SCANIA,P114-340 A/O,ICE,7,Aduana PY datos abiertos,NCM 8704.22 typically GVW>5t
2026-02,LightVehicles,pesado,SCANIA,P124 /360 USADO,ICE,7,Aduana PY datos abiertos,NCM 8704.22 typically GVW>5t
2026-02,LightVehicles,pesado,SCANIA,P124-420,ICE,7,Aduana PY datos abiertos,NCM 8704.22 typically GVW>5t
2026-02,LightVehicles,pesado,SCANIA,P230,ICE,7,Aduana PY datos abiertos,NCM 8704.22 typically GVW>5t
2026-02,LightVehicles,pesado,SCANIA,P270,ICE,7,Aduana PY datos abiertos,NCM 8704.22 typically GVW>5t
2026-02,LightVehicles,pesado,SCANIA,P420,ICE,7,Aduana PY datos abiertos,NCM 8704.22 typically GVW>5t
2026-02,LightVehicles,pesado,SCANIA,P93 280,ICE,7,Aduana PY datos abiertos,NCM 8704.22 typically GVW>5t
2026-02,LightVehicles,pesado,SCANIA,P94 - 260,ICE,7,Aduana PY datos abiertos,NCM 8704.22 typically GVW>5t
2026-02,LightVehicles,pesado,SCANIA,P94-230,ICE,7,Aduana PY datos abiertos,NCM 8704.22 typically GVW>5t
2026-02,LightVehicles,pesado,SCANIA,P94/310,ICE,7,Aduana PY datos abiertos,NCM 8704.22 typically GVW>5t
2026-02,LightVehicles,pesado,SCANIA,R400 6X2,ICE,7,Aduana PY datos abiertos,NCM 8704.22 typically GVW>5t
2026-02,LightVehicles,pesado,SCANIA,R500,ICE,7,Aduana PY datos abiertos,NCM 8704.22 typically GVW>5t
2026-02,LightVehicles,recreativo,SNIPER,(sin modelo),ICE,7,Aduana PY datos abiertos,NCM 8703.10
2026-02,LightVehicles,leve,AION,YPLUS,BEV,6,Aduana PY datos abiertos,NCM 8703 automóvil/turismo (default leve)
2026-02,LightVehicles,leve,CHANGAN,MD201 CABINA SIMPLE,ICE,6,Aduana PY datos abiertos,NCM 8704.31 GVW≤5t pickup/camioneta
2026-02,LightVehicles,leve,CHANGAN,NEW CS75 PLUS,ICE,6,Aduana PY datos abiertos,NCM 8703 automóvil/turismo (default leve)
2026-02,LightVehicles,leve,CHEVROLET,S10 CD HIGH COUNTRY 2,ICE,6,Aduana PY datos abiertos,NCM 8704.21 GVW≤5t pickup/camioneta
2026-02,LightVehicles,leve,DONGFENG,EL 401 AIR,BEV,6,Aduana PY datos abiertos,NCM 8703 automóvil/turismo (default leve)
2026-02,LightVehicles,leve,GEELY RADAR,(sin modelo),ICE,6,Aduana PY datos abiertos,8704.60 electric goods vehicle (treated leve unless heavy)
2026-02,LightVehicles,leve,HYUNDAI,H-100,ICE,6,Aduana PY datos abiertos,NCM 8704.21 GVW≤5t pickup/camioneta
2026-02,LightVehicles,leve,JETOUR,T1 PHEV,PHEV,6,Aduana PY datos abiertos,NCM 8703 automóvil/turismo (default leve)
2026-02,LightVehicles,leve,JMC,(sin modelo),ICE,6,Aduana PY datos abiertos,NCM 8704.21 GVW≤5t pickup/camioneta
2026-02,LightVehicles,leve,MAZDA,CX-90 MILD,ICE,6,Aduana PY datos abiertos,NCM 8703 automóvil/turismo (default leve)
2026-02,LightVehicles,pesado,MERCEDES-BENZ,2027,ICE,6,Aduana PY datos abiertos,NCM 8704.22 typically GVW>5t
2026-02,LightVehicles,leve,CHANGAN,M60 11 PASAJEROS,ICE,5,Aduana PY datos abiertos,NCM 8703 automóvil/turismo (default leve)
2026-02,LightVehicles,leve,CHANGAN,NEW CS35 PLUS LUXURY,ICE,5,Aduana PY datos abiertos,NCM 8703 automóvil/turismo (default leve)
2026-02,LightVehicles,leve,CHANGAN,NEW CS55 PLUS LUXURY,ICE,5,Aduana PY datos abiertos,NCM 8703 automóvil/turismo (default leve)
2026-02,LightVehicles,leve,CHEVROLET,ONIX LT HB FLEX MT,ICE,5,Aduana PY datos abiertos,NCM 8703 automóvil/turismo (default leve)
2026-02,LightVehicles,leve,CHEVROLET,S10 CD LTZ 2,ICE,5,Aduana PY datos abiertos,NCM 8704.21 GVW≤5t pickup/camioneta
2026-02,LightVehicles,leve,GAC,EMZOOM 1,ICE,5,Aduana PY datos abiertos,NCM 8703 automóvil/turismo (default leve)
2026-02,LightVehicles,leve,HYUNDAI,NEW CRETA PLATINUM NAFTERO 15CC AT,ICE,5,Aduana PY datos abiertos,NCM 8703 automóvil/turismo (default leve)
2026-02,LightVehicles,leve,HYUNDAI,STARIA,ICE,5,Aduana PY datos abiertos,passenger van/minibus (Hiace/Staria/…) counts as leve
2026-02,LightVehicles,leve,NISSAN,PATHFINDER PLATINUM,ICE,5,Aduana PY datos abiertos,NCM 8703 automóvil/turismo (default leve)
2026-02,LightVehicles,leve,AUDI,Q2 1,ICE,4,Aduana PY datos abiertos,NCM 8703 automóvil/turismo (default leve)
2026-02,LightVehicles,leve,BMW,X6 XDRIVE30D M SPORT,ICE,4,Aduana PY datos abiertos,NCM 8703 automóvil/turismo (default leve)
2026-02,LightVehicles,leve,CHANGAN,NEW ALSVIN COMFORT MT,ICE,4,Aduana PY datos abiertos,NCM 8703 automóvil/turismo (default leve)
2026-02,LightVehicles,leve,CHEVROLET,NOVA MONTANA LTZ FLEX AT TURBO,ICE,4,Aduana PY datos abiertos,NCM 8704.31 GVW≤5t pickup/camioneta
2026-02,LightVehicles,leve,FIAT,FASTBACK IMPETUS MILD,ICE,4,Aduana PY datos abiertos,NCM 8703 automóvil/turismo (default leve)
2026-02,LightVehicles,leve,FORD,MAVERICK TREMOR DC 2,ICE,4,Aduana PY datos abiertos,NCM 8704.31 GVW≤5t pickup/camioneta
2026-02,LightVehicles,leve,GAC,GS8 2,ICE,4,Aduana PY datos abiertos,NCM 8703 automóvil/turismo (default leve)
2026-02,LightVehicles,leve,ISUZU,QLR77L-EE1AYN,ICE,4,Aduana PY datos abiertos,NCM 8704.21 GVW≤5t pickup/camioneta
2026-02,LightVehicles,leve,KIA,EV5,BEV,4,Aduana PY datos abiertos,NCM 8703 automóvil/turismo (default leve)
2026-02,LightVehicles,leve,LEXUS,RX350H,HEV,4,Aduana PY datos abiertos,NCM 8703 automóvil/turismo (default leve)
2026-02,LightVehicles,leve,TOYOTA,COROLLA,HEV,4,Aduana PY datos abiertos,NCM 8703 automóvil/turismo (default leve)
2026-02,LightVehicles,leve,VOLVO,XC90,PHEV,4,Aduana PY datos abiertos,NCM 8703 automóvil/turismo (default leve)
2026-02,LightVehicles,pesado,HYUNDAI,GT11,ICE,4,Aduana PY datos abiertos,NCM 8704.22 typically GVW>5t
2026-02,LightVehicles,pesado,TATA,LPT709E/38-I2K-PS-SCAM-PTOPR-TPL GR00,ICE,4,Aduana PY datos abiertos,NCM 8704.22 typically GVW>5t
2026-02,LightVehicles,leve,BMW,X1 SDRIVE18I,ICE,3,Aduana PY datos abiertos,NCM 8703 automóvil/turismo (default leve)
2026-02,LightVehicles,leve,BMW,X4 XDRIVE20I,ICE,3,Aduana PY datos abiertos,NCM 8703 automóvil/turismo (default leve)
2026-02,LightVehicles,leve,BMW,X5 XDRIVE50E,PHEV,3,Aduana PY datos abiertos,NCM 8703 automóvil/turismo (default leve)
2026-02,LightVehicles,leve,CHANGAN,MS201 DOBLE CABINA,ICE,3,Aduana PY datos abiertos,NCM 8704.31 GVW≤5t pickup/camioneta
2026-02,LightVehicles,leve,CHANGAN,NEW CS15 DCT ELITE,ICE,3,Aduana PY datos abiertos,NCM 8703 automóvil/turismo (default leve)
2026-02,LightVehicles,leve,CHEVROLET,ONIX PREMIER HB FLEX AT TURBO,ICE,3,Aduana PY datos abiertos,NCM 8703 automóvil/turismo (default leve)
2026-02,LightVehicles,leve,CHEVROLET,S10 HIGH COUNTRY,ICE,3,Aduana PY datos abiertos,NCM 8704.21 GVW≤5t pickup/camioneta
2026-02,LightVehicles,leve,CHEVROLET,TRACKER LITE FLEX AT TURBO,ICE,3,Aduana PY datos abiertos,NCM 8703 automóvil/turismo (default leve)
2026-02,LightVehicles,leve,CHEVROLET,TRACKER LTZ FLEX AT TURBO,ICE,3,Aduana PY datos abiertos,NCM 8703 automóvil/turismo (default leve)
2026-02,LightVehicles,leve,FIAT,PULSE IMPETUS MILD,ICE,3,Aduana PY datos abiertos,NCM 8703 automóvil/turismo (default leve)
2026-02,LightVehicles,leve,HYUNDAI,NEW PALISADE CALLIGRAPHY AUT,HEV,3,Aduana PY datos abiertos,NCM 8703 automóvil/turismo (default leve)
2026-02,LightVehicles,leve,JAC,X200 CABINA SIMPLE,ICE,3,Aduana PY datos abiertos,NCM 8704.21 GVW≤5t pickup/camioneta
2026-02,LightVehicles,leve,MAHINDRA,XUV 3XO AX7,ICE,3,Aduana PY datos abiertos,NCM 8703 automóvil/turismo (default leve)
2026-02,LightVehicles,leve,MERCEDES-BENZ,GLE 450 D 4MATIC CON,ICE,3,Aduana PY datos abiertos,NCM 8703 automóvil/turismo (default leve)
2026-02,LightVehicles,leve,POLARIS,GEN-26,ICE,3,Aduana PY datos abiertos,NCM 8704.31 GVW≤5t pickup/camioneta
2026-02,LightVehicles,leve,SUBARU,WRX SDN WRX TS ES CVT VBHELB8 E3 RF,ICE,3,Aduana PY datos abiertos,NCM 8703 automóvil/turismo (default leve)
2026-02,LightVehicles,leve,TATA,XENON 2,ICE,3,Aduana PY datos abiertos,NCM 8704.21 GVW≤5t pickup/camioneta
2026-02,LightVehicles,pesado,ISUZU,NQR71L-LN5VAYN,ICE,3,Aduana PY datos abiertos,NCM 8704.22 typically GVW>5t
2026-02,LightVehicles,leve,AUDI,Q6 ETRON QUATTRO SB SLINE BP,BEV,2,Aduana PY datos abiertos,NCM 8703 automóvil/turismo (default leve)
2026-02,LightVehicles,leve,AUDI,Q6L,BEV,2,Aduana PY datos abiertos,NCM 8703 automóvil/turismo (default leve)
2026-02,LightVehicles,leve,AUDI,Q7 3,ICE,2,Aduana PY datos abiertos,NCM 8703 automóvil/turismo (default leve)
2026-02,LightVehicles,leve,BMW,X1 XDRIVE25E,PHEV,2,Aduana PY datos abiertos,NCM 8703 automóvil/turismo (default leve)
2026-02,LightVehicles,leve,BYD,YUAN PLUS,BEV,2,Aduana PY datos abiertos,NCM 8703 automóvil/turismo (default leve)
2026-02,LightVehicles,leve,CHANGAN,HUNTER,PHEV,2,Aduana PY datos abiertos,8704 + pickup/camioneta keyword
2026-02,LightVehicles,leve,CHEVROLET,NOVA MONTANA PREMIER II FLEX AT TURBO,ICE,2,Aduana PY datos abiertos,NCM 8704.31 GVW≤5t pickup/camioneta
2026-02,LightVehicles,leve,CHEVROLET,NOVA MONTANA RS FLEX AT TURBO,ICE,2,Aduana PY datos abiertos,NCM 8704.31 GVW≤5t pickup/camioneta
2026-02,LightVehicles,leve,CHEVROLET,ONIX HATCHBACK RS,ICE,2,Aduana PY datos abiertos,NCM 8703 automóvil/turismo (default leve)
2026-02,LightVehicles,leve,CHEVROLET,ONIX RS HB FLEX AT TURBO,ICE,2,Aduana PY datos abiertos,NCM 8703 automóvil/turismo (default leve)
2026-02,LightVehicles,leve,CHEVROLET,S10 CABINA DOBLE WORK TRUCK,ICE,2,Aduana PY datos abiertos,NCM 8704.21 GVW≤5t pickup/camioneta
2026-02,LightVehicles,leve,GAC,EMPOW 2,ICE,2,Aduana PY datos abiertos,NCM 8703 automóvil/turismo (default leve)
2026-02,LightVehicles,leve,IVECO,(sin modelo),ICE,2,Aduana PY datos abiertos,NCM 8704.21 GVW≤5t pickup/camioneta
2026-02,LightVehicles,leve,JAC,HFC1073EV2,BEV,2,Aduana PY datos abiertos,8704.60 electric goods vehicle (treated leve unless heavy)
2026-02,LightVehicles,leve,JAC,LD123,ICE,2,Aduana PY datos abiertos,NCM 8704.21 GVW≤5t pickup/camioneta
2026-02,LightVehicles,leve,JAC,LD250 CARGO BOX 2,ICE,2,Aduana PY datos abiertos,NCM 8704.21 GVW≤5t pickup/camioneta
2026-02,LightVehicles,leve,JEEP,WRANGLER 4-DOOR RUBICON,ICE,2,Aduana PY datos abiertos,NCM 8704.31 GVW≤5t pickup/camioneta
2026-02,LightVehicles,leve,KAWASAKI,MULE PRO,ICE,2,Aduana PY datos abiertos,NCM 8704.31 GVW≤5t pickup/camioneta
2026-02,LightVehicles,leve,LAND ROVER,DEFENDER,ICE,2,Aduana PY datos abiertos,NCM 8703 automóvil/turismo (default leve)
2026-02,LightVehicles,leve,LEXUS,RX500H,HEV,2,Aduana PY datos abiertos,NCM 8703 automóvil/turismo (default leve)
2026-02,LightVehicles,leve,MERCEDES-BENZ,2025,ICE,2,Aduana PY datos abiertos,NCM 8703 automóvil/turismo (default leve)
2026-02,LightVehicles,leve,MERCEDES-BENZ,GLE 300 D 4MATIC CON,ICE,2,Aduana PY datos abiertos,NCM 8703 automóvil/turismo (default leve)
2026-02,LightVehicles,leve,MITSUBISHI,MONTERO SPORT GLS SAM 2WD 2,ICE,2,Aduana PY datos abiertos,NCM 8703 automóvil/turismo (default leve)
2026-02,LightVehicles,leve,PORSCHE,CAYENNE,PHEV,2,Aduana PY datos abiertos,NCM 8703 automóvil/turismo (default leve)
2026-02,LightVehicles,leve,PORSCHE,MACAN T,ICE,2,Aduana PY datos abiertos,NCM 8703 automóvil/turismo (default leve)
2026-02,LightVehicles,leve,TOYOTA,ALPHARD 30,HEV,2,Aduana PY datos abiertos,passenger van/minibus (Hiace/Staria/…) counts as leve
2026-02,LightVehicles,leve,TOYOTA,LAND CRUISER PRADO,HEV,2,Aduana PY datos abiertos,NCM 8703 automóvil/turismo (default leve)
2026-02,LightVehicles,pesado,HYUNDAI,EX10,ICE,2,Aduana PY datos abiertos,NCM 8704.22 typically GVW>5t
2026-02,LightVehicles,pesado,HYUNDAI,EX6,ICE,2,Aduana PY datos abiertos,NCM 8704.22 typically GVW>5t
2026-02,LightVehicles,pesado,HYUNDAI,GT8,ICE,2,Aduana PY datos abiertos,NCM 8704.22 typically GVW>5t
2026-02,LightVehicles,pesado,HYUNDAI,GT9,ICE,2,Aduana PY datos abiertos,NCM 8704.22 typically GVW>5t
2026-02,LightVehicles,pesado,ISUZU,NPR71L-KJ5VAYN,ICE,2,Aduana PY datos abiertos,NCM 8704.22 typically GVW>5t
2026-02,LightVehicles,pesado,IVECO,(sin modelo),ICE,2,Aduana PY datos abiertos,NCM 8704.22 typically GVW>5t
2026-02,LightVehicles,pesado,IVECO,TECTOR 31- 280,ICE,2,Aduana PY datos abiertos,NCM 8704.23 typically GVW>5t
2026-02,LightVehicles,pesado,MITSUBISHI FUSO,2026,ICE,2,Aduana PY datos abiertos,NCM 8704.22 typically GVW>5t
2026-02,LightVehicles,pesado,SCANIA,114-340,ICE,2,Aduana PY datos abiertos,NCM 8704.23 typically GVW>5t
2026-02,LightVehicles,pesado,VOLKSWAGEN,9,ICE,2,Aduana PY datos abiertos,NCM 8704.22 typically GVW>5t
2026-02,LightVehicles,recreativo,JOHN DEERE,835E GATOR,ICE,2,Aduana PY datos abiertos,keyword ATV/UTV/carrito golf/snow
2026-02,LightVehicles,recreativo,KINGHIKE,HKEVXA4,ICE,2,Aduana PY datos abiertos,NCM 8703.10
2026-02,LightVehicles,recreativo,SIN MARCA,(sin modelo),ICE,2,Aduana PY datos abiertos,NCM 8703.10
2026-02,LightVehicles,leve,AUDI,(sin modelo),ICE,1,Aduana PY datos abiertos,NCM 8703 automóvil/turismo (default leve)
2026-02,LightVehicles,leve,AUDI,Q3 1,ICE,1,Aduana PY datos abiertos,NCM 8703 automóvil/turismo (default leve)
2026-02,LightVehicles,leve,AUDI,Q5 TDI,ICE,1,Aduana PY datos abiertos,NCM 8703 automóvil/turismo (default leve)
2026-02,LightVehicles,leve,BMW,330E LIMOUSINE,PHEV,1,Aduana PY datos abiertos,NCM 8703 automóvil/turismo (default leve)
2026-02,LightVehicles,leve,BMW,M135 XDRIVE HATCH,ICE,1,Aduana PY datos abiertos,NCM 8703 automóvil/turismo (default leve)
2026-02,LightVehicles,leve,BMW,M2 COUPE,ICE,1,Aduana PY datos abiertos,NCM 8703 automóvil/turismo (default leve)
2026-02,LightVehicles,leve,BMW,M340I XDRIVE LIMOUSINE,ICE,1,Aduana PY datos abiertos,NCM 8703 automóvil/turismo (default leve)
2026-02,LightVehicles,leve,BMW,X2 M35I XDRIVE,ICE,1,Aduana PY datos abiertos,NCM 8703 automóvil/turismo (default leve)
2026-02,LightVehicles,leve,BMW,X2 XDRIVE20I,ICE,1,Aduana PY datos abiertos,NCM 8703 automóvil/turismo (default leve)
2026-02,LightVehicles,leve,BMW,X3 20D XDRIVE,ICE,1,Aduana PY datos abiertos,NCM 8703 automóvil/turismo (default leve)
2026-02,LightVehicles,leve,BMW,X3 30E XDRIVE,PHEV,1,Aduana PY datos abiertos,NCM 8703 automóvil/turismo (default leve)
2026-02,LightVehicles,leve,BMW,X4 XDRIVE30I,ICE,1,Aduana PY datos abiertos,NCM 8703 automóvil/turismo (default leve)
2026-02,LightVehicles,leve,BMW,X5 XDRIVE30D,ICE,1,Aduana PY datos abiertos,NCM 8703 automóvil/turismo (default leve)
2026-02,LightVehicles,leve,BMW,X5 XDRIVE40I,ICE,1,Aduana PY datos abiertos,NCM 8703 automóvil/turismo (default leve)
2026-02,LightVehicles,leve,BMW,X6 M COMPETITION,ICE,1,Aduana PY datos abiertos,NCM 8703 automóvil/turismo (default leve)
2026-02,LightVehicles,leve,BMW,X7 XDRIVE40I,ICE,1,Aduana PY datos abiertos,NCM 8703 automóvil/turismo (default leve)
2026-02,LightVehicles,leve,BYD,LEOPARD 8,BEV,1,Aduana PY datos abiertos,NCM 8703 automóvil/turismo (default leve)
2026-02,LightVehicles,leve,BYD,SONG L,BEV,1,Aduana PY datos abiertos,NCM 8703 automóvil/turismo (default leve)
2026-02,LightVehicles,leve,BYD,SONG PLUS,BEV,1,Aduana PY datos abiertos,NCM 8703 automóvil/turismo (default leve)
2026-02,LightVehicles,leve,BYD,SONG PLUS,PHEV,1,Aduana PY datos abiertos,NCM 8703 automóvil/turismo (default leve)
2026-02,LightVehicles,leve,CHEVROLET,S10 WORK TRUCK,ICE,1,Aduana PY datos abiertos,NCM 8704.21 GVW≤5t pickup/camioneta
2026-02,LightVehicles,leve,CHEVROLET,S10 WT,ICE,1,Aduana PY datos abiertos,NCM 8704.21 GVW≤5t pickup/camioneta
2026-02,LightVehicles,leve,CHEVROLET,TRACKER PREMIER FLEX AT TURBO,ICE,1,Aduana PY datos abiertos,NCM 8703 automóvil/turismo (default leve)
2026-02,LightVehicles,leve,CHEVROLET,TRACKER RS FLEX AT TURBO,ICE,1,Aduana PY datos abiertos,NCM 8703 automóvil/turismo (default leve)
2026-02,LightVehicles,leve,CHEVROLET,TRAILBLAZER HIGH COUNTRY 2,ICE,1,Aduana PY datos abiertos,NCM 8703 automóvil/turismo (default leve)
2026-02,LightVehicles,leve,COUNTY,D3-J-1,BEV,1,Aduana PY datos abiertos,8704.60 electric goods vehicle (treated leve unless heavy)
2026-02,LightVehicles,leve,DONGFENG,AX7 E2,ICE,1,Aduana PY datos abiertos,NCM 8703 automóvil/turismo (default leve)
2026-02,LightVehicles,leve,DONGFENG,RICH6 MT LUX 4WD,ICE,1,Aduana PY datos abiertos,NCM 8704.21 GVW≤5t pickup/camioneta
2026-02,LightVehicles,leve,DONGFENG,RICH6 SC MT FULL 4WD,ICE,1,Aduana PY datos abiertos,NCM 8704.21 GVW≤5t pickup/camioneta
2026-02,LightVehicles,leve,FIAT,MOBI LIKE 1,ICE,1,Aduana PY datos abiertos,NCM 8703 automóvil/turismo (default leve)
2026-02,LightVehicles,leve,FIAT,STRADA FREEDOM D/C 1,ICE,1,Aduana PY datos abiertos,NCM 8704.31 GVW≤5t pickup/camioneta
2026-02,LightVehicles,leve,FIAT,STRADA ULTRA D/C 1,ICE,1,Aduana PY datos abiertos,NCM 8704.31 GVW≤5t pickup/camioneta
2026-02,LightVehicles,leve,FORD,BRONCO 2,ICE,1,Aduana PY datos abiertos,NCM 8703 automóvil/turismo (default leve)
2026-02,LightVehicles,leve,FORD,MUSTANG GT COUPE 5,ICE,1,Aduana PY datos abiertos,NCM 8703 automóvil/turismo (default leve)
2026-02,LightVehicles,leve,FORD,RANGER RAPTOR,ICE,1,Aduana PY datos abiertos,NCM 8704.31 GVW≤5t pickup/camioneta
2026-02,LightVehicles,leve,HISUN,(sin modelo),ICE,1,Aduana PY datos abiertos,NCM 8703 automóvil/turismo (default leve)
2026-02,LightVehicles,leve,HYUNDAI,ALL NEW TUCSON,HEV,1,Aduana PY datos abiertos,NCM 8703 automóvil/turismo (default leve)
2026-02,LightVehicles,leve,IVECO,50C14 DAILY,ICE,1,Aduana PY datos abiertos,NCM 8704.21 GVW≤5t pickup/camioneta
2026-02,LightVehicles,leve,JAC,X200 DOBLE CABINA,ICE,1,Aduana PY datos abiertos,NCM 8704.21 GVW≤5t pickup/camioneta
2026-02,LightVehicles,leve,KIA,TASMAN,ICE,1,Aduana PY datos abiertos,NCM 8704.31 GVW≤5t pickup/camioneta
2026-02,LightVehicles,leve,LAND ROVER,RANGE ROVER 3,ICE,1,Aduana PY datos abiertos,NCM 8703 automóvil/turismo (default leve)
2026-02,LightVehicles,leve,LEXUS,(sin modelo),BEV,1,Aduana PY datos abiertos,NCM 8703 automóvil/turismo (default leve)
2026-02,LightVehicles,leve,LEXUS,LX600D DIESEL AUT 3,ICE,1,Aduana PY datos abiertos,NCM 8703 automóvil/turismo (default leve)
2026-02,LightVehicles,leve,LEXUS,UX300H,HEV,1,Aduana PY datos abiertos,NCM 8703 automóvil/turismo (default leve)
2026-02,LightVehicles,leve,LINCOLN,NAVIGATOR,ICE,1,Aduana PY datos abiertos,NCM 8703 automóvil/turismo (default leve)
2026-02,LightVehicles,leve,LYNK CO,09,ICE,1,Aduana PY datos abiertos,NCM 8703 automóvil/turismo (default leve)
2026-02,LightVehicles,leve,MAHINDRA,XUV3XO,ICE,1,Aduana PY datos abiertos,NCM 8703 automóvil/turismo (default leve)
2026-02,LightVehicles,leve,MASERATI,(sin modelo),ICE,1,Aduana PY datos abiertos,NCM 8703 automóvil/turismo (default leve)
2026-02,LightVehicles,leve,MAZDA,CX-30,ICE,1,Aduana PY datos abiertos,NCM 8703 automóvil/turismo (default leve)
2026-02,LightVehicles,leve,MERCEDES-BENZ,914,ICE,1,Aduana PY datos abiertos,NCM 8704.21 GVW≤5t pickup/camioneta
2026-02,LightVehicles,leve,MERCEDES-BENZ,C300,ICE,1,Aduana PY datos abiertos,NCM 8703 automóvil/turismo (default leve)
2026-02,LightVehicles,leve,MERCEDES-BENZ,G 450 D,ICE,1,Aduana PY datos abiertos,NCM 8703 automóvil/turismo (default leve)
2026-02,LightVehicles,leve,MERCEDES-BENZ,GL320 CDI 4MATIC,ICE,1,Aduana PY datos abiertos,NCM 8703 automóvil/turismo (default leve)
2026-02,LightVehicles,leve,MERCEDES-BENZ,GLC 200 4MATIC COUPE,ICE,1,Aduana PY datos abiertos,NCM 8703 automóvil/turismo (default leve)
2026-02,LightVehicles,leve,MERCEDES-BENZ,GLC 220 D 4MATIC,ICE,1,Aduana PY datos abiertos,NCM 8703 automóvil/turismo (default leve)
2026-02,LightVehicles,leve,MERCEDES-BENZ,GLC300,ICE,1,Aduana PY datos abiertos,NCM 8703 automóvil/turismo (default leve)
2026-02,LightVehicles,leve,MERCEDES-BENZ,GLC350,ICE,1,Aduana PY datos abiertos,NCM 8703 automóvil/turismo (default leve)
2026-02,LightVehicles,leve,MERCEDES-BENZ,GLE 300 D 4MATIC COUPE CON,ICE,1,Aduana PY datos abiertos,NCM 8703 automóvil/turismo (default leve)
2026-02,LightVehicles,leve,MERCEDES-BENZ,GLS 450 D 4MATIC CON,ICE,1,Aduana PY datos abiertos,NCM 8703 automóvil/turismo (default leve)
2026-02,LightVehicles,leve,NISSAN,PATHFINDER LIMITED,ICE,1,Aduana PY datos abiertos,NCM 8703 automóvil/turismo (default leve)
2026-02,LightVehicles,leve,OPEL,VIVERO,ICE,1,Aduana PY datos abiertos,NCM 8704.21 GVW≤5t pickup/camioneta
2026-02,LightVehicles,leve,PEUGEOT,PEUGEOT 208 RALLY4,ICE,1,Aduana PY datos abiertos,NCM 8703 automóvil/turismo (default leve)
2026-02,LightVehicles,leve,PORSCHE,CAYENNE S,PHEV,1,Aduana PY datos abiertos,NCM 8703 automóvil/turismo (default leve)
2026-02,LightVehicles,leve,PORSCHE,MACAN 4S,BEV,1,Aduana PY datos abiertos,NCM 8703 automóvil/turismo (default leve)
2026-02,LightVehicles,leve,RAM,1500 REBEL CREW CAB,ICE,1,Aduana PY datos abiertos,NCM 8704.31 GVW≤5t pickup/camioneta
2026-02,LightVehicles,leve,SIN MARCA,AT 1,ICE,1,Aduana PY datos abiertos,NCM 8703 automóvil/turismo (default leve)
2026-02,LightVehicles,leve,SOUEAST,S06,ICE,1,Aduana PY datos abiertos,NCM 8703 automóvil/turismo (default leve)
2026-02,LightVehicles,leve,TOYOTA,4 RUNNER,HEV,1,Aduana PY datos abiertos,NCM 8703 automóvil/turismo (default leve)
2026-02,LightVehicles,leve,TOYOTA,CORLLA,ICE,1,Aduana PY datos abiertos,NCM 8703 automóvil/turismo (default leve)
2026-02,LightVehicles,leve,TOYOTA,EL,ICE,1,Aduana PY datos abiertos,NCM 8703 automóvil/turismo (default leve)
2026-02,LightVehicles,leve,TOYOTA,TACOMA,HEV,1,Aduana PY datos abiertos,8704 + pickup/camioneta keyword
2026-02,LightVehicles,leve,TOYOTA,TACOMA TRD ROAD HYBRYD,ICE,1,Aduana PY datos abiertos,8704 + pickup/camioneta keyword
2026-02,LightVehicles,leve,TOYOTA,TOWNACE,ICE,1,Aduana PY datos abiertos,NCM 8703 automóvil/turismo (default leve)
2026-02,LightVehicles,leve,TOYOTA,TUNDRA,HEV,1,Aduana PY datos abiertos,8704 + pickup/camioneta keyword
2026-02,LightVehicles,leve,VOLKSWAGEN,GOLF CABRIO,ICE,1,Aduana PY datos abiertos,NCM 8703 automóvil/turismo (default leve)
2026-02,LightVehicles,leve,VOLKSWAGEN,POLO COMFORTLINE 1,ICE,1,Aduana PY datos abiertos,NCM 8703 automóvil/turismo (default leve)
2026-02,LightVehicles,pesado,FOTON,AUMAN D,ICE,1,Aduana PY datos abiertos,NCM 8704.22 typically GVW>5t
2026-02,LightVehicles,pesado,MERCEDES-BENZ,1323,ICE,1,Aduana PY datos abiertos,NCM 8704.22 typically GVW>5t
2026-02,LightVehicles,pesado,MERCEDES-BENZ,1524,ICE,1,Aduana PY datos abiertos,NCM 8704.22 typically GVW>5t
2026-02,LightVehicles,pesado,MITSUBISHI,CANTER FUSO A/O,ICE,1,Aduana PY datos abiertos,NCM 8704.22 typically GVW>5t
2026-02,LightVehicles,pesado,SCANIA,113/360,ICE,1,Aduana PY datos abiertos,NCM 8704.23 typically GVW>5t
2026-02,LightVehicles,pesado,SCANIA,124/360,ICE,1,Aduana PY datos abiertos,NCM 8704.22 typically GVW>5t
2026-02,LightVehicles,pesado,SCANIA,93H/250,ICE,1,Aduana PY datos abiertos,NCM 8704.22 typically GVW>5t
2026-02,LightVehicles,pesado,SCANIA,R 143,ICE,1,Aduana PY datos abiertos,NCM 8704.22 typically GVW>5t
2026-02,LightVehicles,pesado,SCANIA.,(sin modelo),ICE,1,Aduana PY datos abiertos,NCM 8704.22 typically GVW>5t
2026-02,LightVehicles,recreativo,KINGHIKE,HKEV XA4,ICE,1,Aduana PY datos abiertos,NCM 8703.10
2026-03,LightVehicles,leve,TOYOTA,VITZ,ICE,7248,Aduana PY datos abiertos,NCM 8703 automóvil/turismo (default leve)
2026-03,LightVehicles,leve,KIA,SPORTAGE,ICE,4040,Aduana PY datos abiertos,NCM 8703 automóvil/turismo (default leve)
2026-03,LightVehicles,leve,TOYOTA,RACTIS,ICE,3908,Aduana PY datos abiertos,NCM 8703 automóvil/turismo (default leve)
2026-03,LightVehicles,leve,TOYOTA,AURIS,ICE,2394,Aduana PY datos abiertos,NCM 8703 automóvil/turismo (default leve)
2026-03,LightVehicles,leve,TOYOTA,(sin modelo),ICE,2188,Aduana PY datos abiertos,NCM 8703 automóvil/turismo (default leve)
2026-03,LightVehicles,leve,TOYOTA,ALLION,ICE,1499,Aduana PY datos abiertos,NCM 8703 automóvil/turismo (default leve)
2026-03,LightVehicles,leve,TOYOTA,WISH,ICE,1442,Aduana PY datos abiertos,NCM 8703 automóvil/turismo (default leve)
2026-03,LightVehicles,leve,TOYOTA,PREMIO,ICE,1330,Aduana PY datos abiertos,NCM 8703 automóvil/turismo (default leve)
2026-03,LightVehicles,leve,TOYOTA,SIENTA,ICE,1263,Aduana PY datos abiertos,NCM 8703 automóvil/turismo (default leve)
2026-03,LightVehicles,leve,TOYOTA,VOXY,ICE,1184,Aduana PY datos abiertos,passenger van/minibus (Hiace/Staria/…) counts as leve
2026-03,LightVehicles,leve,TOYOTA,NOAH,ICE,945,Aduana PY datos abiertos,passenger van/minibus (Hiace/Staria/…) counts as leve
2026-03,LightVehicles,leve,TOYOTA,IST,ICE,891,Aduana PY datos abiertos,NCM 8703 automóvil/turismo (default leve)
2026-03,LightVehicles,leve,HYUNDAI,SANTA FE,ICE,481,Aduana PY datos abiertos,NCM 8703 automóvil/turismo (default leve)
2026-03,LightVehicles,leve,MITSUBISHI,CANTER,ICE,470,Aduana PY datos abiertos,NCM 8704.21 GVW≤5t pickup/camioneta
2026-03,LightVehicles,leve,MITSUBISHI,(sin modelo),ICE,427,Aduana PY datos abiertos,NCM 8704.21 GVW≤5t pickup/camioneta
2026-03,LightVehicles,leve,HYUNDAI,(sin modelo),ICE,420,Aduana PY datos abiertos,NCM 8703 automóvil/turismo (default leve)
2026-03,LightVehicles,leve,TOYOTA,COROLLA,ICE,420,Aduana PY datos abiertos,NCM 8703 automóvil/turismo (default leve)
2026-03,LightVehicles,leve,CHEVROLET,(sin modelo),ICE,347,Aduana PY datos abiertos,NCM 8704.21 GVW≤5t pickup/camioneta
2026-03,LightVehicles,leve,TOYOTA,HILUX,ICE,341,Aduana PY datos abiertos,NCM 8704.21 GVW≤5t pickup/camioneta
2026-03,LightVehicles,leve,HYUNDAI,TUCSON,ICE,322,Aduana PY datos abiertos,NCM 8703 automóvil/turismo (default leve)
2026-03,LightVehicles,leve,TOYOTA,FUNCARGO,ICE,266,Aduana PY datos abiertos,NCM 8703 automóvil/turismo (default leve)
2026-03,LightVehicles,leve,SIN MARCA,(sin modelo),ICE,210,Aduana PY datos abiertos,NCM 8703 automóvil/turismo (default leve)
2026-03,LightVehicles,leve,TOYOTA,RUSH,ICE,198,Aduana PY datos abiertos,NCM 8703 automóvil/turismo (default leve)
2026-03,LightVehicles,leve,TOYOTA,COROLLA CROSS,HEV,188,Aduana PY datos abiertos,NCM 8703 automóvil/turismo (default leve)
2026-03,LightVehicles,leve,NISSAN,ATLAS,ICE,182,Aduana PY datos abiertos,NCM 8704.21 GVW≤5t pickup/camioneta
2026-03,LightVehicles,leve,NISSAN,(sin modelo),ICE,179,Aduana PY datos abiertos,NCM 8704.21 GVW≤5t pickup/camioneta
2026-03,LightVehicles,leve,GEELY,EMGRAND GX3 PRO,ICE,150,Aduana PY datos abiertos,NCM 8703 automóvil/turismo (default leve)
2026-03,LightVehicles,leve,TOYOTA,COROLLA AXIO,ICE,147,Aduana PY datos abiertos,NCM 8703 automóvil/turismo (default leve)
2026-03,LightVehicles,leve,TOYOTA,CROWN ATHLETE,ICE,147,Aduana PY datos abiertos,NCM 8703 automóvil/turismo (default leve)
2026-03,LightVehicles,leve,KIA,SONET,ICE,146,Aduana PY datos abiertos,NCM 8703 automóvil/turismo (default leve)
2026-03,LightVehicles,leve,SUBARU,(sin modelo),ICE,141,Aduana PY datos abiertos,NCM 8703 automóvil/turismo (default leve)
2026-03,LightVehicles,leve,KIA,SORENTO,ICE,140,Aduana PY datos abiertos,NCM 8703 automóvil/turismo (default leve)
2026-03,LightVehicles,leve,KIA,K5,ICE,126,Aduana PY datos abiertos,NCM 8703 automóvil/turismo (default leve)
2026-03,LightVehicles,leve,MITSUBISHI,CANTER GUTS,ICE,126,Aduana PY datos abiertos,NCM 8704.21 GVW≤5t pickup/camioneta
2026-03,LightVehicles,leve,TOYOTA,LAND CRUISER PRADO,ICE,124,Aduana PY datos abiertos,NCM 8703 automóvil/turismo (default leve)
2026-03,LightVehicles,leve,TOYOTA,BELTA,ICE,119,Aduana PY datos abiertos,NCM 8703 automóvil/turismo (default leve)
2026-03,LightVehicles,leve,KIA,(sin modelo),ICE,112,Aduana PY datos abiertos,NCM 8703 automóvil/turismo (default leve)
2026-03,LightVehicles,leve,HYUNDAI,NEW HB20 HATCH 1,ICE,105,Aduana PY datos abiertos,NCM 8703 automóvil/turismo (default leve)
2026-03,LightVehicles,leve,VOLKSWAGEN,TERA 1,ICE,100,Aduana PY datos abiertos,NCM 8703 automóvil/turismo (default leve)
2026-03,LightVehicles,leve,TOYOTA,ALLEX,ICE,98,Aduana PY datos abiertos,NCM 8703 automóvil/turismo (default leve)
2026-03,LightVehicles,leve,BYD,SONG PLUS,PHEV,89,Aduana PY datos abiertos,NCM 8703 automóvil/turismo (default leve)
2026-03,LightVehicles,leve,MG,(sin modelo),ICE,81,Aduana PY datos abiertos,NCM 8703 automóvil/turismo (default leve)
2026-03,LightVehicles,leve,VOLKSWAGEN,T-CROSS 1,ICE,80,Aduana PY datos abiertos,NCM 8703 automóvil/turismo (default leve)
2026-03,LightVehicles,leve,SUBARU,IMPREZA,ICE,78,Aduana PY datos abiertos,NCM 8703 automóvil/turismo (default leve)
2026-03,LightVehicles,leve,KIA,CARNIVAL,ICE,77,Aduana PY datos abiertos,passenger van/minibus (Hiace/Staria/…) counts as leve
2026-03,LightVehicles,leve,DAIHATSU,MOVE,ICE,72,Aduana PY datos abiertos,NCM 8703 automóvil/turismo (default leve)
2026-03,LightVehicles,leve,FIAT,PULSE DRIVE 1,ICE,72,Aduana PY datos abiertos,NCM 8703 automóvil/turismo (default leve)
2026-03,LightVehicles,leve,KIA,SPORTAGE,HEV,72,Aduana PY datos abiertos,NCM 8703 automóvil/turismo (default leve)
2026-03,LightVehicles,leve,SUZUKI,SWIFT,ICE,70,Aduana PY datos abiertos,NCM 8703 automóvil/turismo (default leve)
2026-03,LightVehicles,leve,HYUNDAI,ALL NEW TUCSON,ICE,67,Aduana PY datos abiertos,NCM 8703 automóvil/turismo (default leve)
2026-03,LightVehicles,leve,TOYOTA,LAND CRUISER,ICE,64,Aduana PY datos abiertos,NCM 8703 automóvil/turismo (default leve)
2026-03,LightVehicles,leve,MERCEDES-BENZ,ATEGO,ICE,56,Aduana PY datos abiertos,NCM 8704.21 GVW≤5t pickup/camioneta
2026-03,LightVehicles,leve,MERCEDES-BENZ,E350,ICE,56,Aduana PY datos abiertos,NCM 8703 automóvil/turismo (default leve)
2026-03,LightVehicles,leve,SUBARU,TREZIA,ICE,56,Aduana PY datos abiertos,NCM 8703 automóvil/turismo (default leve)
2026-03,LightVehicles,leve,HYUNDAI,NEW HB20S 1,ICE,55,Aduana PY datos abiertos,NCM 8703 automóvil/turismo (default leve)
2026-03,LightVehicles,leve,NISSAN,NEW KICKS 220T EXCLUSIVE 6 DCT - FLEX FLEX,ICE,55,Aduana PY datos abiertos,NCM 8703 automóvil/turismo (default leve)
2026-03,LightVehicles,leve,TOYOTA,RAIZE AUT,ICE,55,Aduana PY datos abiertos,NCM 8703 automóvil/turismo (default leve)
2026-03,LightVehicles,leve,CHERY,(sin modelo),ICE,51,Aduana PY datos abiertos,NCM 8703 automóvil/turismo (default leve)
2026-03,LightVehicles,leve,TOYOTA,FORTUNER,ICE,51,Aduana PY datos abiertos,NCM 8703 automóvil/turismo (default leve)
2026-03,LightVehicles,leve,HYUNDAI,PORTER II,ICE,50,Aduana PY datos abiertos,NCM 8704.21 GVW≤5t pickup/camioneta
2026-03,LightVehicles,leve,VOLKSWAGEN,SAVEIRO ROBUST DC 1,ICE,50,Aduana PY datos abiertos,NCM 8704.31 GVW≤5t pickup/camioneta
2026-03,LightVehicles,leve,BMW,(sin modelo),ICE,49,Aduana PY datos abiertos,NCM 8703 automóvil/turismo (default leve)
2026-03,LightVehicles,leve,HINO,DUTRO,ICE,49,Aduana PY datos abiertos,NCM 8704.21 GVW≤5t pickup/camioneta
2026-03,LightVehicles,leve,MAZDA,DEMIO,ICE,49,Aduana PY datos abiertos,NCM 8703 automóvil/turismo (default leve)
2026-03,LightVehicles,leve,NISSAN,MARCH,ICE,49,Aduana PY datos abiertos,NCM 8703 automóvil/turismo (default leve)
2026-03,LightVehicles,leve,TOYOTA,IQ,ICE,49,Aduana PY datos abiertos,NCM 8703 automóvil/turismo (default leve)
2026-03,LightVehicles,leve,TOYOTA,LEVIN,HEV,49,Aduana PY datos abiertos,NCM 8703 automóvil/turismo (default leve)
2026-03,LightVehicles,leve,TOYOTA,PRIUS,HEV,49,Aduana PY datos abiertos,NCM 8703 automóvil/turismo (default leve)
2026-03,LightVehicles,leve,NISSAN,FRONTIER DOBLE CABINA,ICE,44,Aduana PY datos abiertos,NCM 8704.21 GVW≤5t pickup/camioneta
2026-03,LightVehicles,leve,FORD,MUSTANG,ICE,42,Aduana PY datos abiertos,NCM 8703 automóvil/turismo (default leve)
2026-03,LightVehicles,leve,HONDA,(sin modelo),ICE,42,Aduana PY datos abiertos,NCM 8703 automóvil/turismo (default leve)
2026-03,LightVehicles,leve,MAZDA,CX-5,ICE,42,Aduana PY datos abiertos,NCM 8703 automóvil/turismo (default leve)
2026-03,LightVehicles,leve,TOYOTA,AXIO,ICE,42,Aduana PY datos abiertos,NCM 8703 automóvil/turismo (default leve)
2026-03,LightVehicles,leve,TOYOTA,HIACE,ICE,42,Aduana PY datos abiertos,passenger van/minibus (Hiace/Staria/…) counts as leve
2026-03,LightVehicles,leve,TOYOTA,SIENTA,HEV,42,Aduana PY datos abiertos,NCM 8703 automóvil/turismo (default leve)
2026-03,LightVehicles,leve,FIAT,STRADA FREEDOM D/C 1,ICE,41,Aduana PY datos abiertos,NCM 8704.31 GVW≤5t pickup/camioneta
2026-03,LightVehicles,leve,HYUNDAI,NEW CRETA COMFORT NAFTERO 1,ICE,40,Aduana PY datos abiertos,NCM 8703 automóvil/turismo (default leve)
2026-03,LightVehicles,leve,HYUNDAI,NEW GRAND I10,ICE,40,Aduana PY datos abiertos,NCM 8703 automóvil/turismo (default leve)
2026-03,LightVehicles,leve,KIA,SOLUTO,ICE,40,Aduana PY datos abiertos,NCM 8703 automóvil/turismo (default leve)
2026-03,LightVehicles,leve,FIAT,STRADA VOLCANO D/C 1,ICE,38,Aduana PY datos abiertos,NCM 8704.31 GVW≤5t pickup/camioneta
2026-03,LightVehicles,leve,MERCEDES-BENZ,2026,ICE,38,Aduana PY datos abiertos,NCM 8703 automóvil/turismo (default leve)
2026-03,LightVehicles,leve,DODGE,CHALLENGER,ICE,36,Aduana PY datos abiertos,NCM 8703 automóvil/turismo (default leve)
2026-03,LightVehicles,leve,XIAOMI,(sin modelo),BEV,36,Aduana PY datos abiertos,NCM 8703 automóvil/turismo (default leve)
2026-03,LightVehicles,leve,BMW,320D,ICE,35,Aduana PY datos abiertos,NCM 8703 automóvil/turismo (default leve)
2026-03,LightVehicles,leve,BMW,320I,ICE,35,Aduana PY datos abiertos,NCM 8703 automóvil/turismo (default leve)
2026-03,LightVehicles,leve,FORD,(sin modelo),ICE,35,Aduana PY datos abiertos,NCM 8703 automóvil/turismo (default leve)
2026-03,LightVehicles,leve,MERCEDES-BENZ,(sin modelo),ICE,35,Aduana PY datos abiertos,NCM 8703 automóvil/turismo (default leve)
2026-03,LightVehicles,leve,MITSUBISHI,CANTER FUSO,ICE,35,Aduana PY datos abiertos,NCM 8704.21 GVW≤5t pickup/camioneta
2026-03,LightVehicles,leve,TOYOTA,AQUA,HEV,35,Aduana PY datos abiertos,NCM 8703 automóvil/turismo (default leve)
2026-03,LightVehicles,leve,TOYOTA,AURIS,HEV,35,Aduana PY datos abiertos,NCM 8703 automóvil/turismo (default leve)
2026-03,LightVehicles,leve,TOYOTA,GRAND HIACE,ICE,35,Aduana PY datos abiertos,passenger van/minibus (Hiace/Staria/…) counts as leve
2026-03,LightVehicles,leve,KIA,K2700,ICE,34,Aduana PY datos abiertos,NCM 8704.21 GVW≤5t pickup/camioneta
2026-03,LightVehicles,leve,VOLKSWAGEN,(sin modelo),ICE,34,Aduana PY datos abiertos,NCM 8703 automóvil/turismo (default leve)
2026-03,LightVehicles,leve,CHANGAN,(sin modelo),ICE,31,Aduana PY datos abiertos,NCM 8703 automóvil/turismo (default leve)
2026-03,LightVehicles,leve,GEELY,COOLRAY,ICE,30,Aduana PY datos abiertos,NCM 8703 automóvil/turismo (default leve)
2026-03,LightVehicles,leve,KGM,TIVOLI,ICE,30,Aduana PY datos abiertos,NCM 8703 automóvil/turismo (default leve)
2026-03,LightVehicles,leve,TOYOTA,AGYA AUT,ICE,30,Aduana PY datos abiertos,NCM 8703 automóvil/turismo (default leve)
2026-03,LightVehicles,leve,TOYOTA,RUSH AUT,ICE,30,Aduana PY datos abiertos,NCM 8703 automóvil/turismo (default leve)
2026-03,LightVehicles,leve,VOLKSWAGEN,SAVEIRO ROBUST SC 1,ICE,30,Aduana PY datos abiertos,NCM 8704.31 GVW≤5t pickup/camioneta
2026-03,LightVehicles,leve,CFMOTO,2,ICE,29,Aduana PY datos abiertos,NCM 8703 automóvil/turismo (default leve)
2026-03,LightVehicles,leve,FIAT,STRADA ULTRA D/C 1,ICE,29,Aduana PY datos abiertos,NCM 8704.31 GVW≤5t pickup/camioneta
2026-03,LightVehicles,leve,TOYOTA,CROWN,ICE,29,Aduana PY datos abiertos,NCM 8703 automóvil/turismo (default leve)
2026-03,LightVehicles,leve,TOYOTA,YARIS CROSS,ICE,29,Aduana PY datos abiertos,NCM 8703 automóvil/turismo (default leve)
2026-03,LightVehicles,leve,BMW,X4,ICE,28,Aduana PY datos abiertos,NCM 8703 automóvil/turismo (default leve)
2026-03,LightVehicles,leve,GREATWALL,JOLION PRO,HEV,28,Aduana PY datos abiertos,NCM 8703 automóvil/turismo (default leve)
2026-03,LightVehicles,leve,HYUNDAI,ACCENT,ICE,28,Aduana PY datos abiertos,NCM 8703 automóvil/turismo (default leve)
2026-03,LightVehicles,leve,HYUNDAI,GRAND STAREX,ICE,28,Aduana PY datos abiertos,NCM 8703 automóvil/turismo (default leve)
2026-03,LightVehicles,leve,JEEP,WRANGLER,ICE,28,Aduana PY datos abiertos,NCM 8703 automóvil/turismo (default leve)
2026-03,LightVehicles,leve,MERCEDES-BENZ,814,ICE,28,Aduana PY datos abiertos,NCM 8704.21 GVW≤5t pickup/camioneta
2026-03,LightVehicles,leve,SUZUKI,(sin modelo),ICE,28,Aduana PY datos abiertos,NCM 8703 automóvil/turismo (default leve)
2026-03,LightVehicles,leve,TOYOTA,MARK X,ICE,28,Aduana PY datos abiertos,NCM 8703 automóvil/turismo (default leve)
2026-03,LightVehicles,pesado,MERCEDES-BENZ,ATEGO,ICE,28,Aduana PY datos abiertos,NCM 8704.22 typically GVW>5t
2026-03,LightVehicles,leve,ISUZU,ELO,ICE,27,Aduana PY datos abiertos,NCM 8704.21 GVW≤5t pickup/camioneta
2026-03,LightVehicles,leve,JETOUR,T1 PHEV,PHEV,25,Aduana PY datos abiertos,NCM 8703 automóvil/turismo (default leve)
2026-03,LightVehicles,leve,TOYOTA,YARIS CROSS,HEV,24,Aduana PY datos abiertos,NCM 8703 automóvil/turismo (default leve)
2026-03,LightVehicles,leve,FIAT,STRADA ENDURANCE C/P 1,ICE,23,Aduana PY datos abiertos,NCM 8704.31 GVW≤5t pickup/camioneta
2026-03,LightVehicles,leve,JETOUR,(sin modelo),ICE,23,Aduana PY datos abiertos,NCM 8703 automóvil/turismo (default leve)
2026-03,LightVehicles,leve,KIA,SORENTO,HEV,23,Aduana PY datos abiertos,NCM 8703 automóvil/turismo (default leve)
2026-03,LightVehicles,leve,VOLKSWAGEN,SAVEIRO EXTREME DC 1,ICE,23,Aduana PY datos abiertos,NCM 8704.31 GVW≤5t pickup/camioneta
2026-03,LightVehicles,leve,HYUNDAI,VENUE,ICE,22,Aduana PY datos abiertos,NCM 8703 automóvil/turismo (default leve)
2026-03,LightVehicles,leve,AUDI,Q7,ICE,21,Aduana PY datos abiertos,NCM 8703 automóvil/turismo (default leve)
2026-03,LightVehicles,leve,BMW,X3,ICE,21,Aduana PY datos abiertos,NCM 8703 automóvil/turismo (default leve)
2026-03,LightVehicles,leve,BMW,X6,ICE,21,Aduana PY datos abiertos,NCM 8703 automóvil/turismo (default leve)
2026-03,LightVehicles,leve,HYUNDAI,PALISADE,ICE,21,Aduana PY datos abiertos,NCM 8703 automóvil/turismo (default leve)
2026-03,LightVehicles,leve,ISUZU,ELF,ICE,21,Aduana PY datos abiertos,NCM 8704.21 GVW≤5t pickup/camioneta
2026-03,LightVehicles,leve,ISUZU,QMR77L-HH5AYN,ICE,21,Aduana PY datos abiertos,NCM 8704.21 GVW≤5t pickup/camioneta
2026-03,LightVehicles,leve,JEEP,(sin modelo),ICE,21,Aduana PY datos abiertos,NCM 8703 automóvil/turismo (default leve)
2026-03,LightVehicles,leve,JEEP,COMPASS SERIE S 1,ICE,21,Aduana PY datos abiertos,NCM 8703 automóvil/turismo (default leve)
2026-03,LightVehicles,leve,KIA,BONGO III,ICE,21,Aduana PY datos abiertos,NCM 8704.21 GVW≤5t pickup/camioneta
2026-03,LightVehicles,leve,MAZDA,(sin modelo),ICE,21,Aduana PY datos abiertos,NCM 8703 automóvil/turismo (default leve)
2026-03,LightVehicles,leve,MERCEDES-BENZ,C220 CDI,ICE,21,Aduana PY datos abiertos,NCM 8703 automóvil/turismo (default leve)
2026-03,LightVehicles,leve,MITSUBISHI,PAJERO,ICE,21,Aduana PY datos abiertos,NCM 8703 automóvil/turismo (default leve)
2026-03,LightVehicles,leve,NISSAN,FAIRLADY Z,ICE,21,Aduana PY datos abiertos,NCM 8703 automóvil/turismo (default leve)
2026-03,LightVehicles,leve,NISSAN,SKYLINE,ICE,21,Aduana PY datos abiertos,NCM 8703 automóvil/turismo (default leve)
2026-03,LightVehicles,leve,TOYOTA,FIELDER,ICE,21,Aduana PY datos abiertos,NCM 8703 automóvil/turismo (default leve)
2026-03,LightVehicles,leve,TOYOTA,GT86,ICE,21,Aduana PY datos abiertos,NCM 8703 automóvil/turismo (default leve)
2026-03,LightVehicles,leve,TOYOTA,HIACE SUPER CUSTOM,ICE,21,Aduana PY datos abiertos,passenger van/minibus (Hiace/Staria/…) counts as leve
2026-03,LightVehicles,leve,TOYOTA,LITEACE,ICE,21,Aduana PY datos abiertos,NCM 8703 automóvil/turismo (default leve)
2026-03,LightVehicles,leve,TOYOTA,TOYOACE,ICE,21,Aduana PY datos abiertos,NCM 8704.21 GVW≤5t pickup/camioneta
2026-03,LightVehicles,leve,TOYOTA,YARIS,ICE,21,Aduana PY datos abiertos,NCM 8703 automóvil/turismo (default leve)
2026-03,LightVehicles,leve,VOLKSWAGEN,GOLF,ICE,21,Aduana PY datos abiertos,NCM 8703 automóvil/turismo (default leve)
2026-03,LightVehicles,pesado,SCANIA,P270,ICE,21,Aduana PY datos abiertos,NCM 8704.22 typically GVW>5t
2026-03,LightVehicles,pesado,SCANIA,P94,ICE,21,Aduana PY datos abiertos,NCM 8704.22 typically GVW>5t
2026-03,LightVehicles,leve,FOTON,BJ1128VGJED-A TIPO,ICE,20,Aduana PY datos abiertos,NCM 8704.21 GVW≤5t pickup/camioneta
2026-03,LightVehicles,leve,GEELY,CITYRAY,ICE,20,Aduana PY datos abiertos,NCM 8703 automóvil/turismo (default leve)
2026-03,LightVehicles,leve,GEELY,COOLRAY LITE,ICE,20,Aduana PY datos abiertos,NCM 8703 automóvil/turismo (default leve)
2026-03,LightVehicles,leve,GREATWALL,NEW H6 PHEV,PHEV,20,Aduana PY datos abiertos,NCM 8703 automóvil/turismo (default leve)
2026-03,LightVehicles,pesado,ISUZU,NQR71L-LN5VAYN,ICE,20,Aduana PY datos abiertos,NCM 8704.22 typically GVW>5t
2026-03,LightVehicles,leve,SOUEAST,S06,PHEV,19,Aduana PY datos abiertos,NCM 8703 automóvil/turismo (default leve)
2026-03,LightVehicles,leve,TOYOTA,LAND CRUISER,HEV,19,Aduana PY datos abiertos,NCM 8703 automóvil/turismo (default leve)
2026-03,LightVehicles,leve,CHERY,T8 PRO 1,PHEV,18,Aduana PY datos abiertos,NCM 8703 automóvil/turismo (default leve)
2026-03,LightVehicles,leve,CHERY,T7 PRO 1,PHEV,17,Aduana PY datos abiertos,NCM 8703 automóvil/turismo (default leve)
2026-03,LightVehicles,leve,JEEP,COMPASS SPORT 1,ICE,17,Aduana PY datos abiertos,NCM 8703 automóvil/turismo (default leve)
2026-03,LightVehicles,leve,NISSAN,X-TRAIL E-POWER,HEV,17,Aduana PY datos abiertos,NCM 8703 automóvil/turismo (default leve)
2026-03,LightVehicles,pesado,MERCEDES-BENZ,815,ICE,17,Aduana PY datos abiertos,NCM 8704.22 typically GVW>5t
2026-03,LightVehicles,recreativo,BARMON,LT-A827,ICE,17,Aduana PY datos abiertos,NCM 8703.10
2026-03,LightVehicles,recreativo,CLUB CAR,(sin modelo),ICE,17,Aduana PY datos abiertos,NCM 8703.10
2026-03,LightVehicles,recreativo,FEST,3WHEEL RED 110V-240V,ICE,17,Aduana PY datos abiertos,NCM 8703.10
2026-03,LightVehicles,leve,CHEVROLET,ONIX LT HB FLEX AT TURBO,ICE,16,Aduana PY datos abiertos,NCM 8703 automóvil/turismo (default leve)
2026-03,LightVehicles,leve,CHEVROLET,SPARK EUV,BEV,16,Aduana PY datos abiertos,NCM 8703 automóvil/turismo (default leve)
2026-03,LightVehicles,leve,KIA,CARNIVAL,HEV,16,Aduana PY datos abiertos,passenger van/minibus (Hiace/Staria/…) counts as leve
2026-03,LightVehicles,leve,PEUGEOT,(sin modelo),ICE,16,Aduana PY datos abiertos,NCM 8703 automóvil/turismo (default leve)
2026-03,LightVehicles,leve,CHERY,T8 PRO 1,ICE,15,Aduana PY datos abiertos,NCM 8703 automóvil/turismo (default leve)
2026-03,LightVehicles,leve,KIA,K3,ICE,15,Aduana PY datos abiertos,NCM 8703 automóvil/turismo (default leve)
2026-03,LightVehicles,leve,MG,(sin modelo),PHEV,15,Aduana PY datos abiertos,NCM 8703 automóvil/turismo (default leve)
2026-03,LightVehicles,leve,MG,O,PHEV,15,Aduana PY datos abiertos,NCM 8703 automóvil/turismo (default leve)
2026-03,LightVehicles,leve,RAM,RAMPAGE LARAMIE 2,ICE,15,Aduana PY datos abiertos,NCM 8704.21 GVW≤5t pickup/camioneta
2026-03,LightVehicles,leve,TOYOTA,COROLLA,HEV,15,Aduana PY datos abiertos,NCM 8703 automóvil/turismo (default leve)
2026-03,LightVehicles,recreativo,FEST,3 WHITE 110V-240V,ICE,15,Aduana PY datos abiertos,NCM 8703.10
2026-03,LightVehicles,leve,BMW,520D,ICE,14,Aduana PY datos abiertos,NCM 8703 automóvil/turismo (default leve)
2026-03,LightVehicles,leve,BMW,X5,ICE,14,Aduana PY datos abiertos,NCM 8703 automóvil/turismo (default leve)
2026-03,LightVehicles,leve,DAIHATSU,MIRA,ICE,14,Aduana PY datos abiertos,NCM 8703 automóvil/turismo (default leve)
2026-03,LightVehicles,leve,DODGE,(sin modelo),ICE,14,Aduana PY datos abiertos,NCM 8703 automóvil/turismo (default leve)
2026-03,LightVehicles,leve,FIAT,FIORINO ENDURANCE 1,ICE,14,Aduana PY datos abiertos,NCM 8704.31 GVW≤5t pickup/camioneta
2026-03,LightVehicles,leve,FORD,BRONCO,ICE,14,Aduana PY datos abiertos,NCM 8703 automóvil/turismo (default leve)
2026-03,LightVehicles,leve,FORD,EXPLORER,ICE,14,Aduana PY datos abiertos,NCM 8703 automóvil/turismo (default leve)
2026-03,LightVehicles,leve,FORD,MUSTANG GT,ICE,14,Aduana PY datos abiertos,NCM 8703 automóvil/turismo (default leve)
2026-03,LightVehicles,leve,HYUNDAI,H-100,ICE,14,Aduana PY datos abiertos,NCM 8704.21 GVW≤5t pickup/camioneta
2026-03,LightVehicles,leve,HYUNDAI,MAXCRUZ,ICE,14,Aduana PY datos abiertos,NCM 8703 automóvil/turismo (default leve)
2026-03,LightVehicles,leve,HYUNDAI,TUCSON IX,ICE,14,Aduana PY datos abiertos,NCM 8703 automóvil/turismo (default leve)
2026-03,LightVehicles,leve,JETOUR,T2,PHEV,14,Aduana PY datos abiertos,NCM 8703 automóvil/turismo (default leve)
2026-03,LightVehicles,leve,MERCEDES-BENZ,ATEGO 818,ICE,14,Aduana PY datos abiertos,NCM 8704.21 GVW≤5t pickup/camioneta
2026-03,LightVehicles,leve,MERCEDES-BENZ,C200 CGI,ICE,14,Aduana PY datos abiertos,NCM 8703 automóvil/turismo (default leve)
2026-03,LightVehicles,leve,MERCEDES-BENZ,C250 A/O,ICE,14,Aduana PY datos abiertos,NCM 8703 automóvil/turismo (default leve)
2026-03,LightVehicles,leve,MERCEDES-BENZ,E220D A/O,ICE,14,Aduana PY datos abiertos,NCM 8703 automóvil/turismo (default leve)
2026-03,LightVehicles,leve,MERCEDES-BENZ,GLE 400,ICE,14,Aduana PY datos abiertos,NCM 8703 automóvil/turismo (default leve)
2026-03,LightVehicles,leve,MINI,COOPER,ICE,14,Aduana PY datos abiertos,NCM 8703 automóvil/turismo (default leve)
2026-03,LightVehicles,leve,MINI,COOPER S,ICE,14,Aduana PY datos abiertos,NCM 8703 automóvil/turismo (default leve)
2026-03,LightVehicles,leve,MITSUBISHI,CANTER T,ICE,14,Aduana PY datos abiertos,NCM 8704.21 GVW≤5t pickup/camioneta
2026-03,LightVehicles,leve,MITSUBISHI,ECLIPSE CROSS,ICE,14,Aduana PY datos abiertos,NCM 8703 automóvil/turismo (default leve)
2026-03,LightVehicles,leve,NISSAN,CONDOR,ICE,14,Aduana PY datos abiertos,NCM 8704.21 GVW≤5t pickup/camioneta
2026-03,LightVehicles,leve,NISSAN,DATSUN,ICE,14,Aduana PY datos abiertos,NCM 8704.21 GVW≤5t pickup/camioneta
2026-03,LightVehicles,leve,NISSAN,FIRELADY Z,ICE,14,Aduana PY datos abiertos,NCM 8703 automóvil/turismo (default leve)
2026-03,LightVehicles,leve,NISSAN,NOTE,ICE,14,Aduana PY datos abiertos,NCM 8703 automóvil/turismo (default leve)
2026-03,LightVehicles,leve,NISSAN,SILVIA,ICE,14,Aduana PY datos abiertos,NCM 8703 automóvil/turismo (default leve)
2026-03,LightVehicles,leve,NISSAN,VANETTE,ICE,14,Aduana PY datos abiertos,NCM 8704.21 GVW≤5t pickup/camioneta
2026-03,LightVehicles,leve,NISSAN,X-TRAIL,ICE,14,Aduana PY datos abiertos,NCM 8703 automóvil/turismo (default leve)
2026-03,LightVehicles,leve,NISSAN,YUKE,ICE,14,Aduana PY datos abiertos,NCM 8703 automóvil/turismo (default leve)
2026-03,LightVehicles,leve,PEUGEOT,LANDTREK ACTIVE 2,ICE,14,Aduana PY datos abiertos,NCM 8704.21 GVW≤5t pickup/camioneta
2026-03,LightVehicles,leve,SUBARU,IMPREZA WRX,ICE,14,Aduana PY datos abiertos,NCM 8703 automóvil/turismo (default leve)
2026-03,LightVehicles,leve,SUBARU,IMPREZA WRX STI,ICE,14,Aduana PY datos abiertos,NCM 8703 automóvil/turismo (default leve)
2026-03,LightVehicles,leve,TOYOTA,ALLION A O 2,ICE,14,Aduana PY datos abiertos,NCM 8703 automóvil/turismo (default leve)
2026-03,LightVehicles,leve,TOYOTA,AVENSIS,ICE,14,Aduana PY datos abiertos,NCM 8703 automóvil/turismo (default leve)
2026-03,LightVehicles,leve,TOYOTA,CALDINA,ICE,14,Aduana PY datos abiertos,NCM 8703 automóvil/turismo (default leve)
2026-03,LightVehicles,leve,TOYOTA,CROWN ROYAL SALOON,ICE,14,Aduana PY datos abiertos,NCM 8703 automóvil/turismo (default leve)
2026-03,LightVehicles,leve,TOYOTA,DYNA,ICE,14,Aduana PY datos abiertos,NCM 8704.21 GVW≤5t pickup/camioneta
2026-03,LightVehicles,leve,TOYOTA,ESQUIRE,ICE,14,Aduana PY datos abiertos,NCM 8703 automóvil/turismo (default leve)
2026-03,LightVehicles,leve,TOYOTA,FUNCARGO A O 2,ICE,14,Aduana PY datos abiertos,NCM 8703 automóvil/turismo (default leve)
2026-03,LightVehicles,leve,TOYOTA,ISIS PLATANA,ICE,14,Aduana PY datos abiertos,NCM 8703 automóvil/turismo (default leve)
2026-03,LightVehicles,leve,TOYOTA,NOAH,HEV,14,Aduana PY datos abiertos,passenger van/minibus (Hiace/Staria/…) counts as leve
2026-03,LightVehicles,leve,TOYOTA,PASSO,ICE,14,Aduana PY datos abiertos,NCM 8703 automóvil/turismo (default leve)
2026-03,LightVehicles,leve,TOYOTA,RAV4,HEV,14,Aduana PY datos abiertos,NCM 8703 automóvil/turismo (default leve)
2026-03,LightVehicles,leve,TOYOTA,RAV4,ICE,14,Aduana PY datos abiertos,NCM 8703 automóvil/turismo (default leve)
2026-03,LightVehicles,leve,TOYOTA,REGIUS,ICE,14,Aduana PY datos abiertos,NCM 8703 automóvil/turismo (default leve)
2026-03,LightVehicles,leve,TOYOTA,TOWNACE,ICE,14,Aduana PY datos abiertos,NCM 8703 automóvil/turismo (default leve)
2026-03,LightVehicles,leve,VOLKSWAGEN,JETTA,ICE,14,Aduana PY datos abiertos,NCM 8703 automóvil/turismo (default leve)
2026-03,LightVehicles,pesado,SCANIA,G420,ICE,14,Aduana PY datos abiertos,NCM 8704.22 typically GVW>5t
2026-03,LightVehicles,pesado,SCANIA,R420,ICE,14,Aduana PY datos abiertos,NCM 8704.22 typically GVW>5t
2026-03,LightVehicles,leve,AUDI,Q5 2,ICE,13,Aduana PY datos abiertos,NCM 8703 automóvil/turismo (default leve)
2026-03,LightVehicles,leve,CHEVROLET,S10 HIGH COUNTRY,ICE,13,Aduana PY datos abiertos,NCM 8704.21 GVW≤5t pickup/camioneta
2026-03,LightVehicles,leve,FORD,RANGER 3,ICE,13,Aduana PY datos abiertos,NCM 8704.21 GVW≤5t pickup/camioneta
2026-03,LightVehicles,leve,BYD,ATTO 8,PHEV,12,Aduana PY datos abiertos,NCM 8703 automóvil/turismo (default leve)
2026-03,LightVehicles,leve,CHEVROLET,CAPTIVA EV,BEV,12,Aduana PY datos abiertos,NCM 8703 automóvil/turismo (default leve)
2026-03,LightVehicles,leve,CHEVROLET,S10 CD WORK 2,ICE,12,Aduana PY datos abiertos,NCM 8704.21 GVW≤5t pickup/camioneta
2026-03,LightVehicles,leve,CHEVROLET,S10 CD Z71 2,ICE,12,Aduana PY datos abiertos,NCM 8704.21 GVW≤5t pickup/camioneta
2026-03,LightVehicles,leve,CHEVROLET,S10 CS WORK 2,ICE,12,Aduana PY datos abiertos,NCM 8704.21 GVW≤5t pickup/camioneta
2026-03,LightVehicles,leve,CHEVROLET,TRAILBLAZER HC 2,ICE,12,Aduana PY datos abiertos,NCM 8703 automóvil/turismo (default leve)
2026-03,LightVehicles,leve,JIM,(sin modelo),ICE,12,Aduana PY datos abiertos,NCM 8704.21 GVW≤5t pickup/camioneta
2026-03,LightVehicles,leve,NISSAN,QASHQAI SENSE,ICE,12,Aduana PY datos abiertos,NCM 8703 automóvil/turismo (default leve)
2026-03,LightVehicles,leve,AUDI,Q3 1,ICE,11,Aduana PY datos abiertos,NCM 8703 automóvil/turismo (default leve)
2026-03,LightVehicles,leve,BYD,(sin modelo),BEV,11,Aduana PY datos abiertos,NCM 8703 automóvil/turismo (default leve)
2026-03,LightVehicles,leve,FIAT,FASTBACK ABARTH 1,ICE,11,Aduana PY datos abiertos,NCM 8703 automóvil/turismo (default leve)
2026-03,LightVehicles,leve,KIA,K3 CROSS,ICE,11,Aduana PY datos abiertos,NCM 8703 automóvil/turismo (default leve)
2026-03,LightVehicles,leve,MAXUS,(sin modelo),ICE,11,Aduana PY datos abiertos,NCM 8704.21 GVW≤5t pickup/camioneta
2026-03,LightVehicles,leve,VOLKSWAGEN,NIVUS 1,ICE,11,Aduana PY datos abiertos,NCM 8703 automóvil/turismo (default leve)
2026-03,LightVehicles,leve,AVATR,2027,BEV,10,Aduana PY datos abiertos,NCM 8703 automóvil/turismo (default leve)
2026-03,LightVehicles,leve,CHANGAN,NEW CS35 MAX ELITE,ICE,10,Aduana PY datos abiertos,NCM 8703 automóvil/turismo (default leve)
2026-03,LightVehicles,leve,CHEVROLET,S10 CD LTZ 2,ICE,10,Aduana PY datos abiertos,NCM 8704.21 GVW≤5t pickup/camioneta
2026-03,LightVehicles,leve,CITROEN,(sin modelo),ICE,10,Aduana PY datos abiertos,NCM 8703 automóvil/turismo (default leve)
2026-03,LightVehicles,leve,FARIZON,H9E-8T,BEV,10,Aduana PY datos abiertos,8704 + pickup/camioneta keyword
2026-03,LightVehicles,leve,GAC,EMZOOM GB 1,ICE,10,Aduana PY datos abiertos,NCM 8703 automóvil/turismo (default leve)
2026-03,LightVehicles,leve,GREATWALL,(sin modelo),ICE,10,Aduana PY datos abiertos,NCM 8703 automóvil/turismo (default leve)
2026-03,LightVehicles,leve,HYUNDAI,ALL NEW TUCSON,HEV,10,Aduana PY datos abiertos,NCM 8703 automóvil/turismo (default leve)
2026-03,LightVehicles,leve,HYUNDAI,NEW KONA,HEV,10,Aduana PY datos abiertos,NCM 8703 automóvil/turismo (default leve)
2026-03,LightVehicles,leve,MG,(sin modelo),HEV,10,Aduana PY datos abiertos,NCM 8703 automóvil/turismo (default leve)
2026-03,LightVehicles,leve,NISSAN,X-TRAIL ICE SENSE,ICE,10,Aduana PY datos abiertos,NCM 8703 automóvil/turismo (default leve)
2026-03,LightVehicles,leve,VOLKSWAGEN,POLO TRACK 1,ICE,10,Aduana PY datos abiertos,NCM 8703 automóvil/turismo (default leve)
2026-03,LightVehicles,leve,VOLVO,XC90,PHEV,10,Aduana PY datos abiertos,NCM 8703 automóvil/turismo (default leve)
2026-03,LightVehicles,pesado,HINO,(sin modelo),ICE,10,Aduana PY datos abiertos,NCM 8704.22 typically GVW>5t
2026-03,LightVehicles,pesado,MITSUBISHI FUSO,2026,ICE,10,Aduana PY datos abiertos,NCM 8704.22 typically GVW>5t
2026-03,LightVehicles,leve,BYD,YUAN UP SMART DRIVING EDITION,BEV,9,Aduana PY datos abiertos,NCM 8703 automóvil/turismo (default leve)
2026-03,LightVehicles,leve,FARIZON,(sin modelo),BEV,9,Aduana PY datos abiertos,8704.60 electric goods vehicle (treated leve unless heavy)
2026-03,LightVehicles,leve,KIA,EV5,BEV,9,Aduana PY datos abiertos,NCM 8703 automóvil/turismo (default leve)
2026-03,LightVehicles,leve,KIA,TASMAN,ICE,9,Aduana PY datos abiertos,NCM 8704.21 GVW≤5t pickup/camioneta
2026-03,LightVehicles,leve,MERCEDES-BENZ,GLC300,ICE,9,Aduana PY datos abiertos,NCM 8703 automóvil/turismo (default leve)
2026-03,LightVehicles,leve,MERCEDES-BENZ,GLE350,ICE,9,Aduana PY datos abiertos,NCM 8703 automóvil/turismo (default leve)
2026-03,LightVehicles,leve,NISSAN,NEW KICKS 220T ADVANCE PLUS 6 DCT - FLEX FLEX,ICE,9,Aduana PY datos abiertos,NCM 8703 automóvil/turismo (default leve)
2026-03,LightVehicles,leve,TOYOTA,TACOMA,ICE,9,Aduana PY datos abiertos,NCM 8704.31 GVW≤5t pickup/camioneta
2026-03,LightVehicles,leve,CHEVROLET,(sin modelo),HEV,8,Aduana PY datos abiertos,NCM 8703 automóvil/turismo (default leve)
2026-03,LightVehicles,leve,CHEVROLET,SPARK EV,BEV,8,Aduana PY datos abiertos,NCM 8703 automóvil/turismo (default leve)
2026-03,LightVehicles,leve,CHEVROLET,TRACKER LTZ FLEX AT TURBO,ICE,8,Aduana PY datos abiertos,NCM 8703 automóvil/turismo (default leve)
2026-03,LightVehicles,leve,GAC,SE PICKUP C-MT STANDARD,ICE,8,Aduana PY datos abiertos,NCM 8704.31 GVW≤5t pickup/camioneta
2026-03,LightVehicles,leve,HYUNDAI,NEW CRETA PLATINUM NAFTERO 1,ICE,8,Aduana PY datos abiertos,NCM 8703 automóvil/turismo (default leve)
2026-03,LightVehicles,leve,HYUNDAI,NEW HB20 HATCH 16 NAFT AUTCON SUS ACCESORIOS CORRESPONDIENTE,ICE,8,Aduana PY datos abiertos,NCM 8703 automóvil/turismo (default leve)
2026-03,LightVehicles,leve,JETOUR,T2,ICE,8,Aduana PY datos abiertos,NCM 8703 automóvil/turismo (default leve)
2026-03,LightVehicles,leve,NISSAN,QASHQAI EXCLUSIVE,ICE,8,Aduana PY datos abiertos,NCM 8703 automóvil/turismo (default leve)
2026-03,LightVehicles,pesado,HYUNDAI,GT11,ICE,8,Aduana PY datos abiertos,NCM 8704.22 typically GVW>5t
2026-03,LightVehicles,pesado,MERCEDES-BENZ,ATEGO 815,ICE,8,Aduana PY datos abiertos,NCM 8704.22 typically GVW>5t
2026-03,LightVehicles,pesado,MERCEDES-BENZ,SPRINTER 311,ICE,8,Aduana PY datos abiertos,NCM 8704.22 typically GVW>5t
2026-03,LightVehicles,leve,AUDI,A3,ICE,7,Aduana PY datos abiertos,NCM 8703 automóvil/turismo (default leve)
2026-03,LightVehicles,leve,AUDI,A4,ICE,7,Aduana PY datos abiertos,NCM 8703 automóvil/turismo (default leve)
2026-03,LightVehicles,leve,AUDI,R8,ICE,7,Aduana PY datos abiertos,NCM 8703 automóvil/turismo (default leve)
2026-03,LightVehicles,leve,AUDI,RSQ8,ICE,7,Aduana PY datos abiertos,NCM 8703 automóvil/turismo (default leve)
2026-03,LightVehicles,leve,BMW,120I,ICE,7,Aduana PY datos abiertos,NCM 8703 automóvil/turismo (default leve)
2026-03,LightVehicles,leve,BMW,320 I,ICE,7,Aduana PY datos abiertos,NCM 8703 automóvil/turismo (default leve)
2026-03,LightVehicles,leve,BMW,328I,ICE,7,Aduana PY datos abiertos,NCM 8703 automóvil/turismo (default leve)
2026-03,LightVehicles,leve,BMW,335 I,ICE,7,Aduana PY datos abiertos,NCM 8703 automóvil/turismo (default leve)
2026-03,LightVehicles,leve,BMW,428I,ICE,7,Aduana PY datos abiertos,NCM 8703 automóvil/turismo (default leve)
2026-03,LightVehicles,leve,BMW,MINI COOPER COUNTRYMAN,ICE,7,Aduana PY datos abiertos,NCM 8703 automóvil/turismo (default leve)
2026-03,LightVehicles,leve,BMW,MINI COOPER S,ICE,7,Aduana PY datos abiertos,NCM 8703 automóvil/turismo (default leve)
2026-03,LightVehicles,leve,BMW,X1,ICE,7,Aduana PY datos abiertos,NCM 8703 automóvil/turismo (default leve)
2026-03,LightVehicles,leve,BMW,X5 XDRIVE50E,PHEV,7,Aduana PY datos abiertos,NCM 8703 automóvil/turismo (default leve)
2026-03,LightVehicles,leve,CFMOTO,CFORCE1000,ICE,7,Aduana PY datos abiertos,NCM 8703 automóvil/turismo (default leve)
2026-03,LightVehicles,leve,CHEVROLET,CAMARO SS,ICE,7,Aduana PY datos abiertos,NCM 8703 automóvil/turismo (default leve)
2026-03,LightVehicles,leve,CHEVROLET,CAMARO SS A/O,ICE,7,Aduana PY datos abiertos,NCM 8703 automóvil/turismo (default leve)
2026-03,LightVehicles,leve,CHEVROLET,CRUZE,ICE,7,Aduana PY datos abiertos,NCM 8703 automóvil/turismo (default leve)
2026-03,LightVehicles,leve,CHEVROLET,ELO,ICE,7,Aduana PY datos abiertos,NCM 8703 automóvil/turismo (default leve)
2026-03,LightVehicles,leve,CHEVROLET,TRACKER LTZ 1,ICE,7,Aduana PY datos abiertos,NCM 8703 automóvil/turismo (default leve)
2026-03,LightVehicles,leve,CITROEN,BERLINGO,ICE,7,Aduana PY datos abiertos,NCM 8704.21 GVW≤5t pickup/camioneta
2026-03,LightVehicles,leve,DAIHATSU,BEGO,ICE,7,Aduana PY datos abiertos,NCM 8703 automóvil/turismo (default leve)
2026-03,LightVehicles,leve,DODGE,CHALLENGER R/T,ICE,7,Aduana PY datos abiertos,NCM 8703 automóvil/turismo (default leve)
2026-03,LightVehicles,leve,DODGE,CHALLENGER SRT R/T SCATPACK,ICE,7,Aduana PY datos abiertos,NCM 8703 automóvil/turismo (default leve)
2026-03,LightVehicles,leve,DODGE,CHARGER,ICE,7,Aduana PY datos abiertos,NCM 8703 automóvil/turismo (default leve)
2026-03,LightVehicles,leve,FIAT,(sin modelo),ICE,7,Aduana PY datos abiertos,NCM 8703 automóvil/turismo (default leve)
2026-03,LightVehicles,leve,FIAT,500,ICE,7,Aduana PY datos abiertos,NCM 8703 automóvil/turismo (default leve)
2026-03,LightVehicles,leve,FIAT,BARCHETTA,ICE,7,Aduana PY datos abiertos,NCM 8703 automóvil/turismo (default leve)
2026-03,LightVehicles,leve,FORD,COACHMEN MIRADA,ICE,7,Aduana PY datos abiertos,NCM 8703 automóvil/turismo (default leve)
2026-03,LightVehicles,leve,FORD,F-150,ICE,7,Aduana PY datos abiertos,NCM 8704.31 GVW≤5t pickup/camioneta
2026-03,LightVehicles,leve,FORD,F-150 SUPERCAB 4,ICE,7,Aduana PY datos abiertos,NCM 8704.31 GVW≤5t pickup/camioneta
2026-03,LightVehicles,leve,FORD,F150 A O,ICE,7,Aduana PY datos abiertos,NCM 8704.31 GVW≤5t pickup/camioneta
2026-03,LightVehicles,leve,FORD,FLEX LIMITED,ICE,7,Aduana PY datos abiertos,NCM 8703 automóvil/turismo (default leve)
2026-03,LightVehicles,leve,FORD,FORD F-150 XL,ICE,7,Aduana PY datos abiertos,NCM 8704.31 GVW≤5t pickup/camioneta
2026-03,LightVehicles,leve,FORD,MAVERICK XLT,ICE,7,Aduana PY datos abiertos,NCM 8703 automóvil/turismo (default leve)
2026-03,LightVehicles,leve,FORD,TRANSIT,ICE,7,Aduana PY datos abiertos,NCM 8704.21 GVW≤5t pickup/camioneta
2026-03,LightVehicles,leve,GMC,DENALI SIERRA,ICE,7,Aduana PY datos abiertos,NCM 8704.21 GVW≤5t pickup/camioneta
2026-03,LightVehicles,leve,HINO,(sin modelo),ICE,7,Aduana PY datos abiertos,NCM 8704.21 GVW≤5t pickup/camioneta
2026-03,LightVehicles,leve,HONDA,CIVIC,ICE,7,Aduana PY datos abiertos,NCM 8703 automóvil/turismo (default leve)
2026-03,LightVehicles,leve,HUMMER,(sin modelo),ICE,7,Aduana PY datos abiertos,NCM 8704.31 GVW≤5t pickup/camioneta
2026-03,LightVehicles,leve,HUMMER,H2,ICE,7,Aduana PY datos abiertos,NCM 8703 automóvil/turismo (default leve)
2026-03,LightVehicles,leve,HYUNDAI,AVANTE,ICE,7,Aduana PY datos abiertos,NCM 8703 automóvil/turismo (default leve)
2026-03,LightVehicles,leve,HYUNDAI,COUNTY,ICE,7,Aduana PY datos abiertos,NCM 8703 automóvil/turismo (default leve)
2026-03,LightVehicles,leve,HYUNDAI,ELO,ICE,7,Aduana PY datos abiertos,NCM 8704.21 GVW≤5t pickup/camioneta
2026-03,LightVehicles,leve,HYUNDAI,H1,ICE,7,Aduana PY datos abiertos,NCM 8703 automóvil/turismo (default leve)
2026-03,LightVehicles,leve,HYUNDAI,I30,ICE,7,Aduana PY datos abiertos,NCM 8703 automóvil/turismo (default leve)
2026-03,LightVehicles,leve,HYUNDAI,NEW PALISADE LIMITED AUT,HEV,7,Aduana PY datos abiertos,NCM 8703 automóvil/turismo (default leve)
2026-03,LightVehicles,leve,HYUNDAI,STAREX,ICE,7,Aduana PY datos abiertos,NCM 8703 automóvil/turismo (default leve)
2026-03,LightVehicles,leve,HYUNDAI,VELOSTER,ICE,7,Aduana PY datos abiertos,NCM 8703 automóvil/turismo (default leve)
2026-03,LightVehicles,leve,INFINITI,(sin modelo),ICE,7,Aduana PY datos abiertos,NCM 8703 automóvil/turismo (default leve)
2026-03,LightVehicles,leve,ISUZU,RODEO,ICE,7,Aduana PY datos abiertos,NCM 8703 automóvil/turismo (default leve)
2026-03,LightVehicles,leve,JAGUAR,F-PACE,ICE,7,Aduana PY datos abiertos,NCM 8703 automóvil/turismo (default leve)
2026-03,LightVehicles,leve,JEEP,DALLAS,ICE,7,Aduana PY datos abiertos,NCM 8703 automóvil/turismo (default leve)
2026-03,LightVehicles,leve,JEEP,RUBICON,ICE,7,Aduana PY datos abiertos,NCM 8703 automóvil/turismo (default leve)
2026-03,LightVehicles,leve,JEEP,TOLEDO,ICE,7,Aduana PY datos abiertos,NCM 8703 automóvil/turismo (default leve)
2026-03,LightVehicles,leve,JEEP,WRANGLER SPORT,ICE,7,Aduana PY datos abiertos,NCM 8703 automóvil/turismo (default leve)
2026-03,LightVehicles,leve,KIA,K5,HEV,7,Aduana PY datos abiertos,NCM 8703 automóvil/turismo (default leve)
2026-03,LightVehicles,leve,KIA,OPTIMA,ICE,7,Aduana PY datos abiertos,NCM 8703 automóvil/turismo (default leve)
2026-03,LightVehicles,leve,KIA,SPPORTAGE,ICE,7,Aduana PY datos abiertos,NCM 8703 automóvil/turismo (default leve)
2026-03,LightVehicles,leve,LAND ROVER,RANGE ROVER VELAR,ICE,7,Aduana PY datos abiertos,NCM 8703 automóvil/turismo (default leve)
2026-03,LightVehicles,leve,LEXUS,GS450H AMHO MOD,ICE,7,Aduana PY datos abiertos,NCM 8703 automóvil/turismo (default leve)
2026-03,LightVehicles,leve,MAZDA,CX-30,ICE,7,Aduana PY datos abiertos,NCM 8703 automóvil/turismo (default leve)
2026-03,LightVehicles,leve,MAZDA,TITAN,ICE,7,Aduana PY datos abiertos,NCM 8704.21 GVW≤5t pickup/camioneta
2026-03,LightVehicles,leve,MERCEDES-BENZ,428,ICE,7,Aduana PY datos abiertos,NCM 8704.21 GVW≤5t pickup/camioneta
2026-03,LightVehicles,leve,MERCEDES-BENZ,500SE,ICE,7,Aduana PY datos abiertos,NCM 8703 automóvil/turismo (default leve)
2026-03,LightVehicles,leve,MERCEDES-BENZ,AMG GT ZO,ICE,7,Aduana PY datos abiertos,NCM 8703 automóvil/turismo (default leve)
2026-03,LightVehicles,leve,MERCEDES-BENZ,AMG GT43 4MATIC,ICE,7,Aduana PY datos abiertos,NCM 8703 automóvil/turismo (default leve)
2026-03,LightVehicles,leve,MERCEDES-BENZ,ATEGO 815,ICE,7,Aduana PY datos abiertos,NCM 8704.21 GVW≤5t pickup/camioneta
2026-03,LightVehicles,leve,MERCEDES-BENZ,ATEGO ATEGO,ICE,7,Aduana PY datos abiertos,NCM 8704.21 GVW≤5t pickup/camioneta
2026-03,LightVehicles,leve,MERCEDES-BENZ,C 220 D,ICE,7,Aduana PY datos abiertos,NCM 8703 automóvil/turismo (default leve)
2026-03,LightVehicles,leve,MERCEDES-BENZ,C200,ICE,7,Aduana PY datos abiertos,NCM 8703 automóvil/turismo (default leve)
2026-03,LightVehicles,leve,MERCEDES-BENZ,C220,ICE,7,Aduana PY datos abiertos,NCM 8703 automóvil/turismo (default leve)
2026-03,LightVehicles,leve,MERCEDES-BENZ,C230,ICE,7,Aduana PY datos abiertos,NCM 8703 automóvil/turismo (default leve)
2026-03,LightVehicles,leve,MERCEDES-BENZ,C250,ICE,7,Aduana PY datos abiertos,NCM 8703 automóvil/turismo (default leve)
2026-03,LightVehicles,leve,MERCEDES-BENZ,C300,ICE,7,Aduana PY datos abiertos,NCM 8703 automóvil/turismo (default leve)
2026-03,LightVehicles,leve,MERCEDES-BENZ,CLA 250,ICE,7,Aduana PY datos abiertos,NCM 8703 automóvil/turismo (default leve)
2026-03,LightVehicles,leve,MERCEDES-BENZ,CLA45 S,ICE,7,Aduana PY datos abiertos,NCM 8703 automóvil/turismo (default leve)
2026-03,LightVehicles,leve,MERCEDES-BENZ,CLK 320,ICE,7,Aduana PY datos abiertos,NCM 8703 automóvil/turismo (default leve)
2026-03,LightVehicles,leve,MERCEDES-BENZ,CLS 550,ICE,7,Aduana PY datos abiertos,NCM 8703 automóvil/turismo (default leve)
2026-03,LightVehicles,leve,MERCEDES-BENZ,CLS53 AMG A/O,ICE,7,Aduana PY datos abiertos,NCM 8703 automóvil/turismo (default leve)
2026-03,LightVehicles,leve,MERCEDES-BENZ,CLS63 AMG,ICE,7,Aduana PY datos abiertos,NCM 8703 automóvil/turismo (default leve)
2026-03,LightVehicles,leve,MERCEDES-BENZ,E 220 BLUE TEC,ICE,7,Aduana PY datos abiertos,NCM 8703 automóvil/turismo (default leve)
2026-03,LightVehicles,leve,MERCEDES-BENZ,E300,ICE,7,Aduana PY datos abiertos,NCM 8703 automóvil/turismo (default leve)
2026-03,LightVehicles,leve,MERCEDES-BENZ,E300D A/O,ICE,7,Aduana PY datos abiertos,NCM 8703 automóvil/turismo (default leve)
2026-03,LightVehicles,leve,MERCEDES-BENZ,E320,ICE,7,Aduana PY datos abiertos,NCM 8703 automóvil/turismo (default leve)
2026-03,LightVehicles,leve,MERCEDES-BENZ,E320 CDI A/O,ICE,7,Aduana PY datos abiertos,NCM 8703 automóvil/turismo (default leve)
2026-03,LightVehicles,leve,MERCEDES-BENZ,E63 AMG,ICE,7,Aduana PY datos abiertos,NCM 8703 automóvil/turismo (default leve)
2026-03,LightVehicles,leve,MERCEDES-BENZ,ELO,ICE,7,Aduana PY datos abiertos,NCM 8703 automóvil/turismo (default leve)
2026-03,LightVehicles,leve,MERCEDES-BENZ,G63,ICE,7,Aduana PY datos abiertos,NCM 8703 automóvil/turismo (default leve)
2026-03,LightVehicles,leve,MERCEDES-BENZ,GLA 200 CDI,ICE,7,Aduana PY datos abiertos,NCM 8703 automóvil/turismo (default leve)
2026-03,LightVehicles,leve,MERCEDES-BENZ,GLA 250,ICE,7,Aduana PY datos abiertos,NCM 8703 automóvil/turismo (default leve)
2026-03,LightVehicles,leve,MERCEDES-BENZ,GLA250,ICE,7,Aduana PY datos abiertos,NCM 8703 automóvil/turismo (default leve)
2026-03,LightVehicles,leve,MERCEDES-BENZ,GLE 350D COUPE MOVIDO A DIESEL,ICE,7,Aduana PY datos abiertos,NCM 8703 automóvil/turismo (default leve)
2026-03,LightVehicles,leve,MERCEDES-BENZ,GLE 550E,ICE,7,Aduana PY datos abiertos,NCM 8703 automóvil/turismo (default leve)
2026-03,LightVehicles,leve,MERCEDES-BENZ,ML 350 BLUETEC,ICE,7,Aduana PY datos abiertos,NCM 8703 automóvil/turismo (default leve)
2026-03,LightVehicles,leve,MERCEDES-BENZ,ML350,ICE,7,Aduana PY datos abiertos,NCM 8703 automóvil/turismo (default leve)
2026-03,LightVehicles,leve,MERCEDES-BENZ,R350 4MATIC,ICE,7,Aduana PY datos abiertos,NCM 8703 automóvil/turismo (default leve)
2026-03,LightVehicles,leve,MERCEDES-BENZ,S550,ICE,7,Aduana PY datos abiertos,NCM 8703 automóvil/turismo (default leve)
2026-03,LightVehicles,leve,MERCEDES-BENZ,SL 600,ICE,7,Aduana PY datos abiertos,NCM 8703 automóvil/turismo (default leve)
2026-03,LightVehicles,leve,MERCEDES-BENZ,SLK55 AMG,ICE,7,Aduana PY datos abiertos,NCM 8703 automóvil/turismo (default leve)
2026-03,LightVehicles,leve,MINI,ONE,ICE,7,Aduana PY datos abiertos,NCM 8703 automóvil/turismo (default leve)
2026-03,LightVehicles,leve,MINI,ROVER,ICE,7,Aduana PY datos abiertos,NCM 8703 automóvil/turismo (default leve)
2026-03,LightVehicles,leve,MITSUBISHI,CANTER ALO,ICE,7,Aduana PY datos abiertos,NCM 8704.21 GVW≤5t pickup/camioneta
2026-03,LightVehicles,leve,MITSUBISHI,EO CANTER GUTS,ICE,7,Aduana PY datos abiertos,NCM 8704.21 GVW≤5t pickup/camioneta
2026-03,LightVehicles,leve,MITSUBISHI,FUSO,ICE,7,Aduana PY datos abiertos,NCM 8704.21 GVW≤5t pickup/camioneta
2026-03,LightVehicles,leve,MITSUBISHI,FUSO CANTER,ICE,7,Aduana PY datos abiertos,NCM 8704.21 GVW≤5t pickup/camioneta
2026-03,LightVehicles,leve,MITSUBISHI,FUSO CANTER GUTS,ICE,7,Aduana PY datos abiertos,NCM 8704.21 GVW≤5t pickup/camioneta
2026-03,LightVehicles,leve,MITSUBISHI,FUSO TRUCK,ICE,7,Aduana PY datos abiertos,NCM 8704.21 GVW≤5t pickup/camioneta
2026-03,LightVehicles,leve,MITSUBISHI,MINICAB TRUCK,ICE,7,Aduana PY datos abiertos,NCM 8704.21 GVW≤5t pickup/camioneta
2026-03,LightVehicles,leve,MONACO,ULO,ICE,7,Aduana PY datos abiertos,NCM 8703 automóvil/turismo (default leve)
2026-03,LightVehicles,leve,NISSAN,300ZX,ICE,7,Aduana PY datos abiertos,NCM 8703 automóvil/turismo (default leve)
2026-03,LightVehicles,leve,NISSAN,ARMADA,ICE,7,Aduana PY datos abiertos,NCM 8703 automóvil/turismo (default leve)
2026-03,LightVehicles,leve,NISSAN,CARAVAN,ICE,7,Aduana PY datos abiertos,NCM 8704.21 GVW≤5t pickup/camioneta
2026-03,LightVehicles,leve,NISSAN,FUGA,ICE,7,Aduana PY datos abiertos,NCM 8703 automóvil/turismo (default leve)
2026-03,LightVehicles,leve,NISSAN,NAVARA,ICE,7,Aduana PY datos abiertos,NCM 8704.21 GVW≤5t pickup/camioneta
2026-03,LightVehicles,leve,NISSAN,QASHQAI ADVANCE,ICE,7,Aduana PY datos abiertos,NCM 8703 automóvil/turismo (default leve)
2026-03,LightVehicles,leve,NISSAN,TERRANO,ICE,7,Aduana PY datos abiertos,NCM 8703 automóvil/turismo (default leve)
2026-03,LightVehicles,leve,NISSAN,TIIDA,ICE,7,Aduana PY datos abiertos,NCM 8703 automóvil/turismo (default leve)
2026-03,LightVehicles,leve,PEUGEOT,208 RALLY 4,ICE,7,Aduana PY datos abiertos,NCM 8703 automóvil/turismo (default leve)
2026-03,LightVehicles,leve,PORSCHE,BOXSTER S,ICE,7,Aduana PY datos abiertos,NCM 8703 automóvil/turismo (default leve)
2026-03,LightVehicles,leve,PORSCHE,CAYENNE,ICE,7,Aduana PY datos abiertos,NCM 8703 automóvil/turismo (default leve)
2026-03,LightVehicles,leve,PORSCHE,ELO,ICE,7,Aduana PY datos abiertos,NCM 8703 automóvil/turismo (default leve)
2026-03,LightVehicles,leve,RENAULT,CLIO,ICE,7,Aduana PY datos abiertos,NCM 8703 automóvil/turismo (default leve)
2026-03,LightVehicles,leve,SCANIA,ATEGO 818,ICE,7,Aduana PY datos abiertos,NCM 8704.21 GVW≤5t pickup/camioneta
2026-03,LightVehicles,leve,SCANIA,P320,ICE,7,Aduana PY datos abiertos,NCM 8704.21 GVW≤5t pickup/camioneta
2026-03,LightVehicles,leve,SCANIA,P94,ICE,7,Aduana PY datos abiertos,NCM 8704.21 GVW≤5t pickup/camioneta
2026-03,LightVehicles,leve,SCANIA,R94-310,ICE,7,Aduana PY datos abiertos,NCM 8704.21 GVW≤5t pickup/camioneta
2026-03,LightVehicles,leve,SEAT,IBIZA,ICE,7,Aduana PY datos abiertos,NCM 8703 automóvil/turismo (default leve)
2026-03,LightVehicles,leve,SSANGYONG,(sin modelo),ICE,7,Aduana PY datos abiertos,NCM 8703 automóvil/turismo (default leve)
2026-03,LightVehicles,leve,SUBARU,IMPRESA,ICE,7,Aduana PY datos abiertos,NCM 8703 automóvil/turismo (default leve)
2026-03,LightVehicles,leve,SUBARU,IMPREZA WRX S4,ICE,7,Aduana PY datos abiertos,NCM 8703 automóvil/turismo (default leve)
2026-03,LightVehicles,leve,SUBARU,IMPREZA WRX STI A-LINE,ICE,7,Aduana PY datos abiertos,NCM 8703 automóvil/turismo (default leve)
2026-03,LightVehicles,leve,SUBARU,VX,ICE,7,Aduana PY datos abiertos,NCM 8703 automóvil/turismo (default leve)
2026-03,LightVehicles,leve,SUBARU,WRX A/O,ICE,7,Aduana PY datos abiertos,NCM 8703 automóvil/turismo (default leve)
2026-03,LightVehicles,leve,SUZUKI,ALTO,ICE,7,Aduana PY datos abiertos,NCM 8703 automóvil/turismo (default leve)
2026-03,LightVehicles,leve,SUZUKI,JIMNY,ICE,7,Aduana PY datos abiertos,NCM 8703 automóvil/turismo (default leve)
2026-03,LightVehicles,leve,TOYOTA,4RUNNER,ICE,7,Aduana PY datos abiertos,NCM 8703 automóvil/turismo (default leve)
2026-03,LightVehicles,leve,TOYOTA,86GT,ICE,7,Aduana PY datos abiertos,NCM 8703 automóvil/turismo (default leve)
2026-03,LightVehicles,leve,TOYOTA,ALLION 2,ICE,7,Aduana PY datos abiertos,NCM 8703 automóvil/turismo (default leve)
2026-03,LightVehicles,leve,TOYOTA,AQUA,ICE,7,Aduana PY datos abiertos,NCM 8703 automóvil/turismo (default leve)
2026-03,LightVehicles,leve,TOYOTA,ATLAS,ICE,7,Aduana PY datos abiertos,NCM 8704.21 GVW≤5t pickup/camioneta
2026-03,LightVehicles,leve,TOYOTA,C SPACIO,ICE,7,Aduana PY datos abiertos,NCM 8703 automóvil/turismo (default leve)
2026-03,LightVehicles,leve,TOYOTA,CAMRY,ICE,7,Aduana PY datos abiertos,NCM 8703 automóvil/turismo (default leve)
2026-03,LightVehicles,leve,TOYOTA,CANTER T,ICE,7,Aduana PY datos abiertos,NCM 8704.21 GVW≤5t pickup/camioneta
2026-03,LightVehicles,leve,TOYOTA,COLOLLA RUMION,ICE,7,Aduana PY datos abiertos,NCM 8703 automóvil/turismo (default leve)
2026-03,LightVehicles,leve,TOYOTA,CORLLA SE,ICE,7,Aduana PY datos abiertos,NCM 8703 automóvil/turismo (default leve)
2026-03,LightVehicles,leve,TOYOTA,COROLLA CROSS,ICE,7,Aduana PY datos abiertos,NCM 8703 automóvil/turismo (default leve)
2026-03,LightVehicles,leve,TOYOTA,COROLLA FIELDER,ICE,7,Aduana PY datos abiertos,NCM 8703 automóvil/turismo (default leve)
2026-03,LightVehicles,leve,TOYOTA,CORSA,ICE,7,Aduana PY datos abiertos,NCM 8703 automóvil/turismo (default leve)
2026-03,LightVehicles,leve,TOYOTA,COWN,ICE,7,Aduana PY datos abiertos,NCM 8703 automóvil/turismo (default leve)
2026-03,LightVehicles,leve,TOYOTA,CROWN ROYAL,ICE,7,Aduana PY datos abiertos,NCM 8703 automóvil/turismo (default leve)
2026-03,LightVehicles,leve,TOYOTA,FRONTLANDER,HEV,7,Aduana PY datos abiertos,NCM 8703 automóvil/turismo (default leve)
2026-03,LightVehicles,leve,TOYOTA,GR 86,ICE,7,Aduana PY datos abiertos,NCM 8703 automóvil/turismo (default leve)
2026-03,LightVehicles,leve,TOYOTA,HIACE REGIUS,ICE,7,Aduana PY datos abiertos,passenger van/minibus (Hiace/Staria/…) counts as leve
2026-03,LightVehicles,leve,TOYOTA,HIACE SUPER GL,ICE,7,Aduana PY datos abiertos,passenger van/minibus (Hiace/Staria/…) counts as leve
2026-03,LightVehicles,leve,TOYOTA,HIACE V,ICE,7,Aduana PY datos abiertos,passenger van/minibus (Hiace/Staria/…) counts as leve
2026-03,LightVehicles,leve,TOYOTA,HILUZ SURF,ICE,7,Aduana PY datos abiertos,NCM 8703 automóvil/turismo (default leve)
2026-03,LightVehicles,leve,TOYOTA,ISIS,ICE,7,Aduana PY datos abiertos,NCM 8703 automóvil/turismo (default leve)
2026-03,LightVehicles,leve,TOYOTA,PLATZ,ICE,7,Aduana PY datos abiertos,NCM 8703 automóvil/turismo (default leve)
2026-03,LightVehicles,leve,TOYOTA,PREMIO A O 2,ICE,7,Aduana PY datos abiertos,NCM 8703 automóvil/turismo (default leve)
2026-03,LightVehicles,leve,TOYOTA,RACTS,ICE,7,Aduana PY datos abiertos,NCM 8703 automóvil/turismo (default leve)
2026-03,LightVehicles,leve,TOYOTA,REGIUS ACE,ICE,7,Aduana PY datos abiertos,NCM 8704.21 GVW≤5t pickup/camioneta
2026-03,LightVehicles,leve,TOYOTA,REGIUS ACE VAN,ICE,7,Aduana PY datos abiertos,NCM 8703 automóvil/turismo (default leve)
2026-03,LightVehicles,leve,TOYOTA,SOARER,ICE,7,Aduana PY datos abiertos,NCM 8703 automóvil/turismo (default leve)
2026-03,LightVehicles,leve,TOYOTA,SPRINTER TRUENO,ICE,7,Aduana PY datos abiertos,passenger van/minibus (Hiace/Staria/…) counts as leve
2026-03,LightVehicles,leve,TOYOTA,STARLET REFLET,ICE,7,Aduana PY datos abiertos,NCM 8703 automóvil/turismo (default leve)
2026-03,LightVehicles,leve,TOYOTA,TOWNACE NOAHANHO,ICE,7,Aduana PY datos abiertos,NCM 8703 automóvil/turismo (default leve)
2026-03,LightVehicles,leve,TOYOTA,VELLFIRE,ICE,7,Aduana PY datos abiertos,passenger van/minibus (Hiace/Staria/…) counts as leve
2026-03,LightVehicles,leve,TOYOTA,VOXY,HEV,7,Aduana PY datos abiertos,passenger van/minibus (Hiace/Staria/…) counts as leve
2026-03,LightVehicles,leve,TOYOTA,WISH NAFTERO,ICE,7,Aduana PY datos abiertos,NCM 8703 automóvil/turismo (default leve)
2026-03,LightVehicles,leve,VOLKSWAGEN,BEETLE,ICE,7,Aduana PY datos abiertos,NCM 8703 automóvil/turismo (default leve)
2026-03,LightVehicles,leve,VOLKSWAGEN,CC,ICE,7,Aduana PY datos abiertos,NCM 8703 automóvil/turismo (default leve)
2026-03,LightVehicles,leve,VOLKSWAGEN,CORRADO,ICE,7,Aduana PY datos abiertos,NCM 8703 automóvil/turismo (default leve)
2026-03,LightVehicles,leve,VOLKSWAGEN,GOLF GTI A/O,ICE,7,Aduana PY datos abiertos,NCM 8703 automóvil/turismo (default leve)
2026-03,LightVehicles,leve,VOLKSWAGEN,GOLF TSI,ICE,7,Aduana PY datos abiertos,NCM 8703 automóvil/turismo (default leve)
2026-03,LightVehicles,leve,VOLKSWAGEN,KARMAN GHIA CABRIOLET,ICE,7,Aduana PY datos abiertos,NCM 8703 automóvil/turismo (default leve)
2026-03,LightVehicles,leve,VOLKSWAGEN,KARMANN GHIA,ICE,7,Aduana PY datos abiertos,NCM 8703 automóvil/turismo (default leve)
2026-03,LightVehicles,leve,VOLKSWAGEN,PASSAT,ICE,7,Aduana PY datos abiertos,NCM 8703 automóvil/turismo (default leve)
2026-03,LightVehicles,leve,VOLVO,XC90,ICE,7,Aduana PY datos abiertos,NCM 8703 automóvil/turismo (default leve)
2026-03,LightVehicles,leve,XIAOMI,YU7,BEV,7,Aduana PY datos abiertos,NCM 8703 automóvil/turismo (default leve)
2026-03,LightVehicles,pesado,MAN,8-225,ICE,7,Aduana PY datos abiertos,NCM 8704.22 typically GVW>5t
2026-03,LightVehicles,pesado,MERCEDES-BENZ,(sin modelo),ICE,7,Aduana PY datos abiertos,NCM 8704.22 typically GVW>5t
2026-03,LightVehicles,pesado,MERCEDES-BENZ,1317,ICE,7,Aduana PY datos abiertos,NCM 8704.22 typically GVW>5t
2026-03,LightVehicles,pesado,MERCEDES-BENZ,ELO,ICE,7,Aduana PY datos abiertos,NCM 8704.22 typically GVW>5t
2026-03,LightVehicles,pesado,MITSUBISHI,CANTER,ICE,7,Aduana PY datos abiertos,NCM 8704.22 typically GVW>5t
2026-03,LightVehicles,pesado,MITSUBISHI,CANTER FUSO,ICE,7,Aduana PY datos abiertos,NCM 8704.22 typically GVW>5t
2026-03,LightVehicles,pesado,NISSAN,CABSTAR,ICE,7,Aduana PY datos abiertos,NCM 8704.22 typically GVW>5t
2026-03,LightVehicles,pesado,SCANIA,113 - 360,ICE,7,Aduana PY datos abiertos,NCM 8704.22 typically GVW>5t
2026-03,LightVehicles,pesado,SCANIA,113 320 6X2,ICE,7,Aduana PY datos abiertos,NCM 8704.22 typically GVW>5t
2026-03,LightVehicles,pesado,SCANIA,113 360 6X6,ICE,7,Aduana PY datos abiertos,NCM 8704.22 typically GVW>5t
2026-03,LightVehicles,pesado,SCANIA,124G,ICE,7,Aduana PY datos abiertos,NCM 8704.22 typically GVW>5t
2026-03,LightVehicles,pesado,SCANIA,94 - 260,ICE,7,Aduana PY datos abiertos,NCM 8704.22 typically GVW>5t
2026-03,LightVehicles,pesado,SCANIA,P310,ICE,7,Aduana PY datos abiertos,NCM 8704.23 typically GVW>5t
2026-03,LightVehicles,pesado,SCANIA,P360,ICE,7,Aduana PY datos abiertos,NCM 8704.23 typically GVW>5t
2026-03,LightVehicles,pesado,SCANIA,P380,ICE,7,Aduana PY datos abiertos,NCM 8704.23 typically GVW>5t
2026-03,LightVehicles,pesado,SCANIA,P82,ICE,7,Aduana PY datos abiertos,NCM 8704.22 typically GVW>5t
2026-03,LightVehicles,pesado,SCANIA,R124,ICE,7,Aduana PY datos abiertos,NCM 8704.22 typically GVW>5t
2026-03,LightVehicles,recreativo,EXCAR,(sin modelo),ICE,7,Aduana PY datos abiertos,NCM 8703.10
2026-03,LightVehicles,recreativo,YAMAHA,YFS200RL,ICE,7,Aduana PY datos abiertos,keyword ATV/UTV/carrito golf/snow
2026-03,LightVehicles,leve,BAIC,(sin modelo),ICE,6,Aduana PY datos abiertos,NCM 8703 automóvil/turismo (default leve)
2026-03,LightVehicles,leve,BMW,X1 SDRIVE18I,ICE,6,Aduana PY datos abiertos,NCM 8703 automóvil/turismo (default leve)
2026-03,LightVehicles,leve,CHEVROLET,CAPTIVA PREMIER EV AT,BEV,6,Aduana PY datos abiertos,NCM 8703 automóvil/turismo (default leve)
2026-03,LightVehicles,leve,CHEVROLET,S10 CD HC 2,ICE,6,Aduana PY datos abiertos,NCM 8704.21 GVW≤5t pickup/camioneta
2026-03,LightVehicles,leve,CHEVROLET,S10 Z71,ICE,6,Aduana PY datos abiertos,NCM 8704.21 GVW≤5t pickup/camioneta
2026-03,LightVehicles,leve,CHEVROLET,TRACKER LITE FLEX AT TURBO,ICE,6,Aduana PY datos abiertos,NCM 8703 automóvil/turismo (default leve)
2026-03,LightVehicles,leve,DEEPAL,DEEPAL MODELO,PHEV,6,Aduana PY datos abiertos,NCM 8703 automóvil/turismo (default leve)
2026-03,LightVehicles,leve,GAC,SE PICKUP C-MT COMFORT,ICE,6,Aduana PY datos abiertos,NCM 8704.31 GVW≤5t pickup/camioneta
2026-03,LightVehicles,leve,GEELY,STARRAY,ICE,6,Aduana PY datos abiertos,NCM 8703 automóvil/turismo (default leve)
2026-03,LightVehicles,leve,LAND ROVER,RANGE ROVER SPORT 3,ICE,6,Aduana PY datos abiertos,NCM 8703 automóvil/turismo (default leve)
2026-03,LightVehicles,leve,MINI,(sin modelo),BEV,6,Aduana PY datos abiertos,NCM 8703 automóvil/turismo (default leve)
2026-03,LightVehicles,leve,NISSAN,FRONTIER CABINA SIMPLE,ICE,6,Aduana PY datos abiertos,NCM 8704.21 GVW≤5t pickup/camioneta
2026-03,LightVehicles,pesado,HYUNDAI,GT8,ICE,6,Aduana PY datos abiertos,NCM 8704.22 typically GVW>5t
2026-03,LightVehicles,pesado,SINOTRUK,(sin modelo),ICE,6,Aduana PY datos abiertos,NCM 8704.23 typically GVW>5t
2026-03,LightVehicles,recreativo,CFMOTO,2,ICE,6,Aduana PY datos abiertos,keyword ATV/UTV/carrito golf/snow
2026-03,LightVehicles,leve,CHEVROLET,SILVERADO Z71,ICE,5,Aduana PY datos abiertos,NCM 8704.21 GVW≤5t pickup/camioneta
2026-03,LightVehicles,leve,CHEVROLET,TRACKER LITE 1,ICE,5,Aduana PY datos abiertos,NCM 8703 automóvil/turismo (default leve)
2026-03,LightVehicles,leve,FORD,RANGER 2,ICE,5,Aduana PY datos abiertos,NCM 8704.21 GVW≤5t pickup/camioneta
2026-03,LightVehicles,leve,JETOUR,G700 PHEV,PHEV,5,Aduana PY datos abiertos,NCM 8703 automóvil/turismo (default leve)
2026-03,LightVehicles,leve,LEXUS,(sin modelo),HEV,5,Aduana PY datos abiertos,NCM 8703 automóvil/turismo (default leve)
2026-03,LightVehicles,leve,LEXUS,RX350H,HEV,5,Aduana PY datos abiertos,NCM 8703 automóvil/turismo (default leve)
2026-03,LightVehicles,leve,BMW,X6 XDRIVE30D M SPORT,ICE,4,Aduana PY datos abiertos,NCM 8703 automóvil/turismo (default leve)
2026-03,LightVehicles,leve,CHEVROLET,TRACKER PREMIER 1,ICE,4,Aduana PY datos abiertos,NCM 8703 automóvil/turismo (default leve)
2026-03,LightVehicles,leve,CHEVROLET,TRACKER RS FLEX AT TURBO,ICE,4,Aduana PY datos abiertos,NCM 8703 automóvil/turismo (default leve)
2026-03,LightVehicles,leve,FARIZON,V6E-SSTA,ICE,4,Aduana PY datos abiertos,8704 + pickup/camioneta keyword
2026-03,LightVehicles,leve,FORD,RANGER RAPTOR DC 3,ICE,4,Aduana PY datos abiertos,NCM 8704.31 GVW≤5t pickup/camioneta
2026-03,LightVehicles,leve,GAC,AION ES SD EV,BEV,4,Aduana PY datos abiertos,NCM 8703 automóvil/turismo (default leve)
2026-03,LightVehicles,leve,GAC,EMKOO GL 2,HEV,4,Aduana PY datos abiertos,NCM 8703 automóvil/turismo (default leve)
2026-03,LightVehicles,leve,GAC,GS4 MAX GB 1,ICE,4,Aduana PY datos abiertos,NCM 8703 automóvil/turismo (default leve)
2026-03,LightVehicles,leve,GAC,GS4 MAX GL 1,ICE,4,Aduana PY datos abiertos,NCM 8703 automóvil/turismo (default leve)
2026-03,LightVehicles,leve,GAC,GS8 2,HEV,4,Aduana PY datos abiertos,NCM 8703 automóvil/turismo (default leve)
2026-03,LightVehicles,leve,ISUZU,QLR77L-EE1AYN,ICE,4,Aduana PY datos abiertos,NCM 8704.21 GVW≤5t pickup/camioneta
2026-03,LightVehicles,leve,JAC,REFINE RF8,PHEV,4,Aduana PY datos abiertos,NCM 8703 automóvil/turismo (default leve)
2026-03,LightVehicles,leve,JEEP,WRANGLER 4-DOOR RUBICON,ICE,4,Aduana PY datos abiertos,NCM 8703 automóvil/turismo (default leve)
2026-03,LightVehicles,leve,LAND ROVER,DEFENDER,ICE,4,Aduana PY datos abiertos,NCM 8703 automóvil/turismo (default leve)
2026-03,LightVehicles,leve,LAND ROVER,DEFENDER,PHEV,4,Aduana PY datos abiertos,NCM 8703 automóvil/turismo (default leve)
2026-03,LightVehicles,leve,LYNK CO,09,ICE,4,Aduana PY datos abiertos,NCM 8703 automóvil/turismo (default leve)
2026-03,LightVehicles,leve,SAIC MAXUS,DANA V1,ICE,4,Aduana PY datos abiertos,8704.60 electric goods vehicle (treated leve unless heavy)
2026-03,LightVehicles,leve,TOYOTA,LAND CRUISER PRADO,HEV,4,Aduana PY datos abiertos,NCM 8703 automóvil/turismo (default leve)
2026-03,LightVehicles,leve,WULING,MINIEV LZW7001EVD1,BEV,4,Aduana PY datos abiertos,NCM 8703 automóvil/turismo (default leve)
2026-03,LightVehicles,pesado,ISUZU,FRR90SL-NAN,ICE,4,Aduana PY datos abiertos,NCM 8704.22 typically GVW>5t
2026-03,LightVehicles,pesado,ISUZU,NPR71L-KJ5VAYN,ICE,4,Aduana PY datos abiertos,NCM 8704.22 typically GVW>5t
2026-03,LightVehicles,leve,BMW,(sin modelo),PHEV,3,Aduana PY datos abiertos,NCM 8703 automóvil/turismo (default leve)
2026-03,LightVehicles,leve,BMW,X3 20,ICE,3,Aduana PY datos abiertos,NCM 8703 automóvil/turismo (default leve)
2026-03,LightVehicles,leve,CHANGAN,M201 FURGON CARGO,ICE,3,Aduana PY datos abiertos,NCM 8704.31 GVW≤5t pickup/camioneta
2026-03,LightVehicles,leve,CHANGAN,MS201 DOBLE CABINA,ICE,3,Aduana PY datos abiertos,NCM 8704.31 GVW≤5t pickup/camioneta
2026-03,LightVehicles,leve,CHEVROLET,MONTANA LS,ICE,3,Aduana PY datos abiertos,NCM 8704.31 GVW≤5t pickup/camioneta
2026-03,LightVehicles,leve,CHEVROLET,TRACKER LITE,ICE,3,Aduana PY datos abiertos,NCM 8703 automóvil/turismo (default leve)
2026-03,LightVehicles,leve,FIAT,FASTBACK IMPETUS MILD,ICE,3,Aduana PY datos abiertos,NCM 8703 automóvil/turismo (default leve)
2026-03,LightVehicles,leve,GAC,EMZOOM GL 1,ICE,3,Aduana PY datos abiertos,NCM 8703 automóvil/turismo (default leve)
2026-03,LightVehicles,leve,HYUNDAI,NEW PALISADE CALLIGRAPHY AUT,HEV,3,Aduana PY datos abiertos,NCM 8703 automóvil/turismo (default leve)
2026-03,LightVehicles,leve,HYUNDAI,STARIA,ICE,3,Aduana PY datos abiertos,passenger van/minibus (Hiace/Staria/…) counts as leve
2026-03,LightVehicles,leve,JAC,X200 CABINA SIMPLE,ICE,3,Aduana PY datos abiertos,NCM 8704.21 GVW≤5t pickup/camioneta
2026-03,LightVehicles,leve,LAND ROVER,RANGE ROVER SPORT 3,PHEV,3,Aduana PY datos abiertos,NCM 8703 automóvil/turismo (default leve)
2026-03,LightVehicles,leve,MERCEDES-BENZ,GLC 200 4MATIC COUPE CON,ICE,3,Aduana PY datos abiertos,NCM 8703 automóvil/turismo (default leve)
2026-03,LightVehicles,leve,MERCEDES-BENZ,GLE 300 D 4MATIC COUPE CON,ICE,3,Aduana PY datos abiertos,NCM 8703 automóvil/turismo (default leve)
2026-03,LightVehicles,leve,MINI,(sin modelo),ICE,3,Aduana PY datos abiertos,NCM 8703 automóvil/turismo (default leve)
2026-03,LightVehicles,leve,NISSAN,NEW KICKS 220T SENSE 6 DCT - FLEX FLEX,ICE,3,Aduana PY datos abiertos,NCM 8703 automóvil/turismo (default leve)
2026-03,LightVehicles,leve,NISSAN,QASHQAI ADVANCE PLUS,ICE,3,Aduana PY datos abiertos,NCM 8703 automóvil/turismo (default leve)
2026-03,LightVehicles,leve,RENAULT,(sin modelo),ICE,3,Aduana PY datos abiertos,NCM 8704.31 GVW≤5t pickup/camioneta
2026-03,LightVehicles,leve,TOYOTA,4RUNNER,HEV,3,Aduana PY datos abiertos,NCM 8703 automóvil/turismo (default leve)
2026-03,LightVehicles,leve,WULING,(sin modelo),BEV,3,Aduana PY datos abiertos,NCM 8703 automóvil/turismo (default leve)
2026-03,LightVehicles,pesado,MERCEDES-BENZ,814,ICE,3,Aduana PY datos abiertos,NCM 8704.22 typically GVW>5t
2026-03,LightVehicles,pesado,MERCEDES-BENZ,817,ICE,3,Aduana PY datos abiertos,NCM 8704.22 typically GVW>5t
2026-03,LightVehicles,leve,AUDI,E5,BEV,2,Aduana PY datos abiertos,NCM 8703 automóvil/turismo (default leve)
2026-03,LightVehicles,leve,BMW,X3 30E XDRIVE,PHEV,2,Aduana PY datos abiertos,NCM 8703 automóvil/turismo (default leve)
2026-03,LightVehicles,leve,BMW,X4 XDRIVE20I,ICE,2,Aduana PY datos abiertos,NCM 8703 automóvil/turismo (default leve)
2026-03,LightVehicles,leve,BMW,X5 XDRIVE30D,ICE,2,Aduana PY datos abiertos,NCM 8703 automóvil/turismo (default leve)
2026-03,LightVehicles,leve,CHANGAN,M60 11 PASAJEROS,ICE,2,Aduana PY datos abiertos,NCM 8703 automóvil/turismo (default leve)
2026-03,LightVehicles,leve,CHANGAN,M60 FURGON,ICE,2,Aduana PY datos abiertos,NCM 8704.31 GVW≤5t pickup/camioneta
2026-03,LightVehicles,leve,CHANGAN,MD 201 CABINA SIMPLE,ICE,2,Aduana PY datos abiertos,NCM 8704.31 GVW≤5t pickup/camioneta
2026-03,LightVehicles,leve,CHANGAN,NEW CS75 PLUS,ICE,2,Aduana PY datos abiertos,NCM 8703 automóvil/turismo (default leve)
2026-03,LightVehicles,leve,CHEVROLET,MONTANA LT,ICE,2,Aduana PY datos abiertos,NCM 8704.31 GVW≤5t pickup/camioneta
2026-03,LightVehicles,leve,CHEVROLET,ONIX PREMIER HB FLEX AT TURBO,ICE,2,Aduana PY datos abiertos,NCM 8703 automóvil/turismo (default leve)
2026-03,LightVehicles,leve,CHEVROLET,ONIX RS HB FLEX AT TURBO,ICE,2,Aduana PY datos abiertos,NCM 8703 automóvil/turismo (default leve)
2026-03,LightVehicles,leve,CHEVROLET,TRACKER PREMIER FLEX AT TURBO,ICE,2,Aduana PY datos abiertos,NCM 8703 automóvil/turismo (default leve)
2026-03,LightVehicles,leve,GAC,AION Y PLUS HB EV,BEV,2,Aduana PY datos abiertos,NCM 8703 automóvil/turismo (default leve)
2026-03,LightVehicles,leve,GAC,AION Y PLUS HIGH HB EV,BEV,2,Aduana PY datos abiertos,NCM 8703 automóvil/turismo (default leve)
2026-03,LightVehicles,leve,HYUNDAI,NEW HB20S 16 NAFT ATCON SUS ACCESORIOS CORRESPONDIENTES,ICE,2,Aduana PY datos abiertos,NCM 8703 automóvil/turismo (default leve)
2026-03,LightVehicles,leve,IVECO,(sin modelo),ICE,2,Aduana PY datos abiertos,NCM 8704.21 GVW≤5t pickup/camioneta
2026-03,LightVehicles,leve,JAC,JS4 1,ICE,2,Aduana PY datos abiertos,NCM 8703 automóvil/turismo (default leve)
2026-03,LightVehicles,leve,JAC,T9 ADVANCE LUXURY,ICE,2,Aduana PY datos abiertos,NCM 8704.21 GVW≤5t pickup/camioneta
2026-03,LightVehicles,leve,JAC,X200 DOBLE CABINA,ICE,2,Aduana PY datos abiertos,NCM 8704.21 GVW≤5t pickup/camioneta
2026-03,LightVehicles,leve,KIA,SELTOS,ICE,2,Aduana PY datos abiertos,NCM 8703 automóvil/turismo (default leve)
2026-03,LightVehicles,leve,LAND ROVER,RANGE ROVER EVOQUE 2,ICE,2,Aduana PY datos abiertos,NCM 8703 automóvil/turismo (default leve)
2026-03,LightVehicles,leve,MERCEDES-BENZ,GLC 220 D 4MATIC CON,ICE,2,Aduana PY datos abiertos,NCM 8703 automóvil/turismo (default leve)
2026-03,LightVehicles,leve,MERCEDES-BENZ,GLC 220 D 4MATIC COUPE CON,ICE,2,Aduana PY datos abiertos,NCM 8703 automóvil/turismo (default leve)
2026-03,LightVehicles,leve,MITSUBISHI FUSO,2026,ICE,2,Aduana PY datos abiertos,NCM 8704.21 GVW≤5t pickup/camioneta
2026-03,LightVehicles,leve,RAM,RAMPAGE BIGHORN 2,ICE,2,Aduana PY datos abiertos,NCM 8704.21 GVW≤5t pickup/camioneta
2026-03,LightVehicles,leve,RAM,RAMPAGE R/T 2,ICE,2,Aduana PY datos abiertos,NCM 8704.31 GVW≤5t pickup/camioneta
2026-03,LightVehicles,leve,RAM,RAMPAGE REBEL 2,ICE,2,Aduana PY datos abiertos,NCM 8704.21 GVW≤5t pickup/camioneta
2026-03,LightVehicles,leve,SUBARU,WRX SDN WRX TS ES CVT VBHELB8 E3 RF,ICE,2,Aduana PY datos abiertos,NCM 8703 automóvil/turismo (default leve)
2026-03,LightVehicles,leve,VOLVO,EC40,BEV,2,Aduana PY datos abiertos,NCM 8703 automóvil/turismo (default leve)
2026-03,LightVehicles,leve,WULING,BINGO LZW7007BEVC6,BEV,2,Aduana PY datos abiertos,NCM 8703 automóvil/turismo (default leve)
2026-03,LightVehicles,leve,WULING,SGMW NEW ENERGY,BEV,2,Aduana PY datos abiertos,NCM 8703 automóvil/turismo (default leve)
2026-03,LightVehicles,leve,XIAOMI,EL,BEV,2,Aduana PY datos abiertos,NCM 8703 automóvil/turismo (default leve)
2026-03,LightVehicles,pesado,FUSO,2026,ICE,2,Aduana PY datos abiertos,NCM 8704.22 typically GVW>5t
2026-03,LightVehicles,pesado,HYUNDAI,EX8,ICE,2,Aduana PY datos abiertos,NCM 8704.22 typically GVW>5t
2026-03,LightVehicles,pesado,MERCEDES-BENZ,2027,ICE,2,Aduana PY datos abiertos,NCM 8704.22 typically GVW>5t
2026-03,LightVehicles,pesado,VOLKSWAGEN,14,ICE,2,Aduana PY datos abiertos,NCM 8704.22 typically GVW>5t
2026-03,LightVehicles,recreativo,FEST,(sin modelo),ICE,2,Aduana PY datos abiertos,NCM 8703.10
2026-03,LightVehicles,leve,AUDI,1,ICE,1,Aduana PY datos abiertos,NCM 8703 automóvil/turismo (default leve)
2026-03,LightVehicles,leve,AUDI,A5 2,ICE,1,Aduana PY datos abiertos,NCM 8703 automóvil/turismo (default leve)
2026-03,LightVehicles,leve,AUDI,Q4 E-TRON 40 CHUANGXING,BEV,1,Aduana PY datos abiertos,NCM 8703 automóvil/turismo (default leve)
2026-03,LightVehicles,leve,AUDI,Q7 3,ICE,1,Aduana PY datos abiertos,NCM 8703 automóvil/turismo (default leve)
2026-03,LightVehicles,leve,BMW,IX1 EDRIVE25LX DESIGN,BEV,1,Aduana PY datos abiertos,NCM 8703 automóvil/turismo (default leve)
2026-03,LightVehicles,leve,BMW,M4 COMPETITION M XDRIVE COUPE,ICE,1,Aduana PY datos abiertos,NCM 8703 automóvil/turismo (default leve)
2026-03,LightVehicles,leve,BMW,X1 XDRIVE25E,PHEV,1,Aduana PY datos abiertos,NCM 8703 automóvil/turismo (default leve)
2026-03,LightVehicles,leve,BMW,X2 XDRIVE20I,ICE,1,Aduana PY datos abiertos,NCM 8703 automóvil/turismo (default leve)
2026-03,LightVehicles,leve,BMW,X3 20D XDRIVE,ICE,1,Aduana PY datos abiertos,NCM 8703 automóvil/turismo (default leve)
2026-03,LightVehicles,leve,BMW,X5 M60I XDRIVE,ICE,1,Aduana PY datos abiertos,NCM 8703 automóvil/turismo (default leve)
2026-03,LightVehicles,leve,BMW,X5 XDRIVE40I,ICE,1,Aduana PY datos abiertos,NCM 8703 automóvil/turismo (default leve)
2026-03,LightVehicles,leve,BMW,X6 M60I XDRIVE,ICE,1,Aduana PY datos abiertos,NCM 8703 automóvil/turismo (default leve)
2026-03,LightVehicles,leve,BMW,X7 XDRIVE40D,ICE,1,Aduana PY datos abiertos,NCM 8703 automóvil/turismo (default leve)
2026-03,LightVehicles,leve,BMW,X7 XDRIVE40I,ICE,1,Aduana PY datos abiertos,NCM 8703 automóvil/turismo (default leve)
2026-03,LightVehicles,leve,BYD,EL,BEV,1,Aduana PY datos abiertos,NCM 8703 automóvil/turismo (default leve)
2026-03,LightVehicles,leve,BYD,SEAGULL,BEV,1,Aduana PY datos abiertos,NCM 8703 automóvil/turismo (default leve)
2026-03,LightVehicles,leve,BYD,YUAN PRO DM-I GS,PHEV,1,Aduana PY datos abiertos,NCM 8703 automóvil/turismo (default leve)
2026-03,LightVehicles,leve,CHALLENGER,CHALLENGER,ICE,1,Aduana PY datos abiertos,NCM 8703 automóvil/turismo (default leve)
2026-03,LightVehicles,leve,CHANGAN,DEEPAL S07,PHEV,1,Aduana PY datos abiertos,NCM 8703 automóvil/turismo (default leve)
2026-03,LightVehicles,leve,CHANGAN,HUNTER,PHEV,1,Aduana PY datos abiertos,NCM 8703 automóvil/turismo (default leve)
2026-03,LightVehicles,leve,CHEVROLET,S10 CD 2,ICE,1,Aduana PY datos abiertos,NCM 8704.21 GVW≤5t pickup/camioneta
2026-03,LightVehicles,leve,CHEVROLET,S10 CD HIGH COUNTRY 2,ICE,1,Aduana PY datos abiertos,NCM 8704.21 GVW≤5t pickup/camioneta
2026-03,LightVehicles,leve,DAIHATSU,ATRAI,ICE,1,Aduana PY datos abiertos,NCM 8703 automóvil/turismo (default leve)
2026-03,LightVehicles,leve,DEEPAL,DEEPAL S05,BEV,1,Aduana PY datos abiertos,NCM 8703 automóvil/turismo (default leve)
2026-03,LightVehicles,leve,DONGFENG,AX7 E2,ICE,1,Aduana PY datos abiertos,NCM 8703 automóvil/turismo (default leve)
2026-03,LightVehicles,leve,DONGFENG,RICH6 MT LUX 4WD,ICE,1,Aduana PY datos abiertos,NCM 8704.21 GVW≤5t pickup/camioneta
2026-03,LightVehicles,leve,DONGFENG,RICH7 AT LUX 4WD,ICE,1,Aduana PY datos abiertos,NCM 8704.21 GVW≤5t pickup/camioneta
2026-03,LightVehicles,leve,FIAT,STRADA RANCH D/C 1,ICE,1,Aduana PY datos abiertos,NCM 8704.31 GVW≤5t pickup/camioneta
2026-03,LightVehicles,leve,FIAT,TORO ENDURANCE D/C 1,ICE,1,Aduana PY datos abiertos,NCM 8704.31 GVW≤5t pickup/camioneta
2026-03,LightVehicles,leve,FIAT,TORO FREEDOM D/C 1,ICE,1,Aduana PY datos abiertos,NCM 8704.31 GVW≤5t pickup/camioneta
2026-03,LightVehicles,leve,FIAT,TORO VOLCANO D/C 1,ICE,1,Aduana PY datos abiertos,NCM 8704.31 GVW≤5t pickup/camioneta
2026-03,LightVehicles,leve,FOTON,TUNLAND V7 CON,HEV,1,Aduana PY datos abiertos,8704 + pickup/camioneta keyword
2026-03,LightVehicles,leve,GAC,EMZOOM GS 1,ICE,1,Aduana PY datos abiertos,NCM 8703 automóvil/turismo (default leve)
2026-03,LightVehicles,leve,GAC,GS3 GB 1,ICE,1,Aduana PY datos abiertos,NCM 8703 automóvil/turismo (default leve)
2026-03,LightVehicles,leve,HONDA,CR-V,ICE,1,Aduana PY datos abiertos,NCM 8703 automóvil/turismo (default leve)
2026-03,LightVehicles,leve,HYUNDAI,NEW GRAND I10 HATCHBACK 5 PTAS 5P,ICE,1,Aduana PY datos abiertos,NCM 8703 automóvil/turismo (default leve)
2026-03,LightVehicles,leve,HYUNDAI,NEW PALISADE LMITED AUT,HEV,1,Aduana PY datos abiertos,NCM 8703 automóvil/turismo (default leve)
2026-03,LightVehicles,leve,JAC,LD250 CARGO BOX 2,ICE,1,Aduana PY datos abiertos,NCM 8704.21 GVW≤5t pickup/camioneta
2026-03,LightVehicles,leve,JAC,LE760 CARGO BOX 4,ICE,1,Aduana PY datos abiertos,NCM 8704.21 GVW≤5t pickup/camioneta
2026-03,LightVehicles,leve,JAC,T8,ICE,1,Aduana PY datos abiertos,NCM 8704.21 GVW≤5t pickup/camioneta
2026-03,LightVehicles,leve,JEEP,RENEGADE LONGITUDE 1,ICE,1,Aduana PY datos abiertos,NCM 8703 automóvil/turismo (default leve)
2026-03,LightVehicles,leve,LAND ROVER,RANGE ROVER 3,ICE,1,Aduana PY datos abiertos,NCM 8703 automóvil/turismo (default leve)
2026-03,LightVehicles,leve,LAND ROVER,RANGE ROVER EVOQUE P300E,PHEV,1,Aduana PY datos abiertos,NCM 8703 automóvil/turismo (default leve)
2026-03,LightVehicles,leve,LEAPMOTOR,EL,BEV,1,Aduana PY datos abiertos,NCM 8703 automóvil/turismo (default leve)
2026-03,LightVehicles,leve,LEXUS,RX500H,HEV,1,Aduana PY datos abiertos,NCM 8703 automóvil/turismo (default leve)
2026-03,LightVehicles,leve,LEXUS,UX300H,HEV,1,Aduana PY datos abiertos,NCM 8703 automóvil/turismo (default leve)
2026-03,LightVehicles,leve,LYNK CO,LYNK CO,HEV,1,Aduana PY datos abiertos,NCM 8703 automóvil/turismo (default leve)
2026-03,LightVehicles,leve,MERCEDES-BENZ,914,ICE,1,Aduana PY datos abiertos,NCM 8704.21 GVW≤5t pickup/camioneta
2026-03,LightVehicles,leve,MERCEDES-BENZ,ATEGO 823,ICE,1,Aduana PY datos abiertos,NCM 8704.21 GVW≤5t pickup/camioneta
2026-03,LightVehicles,leve,MERCEDES-BENZ,C320 A/O,ICE,1,Aduana PY datos abiertos,NCM 8703 automóvil/turismo (default leve)
2026-03,LightVehicles,leve,MERCEDES-BENZ,E63,ICE,1,Aduana PY datos abiertos,NCM 8703 automóvil/turismo (default leve)
2026-03,LightVehicles,leve,MERCEDES-BENZ,GLA 200 CON,ICE,1,Aduana PY datos abiertos,NCM 8703 automóvil/turismo (default leve)
2026-03,LightVehicles,leve,MERCEDES-BENZ,GLC 200 4MATIC CON,ICE,1,Aduana PY datos abiertos,NCM 8703 automóvil/turismo (default leve)
2026-03,LightVehicles,leve,MERCEDES-BENZ,GLC 300,ICE,1,Aduana PY datos abiertos,NCM 8703 automóvil/turismo (default leve)
2026-03,LightVehicles,leve,MERCEDES-BENZ,GLC43,ICE,1,Aduana PY datos abiertos,NCM 8703 automóvil/turismo (default leve)
2026-03,LightVehicles,leve,MERCEDES-BENZ,GLE 300 D 4MATIC CON,ICE,1,Aduana PY datos abiertos,NCM 8703 automóvil/turismo (default leve)
2026-03,LightVehicles,leve,MERCEDES-BENZ,GLE 450 D 4MATIC CON,ICE,1,Aduana PY datos abiertos,NCM 8703 automóvil/turismo (default leve)
2026-03,LightVehicles,leve,MERCEDES-BENZ,SL600,ICE,1,Aduana PY datos abiertos,NCM 8703 automóvil/turismo (default leve)
2026-03,LightVehicles,leve,MERCEDES-BENZ,SPRINTER 308 CDI A/O,ICE,1,Aduana PY datos abiertos,NCM 8704.21 GVW≤5t pickup/camioneta
2026-03,LightVehicles,leve,MERCEDES-BENZ,SPRINTER 316 CDI A/O,ICE,1,Aduana PY datos abiertos,NCM 8704.21 GVW≤5t pickup/camioneta
2026-03,LightVehicles,leve,MERCEDES-BENZ,SPRINTER CDI,ICE,1,Aduana PY datos abiertos,NCM 8704.21 GVW≤5t pickup/camioneta
2026-03,LightVehicles,leve,MITSUBISHI,CANTER DIESEL,ICE,1,Aduana PY datos abiertos,NCM 8704.21 GVW≤5t pickup/camioneta
2026-03,LightVehicles,leve,MITSUBISHI,MONTERO SPORT GLS 4WD 24DIT 8AT,ICE,1,Aduana PY datos abiertos,NCM 8703 automóvil/turismo (default leve)
2026-03,LightVehicles,leve,MITSUBISHI,MONTERO SPORT GLS SAM 4WD 24DIT 8AT,ICE,1,Aduana PY datos abiertos,NCM 8703 automóvil/turismo (default leve)
2026-03,LightVehicles,leve,NISSAN,NEW KICKS 220T ADVANCE 6 DCT - FLEX FLEX,ICE,1,Aduana PY datos abiertos,NCM 8703 automóvil/turismo (default leve)
2026-03,LightVehicles,leve,POLARIS,RZR-25 200,ICE,1,Aduana PY datos abiertos,NCM 8703 automóvil/turismo (default leve)
2026-03,LightVehicles,leve,POLARIS,RZR-25 PRO R BLKCR,ICE,1,Aduana PY datos abiertos,NCM 8703 automóvil/turismo (default leve)
2026-03,LightVehicles,leve,POLARIS,RZR-25 RZR 200,ICE,1,Aduana PY datos abiertos,NCM 8703 automóvil/turismo (default leve)
2026-03,LightVehicles,leve,PORSCHE,CAYENNE,PHEV,1,Aduana PY datos abiertos,NCM 8703 automóvil/turismo (default leve)
2026-03,LightVehicles,leve,RAM,1500 REBEL CREW CAB,ICE,1,Aduana PY datos abiertos,NCM 8704.31 GVW≤5t pickup/camioneta
2026-03,LightVehicles,leve,SCANIA,R124,ICE,1,Aduana PY datos abiertos,NCM 8704.21 GVW≤5t pickup/camioneta
2026-03,LightVehicles,leve,SUBARU,CROSSTREK,OTHERS,1,Aduana PY datos abiertos,NCM 8703 automóvil/turismo (default leve)
2026-03,LightVehicles,leve,SUBARU,WRX SDN WRX TS ES MT VBHELB6 E3 RW,ICE,1,Aduana PY datos abiertos,NCM 8703 automóvil/turismo (default leve)
2026-03,LightVehicles,leve,TOYOTA,(sin modelo),HEV,1,Aduana PY datos abiertos,NCM 8703 automóvil/turismo (default leve)
2026-03,LightVehicles,leve,TOYOTA,EL,BEV,1,Aduana PY datos abiertos,NCM 8703 automóvil/turismo (default leve)
2026-03,LightVehicles,leve,TOYOTA,SEQUOIA,HEV,1,Aduana PY datos abiertos,NCM 8703 automóvil/turismo (default leve)
2026-03,LightVehicles,leve,TOYOTA,TACOMA TRD,HEV,1,Aduana PY datos abiertos,8704 + pickup/camioneta keyword
2026-03,LightVehicles,leve,TOYOTA,TACOMA TRD OFF ROAD,ICE,1,Aduana PY datos abiertos,8704 + pickup/camioneta keyword
2026-03,LightVehicles,leve,TOYOTA,TUNDRA,HEV,1,Aduana PY datos abiertos,8704 + pickup/camioneta keyword
2026-03,LightVehicles,leve,VOLKSWAGEN,POLO HIGHLINE 1,ICE,1,Aduana PY datos abiertos,NCM 8703 automóvil/turismo (default leve)
2026-03,LightVehicles,leve,VOLVO,EX90,BEV,1,Aduana PY datos abiertos,NCM 8703 automóvil/turismo (default leve)
2026-03,LightVehicles,leve,VOLVO,XC60,PHEV,1,Aduana PY datos abiertos,NCM 8703 automóvil/turismo (default leve)
2026-03,LightVehicles,pesado,FORD,(sin modelo),ICE,1,Aduana PY datos abiertos,NCM 8704.32 typically GVW>5t
2026-03,LightVehicles,pesado,INDUMAR,2026,ICE,1,Aduana PY datos abiertos,NCM 8704.22 typically GVW>5t
2026-03,LightVehicles,pesado,IVECO,TECTOR 31- 280,ICE,1,Aduana PY datos abiertos,NCM 8704.23 typically GVW>5t
2026-03,LightVehicles,pesado,JAC,LE112,ICE,1,Aduana PY datos abiertos,NCM 8704.22 typically GVW>5t
2026-03,LightVehicles,pesado,JAC,LE420 CARGO BOX 5,ICE,1,Aduana PY datos abiertos,NCM 8704.22 typically GVW>5t
2026-03,LightVehicles,pesado,JAC,LE551 CARGO BOX 7,ICE,1,Aduana PY datos abiertos,NCM 8704.22 typically GVW>5t
2026-03,LightVehicles,pesado,MERCEDES-BENZ,709 D,ICE,1,Aduana PY datos abiertos,NCM 8704.22 typically GVW>5t
2026-03,LightVehicles,pesado,MERCEDES-BENZ,816,ICE,1,Aduana PY datos abiertos,NCM 8704.22 typically GVW>5t
2026-03,LightVehicles,pesado,SCANIA,G480,ICE,1,Aduana PY datos abiertos,NCM 8704.22 typically GVW>5t
2026-03,LightVehicles,pesado,SCANIA,P114-340 B6X4,ICE,1,Aduana PY datos abiertos,NCM 8704.23 typically GVW>5t
2026-03,LightVehicles,pesado,SCANIA,P420 6X2,ICE,1,Aduana PY datos abiertos,NCM 8704.22 typically GVW>5t
2026-03,LightVehicles,pesado,VOLKSWAGEN,6,ICE,1,Aduana PY datos abiertos,NCM 8704.22 typically GVW>5t
2026-03,LightVehicles,recreativo,BARMON,LT-A617,ICE,1,Aduana PY datos abiertos,NCM 8703.10
2026-03,LightVehicles,recreativo,SIN MARCA,3WHEEL RED 110V-240V,ICE,1,Aduana PY datos abiertos,NCM 8703.10
2026-04,LightVehicles,leve,TOYOTA,VITZ,ICE,6539,Aduana PY datos abiertos,NCM 8703 automóvil/turismo (default leve)
2026-04,LightVehicles,leve,KIA,SPORTAGE,ICE,3259,Aduana PY datos abiertos,NCM 8703 automóvil/turismo (default leve)
2026-04,LightVehicles,leve,TOYOTA,RACTIS,ICE,3178,Aduana PY datos abiertos,NCM 8703 automóvil/turismo (default leve)
2026-04,LightVehicles,leve,TOYOTA,AURIS,ICE,1927,Aduana PY datos abiertos,NCM 8703 automóvil/turismo (default leve)
2026-04,LightVehicles,leve,TOYOTA,(sin modelo),ICE,1719,Aduana PY datos abiertos,NCM 8703 automóvil/turismo (default leve)
2026-04,LightVehicles,leve,TOYOTA,SIENTA,ICE,1192,Aduana PY datos abiertos,NCM 8703 automóvil/turismo (default leve)
2026-04,LightVehicles,leve,TOYOTA,ALLION,ICE,1165,Aduana PY datos abiertos,NCM 8703 automóvil/turismo (default leve)
2026-04,LightVehicles,leve,TOYOTA,PREMIO,ICE,1137,Aduana PY datos abiertos,NCM 8703 automóvil/turismo (default leve)
2026-04,LightVehicles,leve,TOYOTA,VOXY,ICE,1136,Aduana PY datos abiertos,passenger van/minibus (Hiace/Staria/…) counts as leve
2026-04,LightVehicles,leve,TOYOTA,WISH,ICE,1120,Aduana PY datos abiertos,NCM 8703 automóvil/turismo (default leve)
2026-04,LightVehicles,leve,TOYOTA,NOAH,ICE,743,Aduana PY datos abiertos,passenger van/minibus (Hiace/Staria/…) counts as leve
2026-04,LightVehicles,leve,TOYOTA,IST,ICE,497,Aduana PY datos abiertos,NCM 8703 automóvil/turismo (default leve)
2026-04,LightVehicles,leve,MITSUBISHI,CANTER,ICE,464,Aduana PY datos abiertos,NCM 8704.21 GVW≤5t pickup/camioneta
2026-04,LightVehicles,leve,TOYOTA,HILUX,ICE,411,Aduana PY datos abiertos,NCM 8704.21 GVW≤5t pickup/camioneta
2026-04,LightVehicles,leve,HYUNDAI,TUCSON,ICE,406,Aduana PY datos abiertos,NCM 8703 automóvil/turismo (default leve)
2026-04,LightVehicles,leve,TOYOTA,COROLLA,ICE,386,Aduana PY datos abiertos,NCM 8703 automóvil/turismo (default leve)
2026-04,LightVehicles,leve,HYUNDAI,SANTA FE,ICE,350,Aduana PY datos abiertos,NCM 8703 automóvil/turismo (default leve)
2026-04,LightVehicles,leve,HYUNDAI,(sin modelo),ICE,295,Aduana PY datos abiertos,NCM 8703 automóvil/turismo (default leve)
2026-04,LightVehicles,leve,MITSUBISHI,(sin modelo),ICE,271,Aduana PY datos abiertos,NCM 8704.21 GVW≤5t pickup/camioneta
2026-04,LightVehicles,leve,TOYOTA,RUSH,ICE,189,Aduana PY datos abiertos,NCM 8703 automóvil/turismo (default leve)
2026-04,LightVehicles,leve,CHEVROLET,(sin modelo),ICE,185,Aduana PY datos abiertos,NCM 8703 automóvil/turismo (default leve)
2026-04,LightVehicles,leve,TOYOTA,FUNCARGO,ICE,175,Aduana PY datos abiertos,NCM 8703 automóvil/turismo (default leve)
2026-04,LightVehicles,leve,MG,(sin modelo),ICE,148,Aduana PY datos abiertos,NCM 8703 automóvil/turismo (default leve)
2026-04,LightVehicles,leve,NISSAN,ATLAS,ICE,148,Aduana PY datos abiertos,NCM 8704.21 GVW≤5t pickup/camioneta
2026-04,LightVehicles,leve,NISSAN,(sin modelo),ICE,140,Aduana PY datos abiertos,NCM 8704.21 GVW≤5t pickup/camioneta
2026-04,LightVehicles,leve,FIAT,STRADA ENDURANCE C/P 1,ICE,138,Aduana PY datos abiertos,NCM 8704.31 GVW≤5t pickup/camioneta
2026-04,LightVehicles,leve,JETOUR,(sin modelo),ICE,138,Aduana PY datos abiertos,NCM 8703 automóvil/turismo (default leve)
2026-04,LightVehicles,leve,TOYOTA,CROWN ATHLETE,ICE,133,Aduana PY datos abiertos,NCM 8703 automóvil/turismo (default leve)
2026-04,LightVehicles,leve,KIA,SPORTAGE,HEV,126,Aduana PY datos abiertos,NCM 8703 automóvil/turismo (default leve)
2026-04,LightVehicles,leve,FIAT,STRADA VOLCANO D/C 1,ICE,124,Aduana PY datos abiertos,NCM 8704.31 GVW≤5t pickup/camioneta
2026-04,LightVehicles,leve,FIAT,FIORINO ENDURANCE 1,ICE,123,Aduana PY datos abiertos,NCM 8704.31 GVW≤5t pickup/camioneta
2026-04,LightVehicles,leve,KIA,SONET,ICE,120,Aduana PY datos abiertos,NCM 8703 automóvil/turismo (default leve)
2026-04,LightVehicles,leve,KIA,SOLUTO,ICE,115,Aduana PY datos abiertos,NCM 8703 automóvil/turismo (default leve)
2026-04,LightVehicles,leve,TOYOTA,COROLLA CROSS,HEV,114,Aduana PY datos abiertos,NCM 8703 automóvil/turismo (default leve)
2026-04,LightVehicles,leve,SUZUKI,(sin modelo),ICE,113,Aduana PY datos abiertos,NCM 8703 automóvil/turismo (default leve)
2026-04,LightVehicles,leve,MITSUBISHI,CANTER GUTS,ICE,112,Aduana PY datos abiertos,NCM 8704.21 GVW≤5t pickup/camioneta
2026-04,LightVehicles,leve,MAZDA,(sin modelo),ICE,110,Aduana PY datos abiertos,NCM 8703 automóvil/turismo (default leve)
2026-04,LightVehicles,leve,CHERY,(sin modelo),ICE,108,Aduana PY datos abiertos,NCM 8703 automóvil/turismo (default leve)
2026-04,LightVehicles,leve,KIA,(sin modelo),ICE,105,Aduana PY datos abiertos,NCM 8703 automóvil/turismo (default leve)
2026-04,LightVehicles,leve,TOYOTA,COROLLA AXIO,ICE,105,Aduana PY datos abiertos,NCM 8703 automóvil/turismo (default leve)
2026-04,LightVehicles,leve,SUBARU,(sin modelo),ICE,98,Aduana PY datos abiertos,NCM 8703 automóvil/turismo (default leve)
2026-04,LightVehicles,leve,KIA,K2700,ICE,93,Aduana PY datos abiertos,NCM 8704.21 GVW≤5t pickup/camioneta
2026-04,LightVehicles,leve,TOYOTA,ALLEX,ICE,92,Aduana PY datos abiertos,NCM 8703 automóvil/turismo (default leve)
2026-04,LightVehicles,leve,TOYOTA,BELTA,ICE,91,Aduana PY datos abiertos,NCM 8703 automóvil/turismo (default leve)
2026-04,LightVehicles,leve,TOYOTA,LEVIN,HEV,91,Aduana PY datos abiertos,NCM 8703 automóvil/turismo (default leve)
2026-04,LightVehicles,leve,ISUZU,(sin modelo),ICE,87,Aduana PY datos abiertos,NCM 8704.21 GVW≤5t pickup/camioneta
2026-04,LightVehicles,leve,VOLKSWAGEN,T-CROSS 1,ICE,86,Aduana PY datos abiertos,NCM 8703 automóvil/turismo (default leve)
2026-04,LightVehicles,leve,MOTOMAX,(sin modelo),ICE,85,Aduana PY datos abiertos,NCM 8703 automóvil/turismo (default leve)
2026-04,LightVehicles,leve,KIA,CARNIVAL,ICE,84,Aduana PY datos abiertos,passenger van/minibus (Hiace/Staria/…) counts as leve
2026-04,LightVehicles,leve,MITSUBISHI,CANTER FUSO,ICE,84,Aduana PY datos abiertos,NCM 8704.21 GVW≤5t pickup/camioneta
2026-04,LightVehicles,leve,FIAT,PULSE DRIVE 1,ICE,82,Aduana PY datos abiertos,NCM 8703 automóvil/turismo (default leve)
2026-04,LightVehicles,leve,HYUNDAI,NEW CRETA COMFORT NAFTERO 1,ICE,80,Aduana PY datos abiertos,NCM 8703 automóvil/turismo (default leve)
2026-04,LightVehicles,leve,VOLKSWAGEN,TERA 1,ICE,80,Aduana PY datos abiertos,NCM 8703 automóvil/turismo (default leve)
2026-04,LightVehicles,leve,TOYOTA,LAND CRUISER PRADO,ICE,79,Aduana PY datos abiertos,NCM 8703 automóvil/turismo (default leve)
2026-04,LightVehicles,leve,KIA,K5,ICE,78,Aduana PY datos abiertos,NCM 8703 automóvil/turismo (default leve)
2026-04,LightVehicles,leve,SUBARU,IMPREZA,ICE,77,Aduana PY datos abiertos,NCM 8703 automóvil/turismo (default leve)
2026-04,LightVehicles,leve,FIAT,STRADA FREEDOM D/C 1,ICE,74,Aduana PY datos abiertos,NCM 8704.31 GVW≤5t pickup/camioneta
2026-04,LightVehicles,leve,KIA,SORENTO,ICE,70,Aduana PY datos abiertos,NCM 8703 automóvil/turismo (default leve)
2026-04,LightVehicles,leve,TOYOTA,AQUA,HEV,70,Aduana PY datos abiertos,NCM 8703 automóvil/turismo (default leve)
2026-04,LightVehicles,leve,TOYOTA,VIOS,ICE,70,Aduana PY datos abiertos,NCM 8703 automóvil/turismo (default leve)
2026-04,LightVehicles,leve,NISSAN,FAIRLADY Z,ICE,63,Aduana PY datos abiertos,NCM 8703 automóvil/turismo (default leve)
2026-04,LightVehicles,leve,HYUNDAI,PORTER II,ICE,56,Aduana PY datos abiertos,NCM 8704.21 GVW≤5t pickup/camioneta
2026-04,LightVehicles,leve,KIA,K3,ICE,56,Aduana PY datos abiertos,NCM 8703 automóvil/turismo (default leve)
2026-04,LightVehicles,leve,MAZDA,DEMIO,ICE,56,Aduana PY datos abiertos,NCM 8703 automóvil/turismo (default leve)
2026-04,LightVehicles,leve,TOYOTA,IQ,ICE,56,Aduana PY datos abiertos,NCM 8703 automóvil/turismo (default leve)
2026-04,LightVehicles,leve,HYUNDAI,NEW HB20 HATCH 1,ICE,55,Aduana PY datos abiertos,NCM 8703 automóvil/turismo (default leve)
2026-04,LightVehicles,leve,CHERY,T4 PRO 1,HEV,54,Aduana PY datos abiertos,NCM 8703 automóvil/turismo (default leve)
2026-04,LightVehicles,leve,TOYOTA,LAND CRUISER,ICE,54,Aduana PY datos abiertos,NCM 8703 automóvil/turismo (default leve)
2026-04,LightVehicles,leve,CHERY,HIMLA 2,ICE,52,Aduana PY datos abiertos,NCM 8704.21 GVW≤5t pickup/camioneta
2026-04,LightVehicles,leve,TOYOTA,FORTUNER,ICE,50,Aduana PY datos abiertos,NCM 8703 automóvil/turismo (default leve)
2026-04,LightVehicles,leve,VOLKSWAGEN,SAVEIRO ROBUST SC 1,ICE,50,Aduana PY datos abiertos,NCM 8704.31 GVW≤5t pickup/camioneta
2026-04,LightVehicles,pesado,SCANIA,(sin modelo),ICE,50,Aduana PY datos abiertos,NCM 8704.22 typically GVW>5t
2026-04,LightVehicles,leve,KIA,STATION WAGON,ICE,49,Aduana PY datos abiertos,NCM 8703 automóvil/turismo (default leve)
2026-04,LightVehicles,leve,SUBARU,TREZIA,ICE,49,Aduana PY datos abiertos,NCM 8703 automóvil/turismo (default leve)
2026-04,LightVehicles,pesado,MERCEDES-BENZ,ATEGO,ICE,47,Aduana PY datos abiertos,NCM 8704.22 typically GVW>5t
2026-04,LightVehicles,leve,HYUNDAI,NEW HB20S 1,ICE,45,Aduana PY datos abiertos,NCM 8703 automóvil/turismo (default leve)
2026-04,LightVehicles,leve,GREATWALL,(sin modelo),ICE,44,Aduana PY datos abiertos,NCM 8704.21 GVW≤5t pickup/camioneta
2026-04,LightVehicles,leve,DODGE,(sin modelo),ICE,43,Aduana PY datos abiertos,NCM 8703 automóvil/turismo (default leve)
2026-04,LightVehicles,leve,HYUNDAI,ACCENT,ICE,42,Aduana PY datos abiertos,NCM 8703 automóvil/turismo (default leve)
2026-04,LightVehicles,leve,NISSAN,NEW KICKS 220T ADVANCE PLUS 6 DCT - FLEX FLEX,ICE,42,Aduana PY datos abiertos,NCM 8703 automóvil/turismo (default leve)
2026-04,LightVehicles,leve,SUBARU,IMPREZA WRX,ICE,42,Aduana PY datos abiertos,NCM 8703 automóvil/turismo (default leve)
2026-04,LightVehicles,leve,TOYOTA,SIENTA,HEV,42,Aduana PY datos abiertos,NCM 8703 automóvil/turismo (default leve)
2026-04,LightVehicles,leve,VOLKSWAGEN,(sin modelo),ICE,42,Aduana PY datos abiertos,NCM 8703 automóvil/turismo (default leve)
2026-04,LightVehicles,leve,HYUNDAI,NEW HB20S 16 NAFT ATCON SUS ACCESORIOS CORRESPONDIENTES,ICE,40,Aduana PY datos abiertos,NCM 8703 automóvil/turismo (default leve)
2026-04,LightVehicles,leve,MAZDA,2027,ICE,40,Aduana PY datos abiertos,NCM 8704.21 GVW≤5t pickup/camioneta
2026-04,LightVehicles,leve,VOLKSWAGEN,POLO TRACK 1,ICE,40,Aduana PY datos abiertos,NCM 8703 automóvil/turismo (default leve)
2026-04,LightVehicles,leve,NISSAN,NEW KICKS 220T SENSE 6 DCT - FLEX FLEX,ICE,38,Aduana PY datos abiertos,NCM 8703 automóvil/turismo (default leve)
2026-04,LightVehicles,leve,CHERY,T2,ICE,36,Aduana PY datos abiertos,NCM 8703 automóvil/turismo (default leve)
2026-04,LightVehicles,leve,CHERY,T7 PRO 1,PHEV,36,Aduana PY datos abiertos,NCM 8703 automóvil/turismo (default leve)
2026-04,LightVehicles,leve,BMW,(sin modelo),ICE,35,Aduana PY datos abiertos,NCM 8703 automóvil/turismo (default leve)
2026-04,LightVehicles,leve,DAIHATSU,MOVE,ICE,35,Aduana PY datos abiertos,NCM 8703 automóvil/turismo (default leve)
2026-04,LightVehicles,leve,HYUNDAI,GRAND STAREX,ICE,35,Aduana PY datos abiertos,NCM 8703 automóvil/turismo (default leve)
2026-04,LightVehicles,leve,TOYOTA,CROWN ROYAL SALOON,ICE,35,Aduana PY datos abiertos,NCM 8703 automóvil/turismo (default leve)
2026-04,LightVehicles,leve,SOUEAST,S06,PHEV,30,Aduana PY datos abiertos,NCM 8703 automóvil/turismo (default leve)
2026-04,LightVehicles,leve,TOYOTA,LAND CRUISER,HEV,30,Aduana PY datos abiertos,NCM 8703 automóvil/turismo (default leve)
2026-04,LightVehicles,leve,VOLKSWAGEN,SAVEIRO ROBUST DC 1,ICE,30,Aduana PY datos abiertos,NCM 8704.31 GVW≤5t pickup/camioneta
2026-04,LightVehicles,pesado,MERCEDES-BENZ,ATEGO 815,ICE,29,Aduana PY datos abiertos,NCM 8704.22 typically GVW>5t
2026-04,LightVehicles,leve,FIAT,STRADA RANCH D/C 1,ICE,28,Aduana PY datos abiertos,NCM 8704.31 GVW≤5t pickup/camioneta
2026-04,LightVehicles,leve,HYUNDAI,AVANTE,ICE,28,Aduana PY datos abiertos,NCM 8703 automóvil/turismo (default leve)
2026-04,LightVehicles,leve,TOYOTA,CROWN ROYAL,ICE,28,Aduana PY datos abiertos,NCM 8703 automóvil/turismo (default leve)
2026-04,LightVehicles,pesado,MERCEDES-BENZ,814,ICE,28,Aduana PY datos abiertos,NCM 8704.22 typically GVW>5t
2026-04,LightVehicles,pesado,MERCEDES-BENZ,815,ICE,28,Aduana PY datos abiertos,NCM 8704.22 typically GVW>5t
2026-04,LightVehicles,leve,FORD,RANGER RAPTOR DC 3,ICE,26,Aduana PY datos abiertos,NCM 8704.31 GVW≤5t pickup/camioneta
2026-04,LightVehicles,leve,NISSAN,FRONTIER DOBLE CABINA,ICE,26,Aduana PY datos abiertos,NCM 8704.21 GVW≤5t pickup/camioneta
2026-04,LightVehicles,leve,TOYOTA,YARIS CROSS,HEV,26,Aduana PY datos abiertos,NCM 8703 automóvil/turismo (default leve)
2026-04,LightVehicles,leve,HYUNDAI,VENUE,ICE,25,Aduana PY datos abiertos,NCM 8703 automóvil/turismo (default leve)
2026-04,LightVehicles,leve,HYUNDAI,NEW GRAND I10 HATCHBACK 5 PTAS 5P,ICE,24,Aduana PY datos abiertos,NCM 8703 automóvil/turismo (default leve)
2026-04,LightVehicles,leve,HONDA,(sin modelo),ICE,23,Aduana PY datos abiertos,NCM 8703 automóvil/turismo (default leve)
2026-04,LightVehicles,leve,PEUGEOT,(sin modelo),ICE,23,Aduana PY datos abiertos,NCM 8703 automóvil/turismo (default leve)
2026-04,LightVehicles,leve,MAXUS,T60 D20 COMFORT,ICE,22,Aduana PY datos abiertos,NCM 8704.21 GVW≤5t pickup/camioneta
2026-04,LightVehicles,leve,MG,(sin modelo),HEV,22,Aduana PY datos abiertos,NCM 8703 automóvil/turismo (default leve)
2026-04,LightVehicles,leve,RENAULT,(sin modelo),ICE,22,Aduana PY datos abiertos,NCM 8703 automóvil/turismo (default leve)
2026-04,LightVehicles,leve,DODGE,CHALLENGER,ICE,21,Aduana PY datos abiertos,NCM 8703 automóvil/turismo (default leve)
2026-04,LightVehicles,leve,HYUNDAI,I30,ICE,21,Aduana PY datos abiertos,NCM 8703 automóvil/turismo (default leve)
2026-04,LightVehicles,leve,KIA,PRIDE,ICE,21,Aduana PY datos abiertos,NCM 8703 automóvil/turismo (default leve)
2026-04,LightVehicles,leve,MERCEDES-BENZ,ATEGO,ICE,21,Aduana PY datos abiertos,NCM 8704.21 GVW≤5t pickup/camioneta
2026-04,LightVehicles,leve,MERCEDES-BENZ,E350,ICE,21,Aduana PY datos abiertos,NCM 8703 automóvil/turismo (default leve)
2026-04,LightVehicles,leve,MITSUBISHI,FUSO CANTER GUTS,ICE,21,Aduana PY datos abiertos,NCM 8704.21 GVW≤5t pickup/camioneta
2026-04,LightVehicles,leve,MITSUBISHI,PAJERO,ICE,21,Aduana PY datos abiertos,NCM 8703 automóvil/turismo (default leve)
2026-04,LightVehicles,leve,NISSAN,FAIRLADY Z A/O,ICE,21,Aduana PY datos abiertos,NCM 8703 automóvil/turismo (default leve)
2026-04,LightVehicles,leve,SUBARU,IMPREZA WRX S4 CVT 2,ICE,21,Aduana PY datos abiertos,NCM 8703 automóvil/turismo (default leve)
2026-04,LightVehicles,leve,TOYOTA,GRANVIA,ICE,21,Aduana PY datos abiertos,NCM 8703 automóvil/turismo (default leve)
2026-04,LightVehicles,leve,TOYOTA,MARK X,ICE,21,Aduana PY datos abiertos,NCM 8703 automóvil/turismo (default leve)
2026-04,LightVehicles,leve,TOYOTA,PRIUS,HEV,21,Aduana PY datos abiertos,NCM 8703 automóvil/turismo (default leve)
2026-04,LightVehicles,leve,TOYOTA,TOWNACE,ICE,21,Aduana PY datos abiertos,NCM 8703 automóvil/turismo (default leve)
2026-04,LightVehicles,leve,TOYOTA,VITS,ICE,21,Aduana PY datos abiertos,NCM 8703 automóvil/turismo (default leve)
2026-04,LightVehicles,leve,TOYOTA,WISH A/O,ICE,21,Aduana PY datos abiertos,NCM 8703 automóvil/turismo (default leve)
2026-04,LightVehicles,leve,TOYOTA,YARIS,ICE,21,Aduana PY datos abiertos,NCM 8703 automóvil/turismo (default leve)
2026-04,LightVehicles,pesado,MERCEDES-BENZ,(sin modelo),ICE,21,Aduana PY datos abiertos,NCM 8704.22 typically GVW>5t
2026-04,LightVehicles,leve,FIAT,FASTBACK AUDACE MILD,ICE,20,Aduana PY datos abiertos,NCM 8703 automóvil/turismo (default leve)
2026-04,LightVehicles,leve,JETOUR,T2,PHEV,20,Aduana PY datos abiertos,NCM 8703 automóvil/turismo (default leve)
2026-04,LightVehicles,leve,VOLKSWAGEN,SAVEIRO EXTREME DC 1,ICE,20,Aduana PY datos abiertos,NCM 8704.31 GVW≤5t pickup/camioneta
2026-04,LightVehicles,pesado,FAW,TIGER 3,ICE,20,Aduana PY datos abiertos,NCM 8704.22 typically GVW>5t
2026-04,LightVehicles,leve,FORD,RANGER 3,ICE,19,Aduana PY datos abiertos,NCM 8704.21 GVW≤5t pickup/camioneta
2026-04,LightVehicles,leve,CHERY,T8 PRO 1,PHEV,18,Aduana PY datos abiertos,NCM 8703 automóvil/turismo (default leve)
2026-04,LightVehicles,leve,JETOUR,T1 PHEV,PHEV,18,Aduana PY datos abiertos,NCM 8703 automóvil/turismo (default leve)
2026-04,LightVehicles,leve,MAHINDRA,ELO,ICE,18,Aduana PY datos abiertos,NCM 8704.21 GVW≤5t pickup/camioneta
2026-04,LightVehicles,leve,MINI,(sin modelo),ICE,18,Aduana PY datos abiertos,NCM 8703 automóvil/turismo (default leve)
2026-04,LightVehicles,leve,SOUEAST,S08,PHEV,18,Aduana PY datos abiertos,NCM 8703 automóvil/turismo (default leve)
2026-04,LightVehicles,leve,FIAT,PULSE ABARTH 1,ICE,17,Aduana PY datos abiertos,NCM 8703 automóvil/turismo (default leve)
2026-04,LightVehicles,leve,FIAT,STRADA ULTRA D/C 1,ICE,17,Aduana PY datos abiertos,NCM 8704.31 GVW≤5t pickup/camioneta
2026-04,LightVehicles,leve,TOYOTA,4RUNNER,HEV,17,Aduana PY datos abiertos,NCM 8703 automóvil/turismo (default leve)
2026-04,LightVehicles,leve,CITROEN,(sin modelo),ICE,16,Aduana PY datos abiertos,NCM 8703 automóvil/turismo (default leve)
2026-04,LightVehicles,leve,DEEPAL,DEEPAL MODELO,PHEV,16,Aduana PY datos abiertos,NCM 8703 automóvil/turismo (default leve)
2026-04,LightVehicles,leve,FOTON,BJ1030V4JV2-BH,ICE,16,Aduana PY datos abiertos,NCM 8704.31 GVW≤5t pickup/camioneta
2026-04,LightVehicles,leve,FOTON,BJ1030V6JB5-DA,ICE,16,Aduana PY datos abiertos,NCM 8704.21 GVW≤5t pickup/camioneta
2026-04,LightVehicles,leve,GEELY,COOLRAY LITE,ICE,16,Aduana PY datos abiertos,NCM 8703 automóvil/turismo (default leve)
2026-04,LightVehicles,leve,GREATWALL,NEW H6 HEV,HEV,16,Aduana PY datos abiertos,NCM 8703 automóvil/turismo (default leve)
2026-04,LightVehicles,leve,HYUNDAI,NEW CRETA COMFORT NAFTERO 15CC AT,ICE,16,Aduana PY datos abiertos,NCM 8703 automóvil/turismo (default leve)
2026-04,LightVehicles,leve,CHERY,T8 PRO 1,ICE,15,Aduana PY datos abiertos,NCM 8703 automóvil/turismo (default leve)
2026-04,LightVehicles,leve,GEELY,COOLRAY,ICE,15,Aduana PY datos abiertos,NCM 8703 automóvil/turismo (default leve)
2026-04,LightVehicles,leve,HYUNDAI,KONA,HEV,15,Aduana PY datos abiertos,NCM 8703 automóvil/turismo (default leve)
2026-04,LightVehicles,leve,HYUNDAI,NEW HB20 HATCH 16 NAFT AUTCON SUS ACCESORIOS CORRESPONDIENTE,ICE,15,Aduana PY datos abiertos,NCM 8703 automóvil/turismo (default leve)
2026-04,LightVehicles,leve,ICAUR,V23,BEV,15,Aduana PY datos abiertos,NCM 8703 automóvil/turismo (default leve)
2026-04,LightVehicles,leve,MERCEDES-BENZ,2026,ICE,15,Aduana PY datos abiertos,NCM 8703 automóvil/turismo (default leve)
2026-04,LightVehicles,leve,TOYOTA,RAIZE AUT,ICE,15,Aduana PY datos abiertos,NCM 8703 automóvil/turismo (default leve)
2026-04,LightVehicles,leve,TOYOTA,RUNX,ICE,15,Aduana PY datos abiertos,NCM 8703 automóvil/turismo (default leve)
2026-04,LightVehicles,pesado,MERCEDES-BENZ,2027,ICE,15,Aduana PY datos abiertos,NCM 8704.22 typically GVW>5t
2026-04,LightVehicles,pesado,SCANIA,P230,ICE,15,Aduana PY datos abiertos,NCM 8704.22 typically GVW>5t
2026-04,LightVehicles,leve,AUDI,A6,ICE,14,Aduana PY datos abiertos,NCM 8703 automóvil/turismo (default leve)
2026-04,LightVehicles,leve,AUDI,Q7,ICE,14,Aduana PY datos abiertos,NCM 8703 automóvil/turismo (default leve)
2026-04,LightVehicles,leve,BMW,320D,ICE,14,Aduana PY datos abiertos,NCM 8703 automóvil/turismo (default leve)
2026-04,LightVehicles,leve,CFMOTO,2,ICE,14,Aduana PY datos abiertos,NCM 8703 automóvil/turismo (default leve)
2026-04,LightVehicles,leve,DAIHATSU,MIRA,ICE,14,Aduana PY datos abiertos,NCM 8703 automóvil/turismo (default leve)
2026-04,LightVehicles,leve,FORD,(sin modelo),ICE,14,Aduana PY datos abiertos,NCM 8703 automóvil/turismo (default leve)
2026-04,LightVehicles,leve,FORD,RANGER 2,ICE,14,Aduana PY datos abiertos,NCM 8704.21 GVW≤5t pickup/camioneta
2026-04,LightVehicles,leve,HINO,DUTRO,ICE,14,Aduana PY datos abiertos,NCM 8704.21 GVW≤5t pickup/camioneta
2026-04,LightVehicles,leve,HYUNDAI,I40,ICE,14,Aduana PY datos abiertos,NCM 8703 automóvil/turismo (default leve)
2026-04,LightVehicles,leve,HYUNDAI,TUCSON IX,ICE,14,Aduana PY datos abiertos,NCM 8703 automóvil/turismo (default leve)
2026-04,LightVehicles,leve,KIA,BONGO III,ICE,14,Aduana PY datos abiertos,NCM 8704.21 GVW≤5t pickup/camioneta
2026-04,LightVehicles,leve,KIA,ELO,ICE,14,Aduana PY datos abiertos,NCM 8703 automóvil/turismo (default leve)
2026-04,LightVehicles,leve,KIA,KORANDO SPORTS,ICE,14,Aduana PY datos abiertos,NCM 8703 automóvil/turismo (default leve)
2026-04,LightVehicles,leve,LANCIA,DELTA,ICE,14,Aduana PY datos abiertos,NCM 8703 automóvil/turismo (default leve)
2026-04,LightVehicles,leve,MAZDA,CX 5,ICE,14,Aduana PY datos abiertos,NCM 8703 automóvil/turismo (default leve)
2026-04,LightVehicles,leve,MERCEDES-BENZ,814,ICE,14,Aduana PY datos abiertos,NCM 8704.21 GVW≤5t pickup/camioneta
2026-04,LightVehicles,leve,MERCEDES-BENZ,A35,ICE,14,Aduana PY datos abiertos,NCM 8703 automóvil/turismo (default leve)
2026-04,LightVehicles,leve,MERCEDES-BENZ,C 220 CDI,ICE,14,Aduana PY datos abiertos,NCM 8703 automóvil/turismo (default leve)
2026-04,LightVehicles,leve,MERCEDES-BENZ,C220,ICE,14,Aduana PY datos abiertos,NCM 8703 automóvil/turismo (default leve)
2026-04,LightVehicles,leve,MERCEDES-BENZ,C300,ICE,14,Aduana PY datos abiertos,NCM 8703 automóvil/turismo (default leve)
2026-04,LightVehicles,leve,MERCEDES-BENZ,GLE 350,ICE,14,Aduana PY datos abiertos,NCM 8703 automóvil/turismo (default leve)
2026-04,LightVehicles,leve,MERCEDES-BENZ,S550,ICE,14,Aduana PY datos abiertos,NCM 8703 automóvil/turismo (default leve)
2026-04,LightVehicles,leve,NISSAN,ATLAS 150,ICE,14,Aduana PY datos abiertos,NCM 8704.21 GVW≤5t pickup/camioneta
2026-04,LightVehicles,leve,NISSAN,SKYLINE,ICE,14,Aduana PY datos abiertos,NCM 8703 automóvil/turismo (default leve)
2026-04,LightVehicles,leve,NISSAN,TIIDA,ICE,14,Aduana PY datos abiertos,NCM 8703 automóvil/turismo (default leve)
2026-04,LightVehicles,leve,SSANGYONG,KORANDO SPORTS,ICE,14,Aduana PY datos abiertos,NCM 8704.21 GVW≤5t pickup/camioneta
2026-04,LightVehicles,leve,SUBARU,IMPREZA WRX STI,ICE,14,Aduana PY datos abiertos,NCM 8703 automóvil/turismo (default leve)
2026-04,LightVehicles,leve,SUBARU,WRX A/O,ICE,14,Aduana PY datos abiertos,NCM 8703 automóvil/turismo (default leve)
2026-04,LightVehicles,leve,SUBARU,WRX S4,ICE,14,Aduana PY datos abiertos,NCM 8703 automóvil/turismo (default leve)
2026-04,LightVehicles,leve,SUBARU,WRX S4 A/O,ICE,14,Aduana PY datos abiertos,NCM 8703 automóvil/turismo (default leve)
2026-04,LightVehicles,leve,SUZUKI,SWIFT,ICE,14,Aduana PY datos abiertos,NCM 8703 automóvil/turismo (default leve)
2026-04,LightVehicles,leve,TOYOTA,AURIS,HEV,14,Aduana PY datos abiertos,NCM 8703 automóvil/turismo (default leve)
2026-04,LightVehicles,leve,TOYOTA,COROLLA FIELDER,ICE,14,Aduana PY datos abiertos,NCM 8703 automóvil/turismo (default leve)
2026-04,LightVehicles,leve,TOYOTA,DYNA,ICE,14,Aduana PY datos abiertos,NCM 8704.21 GVW≤5t pickup/camioneta
2026-04,LightVehicles,leve,TOYOTA,FRONTLANDER,HEV,14,Aduana PY datos abiertos,NCM 8703 automóvil/turismo (default leve)
2026-04,LightVehicles,leve,TOYOTA,GRAND HIACE,ICE,14,Aduana PY datos abiertos,passenger van/minibus (Hiace/Staria/…) counts as leve
2026-04,LightVehicles,leve,TOYOTA,HIACE,ICE,14,Aduana PY datos abiertos,passenger van/minibus (Hiace/Staria/…) counts as leve
2026-04,LightVehicles,leve,TOYOTA,ISIS PLATANA,ICE,14,Aduana PY datos abiertos,NCM 8703 automóvil/turismo (default leve)
2026-04,LightVehicles,leve,TOYOTA,LITEACE,ICE,14,Aduana PY datos abiertos,NCM 8703 automóvil/turismo (default leve)
2026-04,LightVehicles,leve,TOYOTA,MARK X A/O,ICE,14,Aduana PY datos abiertos,NCM 8703 automóvil/turismo (default leve)
2026-04,LightVehicles,leve,TOYOTA,VITZ,HEV,14,Aduana PY datos abiertos,NCM 8703 automóvil/turismo (default leve)
2026-04,LightVehicles,leve,VOLKSWAGEN,GOLF,ICE,14,Aduana PY datos abiertos,NCM 8703 automóvil/turismo (default leve)
2026-04,LightVehicles,pesado,MERCEDES-BENZ,ATEGO 818,ICE,14,Aduana PY datos abiertos,NCM 8704.22 typically GVW>5t
2026-04,LightVehicles,pesado,MITSUBISHI,CANTER,ICE,14,Aduana PY datos abiertos,NCM 8704.22 typically GVW>5t
2026-04,LightVehicles,pesado,SCANIA,P94 260,ICE,14,Aduana PY datos abiertos,NCM 8704.22 typically GVW>5t
2026-04,LightVehicles,pesado,SCANIA,R420,ICE,14,Aduana PY datos abiertos,NCM 8704.23 typically GVW>5t
2026-04,LightVehicles,leve,CHEVROLET,S10 CABINA DOBLE WORK TRUCK,ICE,13,Aduana PY datos abiertos,NCM 8704.21 GVW≤5t pickup/camioneta
2026-04,LightVehicles,leve,KIA,K3 CROSS,ICE,13,Aduana PY datos abiertos,NCM 8703 automóvil/turismo (default leve)
2026-04,LightVehicles,leve,TOYOTA,COROLLA,HEV,13,Aduana PY datos abiertos,NCM 8703 automóvil/turismo (default leve)
2026-04,LightVehicles,leve,BYD,YUAN UP,BEV,12,Aduana PY datos abiertos,NCM 8703 automóvil/turismo (default leve)
2026-04,LightVehicles,leve,GEELY,CITYRAY,ICE,12,Aduana PY datos abiertos,NCM 8703 automóvil/turismo (default leve)
2026-04,LightVehicles,leve,GREATWALL,JOLION PRO,HEV,12,Aduana PY datos abiertos,NCM 8703 automóvil/turismo (default leve)
2026-04,LightVehicles,pesado,ISUZU,NQR71L-LN5VAYN,ICE,12,Aduana PY datos abiertos,NCM 8704.22 typically GVW>5t
2026-04,LightVehicles,leve,GREATWALL,TANK 400,PHEV,11,Aduana PY datos abiertos,NCM 8703 automóvil/turismo (default leve)
2026-04,LightVehicles,leve,JETOUR,G700 PHEV,PHEV,11,Aduana PY datos abiertos,NCM 8703 automóvil/turismo (default leve)
2026-04,LightVehicles,leve,NISSAN,FRONTIER CABINA SIMPLE,ICE,11,Aduana PY datos abiertos,NCM 8704.21 GVW≤5t pickup/camioneta
2026-04,LightVehicles,leve,TOYOTA,LAND CRUISER PRADO,HEV,11,Aduana PY datos abiertos,NCM 8703 automóvil/turismo (default leve)
2026-04,LightVehicles,pesado,ISUZU,NPR71L-KJ5VAYN,ICE,11,Aduana PY datos abiertos,NCM 8704.22 typically GVW>5t
2026-04,LightVehicles,leve,BMW,X5 XDRIVE50E,PHEV,10,Aduana PY datos abiertos,NCM 8703 automóvil/turismo (default leve)
2026-04,LightVehicles,leve,CHEVROLET,ONIX HB LT 1,ICE,10,Aduana PY datos abiertos,NCM 8703 automóvil/turismo (default leve)
2026-04,LightVehicles,leve,FIAT,FASTBACK IMPETUS MILD,ICE,10,Aduana PY datos abiertos,NCM 8703 automóvil/turismo (default leve)
2026-04,LightVehicles,leve,GREATWALL,H6 GT,PHEV,10,Aduana PY datos abiertos,NCM 8703 automóvil/turismo (default leve)
2026-04,LightVehicles,leve,HYUNDAI,NEW CRETA PLATINUM NAFTERO 15CC AT,ICE,10,Aduana PY datos abiertos,NCM 8703 automóvil/turismo (default leve)
2026-04,LightVehicles,leve,JETOUR,T2,ICE,10,Aduana PY datos abiertos,NCM 8703 automóvil/turismo (default leve)
2026-04,LightVehicles,leve,NISSAN,NEW KICKS 220T EXCLUSIVE 6 DCT - FLEX FLEX,ICE,10,Aduana PY datos abiertos,NCM 8703 automóvil/turismo (default leve)
2026-04,LightVehicles,leve,VOLVO,XC90,PHEV,10,Aduana PY datos abiertos,NCM 8703 automóvil/turismo (default leve)
2026-04,LightVehicles,leve,AION,YPLUS,BEV,9,Aduana PY datos abiertos,NCM 8703 automóvil/turismo (default leve)
2026-04,LightVehicles,leve,BMW,X4 XDRIVE20I,ICE,9,Aduana PY datos abiertos,NCM 8703 automóvil/turismo (default leve)
2026-04,LightVehicles,leve,DFSK,(sin modelo),ICE,9,Aduana PY datos abiertos,NCM 8703 automóvil/turismo (default leve)
2026-04,LightVehicles,leve,GREATWALL,NEW H6 PHEV,PHEV,9,Aduana PY datos abiertos,NCM 8703 automóvil/turismo (default leve)
2026-04,LightVehicles,leve,LYNK CO,06,PHEV,9,Aduana PY datos abiertos,NCM 8703 automóvil/turismo (default leve)
2026-04,LightVehicles,leve,BYD,E2,BEV,8,Aduana PY datos abiertos,NCM 8703 automóvil/turismo (default leve)
2026-04,LightVehicles,leve,CHANGAN,NEW CS35 MAX,ICE,8,Aduana PY datos abiertos,NCM 8703 automóvil/turismo (default leve)
2026-04,LightVehicles,leve,CHEVROLET,S10 CABINA DOBLE Z71,ICE,8,Aduana PY datos abiertos,NCM 8704.21 GVW≤5t pickup/camioneta
2026-04,LightVehicles,leve,FORD,MUSTANG,ICE,8,Aduana PY datos abiertos,NCM 8703 automóvil/turismo (default leve)
2026-04,LightVehicles,leve,GAC,EMZOOM GL 1,ICE,8,Aduana PY datos abiertos,NCM 8703 automóvil/turismo (default leve)
2026-04,LightVehicles,leve,HONDA,WR-V EXL,ICE,8,Aduana PY datos abiertos,NCM 8703 automóvil/turismo (default leve)
2026-04,LightVehicles,leve,LAND ROVER,DEFENDER,ICE,8,Aduana PY datos abiertos,NCM 8703 automóvil/turismo (default leve)
2026-04,LightVehicles,leve,PORSCHE,MACAN,ICE,8,Aduana PY datos abiertos,NCM 8703 automóvil/turismo (default leve)
2026-04,LightVehicles,leve,TOYOTA,YARIS CROSS,ICE,8,Aduana PY datos abiertos,NCM 8703 automóvil/turismo (default leve)
2026-04,LightVehicles,leve,VOYAH DREAMER,(sin modelo),BEV,8,Aduana PY datos abiertos,NCM 8703 automóvil/turismo (default leve)
2026-04,LightVehicles,pesado,FAW,TIGER 5,ICE,8,Aduana PY datos abiertos,NCM 8704.22 typically GVW>5t
2026-04,LightVehicles,pesado,MERCEDES-BENZ,ATEGO 816,ICE,8,Aduana PY datos abiertos,NCM 8704.22 typically GVW>5t
2026-04,LightVehicles,leve,ALFA ROMEO,GT VELOCE,ICE,7,Aduana PY datos abiertos,NCM 8703 automóvil/turismo (default leve)
2026-04,LightVehicles,leve,AUDI,A3,ICE,7,Aduana PY datos abiertos,NCM 8703 automóvil/turismo (default leve)
2026-04,LightVehicles,leve,AUDI,TT FSI,ICE,7,Aduana PY datos abiertos,NCM 8703 automóvil/turismo (default leve)
2026-04,LightVehicles,leve,AUDI,TT ROADSTER,ICE,7,Aduana PY datos abiertos,NCM 8703 automóvil/turismo (default leve)
2026-04,LightVehicles,leve,AVATR,07,PHEV,7,Aduana PY datos abiertos,NCM 8703 automóvil/turismo (default leve)
2026-04,LightVehicles,leve,BMW,320I,ICE,7,Aduana PY datos abiertos,NCM 8703 automóvil/turismo (default leve)
2026-04,LightVehicles,leve,BMW,520D,ICE,7,Aduana PY datos abiertos,NCM 8703 automóvil/turismo (default leve)
2026-04,LightVehicles,leve,BMW,520D GT,ICE,7,Aduana PY datos abiertos,NCM 8703 automóvil/turismo (default leve)
2026-04,LightVehicles,leve,BMW,650I,ICE,7,Aduana PY datos abiertos,NCM 8703 automóvil/turismo (default leve)
2026-04,LightVehicles,leve,BMW,M2,ICE,7,Aduana PY datos abiertos,NCM 8703 automóvil/turismo (default leve)
2026-04,LightVehicles,leve,BMW,M3,ICE,7,Aduana PY datos abiertos,NCM 8703 automóvil/turismo (default leve)
2026-04,LightVehicles,leve,BMW,M5,ICE,7,Aduana PY datos abiertos,NCM 8703 automóvil/turismo (default leve)
2026-04,LightVehicles,leve,BMW,X3 30E XDRIVE,PHEV,7,Aduana PY datos abiertos,NCM 8703 automóvil/turismo (default leve)
2026-04,LightVehicles,leve,BMW,X3 XDRIVE 20D,ICE,7,Aduana PY datos abiertos,NCM 8703 automóvil/turismo (default leve)
2026-04,LightVehicles,leve,CADILLAC,CTS,ICE,7,Aduana PY datos abiertos,NCM 8703 automóvil/turismo (default leve)
2026-04,LightVehicles,leve,CADILLAC,ESCALADE,ICE,7,Aduana PY datos abiertos,NCM 8703 automóvil/turismo (default leve)
2026-04,LightVehicles,leve,CADILLAC,ESCALADE ESV 1SA,ICE,7,Aduana PY datos abiertos,NCM 8703 automóvil/turismo (default leve)
2026-04,LightVehicles,leve,CHEVROLET,C-1500,ICE,7,Aduana PY datos abiertos,NCM 8703 automóvil/turismo (default leve)
2026-04,LightVehicles,leve,CHEVROLET,CORVETTE,ICE,7,Aduana PY datos abiertos,NCM 8703 automóvil/turismo (default leve)
2026-04,LightVehicles,leve,CHEVROLET,MALIBU,ICE,7,Aduana PY datos abiertos,NCM 8703 automóvil/turismo (default leve)
2026-04,LightVehicles,leve,DAIHATSU,MOVE CUSTOM,ICE,7,Aduana PY datos abiertos,NCM 8703 automóvil/turismo (default leve)
2026-04,LightVehicles,leve,DODGE,CHALLENGER A/O,ICE,7,Aduana PY datos abiertos,NCM 8703 automóvil/turismo (default leve)
2026-04,LightVehicles,leve,DODGE,CHALLENGER R/T,ICE,7,Aduana PY datos abiertos,NCM 8703 automóvil/turismo (default leve)
2026-04,LightVehicles,leve,FORD,BRONCO RAPTOR,ICE,7,Aduana PY datos abiertos,NCM 8703 automóvil/turismo (default leve)
2026-04,LightVehicles,leve,FORD,EXPEDITION,ICE,7,Aduana PY datos abiertos,NCM 8703 automóvil/turismo (default leve)
2026-04,LightVehicles,leve,FORD,FORD,ICE,7,Aduana PY datos abiertos,NCM 8704.31 GVW≤5t pickup/camioneta
2026-04,LightVehicles,leve,FORD,MUSTANG GT,ICE,7,Aduana PY datos abiertos,NCM 8703 automóvil/turismo (default leve)
2026-04,LightVehicles,leve,GREATWALL,TANK 300,PHEV,7,Aduana PY datos abiertos,NCM 8703 automóvil/turismo (default leve)
2026-04,LightVehicles,leve,HINO,(sin modelo),ICE,7,Aduana PY datos abiertos,NCM 8704.21 GVW≤5t pickup/camioneta
2026-04,LightVehicles,leve,HONDA,ACCORD SPORT,ICE,7,Aduana PY datos abiertos,NCM 8703 automóvil/turismo (default leve)
2026-04,LightVehicles,leve,HONDA,CIVIC,ICE,7,Aduana PY datos abiertos,NCM 8703 automóvil/turismo (default leve)
2026-04,LightVehicles,leve,HONDA,FIT,ICE,7,Aduana PY datos abiertos,NCM 8703 automóvil/turismo (default leve)
2026-04,LightVehicles,leve,HYUNDAI,H-100,ICE,7,Aduana PY datos abiertos,NCM 8704.21 GVW≤5t pickup/camioneta
2026-04,LightVehicles,leve,HYUNDAI,SANTA FE A/O,ICE,7,Aduana PY datos abiertos,NCM 8703 automóvil/turismo (default leve)
2026-04,LightVehicles,leve,HYUNDAI,SONATA,ICE,7,Aduana PY datos abiertos,NCM 8703 automóvil/turismo (default leve)
2026-04,LightVehicles,leve,HYUNDAI,TUCSON LX20,ICE,7,Aduana PY datos abiertos,NCM 8703 automóvil/turismo (default leve)
2026-04,LightVehicles,leve,HYUNDAI,VERACRUZ,ICE,7,Aduana PY datos abiertos,NCM 8703 automóvil/turismo (default leve)
2026-04,LightVehicles,leve,INFINITI,QX80,ICE,7,Aduana PY datos abiertos,NCM 8703 automóvil/turismo (default leve)
2026-04,LightVehicles,leve,IVECO,STRALIS 270,ICE,7,Aduana PY datos abiertos,NCM 8704.21 GVW≤5t pickup/camioneta
2026-04,LightVehicles,leve,JEEP,WRANGLER,ICE,7,Aduana PY datos abiertos,NCM 8703 automóvil/turismo (default leve)
2026-04,LightVehicles,leve,KIA,K7,ICE,7,Aduana PY datos abiertos,NCM 8703 automóvil/turismo (default leve)
2026-04,LightVehicles,leve,KIA,SELTOS,ICE,7,Aduana PY datos abiertos,NCM 8703 automóvil/turismo (default leve)
2026-04,LightVehicles,leve,LAND ROVER,DEFENDER,PHEV,7,Aduana PY datos abiertos,NCM 8703 automóvil/turismo (default leve)
2026-04,LightVehicles,leve,LAND ROVER,RANGE ROVER SPORT,ICE,7,Aduana PY datos abiertos,NCM 8703 automóvil/turismo (default leve)
2026-04,LightVehicles,leve,LAND ROVER,SPORT 2,ICE,7,Aduana PY datos abiertos,NCM 8703 automóvil/turismo (default leve)
2026-04,LightVehicles,leve,LINCOLN,NAVIGATOR,ICE,7,Aduana PY datos abiertos,NCM 8703 automóvil/turismo (default leve)
2026-04,LightVehicles,leve,MAHINDRA,XUV3XO MX3 PM AT EXP LHD QK,ICE,7,Aduana PY datos abiertos,NCM 8703 automóvil/turismo (default leve)
2026-04,LightVehicles,leve,MAZDA,ATENZA,ICE,7,Aduana PY datos abiertos,NCM 8703 automóvil/turismo (default leve)
2026-04,LightVehicles,leve,MAZDA,PROCEED MARVIE,ICE,7,Aduana PY datos abiertos,NCM 8703 automóvil/turismo (default leve)
2026-04,LightVehicles,leve,MERCEDES-BENZ,(sin modelo),ICE,7,Aduana PY datos abiertos,NCM 8703 automóvil/turismo (default leve)
2026-04,LightVehicles,leve,MERCEDES-BENZ,1218,ICE,7,Aduana PY datos abiertos,NCM 8704.21 GVW≤5t pickup/camioneta
2026-04,LightVehicles,leve,MERCEDES-BENZ,300E,ICE,7,Aduana PY datos abiertos,NCM 8703 automóvil/turismo (default leve)
2026-04,LightVehicles,leve,MERCEDES-BENZ,A250 E - VERSION HZAZ051A,PHEV,7,Aduana PY datos abiertos,NCM 8703 automóvil/turismo (default leve)
2026-04,LightVehicles,leve,MERCEDES-BENZ,AMG C63,ICE,7,Aduana PY datos abiertos,NCM 8703 automóvil/turismo (default leve)
2026-04,LightVehicles,leve,MERCEDES-BENZ,AMG GT,ICE,7,Aduana PY datos abiertos,NCM 8703 automóvil/turismo (default leve)
2026-04,LightVehicles,leve,MERCEDES-BENZ,C 220 BLUETEC,ICE,7,Aduana PY datos abiertos,NCM 8703 automóvil/turismo (default leve)
2026-04,LightVehicles,leve,MERCEDES-BENZ,C 220 D,ICE,7,Aduana PY datos abiertos,NCM 8703 automóvil/turismo (default leve)
2026-04,LightVehicles,leve,MERCEDES-BENZ,C230 KOMPRESSOR,ICE,7,Aduana PY datos abiertos,NCM 8703 automóvil/turismo (default leve)
2026-04,LightVehicles,leve,MERCEDES-BENZ,E220 CDI,ICE,7,Aduana PY datos abiertos,NCM 8703 automóvil/turismo (default leve)
2026-04,LightVehicles,leve,MERCEDES-BENZ,E270 A/O,ICE,7,Aduana PY datos abiertos,NCM 8703 automóvil/turismo (default leve)
2026-04,LightVehicles,leve,MERCEDES-BENZ,G63 AMG,ICE,7,Aduana PY datos abiertos,NCM 8703 automóvil/turismo (default leve)
2026-04,LightVehicles,leve,MERCEDES-BENZ,GL350,ICE,7,Aduana PY datos abiertos,NCM 8703 automóvil/turismo (default leve)
2026-04,LightVehicles,leve,MERCEDES-BENZ,GLE350D 4MATIC,ICE,7,Aduana PY datos abiertos,NCM 8703 automóvil/turismo (default leve)
2026-04,LightVehicles,leve,MERCEDES-BENZ,GLS450,ICE,7,Aduana PY datos abiertos,NCM 8703 automóvil/turismo (default leve)
2026-04,LightVehicles,leve,MERCEDES-BENZ,GT43,ICE,7,Aduana PY datos abiertos,NCM 8703 automóvil/turismo (default leve)
2026-04,LightVehicles,leve,MERCEDES-BENZ,SPRINTER,ICE,7,Aduana PY datos abiertos,NCM 8704.21 GVW≤5t pickup/camioneta
2026-04,LightVehicles,leve,MERCEDES-BENZ,SPRINTER A/O,ICE,7,Aduana PY datos abiertos,passenger van/minibus (Hiace/Staria/…) counts as leve
2026-04,LightVehicles,leve,MERCEDES-BENZ,SPRINTER CDI A/O,ICE,7,Aduana PY datos abiertos,NCM 8704.21 GVW≤5t pickup/camioneta
2026-04,LightVehicles,leve,MINI,COOPER,ICE,7,Aduana PY datos abiertos,NCM 8703 automóvil/turismo (default leve)
2026-04,LightVehicles,leve,MINI,COOPER S,ICE,7,Aduana PY datos abiertos,NCM 8703 automóvil/turismo (default leve)
2026-04,LightVehicles,leve,MITSUBISHI,3000GT,ICE,7,Aduana PY datos abiertos,NCM 8703 automóvil/turismo (default leve)
2026-04,LightVehicles,leve,MITSUBISHI,CANTER CUSTOM,ICE,7,Aduana PY datos abiertos,NCM 8704.21 GVW≤5t pickup/camioneta
2026-04,LightVehicles,leve,MITSUBISHI,CANTER DOBLE CABINA,ICE,7,Aduana PY datos abiertos,NCM 8704.21 GVW≤5t pickup/camioneta
2026-04,LightVehicles,leve,MITSUBISHI,CANTER GUTSAO,ICE,7,Aduana PY datos abiertos,NCM 8704.21 GVW≤5t pickup/camioneta
2026-04,LightVehicles,leve,MITSUBISHI,CANTER O,ICE,7,Aduana PY datos abiertos,NCM 8704.21 GVW≤5t pickup/camioneta
2026-04,LightVehicles,leve,MITSUBISHI,FUSO,ICE,7,Aduana PY datos abiertos,NCM 8704.21 GVW≤5t pickup/camioneta
2026-04,LightVehicles,leve,MITSUBISHI,FUSO CANTER,ICE,7,Aduana PY datos abiertos,NCM 8704.21 GVW≤5t pickup/camioneta
2026-04,LightVehicles,leve,MITSUBISHI,TRITON,ICE,7,Aduana PY datos abiertos,NCM 8704.31 GVW≤5t pickup/camioneta
2026-04,LightVehicles,leve,NISSAN,ATLAS 100,ICE,7,Aduana PY datos abiertos,NCM 8704.21 GVW≤5t pickup/camioneta
2026-04,LightVehicles,leve,NISSAN,CONDOR,ICE,7,Aduana PY datos abiertos,NCM 8704.21 GVW≤5t pickup/camioneta
2026-04,LightVehicles,leve,NISSAN,DATSUN,ICE,7,Aduana PY datos abiertos,NCM 8704.21 GVW≤5t pickup/camioneta
2026-04,LightVehicles,leve,NISSAN,MARCH,ICE,7,Aduana PY datos abiertos,NCM 8703 automóvil/turismo (default leve)
2026-04,LightVehicles,leve,NISSAN,NAVARA,ICE,7,Aduana PY datos abiertos,NCM 8704.21 GVW≤5t pickup/camioneta
2026-04,LightVehicles,leve,NISSAN,NOTE,ICE,7,Aduana PY datos abiertos,NCM 8703 automóvil/turismo (default leve)
2026-04,LightVehicles,leve,NISSAN,PATROL,ICE,7,Aduana PY datos abiertos,NCM 8703 automóvil/turismo (default leve)
2026-04,LightVehicles,leve,NISSAN,SKYLINE GT,ICE,7,Aduana PY datos abiertos,NCM 8703 automóvil/turismo (default leve)
2026-04,LightVehicles,leve,NISSAN,TERRANO,ICE,7,Aduana PY datos abiertos,NCM 8703 automóvil/turismo (default leve)
2026-04,LightVehicles,leve,NISSAN,VANETTE TRUCK,ICE,7,Aduana PY datos abiertos,NCM 8704.21 GVW≤5t pickup/camioneta
2026-04,LightVehicles,leve,PORSCHE,CAYENNE,ICE,7,Aduana PY datos abiertos,NCM 8703 automóvil/turismo (default leve)
2026-04,LightVehicles,leve,PORSCHE,PANAMERA 4 NAFTERO,ICE,7,Aduana PY datos abiertos,NCM 8703 automóvil/turismo (default leve)
2026-04,LightVehicles,leve,RENAULT,CLIO,ICE,7,Aduana PY datos abiertos,NCM 8703 automóvil/turismo (default leve)
2026-04,LightVehicles,leve,RENAULT,CLIO A/O,ICE,7,Aduana PY datos abiertos,NCM 8703 automóvil/turismo (default leve)
2026-04,LightVehicles,leve,SCANIA,P124-360,ICE,7,Aduana PY datos abiertos,NCM 8704.21 GVW≤5t pickup/camioneta
2026-04,LightVehicles,leve,SUBARU,BRZ,ICE,7,Aduana PY datos abiertos,NCM 8703 automóvil/turismo (default leve)
2026-04,LightVehicles,leve,SUBARU,IMPREZA STI,ICE,7,Aduana PY datos abiertos,NCM 8703 automóvil/turismo (default leve)
2026-04,LightVehicles,leve,SUBARU,IMPREZA WRX STI LIMITED 2,ICE,7,Aduana PY datos abiertos,NCM 8703 automóvil/turismo (default leve)
2026-04,LightVehicles,leve,SUBARU,LEVORG,ICE,7,Aduana PY datos abiertos,NCM 8703 automóvil/turismo (default leve)
2026-04,LightVehicles,leve,SUBARU,RACTIS,ICE,7,Aduana PY datos abiertos,NCM 8703 automóvil/turismo (default leve)
2026-04,LightVehicles,leve,SUZUKI,ALTO,ICE,7,Aduana PY datos abiertos,NCM 8703 automóvil/turismo (default leve)
2026-04,LightVehicles,leve,TOYOTA,86,ICE,7,Aduana PY datos abiertos,NCM 8703 automóvil/turismo (default leve)
2026-04,LightVehicles,leve,TOYOTA,ALPHARD,ICE,7,Aduana PY datos abiertos,passenger van/minibus (Hiace/Staria/…) counts as leve
2026-04,LightVehicles,leve,TOYOTA,ALTIS A O,ICE,7,Aduana PY datos abiertos,NCM 8703 automóvil/turismo (default leve)
2026-04,LightVehicles,leve,TOYOTA,AXIO,ICE,7,Aduana PY datos abiertos,NCM 8703 automóvil/turismo (default leve)
2026-04,LightVehicles,leve,TOYOTA,CALDINA,ICE,7,Aduana PY datos abiertos,NCM 8703 automóvil/turismo (default leve)
2026-04,LightVehicles,leve,TOYOTA,CELICA,ICE,7,Aduana PY datos abiertos,NCM 8703 automóvil/turismo (default leve)
2026-04,LightVehicles,leve,TOYOTA,COROLLA AXIO,HEV,7,Aduana PY datos abiertos,NCM 8703 automóvil/turismo (default leve)
2026-04,LightVehicles,leve,TOYOTA,CORONA PREMIO,ICE,7,Aduana PY datos abiertos,NCM 8703 automóvil/turismo (default leve)
2026-04,LightVehicles,leve,TOYOTA,CROWN,ICE,7,Aduana PY datos abiertos,NCM 8703 automóvil/turismo (default leve)
2026-04,LightVehicles,leve,TOYOTA,CROWN A/O,ICE,7,Aduana PY datos abiertos,NCM 8703 automóvil/turismo (default leve)
2026-04,LightVehicles,leve,TOYOTA,ELO,ICE,7,Aduana PY datos abiertos,NCM 8703 automóvil/turismo (default leve)
2026-04,LightVehicles,leve,TOYOTA,GT86,ICE,7,Aduana PY datos abiertos,NCM 8703 automóvil/turismo (default leve)
2026-04,LightVehicles,leve,TOYOTA,HIACE GRAND CABIN G,ICE,7,Aduana PY datos abiertos,passenger van/minibus (Hiace/Staria/…) counts as leve
2026-04,LightVehicles,leve,TOYOTA,HIACE SUPER CUSTOM,ICE,7,Aduana PY datos abiertos,passenger van/minibus (Hiace/Staria/…) counts as leve
2026-04,LightVehicles,leve,TOYOTA,HIGHLANDER,ICE,7,Aduana PY datos abiertos,NCM 8703 automóvil/turismo (default leve)
2026-04,LightVehicles,leve,TOYOTA,ISIS,ICE,7,Aduana PY datos abiertos,NCM 8703 automóvil/turismo (default leve)
2026-04,LightVehicles,leve,TOYOTA,ITZ VAO,ICE,7,Aduana PY datos abiertos,NCM 8703 automóvil/turismo (default leve)
2026-04,LightVehicles,leve,TOYOTA,LAND CRUIZER 250 PRADO TXL,ICE,7,Aduana PY datos abiertos,NCM 8703 automóvil/turismo (default leve)
2026-04,LightVehicles,leve,TOYOTA,MARK X PREMIUN,ICE,7,Aduana PY datos abiertos,NCM 8703 automóvil/turismo (default leve)
2026-04,LightVehicles,leve,TOYOTA,MR2,ICE,7,Aduana PY datos abiertos,NCM 8703 automóvil/turismo (default leve)
2026-04,LightVehicles,leve,TOYOTA,NOAH,HEV,7,Aduana PY datos abiertos,passenger van/minibus (Hiace/Staria/…) counts as leve
2026-04,LightVehicles,leve,TOYOTA,PASSO,ICE,7,Aduana PY datos abiertos,NCM 8703 automóvil/turismo (default leve)
2026-04,LightVehicles,leve,TOYOTA,PLATZ,ICE,7,Aduana PY datos abiertos,NCM 8703 automóvil/turismo (default leve)
2026-04,LightVehicles,leve,TOYOTA,PREMIO A O,ICE,7,Aduana PY datos abiertos,NCM 8703 automóvil/turismo (default leve)
2026-04,LightVehicles,leve,TOYOTA,PREMIO A/O,ICE,7,Aduana PY datos abiertos,NCM 8703 automóvil/turismo (default leve)
2026-04,LightVehicles,leve,TOYOTA,PROBOX,ICE,7,Aduana PY datos abiertos,NCM 8703 automóvil/turismo (default leve)
2026-04,LightVehicles,leve,TOYOTA,RAUM,ICE,7,Aduana PY datos abiertos,NCM 8703 automóvil/turismo (default leve)
2026-04,LightVehicles,leve,TOYOTA,RAV4,ICE,7,Aduana PY datos abiertos,NCM 8703 automóvil/turismo (default leve)
2026-04,LightVehicles,leve,TOYOTA,REGIUS,ICE,7,Aduana PY datos abiertos,NCM 8703 automóvil/turismo (default leve)
2026-04,LightVehicles,leve,TOYOTA,REGIUSACE,ICE,7,Aduana PY datos abiertos,NCM 8704.21 GVW≤5t pickup/camioneta
2026-04,LightVehicles,leve,TOYOTA,RUNNER LIMITED,HEV,7,Aduana PY datos abiertos,NCM 8703 automóvil/turismo (default leve)
2026-04,LightVehicles,leve,TOYOTA,SPORTAGE,ICE,7,Aduana PY datos abiertos,NCM 8703 automóvil/turismo (default leve)
2026-04,LightVehicles,leve,TOYOTA,TACOMA DC4WD SR5,ICE,7,Aduana PY datos abiertos,NCM 8704.31 GVW≤5t pickup/camioneta
2026-04,LightVehicles,leve,TOYOTA,TOYOACE,ICE,7,Aduana PY datos abiertos,NCM 8704.21 GVW≤5t pickup/camioneta
2026-04,LightVehicles,leve,TOYOTA,VIRTZ,ICE,7,Aduana PY datos abiertos,NCM 8703 automóvil/turismo (default leve)
2026-04,LightVehicles,leve,VOLKSWAGEN,POLO,ICE,7,Aduana PY datos abiertos,NCM 8703 automóvil/turismo (default leve)
2026-04,LightVehicles,leve,VOLKSWAGEN,VW/FUSCA,ICE,7,Aduana PY datos abiertos,NCM 8703 automóvil/turismo (default leve)
2026-04,LightVehicles,pesado,ISUZU,QMR77L-HH5AYN,ICE,7,Aduana PY datos abiertos,NCM 8704.22 typically GVW>5t
2026-04,LightVehicles,pesado,KUBOTA,(sin modelo),ICE,7,Aduana PY datos abiertos,8704 without light-pickup signal → pesado
2026-04,LightVehicles,pesado,MAN,8,ICE,7,Aduana PY datos abiertos,NCM 8704.22 typically GVW>5t
2026-04,LightVehicles,pesado,MAZDA,TITAN,ICE,7,Aduana PY datos abiertos,NCM 8704.22 typically GVW>5t
2026-04,LightVehicles,pesado,MERCEDES-BENZ,1222,ICE,7,Aduana PY datos abiertos,NCM 8704.22 typically GVW>5t
2026-04,LightVehicles,pesado,MERCEDES-BENZ,1323,ICE,7,Aduana PY datos abiertos,NCM 8704.22 typically GVW>5t
2026-04,LightVehicles,pesado,MERCEDES-BENZ,1523,ICE,7,Aduana PY datos abiertos,NCM 8704.22 typically GVW>5t
2026-04,LightVehicles,pesado,MERCEDES-BENZ,609D,ICE,7,Aduana PY datos abiertos,NCM 8704.22 typically GVW>5t
2026-04,LightVehicles,pesado,MERCEDES-BENZ,814 A/O,ICE,7,Aduana PY datos abiertos,NCM 8704.22 typically GVW>5t
2026-04,LightVehicles,pesado,MERCEDES-BENZ,816 A/O,ICE,7,Aduana PY datos abiertos,NCM 8704.22 typically GVW>5t
2026-04,LightVehicles,pesado,MERCEDES-BENZ,818,ICE,7,Aduana PY datos abiertos,NCM 8704.22 typically GVW>5t
2026-04,LightVehicles,pesado,MERCEDES-BENZ,ATEGO 814,ICE,7,Aduana PY datos abiertos,NCM 8704.22 typically GVW>5t
2026-04,LightVehicles,pesado,MERCEDES-BENZ,ATEGO A/O,ICE,7,Aduana PY datos abiertos,NCM 8704.22 typically GVW>5t
2026-04,LightVehicles,pesado,MERCEDES-BENZ,SPRINTER,ICE,7,Aduana PY datos abiertos,NCM 8704.22 typically GVW>5t
2026-04,LightVehicles,pesado,MERCESDES BENZ,SPRINTER 311,ICE,7,Aduana PY datos abiertos,NCM 8704.22 typically GVW>5t
2026-04,LightVehicles,pesado,RANDON,RK-430B,ICE,7,Aduana PY datos abiertos,8704 without light-pickup signal → pesado
2026-04,LightVehicles,pesado,SCANIA,114 L - 380,ICE,7,Aduana PY datos abiertos,NCM 8704.22 typically GVW>5t
2026-04,LightVehicles,pesado,SCANIA,124 - 420,ICE,7,Aduana PY datos abiertos,NCM 8704.22 typically GVW>5t
2026-04,LightVehicles,pesado,SCANIA,93 HL,ICE,7,Aduana PY datos abiertos,NCM 8704.22 typically GVW>5t
2026-04,LightVehicles,pesado,SCANIA,94-260 A/O,ICE,7,Aduana PY datos abiertos,NCM 8704.22 typically GVW>5t
2026-04,LightVehicles,pesado,SCANIA,P310,ICE,7,Aduana PY datos abiertos,NCM 8704.22 typically GVW>5t
2026-04,LightVehicles,pesado,SCANIA,P340,ICE,7,Aduana PY datos abiertos,NCM 8704.22 typically GVW>5t
2026-04,LightVehicles,pesado,SCANIA,R124,ICE,7,Aduana PY datos abiertos,NCM 8704.23 typically GVW>5t
2026-04,LightVehicles,pesado,SINOTRUK,HOWO 371,ICE,7,Aduana PY datos abiertos,NCM 8704.23 typically GVW>5t
2026-04,LightVehicles,recreativo,POLARIS,RZR XP4,ICE,7,Aduana PY datos abiertos,keyword ATV/UTV/carrito golf/snow
2026-04,LightVehicles,leve,CHANGAN,NEW CS15 DCT,ICE,6,Aduana PY datos abiertos,NCM 8703 automóvil/turismo (default leve)
2026-04,LightVehicles,leve,CHANGAN,NEW CS75 PLUS 4WD 2,ICE,6,Aduana PY datos abiertos,NCM 8703 automóvil/turismo (default leve)
2026-04,LightVehicles,leve,FIAT,FASTBACK ABARTH 1,ICE,6,Aduana PY datos abiertos,NCM 8703 automóvil/turismo (default leve)
2026-04,LightVehicles,leve,HYUNDAI,NEW CRETA PLATINUM NAFTERO 1,ICE,6,Aduana PY datos abiertos,NCM 8703 automóvil/turismo (default leve)
2026-04,LightVehicles,leve,JIM,(sin modelo),ICE,6,Aduana PY datos abiertos,NCM 8704.21 GVW≤5t pickup/camioneta
2026-04,LightVehicles,leve,JMEV,EV3,BEV,6,Aduana PY datos abiertos,NCM 8703 automóvil/turismo (default leve)
2026-04,LightVehicles,leve,KAIYI,KYX7,PHEV,6,Aduana PY datos abiertos,NCM 8703 automóvil/turismo (default leve)
2026-04,LightVehicles,leve,KIA,EV5,BEV,6,Aduana PY datos abiertos,NCM 8703 automóvil/turismo (default leve)
2026-04,LightVehicles,leve,LEXUS,(sin modelo),HEV,6,Aduana PY datos abiertos,NCM 8703 automóvil/turismo (default leve)
2026-04,LightVehicles,leve,MAXUS,T60 D20 CABINA SIMPLE,ICE,6,Aduana PY datos abiertos,NCM 8704.21 GVW≤5t pickup/camioneta
2026-04,LightVehicles,leve,MINI,(sin modelo),BEV,6,Aduana PY datos abiertos,NCM 8703 automóvil/turismo (default leve)
2026-04,LightVehicles,leve,MITSUBISHI,MONTERO SPORT GLS 4WD 2,ICE,6,Aduana PY datos abiertos,NCM 8703 automóvil/turismo (default leve)
2026-04,LightVehicles,leve,AUDI,Q3 1,ICE,5,Aduana PY datos abiertos,NCM 8703 automóvil/turismo (default leve)
2026-04,LightVehicles,leve,BMW,X3 20,ICE,5,Aduana PY datos abiertos,NCM 8703 automóvil/turismo (default leve)
2026-04,LightVehicles,leve,CHANGAN,M60 11 PASAJEROS,ICE,5,Aduana PY datos abiertos,NCM 8703 automóvil/turismo (default leve)
2026-04,LightVehicles,leve,CHANGAN,UNI-T ELITE,ICE,5,Aduana PY datos abiertos,NCM 8703 automóvil/turismo (default leve)
2026-04,LightVehicles,leve,HYUNDAI,NEW HB20S 16 NAFT MECCON SUS ACCESORIOS CORRESPONDIENTES,ICE,5,Aduana PY datos abiertos,NCM 8703 automóvil/turismo (default leve)
2026-04,LightVehicles,leve,HYUNDAI,STARIA,ICE,5,Aduana PY datos abiertos,passenger van/minibus (Hiace/Staria/…) counts as leve
2026-04,LightVehicles,leve,ISUZU,QLR77L-EE1AYN,ICE,5,Aduana PY datos abiertos,NCM 8704.21 GVW≤5t pickup/camioneta
2026-04,LightVehicles,leve,KAWASAKI,2026,ICE,5,Aduana PY datos abiertos,NCM 8703 automóvil/turismo (default leve)
2026-04,LightVehicles,leve,MAHINDRA,XUV3XO MX3 PM AT EXP LHD WQ,ICE,5,Aduana PY datos abiertos,NCM 8703 automóvil/turismo (default leve)
2026-04,LightVehicles,leve,MAXUS,T60 MAX,ICE,5,Aduana PY datos abiertos,NCM 8704.21 GVW≤5t pickup/camioneta
2026-04,LightVehicles,leve,MG,ZS STD PLUS,ICE,5,Aduana PY datos abiertos,NCM 8703 automóvil/turismo (default leve)
2026-04,LightVehicles,leve,SOUEAST,(sin modelo),ICE,5,Aduana PY datos abiertos,NCM 8703 automóvil/turismo (default leve)
2026-04,LightVehicles,leve,TOYOTA,AGYA AUT,ICE,5,Aduana PY datos abiertos,NCM 8703 automóvil/turismo (default leve)
2026-04,LightVehicles,leve,BMW,X6 XDRIVE30D M SPORT,ICE,4,Aduana PY datos abiertos,NCM 8703 automóvil/turismo (default leve)
2026-04,LightVehicles,leve,CHEVROLET,NOVA MONTANA LTZ FLEX AT TURBO,ICE,4,Aduana PY datos abiertos,NCM 8704.31 GVW≤5t pickup/camioneta
2026-04,LightVehicles,leve,CHEVROLET,TRACKER LTZ 1,ICE,4,Aduana PY datos abiertos,NCM 8703 automóvil/turismo (default leve)
2026-04,LightVehicles,leve,DONGFENG,RICH6 AT LUX 4WD,ICE,4,Aduana PY datos abiertos,NCM 8704.21 GVW≤5t pickup/camioneta
2026-04,LightVehicles,leve,GAC,EMZOOM GS 1,ICE,4,Aduana PY datos abiertos,NCM 8703 automóvil/turismo (default leve)
2026-04,LightVehicles,leve,GAC,GS4 MAX GB 1,ICE,4,Aduana PY datos abiertos,NCM 8703 automóvil/turismo (default leve)
2026-04,LightVehicles,leve,GAC,GS8 GL 2,ICE,4,Aduana PY datos abiertos,NCM 8703 automóvil/turismo (default leve)
2026-04,LightVehicles,leve,GAC,GS8 GT 2,ICE,4,Aduana PY datos abiertos,NCM 8703 automóvil/turismo (default leve)
2026-04,LightVehicles,leve,GAC,GS8 GX TRAVELER 2,ICE,4,Aduana PY datos abiertos,NCM 8703 automóvil/turismo (default leve)
2026-04,LightVehicles,leve,HONDA,HR-V EXL,ICE,4,Aduana PY datos abiertos,NCM 8703 automóvil/turismo (default leve)
2026-04,LightVehicles,leve,HONDA,HR-V TOURING,ICE,4,Aduana PY datos abiertos,NCM 8703 automóvil/turismo (default leve)
2026-04,LightVehicles,leve,KIA,SORENTO,HEV,4,Aduana PY datos abiertos,NCM 8703 automóvil/turismo (default leve)
2026-04,LightVehicles,leve,LAND ROVER,RANGE ROVER SPORT 3,PHEV,4,Aduana PY datos abiertos,NCM 8703 automóvil/turismo (default leve)
2026-04,LightVehicles,leve,LYNK CO,09,ICE,4,Aduana PY datos abiertos,NCM 8703 automóvil/turismo (default leve)
2026-04,LightVehicles,leve,MAHINDRA,XUV3XO AX5 PM AT EXP LHD QK,ICE,4,Aduana PY datos abiertos,NCM 8703 automóvil/turismo (default leve)
2026-04,LightVehicles,leve,MAHINDRA,XUV3XO AX5 PM AT EXP LHD WQ,ICE,4,Aduana PY datos abiertos,NCM 8703 automóvil/turismo (default leve)
2026-04,LightVehicles,leve,PORSCHE,CAYENNE,PHEV,4,Aduana PY datos abiertos,NCM 8703 automóvil/turismo (default leve)
2026-04,LightVehicles,leve,SINOTRUK,(sin modelo),ICE,4,Aduana PY datos abiertos,8704 + pickup/camioneta keyword
2026-04,LightVehicles,leve,TATA,SUPER ACE MINT LHD EIV DLE,ICE,4,Aduana PY datos abiertos,NCM 8704.21 GVW≤5t pickup/camioneta
2026-04,LightVehicles,leve,TOYOTA,RUSH AUT,ICE,4,Aduana PY datos abiertos,NCM 8703 automóvil/turismo (default leve)
2026-04,LightVehicles,pesado,FAW,TIGER 6,ICE,4,Aduana PY datos abiertos,NCM 8704.22 typically GVW>5t
2026-04,LightVehicles,pesado,JMC,(sin modelo),ICE,4,Aduana PY datos abiertos,NCM 8704.22 typically GVW>5t
2026-04,LightVehicles,leve,AUDI,Q7 3,ICE,3,Aduana PY datos abiertos,NCM 8703 automóvil/turismo (default leve)
2026-04,LightVehicles,leve,BMW,X6 XDRIVE40I M SPORT,ICE,3,Aduana PY datos abiertos,NCM 8703 automóvil/turismo (default leve)
2026-04,LightVehicles,leve,CHANGAN,MS 201 DOBLE CABINA,ICE,3,Aduana PY datos abiertos,NCM 8704.31 GVW≤5t pickup/camioneta
2026-04,LightVehicles,leve,CHEVROLET,TRAILBLAZER HIGH COUNTRY,ICE,3,Aduana PY datos abiertos,NCM 8703 automóvil/turismo (default leve)
2026-04,LightVehicles,leve,DONGFENG,RICH7 MT STD 4WD,ICE,3,Aduana PY datos abiertos,NCM 8704.21 GVW≤5t pickup/camioneta
2026-04,LightVehicles,leve,JAC,E30X LUXURY,BEV,3,Aduana PY datos abiertos,NCM 8703 automóvil/turismo (default leve)
2026-04,LightVehicles,leve,JAC,X200 CABINA SIMPLE,ICE,3,Aduana PY datos abiertos,NCM 8704.21 GVW≤5t pickup/camioneta
2026-04,LightVehicles,leve,LEAPMOTOR,(sin modelo),PHEV,3,Aduana PY datos abiertos,NCM 8703 automóvil/turismo (default leve)
2026-04,LightVehicles,leve,NISSAN,NEW KICKS 220T EXCLUSIVE 6 DCT - FLEX,ICE,3,Aduana PY datos abiertos,NCM 8703 automóvil/turismo (default leve)
2026-04,LightVehicles,leve,NISSAN,X-TRAIL E-POWER,HEV,3,Aduana PY datos abiertos,NCM 8703 automóvil/turismo (default leve)
2026-04,LightVehicles,leve,TOYOTA,(sin modelo),BEV,3,Aduana PY datos abiertos,NCM 8703 automóvil/turismo (default leve)
2026-04,LightVehicles,leve,TOYOTA,(sin modelo),HEV,3,Aduana PY datos abiertos,NCM 8703 automóvil/turismo (default leve)
2026-04,LightVehicles,pesado,HYUNDAI,EX8,ICE,3,Aduana PY datos abiertos,NCM 8704.22 typically GVW>5t
2026-04,LightVehicles,recreativo,TOYOTA,BZ3X,ICE,3,Aduana PY datos abiertos,NCM 8703.10
2026-04,LightVehicles,leve,AUDI,Q8 3,ICE,2,Aduana PY datos abiertos,NCM 8703 automóvil/turismo (default leve)
2026-04,LightVehicles,leve,BMW,(sin modelo),BEV,2,Aduana PY datos abiertos,NCM 8703 automóvil/turismo (default leve)
2026-04,LightVehicles,leve,BMW,X1 SDRIVE18I,ICE,2,Aduana PY datos abiertos,NCM 8703 automóvil/turismo (default leve)
2026-04,LightVehicles,leve,BMW,X1 XDRIVE25E,PHEV,2,Aduana PY datos abiertos,NCM 8703 automóvil/turismo (default leve)
2026-04,LightVehicles,leve,BMW,X5 XDRIVE40I,ICE,2,Aduana PY datos abiertos,NCM 8703 automóvil/turismo (default leve)
2026-04,LightVehicles,leve,BYD,(sin modelo),BEV,2,Aduana PY datos abiertos,NCM 8703 automóvil/turismo (default leve)
2026-04,LightVehicles,leve,CHANGAN,2027,ICE,2,Aduana PY datos abiertos,NCM 8703 automóvil/turismo (default leve)
2026-04,LightVehicles,leve,CHANGAN,HUNTER,PHEV,2,Aduana PY datos abiertos,8704 + pickup/camioneta keyword
2026-04,LightVehicles,leve,CHANGAN,NEW CS15 MT,ICE,2,Aduana PY datos abiertos,NCM 8703 automóvil/turismo (default leve)
2026-04,LightVehicles,leve,CHEVROLET,NOVA MONTANA PREMIER II FLEX AT TURBO,ICE,2,Aduana PY datos abiertos,NCM 8704.31 GVW≤5t pickup/camioneta
2026-04,LightVehicles,leve,CHEVROLET,NOVA MONTANA RS FLEX AT TURBO,ICE,2,Aduana PY datos abiertos,NCM 8704.31 GVW≤5t pickup/camioneta
2026-04,LightVehicles,leve,CHEVROLET,TRACKER RS 1,ICE,2,Aduana PY datos abiertos,NCM 8703 automóvil/turismo (default leve)
2026-04,LightVehicles,leve,DONGFENG,AX7 E2,ICE,2,Aduana PY datos abiertos,NCM 8703 automóvil/turismo (default leve)
2026-04,LightVehicles,leve,FIAT,ARGO TREKKING 1,ICE,2,Aduana PY datos abiertos,NCM 8703 automóvil/turismo (default leve)
2026-04,LightVehicles,leve,GAC,GS4 MAX GL 1,ICE,2,Aduana PY datos abiertos,NCM 8703 automóvil/turismo (default leve)
2026-04,LightVehicles,leve,JAC,LD123,ICE,2,Aduana PY datos abiertos,NCM 8704.21 GVW≤5t pickup/camioneta
2026-04,LightVehicles,leve,JAC,T8,ICE,2,Aduana PY datos abiertos,NCM 8704.21 GVW≤5t pickup/camioneta
2026-04,LightVehicles,leve,JAC,X200 DOBLE CABINA,ICE,2,Aduana PY datos abiertos,NCM 8704.21 GVW≤5t pickup/camioneta
2026-04,LightVehicles,leve,MAHINDRA,XUV3XO AX5 PM AT EXP LHD RP,ICE,2,Aduana PY datos abiertos,NCM 8703 automóvil/turismo (default leve)
2026-04,LightVehicles,leve,MAHINDRA,XUV3XO MX3 PM AT EXP LHD RP,ICE,2,Aduana PY datos abiertos,NCM 8703 automóvil/turismo (default leve)
2026-04,LightVehicles,leve,MAZDA,CX-60 MILD,ICE,2,Aduana PY datos abiertos,NCM 8703 automóvil/turismo (default leve)
2026-04,LightVehicles,leve,MAZDA,CX-90 MILD,ICE,2,Aduana PY datos abiertos,NCM 8703 automóvil/turismo (default leve)
2026-04,LightVehicles,leve,MERCEDES-BENZ,GLA 200 CON,ICE,2,Aduana PY datos abiertos,NCM 8703 automóvil/turismo (default leve)
2026-04,LightVehicles,leve,MERCEDES-BENZ,GLE 450 D 4MATIC COUPE CON,ICE,2,Aduana PY datos abiertos,NCM 8703 automóvil/turismo (default leve)
2026-04,LightVehicles,leve,MG,(sin modelo),BEV,2,Aduana PY datos abiertos,NCM 8703 automóvil/turismo (default leve)
2026-04,LightVehicles,leve,MG,ZS COM,ICE,2,Aduana PY datos abiertos,NCM 8703 automóvil/turismo (default leve)
2026-04,LightVehicles,leve,MG,ZS MT STD,ICE,2,Aduana PY datos abiertos,NCM 8703 automóvil/turismo (default leve)
2026-04,LightVehicles,leve,POLARIS,RZR-25 PRO R4,ICE,2,Aduana PY datos abiertos,NCM 8703 automóvil/turismo (default leve)
2026-04,LightVehicles,leve,SIN MARCA,(sin modelo),BEV,2,Aduana PY datos abiertos,NCM 8703 automóvil/turismo (default leve)
2026-04,LightVehicles,leve,TOYOTA,PRADO PREMIUM,HEV,2,Aduana PY datos abiertos,NCM 8703 automóvil/turismo (default leve)
2026-04,LightVehicles,leve,TOYOTA,SEQUOIA,HEV,2,Aduana PY datos abiertos,NCM 8703 automóvil/turismo (default leve)
2026-04,LightVehicles,leve,VOLVO,EC40,BEV,2,Aduana PY datos abiertos,NCM 8703 automóvil/turismo (default leve)
2026-04,LightVehicles,pesado,HYUNDAI,EX6,ICE,2,Aduana PY datos abiertos,NCM 8704.22 typically GVW>5t
2026-04,LightVehicles,pesado,TATA,LPT709E/38-I2K-PS-SCAM-PTOPR-TPL GR00,ICE,2,Aduana PY datos abiertos,NCM 8704.22 typically GVW>5t
2026-04,LightVehicles,pesado,TATA,T,ICE,2,Aduana PY datos abiertos,NCM 8704.22 typically GVW>5t
2026-04,LightVehicles,leve,AUDI,A3 SEDAN 1,ICE,1,Aduana PY datos abiertos,NCM 8703 automóvil/turismo (default leve)
2026-04,LightVehicles,leve,AUDI,Q5 2,ICE,1,Aduana PY datos abiertos,NCM 8703 automóvil/turismo (default leve)
2026-04,LightVehicles,leve,AUDI,RS6 4,ICE,1,Aduana PY datos abiertos,NCM 8703 automóvil/turismo (default leve)
2026-04,LightVehicles,leve,AUDI,SQ5,ICE,1,Aduana PY datos abiertos,NCM 8703 automóvil/turismo (default leve)
2026-04,LightVehicles,leve,BMW,M2 CS COUPE,ICE,1,Aduana PY datos abiertos,NCM 8703 automóvil/turismo (default leve)
2026-04,LightVehicles,leve,BMW,X2 XDRIVE20I,ICE,1,Aduana PY datos abiertos,NCM 8703 automóvil/turismo (default leve)
2026-04,LightVehicles,leve,BMW,X7 XDRIVE40D,ICE,1,Aduana PY datos abiertos,NCM 8703 automóvil/turismo (default leve)
2026-04,LightVehicles,leve,CADILLAC,ESCALADE 600,ICE,1,Aduana PY datos abiertos,NCM 8703 automóvil/turismo (default leve)
2026-04,LightVehicles,leve,CHEVROLET,S10 WT,ICE,1,Aduana PY datos abiertos,NCM 8704.21 GVW≤5t pickup/camioneta
2026-04,LightVehicles,leve,CHEVROLET,TRACKER LITE 1,ICE,1,Aduana PY datos abiertos,NCM 8703 automóvil/turismo (default leve)
2026-04,LightVehicles,leve,CHEVROLET,TRACKER PREMIER 1,ICE,1,Aduana PY datos abiertos,NCM 8703 automóvil/turismo (default leve)
2026-04,LightVehicles,leve,DONGFENG,RICH6 SC MT FULL 4WD,ICE,1,Aduana PY datos abiertos,NCM 8704.21 GVW≤5t pickup/camioneta
2026-04,LightVehicles,leve,FANGCHENGBAO,QCJ6460AHBEV4,BEV,1,Aduana PY datos abiertos,NCM 8703 automóvil/turismo (default leve)
2026-04,LightVehicles,leve,FORD,EVEREST 2,ICE,1,Aduana PY datos abiertos,NCM 8703 automóvil/turismo (default leve)
2026-04,LightVehicles,leve,FORD,TRANSIT CONNECT,ICE,1,Aduana PY datos abiertos,passenger van/minibus (Hiace/Staria/…) counts as leve
2026-04,LightVehicles,leve,GREATWALL,TANK 500,PHEV,1,Aduana PY datos abiertos,NCM 8703 automóvil/turismo (default leve)
2026-04,LightVehicles,leve,ICAUR,03T COMFORT 1,PHEV,1,Aduana PY datos abiertos,NCM 8703 automóvil/turismo (default leve)
2026-04,LightVehicles,leve,JAC,JS4 15T CVT LUX,ICE,1,Aduana PY datos abiertos,NCM 8703 automóvil/turismo (default leve)
2026-04,LightVehicles,leve,JAC,LD250 CARGO BOX 25T,ICE,1,Aduana PY datos abiertos,NCM 8704.21 GVW≤5t pickup/camioneta
2026-04,LightVehicles,leve,JAC,M3 EV,BEV,1,Aduana PY datos abiertos,8704.60 electric goods vehicle (treated leve unless heavy)
2026-04,LightVehicles,leve,JAC,T9 ADVANCE LUXURY,ICE,1,Aduana PY datos abiertos,NCM 8704.21 GVW≤5t pickup/camioneta
2026-04,LightVehicles,leve,KIA,STONIC,ICE,1,Aduana PY datos abiertos,NCM 8703 automóvil/turismo (default leve)
2026-04,LightVehicles,leve,LAND ROVER,RANGE ROVER VELAR 2,PHEV,1,Aduana PY datos abiertos,NCM 8703 automóvil/turismo (default leve)
2026-04,LightVehicles,leve,LEXUS,(sin modelo),PHEV,1,Aduana PY datos abiertos,NCM 8703 automóvil/turismo (default leve)
2026-04,LightVehicles,leve,LEXUS,RX350H,HEV,1,Aduana PY datos abiertos,NCM 8703 automóvil/turismo (default leve)
2026-04,LightVehicles,leve,MERCEDES-BENZ,(sin modelo),PHEV,1,Aduana PY datos abiertos,NCM 8703 automóvil/turismo (default leve)
2026-04,LightVehicles,leve,MERCEDES-BENZ,GLA 200,ICE,1,Aduana PY datos abiertos,NCM 8703 automóvil/turismo (default leve)
2026-04,LightVehicles,leve,MERCEDES-BENZ,GLA 200 D CON,ICE,1,Aduana PY datos abiertos,NCM 8703 automóvil/turismo (default leve)
2026-04,LightVehicles,leve,MERCEDES-BENZ,GLC 200 4MATIC CON,ICE,1,Aduana PY datos abiertos,NCM 8703 automóvil/turismo (default leve)
2026-04,LightVehicles,leve,MERCEDES-BENZ,GLE 450 D 4MATIC COUPE,ICE,1,Aduana PY datos abiertos,NCM 8703 automóvil/turismo (default leve)
2026-04,LightVehicles,leve,MERDECES-BENZ,ATEGO,ICE,1,Aduana PY datos abiertos,NCM 8704.21 GVW≤5t pickup/camioneta
2026-04,LightVehicles,leve,MITSUBISHI,MONTERO SPORT GLS 2WD 2,ICE,1,Aduana PY datos abiertos,NCM 8703 automóvil/turismo (default leve)
2026-04,LightVehicles,leve,OPEL,MERIVA 1,ICE,1,Aduana PY datos abiertos,NCM 8703 automóvil/turismo (default leve)
2026-04,LightVehicles,leve,PEUGEOT,208 RALLY,ICE,1,Aduana PY datos abiertos,NCM 8703 automóvil/turismo (default leve)
2026-04,LightVehicles,leve,PORSCHE,911 CARRERA,ICE,1,Aduana PY datos abiertos,NCM 8703 automóvil/turismo (default leve)
2026-04,LightVehicles,leve,PORSCHE,CAYENNE S,PHEV,1,Aduana PY datos abiertos,NCM 8703 automóvil/turismo (default leve)
2026-04,LightVehicles,leve,SCANIA,P94,ICE,1,Aduana PY datos abiertos,NCM 8704.21 GVW≤5t pickup/camioneta
2026-04,LightVehicles,leve,SOUEAST,S06,ICE,1,Aduana PY datos abiertos,NCM 8703 automóvil/turismo (default leve)
2026-04,LightVehicles,leve,SUBARU,CROSSTREK,OTHERS,1,Aduana PY datos abiertos,NCM 8703 automóvil/turismo (default leve)
2026-04,LightVehicles,leve,SUBARU,FORESTER 2,HEV,1,Aduana PY datos abiertos,NCM 8703 automóvil/turismo (default leve)
2026-04,LightVehicles,leve,SUBARU,IMPRESA A/O,ICE,1,Aduana PY datos abiertos,NCM 8703 automóvil/turismo (default leve)
2026-04,LightVehicles,leve,TOYOTA,FUNCARGO A/O,ICE,1,Aduana PY datos abiertos,NCM 8703 automóvil/turismo (default leve)
2026-04,LightVehicles,leve,TOYOTA,GTM64606MEBEV,BEV,1,Aduana PY datos abiertos,NCM 8703 automóvil/turismo (default leve)
2026-04,LightVehicles,leve,TOYOTA,GTM64606MGBEV,BEV,1,Aduana PY datos abiertos,NCM 8703 automóvil/turismo (default leve)
2026-04,LightVehicles,leve,VOLKSWAGEN,2026,ICE,1,Aduana PY datos abiertos,NCM 8703 automóvil/turismo (default leve)
2026-04,LightVehicles,pesado,IVECO,55S18HA8 V WX,ICE,1,Aduana PY datos abiertos,NCM 8704.22 typically GVW>5t
2026-04,LightVehicles,pesado,JAC,LE551 CARGO BOX 7,ICE,1,Aduana PY datos abiertos,NCM 8704.22 typically GVW>5t
2026-04,LightVehicles,pesado,MERCEDES-BENZ,1114,ICE,1,Aduana PY datos abiertos,NCM 8704.22 typically GVW>5t
2026-04,LightVehicles,pesado,MERCEDES-BENZ,709,ICE,1,Aduana PY datos abiertos,NCM 8704.22 typically GVW>5t
2026-04,LightVehicles,pesado,MERCEDES-BENZ,817,ICE,1,Aduana PY datos abiertos,NCM 8704.22 typically GVW>5t
2026-04,LightVehicles,pesado,MERCEDES-BENZ,ATEGO 817,ICE,1,Aduana PY datos abiertos,NCM 8704.22 typically GVW>5t
2026-04,LightVehicles,pesado,SCANIA,124 360,ICE,1,Aduana PY datos abiertos,NCM 8704.22 typically GVW>5t
2026-04,LightVehicles,pesado,SCANIA,P94-310,ICE,1,Aduana PY datos abiertos,NCM 8704.22 typically GVW>5t
2026-04,LightVehicles,pesado,VOLKSWAGEN,6,ICE,1,Aduana PY datos abiertos,NCM 8704.22 typically GVW>5t
2026-04,LightVehicles,pesado,VOLVO,FM6440TR A/O,ICE,1,Aduana PY datos abiertos,NCM 8704.22 typically GVW>5t
2026-04,LightVehicles,recreativo,POLARIS,ATV-25,ICE,1,Aduana PY datos abiertos,keyword ATV/UTV/carrito golf/snow
2026-04,LightVehicles,recreativo,POLARIS,RZR-25 PRO S4,ICE,1,Aduana PY datos abiertos,keyword ATV/UTV/carrito golf/snow
2026-05,LightVehicles,leve,TOYOTA,VITZ,ICE,7596,Aduana PY datos abiertos,NCM 8703 automóvil/turismo (default leve)
2026-05,LightVehicles,leve,TOYOTA,RACTIS,ICE,4092,Aduana PY datos abiertos,NCM 8703 automóvil/turismo (default leve)
2026-05,LightVehicles,leve,KIA,SPORTAGE,ICE,3402,Aduana PY datos abiertos,NCM 8703 automóvil/turismo (default leve)
2026-05,LightVehicles,leve,TOYOTA,AURIS,ICE,2297,Aduana PY datos abiertos,NCM 8703 automóvil/turismo (default leve)
2026-05,LightVehicles,leve,TOYOTA,(sin modelo),ICE,1544,Aduana PY datos abiertos,NCM 8703 automóvil/turismo (default leve)
2026-05,LightVehicles,leve,TOYOTA,ALLION,ICE,1519,Aduana PY datos abiertos,NCM 8703 automóvil/turismo (default leve)
2026-05,LightVehicles,leve,TOYOTA,PREMIO,ICE,1429,Aduana PY datos abiertos,NCM 8703 automóvil/turismo (default leve)
2026-05,LightVehicles,leve,TOYOTA,SIENTA,ICE,1372,Aduana PY datos abiertos,NCM 8703 automóvil/turismo (default leve)
2026-05,LightVehicles,leve,TOYOTA,WISH,ICE,1323,Aduana PY datos abiertos,NCM 8703 automóvil/turismo (default leve)
2026-05,LightVehicles,leve,TOYOTA,VOXY,ICE,1290,Aduana PY datos abiertos,passenger van/minibus (Hiace/Staria/…) counts as leve
2026-05,LightVehicles,leve,TOYOTA,NOAH,ICE,904,Aduana PY datos abiertos,passenger van/minibus (Hiace/Staria/…) counts as leve
2026-05,LightVehicles,leve,TOYOTA,IST,ICE,792,Aduana PY datos abiertos,NCM 8703 automóvil/turismo (default leve)
2026-05,LightVehicles,leve,TOYOTA,COROLLA,ICE,565,Aduana PY datos abiertos,NCM 8703 automóvil/turismo (default leve)
2026-05,LightVehicles,leve,MITSUBISHI,CANTER,ICE,518,Aduana PY datos abiertos,NCM 8704.21 GVW≤5t pickup/camioneta
2026-05,LightVehicles,leve,TOYOTA,HILUX,ICE,504,Aduana PY datos abiertos,NCM 8704.21 GVW≤5t pickup/camioneta
2026-05,LightVehicles,leve,HYUNDAI,TUCSON,ICE,476,Aduana PY datos abiertos,NCM 8703 automóvil/turismo (default leve)
2026-05,LightVehicles,leve,HYUNDAI,SANTA FE,ICE,357,Aduana PY datos abiertos,NCM 8703 automóvil/turismo (default leve)
2026-05,LightVehicles,leve,TOYOTA,FUNCARGO,ICE,343,Aduana PY datos abiertos,NCM 8703 automóvil/turismo (default leve)
2026-05,LightVehicles,leve,HYUNDAI,(sin modelo),ICE,302,Aduana PY datos abiertos,NCM 8703 automóvil/turismo (default leve)
2026-05,LightVehicles,leve,CHEVROLET,(sin modelo),ICE,288,Aduana PY datos abiertos,NCM 8703 automóvil/turismo (default leve)
2026-05,LightVehicles,leve,TOYOTA,COROLLA CROSS,HEV,259,Aduana PY datos abiertos,NCM 8703 automóvil/turismo (default leve)
2026-05,LightVehicles,leve,KENTON,(sin modelo),ICE,248,Aduana PY datos abiertos,NCM 8703 automóvil/turismo (default leve)
2026-05,LightVehicles,leve,MITSUBISHI,(sin modelo),ICE,248,Aduana PY datos abiertos,NCM 8704.21 GVW≤5t pickup/camioneta
2026-05,LightVehicles,leve,NISSAN,ATLAS,ICE,218,Aduana PY datos abiertos,NCM 8704.21 GVW≤5t pickup/camioneta
2026-05,LightVehicles,leve,KIA,K5,ICE,189,Aduana PY datos abiertos,NCM 8703 automóvil/turismo (default leve)
2026-05,LightVehicles,leve,MAZDA,DEMIO,ICE,182,Aduana PY datos abiertos,NCM 8703 automóvil/turismo (default leve)
2026-05,LightVehicles,leve,TOYOTA,CROWN ATHLETE,ICE,182,Aduana PY datos abiertos,NCM 8703 automóvil/turismo (default leve)
2026-05,LightVehicles,leve,NISSAN,(sin modelo),ICE,136,Aduana PY datos abiertos,NCM 8703 automóvil/turismo (default leve)
2026-05,LightVehicles,leve,TOYOTA,COROLLA AXIO,ICE,134,Aduana PY datos abiertos,NCM 8703 automóvil/turismo (default leve)
2026-05,LightVehicles,leve,KIA,SOLUTO,ICE,129,Aduana PY datos abiertos,NCM 8703 automóvil/turismo (default leve)
2026-05,LightVehicles,leve,SUZUKI,(sin modelo),ICE,129,Aduana PY datos abiertos,NCM 8703 automóvil/turismo (default leve)
2026-05,LightVehicles,leve,KIA,(sin modelo),ICE,126,Aduana PY datos abiertos,NCM 8703 automóvil/turismo (default leve)
2026-05,LightVehicles,leve,TOYOTA,ALLEX,ICE,126,Aduana PY datos abiertos,NCM 8703 automóvil/turismo (default leve)
2026-05,LightVehicles,leve,TOYOTA,RUSH,ICE,121,Aduana PY datos abiertos,NCM 8703 automóvil/turismo (default leve)
2026-05,LightVehicles,leve,SUBARU,IMPREZA,ICE,114,Aduana PY datos abiertos,NCM 8703 automóvil/turismo (default leve)
2026-05,LightVehicles,leve,KIA,SORENTO,ICE,91,Aduana PY datos abiertos,NCM 8703 automóvil/turismo (default leve)
2026-05,LightVehicles,leve,SUBARU,TREZIA,ICE,91,Aduana PY datos abiertos,NCM 8703 automóvil/turismo (default leve)
2026-05,LightVehicles,leve,TOYOTA,BELTA,ICE,85,Aduana PY datos abiertos,NCM 8703 automóvil/turismo (default leve)
2026-05,LightVehicles,leve,NISSAN,FAIRLADY Z,ICE,84,Aduana PY datos abiertos,NCM 8703 automóvil/turismo (default leve)
2026-05,LightVehicles,leve,VOLKSWAGEN,T-CROSS 1,ICE,84,Aduana PY datos abiertos,NCM 8703 automóvil/turismo (default leve)
2026-05,LightVehicles,leve,HYUNDAI,NEW HB20 HATCH 16 NAFT AUTCON SUS ACCESORIOS CORRESPONDIENTE,ICE,80,Aduana PY datos abiertos,NCM 8703 automóvil/turismo (default leve)
2026-05,LightVehicles,leve,VOLKSWAGEN,TERA 1,ICE,80,Aduana PY datos abiertos,NCM 8703 automóvil/turismo (default leve)
2026-05,LightVehicles,leve,KIA,SPORTAGE,HEV,79,Aduana PY datos abiertos,NCM 8703 automóvil/turismo (default leve)
2026-05,LightVehicles,leve,FORD,MUSTANG,ICE,77,Aduana PY datos abiertos,NCM 8703 automóvil/turismo (default leve)
2026-05,LightVehicles,leve,KIA,K3,ICE,77,Aduana PY datos abiertos,NCM 8703 automóvil/turismo (default leve)
2026-05,LightVehicles,leve,MITSUBISHI,CANTER GUTS,ICE,77,Aduana PY datos abiertos,NCM 8704.21 GVW≤5t pickup/camioneta
2026-05,LightVehicles,leve,TOYOTA,AQUA,HEV,77,Aduana PY datos abiertos,NCM 8703 automóvil/turismo (default leve)
2026-05,LightVehicles,leve,HYUNDAI,PORTER II,ICE,70,Aduana PY datos abiertos,NCM 8704.21 GVW≤5t pickup/camioneta
2026-05,LightVehicles,leve,CHERY,(sin modelo),ICE,66,Aduana PY datos abiertos,NCM 8703 automóvil/turismo (default leve)
2026-05,LightVehicles,leve,TOYOTA,LAND CRUISER PRADO,ICE,65,Aduana PY datos abiertos,NCM 8703 automóvil/turismo (default leve)
2026-05,LightVehicles,leve,HYUNDAI,ACCENT,ICE,63,Aduana PY datos abiertos,NCM 8703 automóvil/turismo (default leve)
2026-05,LightVehicles,leve,HYUNDAI,ALL NEW TUCSON,HEV,61,Aduana PY datos abiertos,NCM 8703 automóvil/turismo (default leve)
2026-05,LightVehicles,leve,HYUNDAI,NEW HB20S 16 NAFT ATCON SUS ACCESORIOS CORRESPONDIENTES,ICE,60,Aduana PY datos abiertos,NCM 8703 automóvil/turismo (default leve)
2026-05,LightVehicles,leve,ISUZU,ELO,ICE,60,Aduana PY datos abiertos,NCM 8704.21 GVW≤5t pickup/camioneta
2026-05,LightVehicles,leve,JEEP,COMPASS SPORT 1,ICE,57,Aduana PY datos abiertos,NCM 8703 automóvil/turismo (default leve)
2026-05,LightVehicles,leve,KIA,CARNIVAL,ICE,56,Aduana PY datos abiertos,passenger van/minibus (Hiace/Staria/…) counts as leve
2026-05,LightVehicles,leve,SUBARU,(sin modelo),ICE,56,Aduana PY datos abiertos,NCM 8703 automóvil/turismo (default leve)
2026-05,LightVehicles,leve,TOYOTA,CROWN,ICE,56,Aduana PY datos abiertos,NCM 8703 automóvil/turismo (default leve)
2026-05,LightVehicles,leve,TOYOTA,RUSH AUT,ICE,56,Aduana PY datos abiertos,NCM 8703 automóvil/turismo (default leve)
2026-05,LightVehicles,leve,FIAT,STRADA ENDURANCE C/P 1,ICE,55,Aduana PY datos abiertos,NCM 8704.31 GVW≤5t pickup/camioneta
2026-05,LightVehicles,leve,HYUNDAI,NEW CRETA COMFORT NAFTERO 15CC AT,ICE,54,Aduana PY datos abiertos,NCM 8703 automóvil/turismo (default leve)
2026-05,LightVehicles,leve,LONCIN,(sin modelo),ICE,54,Aduana PY datos abiertos,NCM 8703 automóvil/turismo (default leve)
2026-05,LightVehicles,leve,BYD,YUAN PRO DM-I GS,PHEV,50,Aduana PY datos abiertos,NCM 8703 automóvil/turismo (default leve)
2026-05,LightVehicles,leve,VOLKSWAGEN,SAVEIRO ROBUST SC 1,ICE,50,Aduana PY datos abiertos,NCM 8704.31 GVW≤5t pickup/camioneta
2026-05,LightVehicles,leve,BMW,320D,ICE,49,Aduana PY datos abiertos,NCM 8703 automóvil/turismo (default leve)
2026-05,LightVehicles,leve,MITSUBISHI,CANTER FUSO,ICE,49,Aduana PY datos abiertos,NCM 8704.21 GVW≤5t pickup/camioneta
2026-05,LightVehicles,leve,GEELY,EMGRAND GX3 PRO,ICE,45,Aduana PY datos abiertos,NCM 8703 automóvil/turismo (default leve)
2026-05,LightVehicles,leve,TOYOTA,AGYA AUT,ICE,45,Aduana PY datos abiertos,NCM 8703 automóvil/turismo (default leve)
2026-05,LightVehicles,leve,FIAT,STRADA FREEDOM D/C 1,ICE,44,Aduana PY datos abiertos,NCM 8704.31 GVW≤5t pickup/camioneta
2026-05,LightVehicles,leve,MERCEDES-BENZ,(sin modelo),ICE,43,Aduana PY datos abiertos,NCM 8703 automóvil/turismo (default leve)
2026-05,LightVehicles,leve,VOLKSWAGEN,(sin modelo),ICE,43,Aduana PY datos abiertos,NCM 8703 automóvil/turismo (default leve)
2026-05,LightVehicles,leve,CITROEN,(sin modelo),ICE,42,Aduana PY datos abiertos,NCM 8703 automóvil/turismo (default leve)
2026-05,LightVehicles,leve,FORD,(sin modelo),ICE,42,Aduana PY datos abiertos,NCM 8703 automóvil/turismo (default leve)
2026-05,LightVehicles,leve,NISSAN,NOTE,ICE,42,Aduana PY datos abiertos,NCM 8703 automóvil/turismo (default leve)
2026-05,LightVehicles,leve,TOYOTA,COROLLA,HEV,42,Aduana PY datos abiertos,NCM 8703 automóvil/turismo (default leve)
2026-05,LightVehicles,leve,TOYOTA,COROLLA FIELDER,ICE,42,Aduana PY datos abiertos,NCM 8703 automóvil/turismo (default leve)
2026-05,LightVehicles,leve,TOYOTA,MARK X,ICE,42,Aduana PY datos abiertos,NCM 8703 automóvil/turismo (default leve)
2026-05,LightVehicles,leve,FIAT,PULSE DRIVE 1,ICE,41,Aduana PY datos abiertos,NCM 8703 automóvil/turismo (default leve)
2026-05,LightVehicles,leve,MAZDA,2027,ICE,39,Aduana PY datos abiertos,NCM 8704.21 GVW≤5t pickup/camioneta
2026-05,LightVehicles,leve,TOYOTA,RAV4,HEV,39,Aduana PY datos abiertos,NCM 8703 automóvil/turismo (default leve)
2026-05,LightVehicles,leve,TOYOTA,FORTUNER,ICE,38,Aduana PY datos abiertos,NCM 8703 automóvil/turismo (default leve)
2026-05,LightVehicles,leve,BMW,(sin modelo),ICE,36,Aduana PY datos abiertos,NCM 8703 automóvil/turismo (default leve)
2026-05,LightVehicles,leve,DODGE,CHALLENGER,ICE,36,Aduana PY datos abiertos,NCM 8703 automóvil/turismo (default leve)
2026-05,LightVehicles,leve,ICAUR,V27,PHEV,36,Aduana PY datos abiertos,NCM 8703 automóvil/turismo (default leve)
2026-05,LightVehicles,leve,KIA,CARENS,ICE,36,Aduana PY datos abiertos,NCM 8703 automóvil/turismo (default leve)
2026-05,LightVehicles,leve,TOYOTA,ALLION NAFTERO,ICE,36,Aduana PY datos abiertos,NCM 8703 automóvil/turismo (default leve)
2026-05,LightVehicles,leve,CHEVROLET,CAMARO,ICE,35,Aduana PY datos abiertos,NCM 8703 automóvil/turismo (default leve)
2026-05,LightVehicles,leve,HYUNDAI,ALL NEW TUCSON,ICE,35,Aduana PY datos abiertos,NCM 8703 automóvil/turismo (default leve)
2026-05,LightVehicles,leve,JEEP,WRANGLER,ICE,35,Aduana PY datos abiertos,NCM 8703 automóvil/turismo (default leve)
2026-05,LightVehicles,leve,JETOUR,(sin modelo),ICE,35,Aduana PY datos abiertos,NCM 8703 automóvil/turismo (default leve)
2026-05,LightVehicles,leve,MAZDA,(sin modelo),ICE,35,Aduana PY datos abiertos,NCM 8703 automóvil/turismo (default leve)
2026-05,LightVehicles,leve,NISSAN,DATSUN,ICE,35,Aduana PY datos abiertos,NCM 8704.21 GVW≤5t pickup/camioneta
2026-05,LightVehicles,leve,NISSAN,NEW KICKS 220T ADVANCE PLUS 6 DCT - FLEX FLEX,ICE,35,Aduana PY datos abiertos,NCM 8703 automóvil/turismo (default leve)
2026-05,LightVehicles,leve,SUBARU,XV,ICE,35,Aduana PY datos abiertos,NCM 8703 automóvil/turismo (default leve)
2026-05,LightVehicles,leve,TOYOTA,CROWN ROYAL SALOON,ICE,35,Aduana PY datos abiertos,NCM 8703 automóvil/turismo (default leve)
2026-05,LightVehicles,leve,TOYOTA,GRAND HIACE,ICE,35,Aduana PY datos abiertos,passenger van/minibus (Hiace/Staria/…) counts as leve
2026-05,LightVehicles,leve,TOYOTA,RAIZE AUT,ICE,35,Aduana PY datos abiertos,NCM 8703 automóvil/turismo (default leve)
2026-05,LightVehicles,leve,TOYOTA,REGIUS,ICE,35,Aduana PY datos abiertos,NCM 8703 automóvil/turismo (default leve)
2026-05,LightVehicles,leve,VOLKSWAGEN,GOLF,ICE,35,Aduana PY datos abiertos,NCM 8703 automóvil/turismo (default leve)
2026-05,LightVehicles,leve,KIA,K2700,ICE,34,Aduana PY datos abiertos,NCM 8704.21 GVW≤5t pickup/camioneta
2026-05,LightVehicles,leve,TOYOTA,4RUNNER,HEV,33,Aduana PY datos abiertos,NCM 8703 automóvil/turismo (default leve)
2026-05,LightVehicles,leve,TOYOTA,LAND CRUISER,ICE,33,Aduana PY datos abiertos,NCM 8703 automóvil/turismo (default leve)
2026-05,LightVehicles,leve,TOYOTA,YARIS CROSS,HEV,33,Aduana PY datos abiertos,NCM 8703 automóvil/turismo (default leve)
2026-05,LightVehicles,leve,HYUNDAI,NEW CRETA COMFORT NAFTERO 1,ICE,32,Aduana PY datos abiertos,NCM 8703 automóvil/turismo (default leve)
2026-05,LightVehicles,leve,PEUGEOT,(sin modelo),ICE,31,Aduana PY datos abiertos,NCM 8703 automóvil/turismo (default leve)
2026-05,LightVehicles,leve,BYD,YUAN PRO,BEV,30,Aduana PY datos abiertos,NCM 8703 automóvil/turismo (default leve)
2026-05,LightVehicles,leve,KGM,TIVOLI,ICE,30,Aduana PY datos abiertos,NCM 8703 automóvil/turismo (default leve)
2026-05,LightVehicles,leve,KIA,SELTOS,ICE,30,Aduana PY datos abiertos,NCM 8703 automóvil/turismo (default leve)
2026-05,LightVehicles,leve,KIA,SORENTO,HEV,30,Aduana PY datos abiertos,NCM 8703 automóvil/turismo (default leve)
2026-05,LightVehicles,leve,VOLKSWAGEN,SAVEIRO ROBUST DC 1,ICE,30,Aduana PY datos abiertos,NCM 8704.31 GVW≤5t pickup/camioneta
2026-05,LightVehicles,pesado,FOTON,BJ1088VEJEA-F,ICE,30,Aduana PY datos abiertos,NCM 8704.22 typically GVW>5t
2026-05,LightVehicles,leve,BMW,320I M SPORT,ICE,28,Aduana PY datos abiertos,NCM 8703 automóvil/turismo (default leve)
2026-05,LightVehicles,leve,CHERY,T2,ICE,28,Aduana PY datos abiertos,NCM 8703 automóvil/turismo (default leve)
2026-05,LightVehicles,leve,DODGE,(sin modelo),ICE,28,Aduana PY datos abiertos,NCM 8703 automóvil/turismo (default leve)
2026-05,LightVehicles,leve,HYUNDAI,AVANTE,ICE,28,Aduana PY datos abiertos,NCM 8703 automóvil/turismo (default leve)
2026-05,LightVehicles,leve,KIA,SONET,ICE,28,Aduana PY datos abiertos,NCM 8703 automóvil/turismo (default leve)
2026-05,LightVehicles,leve,MITSUBISHI,CANTER GUTS DIESEL,ICE,28,Aduana PY datos abiertos,NCM 8704.21 GVW≤5t pickup/camioneta
2026-05,LightVehicles,leve,NISSAN,MARCH,ICE,28,Aduana PY datos abiertos,NCM 8703 automóvil/turismo (default leve)
2026-05,LightVehicles,leve,SUZUKI,SWIFT,ICE,28,Aduana PY datos abiertos,NCM 8703 automóvil/turismo (default leve)
2026-05,LightVehicles,leve,TOYOTA,AURIS,HEV,28,Aduana PY datos abiertos,NCM 8703 automóvil/turismo (default leve)
2026-05,LightVehicles,leve,TOYOTA,GT86,ICE,28,Aduana PY datos abiertos,NCM 8703 automóvil/turismo (default leve)
2026-05,LightVehicles,leve,TOYOTA,HIACE,ICE,28,Aduana PY datos abiertos,passenger van/minibus (Hiace/Staria/…) counts as leve
2026-05,LightVehicles,leve,TOYOTA,IQ,ICE,28,Aduana PY datos abiertos,NCM 8703 automóvil/turismo (default leve)
2026-05,LightVehicles,leve,TOYOTA,PLATZ,ICE,28,Aduana PY datos abiertos,NCM 8703 automóvil/turismo (default leve)
2026-05,LightVehicles,leve,TOYOTA,RAV4,ICE,28,Aduana PY datos abiertos,NCM 8703 automóvil/turismo (default leve)
2026-05,LightVehicles,leve,TOYOTA,TOYOACE,ICE,28,Aduana PY datos abiertos,NCM 8704.21 GVW≤5t pickup/camioneta
2026-05,LightVehicles,leve,TOYOTA,VELLFIRE,ICE,28,Aduana PY datos abiertos,passenger van/minibus (Hiace/Staria/…) counts as leve
2026-05,LightVehicles,pesado,SCANIA,(sin modelo),ICE,28,Aduana PY datos abiertos,NCM 8704.22 typically GVW>5t
2026-05,LightVehicles,leve,RAM,RAMPAGE BIGHORN 2,ICE,26,Aduana PY datos abiertos,NCM 8704.21 GVW≤5t pickup/camioneta
2026-05,LightVehicles,leve,VOLVO,EX30,BEV,25,Aduana PY datos abiertos,NCM 8703 automóvil/turismo (default leve)
2026-05,LightVehicles,leve,FIAT,PULSE AUDACE MILD,ICE,23,Aduana PY datos abiertos,NCM 8703 automóvil/turismo (default leve)
2026-05,LightVehicles,pesado,MERCEDES-BENZ,(sin modelo),ICE,23,Aduana PY datos abiertos,NCM 8704.22 typically GVW>5t
2026-05,LightVehicles,pesado,MERCEDES-BENZ,814,ICE,23,Aduana PY datos abiertos,NCM 8704.22 typically GVW>5t
2026-05,LightVehicles,leve,FIAT,STRADA VOLCANO D/C 1,ICE,22,Aduana PY datos abiertos,NCM 8704.31 GVW≤5t pickup/camioneta
2026-05,LightVehicles,leve,HYUNDAI,H-100,ICE,22,Aduana PY datos abiertos,NCM 8704.21 GVW≤5t pickup/camioneta
2026-05,LightVehicles,leve,MITSUBISHI FUSO,2027,ICE,22,Aduana PY datos abiertos,NCM 8704.21 GVW≤5t pickup/camioneta
2026-05,LightVehicles,leve,TOYOTA,PREMIO NAFTERO,ICE,22,Aduana PY datos abiertos,NCM 8703 automóvil/turismo (default leve)
2026-05,LightVehicles,pesado,MERCEDES-BENZ,ATEGO,ICE,22,Aduana PY datos abiertos,NCM 8704.22 typically GVW>5t
2026-05,LightVehicles,pesado,MERCEDES-BENZ,ELO,ICE,22,Aduana PY datos abiertos,NCM 8704.22 typically GVW>5t
2026-05,LightVehicles,leve,DAIHATSU,HIJET,ICE,21,Aduana PY datos abiertos,NCM 8704.31 GVW≤5t pickup/camioneta
2026-05,LightVehicles,leve,HYUNDAI,GRAND STAREX,ICE,21,Aduana PY datos abiertos,NCM 8703 automóvil/turismo (default leve)
2026-05,LightVehicles,leve,HYUNDAI,PALISADE,ICE,21,Aduana PY datos abiertos,NCM 8703 automóvil/turismo (default leve)
2026-05,LightVehicles,leve,JEEP,WRANGLER RUBICON,ICE,21,Aduana PY datos abiertos,NCM 8703 automóvil/turismo (default leve)
2026-05,LightVehicles,leve,KIA,MORNING,ICE,21,Aduana PY datos abiertos,NCM 8703 automóvil/turismo (default leve)
2026-05,LightVehicles,leve,MERCEDES-BENZ,C200,ICE,21,Aduana PY datos abiertos,NCM 8703 automóvil/turismo (default leve)
2026-05,LightVehicles,leve,MINI,COOPER,ICE,21,Aduana PY datos abiertos,NCM 8703 automóvil/turismo (default leve)
2026-05,LightVehicles,leve,NISSAN,TIIDA,ICE,21,Aduana PY datos abiertos,NCM 8703 automóvil/turismo (default leve)
2026-05,LightVehicles,leve,NISSAN,X-TRAIL E-POWER,HEV,21,Aduana PY datos abiertos,NCM 8703 automóvil/turismo (default leve)
2026-05,LightVehicles,leve,RENAULT,(sin modelo),ICE,21,Aduana PY datos abiertos,NCM 8703 automóvil/turismo (default leve)
2026-05,LightVehicles,leve,TOYOTA,AVENSIS,ICE,21,Aduana PY datos abiertos,NCM 8703 automóvil/turismo (default leve)
2026-05,LightVehicles,leve,TOYOTA,ESQUIRE,ICE,21,Aduana PY datos abiertos,NCM 8703 automóvil/turismo (default leve)
2026-05,LightVehicles,leve,TOYOTA,HIACE GRAND CABIN,ICE,21,Aduana PY datos abiertos,passenger van/minibus (Hiace/Staria/…) counts as leve
2026-05,LightVehicles,leve,TOYOTA,PRIUS,HEV,21,Aduana PY datos abiertos,NCM 8703 automóvil/turismo (default leve)
2026-05,LightVehicles,leve,TOYOTA,SAI A/O,ICE,21,Aduana PY datos abiertos,NCM 8703 automóvil/turismo (default leve)
2026-05,LightVehicles,leve,TOYOTA,SIENTA,HEV,21,Aduana PY datos abiertos,NCM 8703 automóvil/turismo (default leve)
2026-05,LightVehicles,leve,TOYOTA,WISH A/O,ICE,21,Aduana PY datos abiertos,NCM 8703 automóvil/turismo (default leve)
2026-05,LightVehicles,pesado,SCANIA,P340,ICE,21,Aduana PY datos abiertos,NCM 8704.22 typically GVW>5t
2026-05,LightVehicles,leve,GOTOGO,V3,BEV,20,Aduana PY datos abiertos,NCM 8703 automóvil/turismo (default leve)
2026-05,LightVehicles,leve,VOLKSWAGEN,SAVEIRO EXTREME DC 1,ICE,20,Aduana PY datos abiertos,NCM 8704.31 GVW≤5t pickup/camioneta
2026-05,LightVehicles,recreativo,VENTURA,(sin modelo),ICE,20,Aduana PY datos abiertos,keyword ATV/UTV/carrito golf/snow
2026-05,LightVehicles,leve,FIAT,STRADA ULTRA D/C 1,ICE,19,Aduana PY datos abiertos,NCM 8704.31 GVW≤5t pickup/camioneta
2026-05,LightVehicles,leve,MG,(sin modelo),PHEV,19,Aduana PY datos abiertos,NCM 8703 automóvil/turismo (default leve)
2026-05,LightVehicles,leve,RENAULT,KOLEOS,HEV,19,Aduana PY datos abiertos,NCM 8703 automóvil/turismo (default leve)
2026-05,LightVehicles,leve,GAC,GS4 MAX GB 1,ICE,18,Aduana PY datos abiertos,NCM 8703 automóvil/turismo (default leve)
2026-05,LightVehicles,pesado,MERCEDES-BENZ,815,ICE,18,Aduana PY datos abiertos,NCM 8704.22 typically GVW>5t
2026-05,LightVehicles,leve,CHEVROLET,S10 CABINA DOBLE WORK TRUCK,ICE,17,Aduana PY datos abiertos,NCM 8704.21 GVW≤5t pickup/camioneta
2026-05,LightVehicles,leve,CHEVROLET,S10 CD WORK 2,ICE,17,Aduana PY datos abiertos,NCM 8704.21 GVW≤5t pickup/camioneta
2026-05,LightVehicles,leve,FIAT,FIORINO ENDURANCE 1,ICE,17,Aduana PY datos abiertos,NCM 8704.31 GVW≤5t pickup/camioneta
2026-05,LightVehicles,leve,CHEVROLET,S10 CD Z71 2,ICE,16,Aduana PY datos abiertos,NCM 8704.21 GVW≤5t pickup/camioneta
2026-05,LightVehicles,leve,FIAT,TORO RANCH D/C 2,ICE,16,Aduana PY datos abiertos,NCM 8704.21 GVW≤5t pickup/camioneta
2026-05,LightVehicles,leve,GREATWALL,JOLION PRO,HEV,16,Aduana PY datos abiertos,NCM 8703 automóvil/turismo (default leve)
2026-05,LightVehicles,leve,HYUNDAI,NEW CRETA PLATINUM NAFTERO 1,ICE,16,Aduana PY datos abiertos,NCM 8703 automóvil/turismo (default leve)
2026-05,LightVehicles,leve,HYUNDAI,NEW GRAND I10,ICE,16,Aduana PY datos abiertos,NCM 8703 automóvil/turismo (default leve)
2026-05,LightVehicles,pesado,MERCEDES-BENZ,1317,ICE,16,Aduana PY datos abiertos,NCM 8704.22 typically GVW>5t
2026-05,LightVehicles,leve,CHERY,(sin modelo),HEV,15,Aduana PY datos abiertos,NCM 8703 automóvil/turismo (default leve)
2026-05,LightVehicles,leve,CHERY,T7 PRO 1,PHEV,15,Aduana PY datos abiertos,NCM 8703 automóvil/turismo (default leve)
2026-05,LightVehicles,leve,CHEVROLET,MONTANA CD LTZ 1,ICE,15,Aduana PY datos abiertos,NCM 8704.31 GVW≤5t pickup/camioneta
2026-05,LightVehicles,leve,CHEVROLET,TRACKER LTZ 1,ICE,15,Aduana PY datos abiertos,NCM 8703 automóvil/turismo (default leve)
2026-05,LightVehicles,leve,FORD,RANGER 2,ICE,15,Aduana PY datos abiertos,NCM 8704.21 GVW≤5t pickup/camioneta
2026-05,LightVehicles,leve,FORD,RANGER 3,ICE,15,Aduana PY datos abiertos,NCM 8704.21 GVW≤5t pickup/camioneta
2026-05,LightVehicles,leve,GREATWALL,H6 GT,PHEV,15,Aduana PY datos abiertos,NCM 8703 automóvil/turismo (default leve)
2026-05,LightVehicles,leve,HYUNDAI,NEW GRAND I10 HATCHBACK 5 PTAS 5P,ICE,15,Aduana PY datos abiertos,NCM 8703 automóvil/turismo (default leve)
2026-05,LightVehicles,leve,JEEP,COMPASS SERIE S 1,ICE,15,Aduana PY datos abiertos,NCM 8703 automóvil/turismo (default leve)
2026-05,LightVehicles,leve,JIM,(sin modelo),ICE,15,Aduana PY datos abiertos,NCM 8704.21 GVW≤5t pickup/camioneta
2026-05,LightVehicles,leve,MERCEDES-BENZ,C300,ICE,15,Aduana PY datos abiertos,NCM 8703 automóvil/turismo (default leve)
2026-05,LightVehicles,leve,TOYOTA,86,ICE,15,Aduana PY datos abiertos,NCM 8703 automóvil/turismo (default leve)
2026-05,LightVehicles,pesado,MERCEDES-BENZ,2027,ICE,15,Aduana PY datos abiertos,NCM 8704.22 typically GVW>5t
2026-05,LightVehicles,leve,BMW,335I,ICE,14,Aduana PY datos abiertos,NCM 8703 automóvil/turismo (default leve)
2026-05,LightVehicles,leve,BMW,MINI COOPER,ICE,14,Aduana PY datos abiertos,NCM 8703 automóvil/turismo (default leve)
2026-05,LightVehicles,leve,BMW,X5,ICE,14,Aduana PY datos abiertos,NCM 8703 automóvil/turismo (default leve)
2026-05,LightVehicles,leve,BMW,Z3,ICE,14,Aduana PY datos abiertos,NCM 8703 automóvil/turismo (default leve)
2026-05,LightVehicles,leve,CADILLAC,ESCALADE,ICE,14,Aduana PY datos abiertos,NCM 8703 automóvil/turismo (default leve)
2026-05,LightVehicles,leve,CHANGAN,NEW CS55 PLUS ELITE,ICE,14,Aduana PY datos abiertos,NCM 8703 automóvil/turismo (default leve)
2026-05,LightVehicles,leve,CHEVROLET,SUBURBAN,ICE,14,Aduana PY datos abiertos,NCM 8703 automóvil/turismo (default leve)
2026-05,LightVehicles,leve,DAIHATSU,(sin modelo),ICE,14,Aduana PY datos abiertos,NCM 8703 automóvil/turismo (default leve)
2026-05,LightVehicles,leve,FORD,EXPLORER,ICE,14,Aduana PY datos abiertos,NCM 8703 automóvil/turismo (default leve)
2026-05,LightVehicles,leve,FORD,F150,ICE,14,Aduana PY datos abiertos,NCM 8704.31 GVW≤5t pickup/camioneta
2026-05,LightVehicles,leve,FORD,TERRITORY 1,ICE,14,Aduana PY datos abiertos,NCM 8703 automóvil/turismo (default leve)
2026-05,LightVehicles,leve,HINO,(sin modelo),ICE,14,Aduana PY datos abiertos,NCM 8704.21 GVW≤5t pickup/camioneta
2026-05,LightVehicles,leve,HYUNDAI,MAXCRUZ,ICE,14,Aduana PY datos abiertos,NCM 8703 automóvil/turismo (default leve)
2026-05,LightVehicles,leve,KIA,BONGO III,ICE,14,Aduana PY datos abiertos,NCM 8704.21 GVW≤5t pickup/camioneta
2026-05,LightVehicles,leve,MAHINDRA,XUV3XO MX3,ICE,14,Aduana PY datos abiertos,NCM 8703 automóvil/turismo (default leve)
2026-05,LightVehicles,leve,MERCEDES-BENZ,E350,ICE,14,Aduana PY datos abiertos,NCM 8703 automóvil/turismo (default leve)
2026-05,LightVehicles,leve,MERCEDES-BENZ,SL500,ICE,14,Aduana PY datos abiertos,NCM 8703 automóvil/turismo (default leve)
2026-05,LightVehicles,leve,MITSUBISHI FUSO,CANTER DIESEL,ICE,14,Aduana PY datos abiertos,NCM 8704.21 GVW≤5t pickup/camioneta
2026-05,LightVehicles,leve,NISSAN,ATLAS 150,ICE,14,Aduana PY datos abiertos,NCM 8704.21 GVW≤5t pickup/camioneta
2026-05,LightVehicles,leve,NISSAN,SKYLINE,ICE,14,Aduana PY datos abiertos,NCM 8703 automóvil/turismo (default leve)
2026-05,LightVehicles,leve,NISSAN,X-TRAIL,ICE,14,Aduana PY datos abiertos,NCM 8703 automóvil/turismo (default leve)
2026-05,LightVehicles,leve,SSANGYONG,(sin modelo),ICE,14,Aduana PY datos abiertos,NCM 8703 automóvil/turismo (default leve)
2026-05,LightVehicles,leve,SUBARU,BRZ,ICE,14,Aduana PY datos abiertos,NCM 8703 automóvil/turismo (default leve)
2026-05,LightVehicles,leve,SUBARU,IMPREZA WRX A/O,ICE,14,Aduana PY datos abiertos,NCM 8703 automóvil/turismo (default leve)
2026-05,LightVehicles,leve,SUZUKI,SWIFT A/O,ICE,14,Aduana PY datos abiertos,NCM 8703 automóvil/turismo (default leve)
2026-05,LightVehicles,leve,TOYOTA,BLADE,ICE,14,Aduana PY datos abiertos,NCM 8703 automóvil/turismo (default leve)
2026-05,LightVehicles,leve,TOYOTA,CROWN ROYAL,ICE,14,Aduana PY datos abiertos,NCM 8703 automóvil/turismo (default leve)
2026-05,LightVehicles,leve,TOYOTA,DYNA,ICE,14,Aduana PY datos abiertos,NCM 8704.21 GVW≤5t pickup/camioneta
2026-05,LightVehicles,leve,TOYOTA,FIELDER,ICE,14,Aduana PY datos abiertos,NCM 8703 automóvil/turismo (default leve)
2026-05,LightVehicles,leve,TOYOTA,GRANVIA,ICE,14,Aduana PY datos abiertos,NCM 8703 automóvil/turismo (default leve)
2026-05,LightVehicles,leve,TOYOTA,GT 86,ICE,14,Aduana PY datos abiertos,NCM 8703 automóvil/turismo (default leve)
2026-05,LightVehicles,leve,TOYOTA,LAND CRUISER,HEV,14,Aduana PY datos abiertos,NCM 8703 automóvil/turismo (default leve)
2026-05,LightVehicles,pesado,MERCEDES-BENZ,1218,ICE,14,Aduana PY datos abiertos,NCM 8704.22 typically GVW>5t
2026-05,LightVehicles,pesado,MERCEDES-BENZ,1518,ICE,14,Aduana PY datos abiertos,NCM 8704.22 typically GVW>5t
2026-05,LightVehicles,pesado,MERCEDES-BENZ,ATEGO 815,ICE,14,Aduana PY datos abiertos,NCM 8704.22 typically GVW>5t
2026-05,LightVehicles,pesado,MITSUBISHI,CANTER,ICE,14,Aduana PY datos abiertos,NCM 8704.22 typically GVW>5t
2026-05,LightVehicles,pesado,SCANIA,124 - 400,ICE,14,Aduana PY datos abiertos,NCM 8704.23 typically GVW>5t
2026-05,LightVehicles,pesado,SCANIA,G360,ICE,14,Aduana PY datos abiertos,NCM 8704.23 typically GVW>5t
2026-05,LightVehicles,pesado,SCANIA,P94 - 220,ICE,14,Aduana PY datos abiertos,NCM 8704.22 typically GVW>5t
2026-05,LightVehicles,pesado,SCANIA,R4240,ICE,14,Aduana PY datos abiertos,NCM 8704.22 typically GVW>5t
2026-05,LightVehicles,recreativo,CFMOTO,2,ICE,14,Aduana PY datos abiertos,keyword ATV/UTV/carrito golf/snow
2026-05,LightVehicles,leve,BAIC,(sin modelo),ICE,12,Aduana PY datos abiertos,NCM 8703 automóvil/turismo (default leve)
2026-05,LightVehicles,leve,CHEVROLET,S10 CD HC 2,ICE,12,Aduana PY datos abiertos,NCM 8704.21 GVW≤5t pickup/camioneta
2026-05,LightVehicles,leve,JEEP,COMMANDER OVERLAND 2,ICE,11,Aduana PY datos abiertos,NCM 8703 automóvil/turismo (default leve)
2026-05,LightVehicles,leve,LEXUS,(sin modelo),HEV,11,Aduana PY datos abiertos,NCM 8703 automóvil/turismo (default leve)
2026-05,LightVehicles,leve,MERCEDES-BENZ,2026,ICE,11,Aduana PY datos abiertos,NCM 8703 automóvil/turismo (default leve)
2026-05,LightVehicles,leve,BENDA,REDSTONE,ICE,10,Aduana PY datos abiertos,NCM 8703 automóvil/turismo (default leve)
2026-05,LightVehicles,leve,BYD,ATTO 8,PHEV,10,Aduana PY datos abiertos,NCM 8703 automóvil/turismo (default leve)
2026-05,LightVehicles,leve,BYD,SEALION 7,BEV,10,Aduana PY datos abiertos,NCM 8703 automóvil/turismo (default leve)
2026-05,LightVehicles,leve,CHEVROLET,ONIX HATCHBACK LT,ICE,10,Aduana PY datos abiertos,NCM 8703 automóvil/turismo (default leve)
2026-05,LightVehicles,leve,CHEVROLET,S10 CD LTZ 2,ICE,10,Aduana PY datos abiertos,NCM 8704.21 GVW≤5t pickup/camioneta
2026-05,LightVehicles,leve,GREATWALL,NEW H6 HEV,HEV,10,Aduana PY datos abiertos,NCM 8703 automóvil/turismo (default leve)
2026-05,LightVehicles,leve,HYUNDAI,NEW HB20 HATCH 10 FLEX MTCON SUS ACCESORIOS CORRESPONDIENTES,ICE,10,Aduana PY datos abiertos,NCM 8703 automóvil/turismo (default leve)
2026-05,LightVehicles,leve,HYUNDAI,NEW HB20S 16 NAFT MECCON SUS ACCESORIOS CORRESPONDIENTES,ICE,10,Aduana PY datos abiertos,NCM 8703 automóvil/turismo (default leve)
2026-05,LightVehicles,leve,JMEV,EV3,BEV,10,Aduana PY datos abiertos,NCM 8703 automóvil/turismo (default leve)
2026-05,LightVehicles,leve,GREATWALL,NEW H6 PHEV,PHEV,9,Aduana PY datos abiertos,NCM 8703 automóvil/turismo (default leve)
2026-05,LightVehicles,leve,ICAUR,V23,BEV,9,Aduana PY datos abiertos,NCM 8703 automóvil/turismo (default leve)
2026-05,LightVehicles,leve,KIA,K3 CROSS,ICE,9,Aduana PY datos abiertos,NCM 8703 automóvil/turismo (default leve)
2026-05,LightVehicles,leve,NISSAN,NEW KICKS 220T EXCLUSIVE 6 DCT - FLEX FLEX,ICE,9,Aduana PY datos abiertos,NCM 8703 automóvil/turismo (default leve)
2026-05,LightVehicles,pesado,MERCEDES-BENZ,817,ICE,9,Aduana PY datos abiertos,NCM 8704.22 typically GVW>5t
2026-05,LightVehicles,pesado,MERCEDES-BENZ,914,ICE,9,Aduana PY datos abiertos,NCM 8704.22 typically GVW>5t
2026-05,LightVehicles,leve,BENDA,2026,ICE,8,Aduana PY datos abiertos,NCM 8703 automóvil/turismo (default leve)
2026-05,LightVehicles,leve,CHERY,HIMLA 2,ICE,8,Aduana PY datos abiertos,NCM 8704.21 GVW≤5t pickup/camioneta
2026-05,LightVehicles,leve,CHEVROLET,MONTANA LT CABINA DOBLE,ICE,8,Aduana PY datos abiertos,NCM 8704.31 GVW≤5t pickup/camioneta
2026-05,LightVehicles,leve,CHEVROLET,SPARK EV,BEV,8,Aduana PY datos abiertos,NCM 8703 automóvil/turismo (default leve)
2026-05,LightVehicles,leve,CHEVROLET,TRACKER LITE 1,ICE,8,Aduana PY datos abiertos,NCM 8703 automóvil/turismo (default leve)
2026-05,LightVehicles,leve,FORD,ELO,ICE,8,Aduana PY datos abiertos,NCM 8703 automóvil/turismo (default leve)
2026-05,LightVehicles,leve,LMT,(sin modelo),BEV,8,Aduana PY datos abiertos,NCM 8703 automóvil/turismo (default leve)
2026-05,LightVehicles,leve,MINI,COOPER S,ICE,8,Aduana PY datos abiertos,NCM 8703 automóvil/turismo (default leve)
2026-05,LightVehicles,leve,SOUEAST,(sin modelo),ICE,8,Aduana PY datos abiertos,NCM 8703 automóvil/turismo (default leve)
2026-05,LightVehicles,leve,TOYOTA,(sin modelo),HEV,8,Aduana PY datos abiertos,NCM 8703 automóvil/turismo (default leve)
2026-05,LightVehicles,leve,TOYOTA,LAND CRUISER PRADO,HEV,8,Aduana PY datos abiertos,NCM 8703 automóvil/turismo (default leve)
2026-05,LightVehicles,leve,TOYOTA,TACOMA,ICE,8,Aduana PY datos abiertos,NCM 8704.31 GVW≤5t pickup/camioneta
2026-05,LightVehicles,pesado,MERCEDES-BENZ,809,ICE,8,Aduana PY datos abiertos,NCM 8704.22 typically GVW>5t
2026-05,LightVehicles,pesado,MITSUBISHI FUSO,2027,ICE,8,Aduana PY datos abiertos,NCM 8704.22 typically GVW>5t
2026-05,LightVehicles,pesado,SCANIA,P380,ICE,8,Aduana PY datos abiertos,NCM 8704.23 typically GVW>5t
2026-05,LightVehicles,leve,AUDI,A3,ICE,7,Aduana PY datos abiertos,NCM 8703 automóvil/turismo (default leve)
2026-05,LightVehicles,leve,AUDI,EO TT,ICE,7,Aduana PY datos abiertos,NCM 8703 automóvil/turismo (default leve)
2026-05,LightVehicles,leve,BMW,120I,ICE,7,Aduana PY datos abiertos,NCM 8703 automóvil/turismo (default leve)
2026-05,LightVehicles,leve,BMW,318TI,ICE,7,Aduana PY datos abiertos,NCM 8703 automóvil/turismo (default leve)
2026-05,LightVehicles,leve,BMW,320I,ICE,7,Aduana PY datos abiertos,NCM 8703 automóvil/turismo (default leve)
2026-05,LightVehicles,leve,BMW,321I,ICE,7,Aduana PY datos abiertos,NCM 8703 automóvil/turismo (default leve)
2026-05,LightVehicles,leve,BMW,335 I,ICE,7,Aduana PY datos abiertos,NCM 8703 automóvil/turismo (default leve)
2026-05,LightVehicles,leve,BMW,520D,ICE,7,Aduana PY datos abiertos,NCM 8703 automóvil/turismo (default leve)
2026-05,LightVehicles,leve,BMW,M2 COUPE,ICE,7,Aduana PY datos abiertos,NCM 8703 automóvil/turismo (default leve)
2026-05,LightVehicles,leve,BMW,M240I,ICE,7,Aduana PY datos abiertos,NCM 8703 automóvil/turismo (default leve)
2026-05,LightVehicles,leve,BMW,M3,ICE,7,Aduana PY datos abiertos,NCM 8703 automóvil/turismo (default leve)
2026-05,LightVehicles,leve,BMW,M3 TOURING,ICE,7,Aduana PY datos abiertos,NCM 8703 automóvil/turismo (default leve)
2026-05,LightVehicles,leve,BMW,M340I,ICE,7,Aduana PY datos abiertos,NCM 8703 automóvil/turismo (default leve)
2026-05,LightVehicles,leve,BMW,X3,ICE,7,Aduana PY datos abiertos,NCM 8703 automóvil/turismo (default leve)
2026-05,LightVehicles,leve,BMW,X5 SDRIVE35I,ICE,7,Aduana PY datos abiertos,NCM 8703 automóvil/turismo (default leve)
2026-05,LightVehicles,leve,BMW,X6,ICE,7,Aduana PY datos abiertos,NCM 8703 automóvil/turismo (default leve)
2026-05,LightVehicles,leve,CHEVROLET,CAMARO COUPE,ICE,7,Aduana PY datos abiertos,NCM 8703 automóvil/turismo (default leve)
2026-05,LightVehicles,leve,CHEVROLET,CK/1500,ICE,7,Aduana PY datos abiertos,NCM 8704.31 GVW≤5t pickup/camioneta
2026-05,LightVehicles,leve,CHEVROLET,CORVETTE,ICE,7,Aduana PY datos abiertos,NCM 8703 automóvil/turismo (default leve)
2026-05,LightVehicles,leve,CHEVROLET,CORVETTE S,ICE,7,Aduana PY datos abiertos,NCM 8703 automóvil/turismo (default leve)
2026-05,LightVehicles,leve,CHEVROLET,CRUZE,ICE,7,Aduana PY datos abiertos,NCM 8703 automóvil/turismo (default leve)
2026-05,LightVehicles,leve,CHEVROLET,ELO,ICE,7,Aduana PY datos abiertos,NCM 8704.31 GVW≤5t pickup/camioneta
2026-05,LightVehicles,leve,CHEVROLET,EXPRESS,ICE,7,Aduana PY datos abiertos,NCM 8703 automóvil/turismo (default leve)
2026-05,LightVehicles,leve,CHEVROLET,TRACKER LTZ FLEX AT TURBO,ICE,7,Aduana PY datos abiertos,NCM 8703 automóvil/turismo (default leve)
2026-05,LightVehicles,leve,DAIHATSU,HIJET TRUCK,ICE,7,Aduana PY datos abiertos,NCM 8704.31 GVW≤5t pickup/camioneta
2026-05,LightVehicles,leve,DAIHATSU,MOVE,ICE,7,Aduana PY datos abiertos,NCM 8703 automóvil/turismo (default leve)
2026-05,LightVehicles,leve,DAIHATSU,TANTO,ICE,7,Aduana PY datos abiertos,NCM 8703 automóvil/turismo (default leve)
2026-05,LightVehicles,leve,DODGE,CHARGER,ICE,7,Aduana PY datos abiertos,NCM 8703 automóvil/turismo (default leve)
2026-05,LightVehicles,leve,DODGE,NITRO A/O,ICE,7,Aduana PY datos abiertos,NCM 8703 automóvil/turismo (default leve)
2026-05,LightVehicles,leve,DONGFENG,RICH6 AT LUX 4WD,ICE,7,Aduana PY datos abiertos,NCM 8704.21 GVW≤5t pickup/camioneta
2026-05,LightVehicles,leve,FORD,BRONCO,ICE,7,Aduana PY datos abiertos,NCM 8703 automóvil/turismo (default leve)
2026-05,LightVehicles,leve,FORD,CONNECT,ICE,7,Aduana PY datos abiertos,NCM 8704.21 GVW≤5t pickup/camioneta
2026-05,LightVehicles,leve,FORD,EXPLORER A/O,ICE,7,Aduana PY datos abiertos,NCM 8703 automóvil/turismo (default leve)
2026-05,LightVehicles,leve,FORD,EXPLORER LIMITED,ICE,7,Aduana PY datos abiertos,NCM 8703 automóvil/turismo (default leve)
2026-05,LightVehicles,leve,FORD,F,ICE,7,Aduana PY datos abiertos,NCM 8704.21 GVW≤5t pickup/camioneta
2026-05,LightVehicles,leve,FORD,F-250,ICE,7,Aduana PY datos abiertos,NCM 8704.21 GVW≤5t pickup/camioneta
2026-05,LightVehicles,leve,FORD,FOCUS,ICE,7,Aduana PY datos abiertos,NCM 8703 automóvil/turismo (default leve)
2026-05,LightVehicles,leve,FORD,MUSTANG ECOBOOST,ICE,7,Aduana PY datos abiertos,NCM 8703 automóvil/turismo (default leve)
2026-05,LightVehicles,leve,FORD,TRANSIT,ICE,7,Aduana PY datos abiertos,NCM 8704.21 GVW≤5t pickup/camioneta
2026-05,LightVehicles,leve,GREATWALL,(sin modelo),ICE,7,Aduana PY datos abiertos,NCM 8703 automóvil/turismo (default leve)
2026-05,LightVehicles,leve,HINO,300,ICE,7,Aduana PY datos abiertos,NCM 8704.21 GVW≤5t pickup/camioneta
2026-05,LightVehicles,leve,HINO,DUTRO,ICE,7,Aduana PY datos abiertos,NCM 8704.21 GVW≤5t pickup/camioneta
2026-05,LightVehicles,leve,HONDA,(sin modelo),HEV,7,Aduana PY datos abiertos,NCM 8703 automóvil/turismo (default leve)
2026-05,LightVehicles,leve,HONDA,INTEGRA,ICE,7,Aduana PY datos abiertos,NCM 8703 automóvil/turismo (default leve)
2026-05,LightVehicles,leve,HYUNDAI,ACCENT WIT,ICE,7,Aduana PY datos abiertos,NCM 8703 automóvil/turismo (default leve)
2026-05,LightVehicles,leve,HYUNDAI,I30,ICE,7,Aduana PY datos abiertos,NCM 8703 automóvil/turismo (default leve)
2026-05,LightVehicles,leve,HYUNDAI,MIGHTY,ICE,7,Aduana PY datos abiertos,NCM 8704.21 GVW≤5t pickup/camioneta
2026-05,LightVehicles,leve,HYUNDAI,PORTER II A/O,ICE,7,Aduana PY datos abiertos,NCM 8704.21 GVW≤5t pickup/camioneta
2026-05,LightVehicles,leve,HYUNDAI,SANTAFE,ICE,7,Aduana PY datos abiertos,NCM 8703 automóvil/turismo (default leve)
2026-05,LightVehicles,leve,HYUNDAI,TUCSON DIESEL,ICE,7,Aduana PY datos abiertos,NCM 8703 automóvil/turismo (default leve)
2026-05,LightVehicles,leve,HYUNDAI,VELOSTER,ICE,7,Aduana PY datos abiertos,NCM 8703 automóvil/turismo (default leve)
2026-05,LightVehicles,leve,HYUNDAI,VENUE,ICE,7,Aduana PY datos abiertos,NCM 8703 automóvil/turismo (default leve)
2026-05,LightVehicles,leve,HYUNDAI,VERACRUZ,ICE,7,Aduana PY datos abiertos,NCM 8703 automóvil/turismo (default leve)
2026-05,LightVehicles,leve,ISUZU,ELF,ICE,7,Aduana PY datos abiertos,NCM 8704.21 GVW≤5t pickup/camioneta
2026-05,LightVehicles,leve,IVECO,DAILY,ICE,7,Aduana PY datos abiertos,NCM 8704.21 GVW≤5t pickup/camioneta
2026-05,LightVehicles,leve,JAGUAR,(sin modelo),ICE,7,Aduana PY datos abiertos,NCM 8703 automóvil/turismo (default leve)
2026-05,LightVehicles,leve,JAGUAR,XE20D,ICE,7,Aduana PY datos abiertos,NCM 8703 automóvil/turismo (default leve)
2026-05,LightVehicles,leve,JEEP,(sin modelo),ICE,7,Aduana PY datos abiertos,NCM 8703 automóvil/turismo (default leve)
2026-05,LightVehicles,leve,JEEP,CHEROKEE,ICE,7,Aduana PY datos abiertos,NCM 8703 automóvil/turismo (default leve)
2026-05,LightVehicles,leve,JETOUR,T2,ICE,7,Aduana PY datos abiertos,NCM 8703 automóvil/turismo (default leve)
2026-05,LightVehicles,leve,KAWASAKI,BRUTE FORCE 750,ICE,7,Aduana PY datos abiertos,NCM 8703 automóvil/turismo (default leve)
2026-05,LightVehicles,leve,KIA,FORTE,ICE,7,Aduana PY datos abiertos,NCM 8703 automóvil/turismo (default leve)
2026-05,LightVehicles,leve,KIA,STINGER,ICE,7,Aduana PY datos abiertos,NCM 8703 automóvil/turismo (default leve)
2026-05,LightVehicles,leve,LAND ROVER,DISCOVERY SPORT MOVIDO A DIESEL,ICE,7,Aduana PY datos abiertos,NCM 8703 automóvil/turismo (default leve)
2026-05,LightVehicles,leve,LEXUS,LS,ICE,7,Aduana PY datos abiertos,NCM 8703 automóvil/turismo (default leve)
2026-05,LightVehicles,leve,LIBRE,VOXY,ICE,7,Aduana PY datos abiertos,passenger van/minibus (Hiace/Staria/…) counts as leve
2026-05,LightVehicles,leve,MAZDA,ATENZA,ICE,7,Aduana PY datos abiertos,NCM 8703 automóvil/turismo (default leve)
2026-05,LightVehicles,leve,MAZDA,AXELA,ICE,7,Aduana PY datos abiertos,NCM 8703 automóvil/turismo (default leve)
2026-05,LightVehicles,leve,MAZDA,AXELA SPORT,ICE,7,Aduana PY datos abiertos,NCM 8703 automóvil/turismo (default leve)
2026-05,LightVehicles,leve,MAZDA,AXELA SPORT A/O,ICE,7,Aduana PY datos abiertos,NCM 8703 automóvil/turismo (default leve)
2026-05,LightVehicles,leve,MAZDA,CX-5,ICE,7,Aduana PY datos abiertos,NCM 8703 automóvil/turismo (default leve)
2026-05,LightVehicles,leve,MAZDA,EUNOS 2DR,ICE,7,Aduana PY datos abiertos,NCM 8703 automóvil/turismo (default leve)
2026-05,LightVehicles,leve,MERCEDES-BENZ,313,ICE,7,Aduana PY datos abiertos,NCM 8704.21 GVW≤5t pickup/camioneta
2026-05,LightVehicles,leve,MERCEDES-BENZ,814,ICE,7,Aduana PY datos abiertos,NCM 8704.21 GVW≤5t pickup/camioneta
2026-05,LightVehicles,leve,MERCEDES-BENZ,A35 AMG,ICE,7,Aduana PY datos abiertos,NCM 8703 automóvil/turismo (default leve)
2026-05,LightVehicles,leve,MERCEDES-BENZ,AMG A 45 4MATIC,ICE,7,Aduana PY datos abiertos,NCM 8703 automóvil/turismo (default leve)
2026-05,LightVehicles,leve,MERCEDES-BENZ,AMG GLA45,ICE,7,Aduana PY datos abiertos,NCM 8703 automóvil/turismo (default leve)
2026-05,LightVehicles,leve,MERCEDES-BENZ,AMG S 63 4MATIC,ICE,7,Aduana PY datos abiertos,NCM 8703 automóvil/turismo (default leve)
2026-05,LightVehicles,leve,MERCEDES-BENZ,ATEGO,ICE,7,Aduana PY datos abiertos,NCM 8704.21 GVW≤5t pickup/camioneta
2026-05,LightVehicles,leve,MERCEDES-BENZ,C 220 CDI,ICE,7,Aduana PY datos abiertos,NCM 8703 automóvil/turismo (default leve)
2026-05,LightVehicles,leve,MERCEDES-BENZ,C 230,ICE,7,Aduana PY datos abiertos,NCM 8703 automóvil/turismo (default leve)
2026-05,LightVehicles,leve,MERCEDES-BENZ,C 250 D 4 MATIC,ICE,7,Aduana PY datos abiertos,NCM 8703 automóvil/turismo (default leve)
2026-05,LightVehicles,leve,MERCEDES-BENZ,C200 CGI,ICE,7,Aduana PY datos abiertos,NCM 8703 automóvil/turismo (default leve)
2026-05,LightVehicles,leve,MERCEDES-BENZ,C220,ICE,7,Aduana PY datos abiertos,NCM 8703 automóvil/turismo (default leve)
2026-05,LightVehicles,leve,MERCEDES-BENZ,C220 CDI,ICE,7,Aduana PY datos abiertos,NCM 8703 automóvil/turismo (default leve)
2026-05,LightVehicles,leve,MERCEDES-BENZ,C250,ICE,7,Aduana PY datos abiertos,NCM 8703 automóvil/turismo (default leve)
2026-05,LightVehicles,leve,MERCEDES-BENZ,C250 A/O,ICE,7,Aduana PY datos abiertos,NCM 8703 automóvil/turismo (default leve)
2026-05,LightVehicles,leve,MERCEDES-BENZ,CLS53 AMG,ICE,7,Aduana PY datos abiertos,NCM 8703 automóvil/turismo (default leve)
2026-05,LightVehicles,leve,MERCEDES-BENZ,E220 CDI BLUETEC A/O,ICE,7,Aduana PY datos abiertos,NCM 8703 automóvil/turismo (default leve)
2026-05,LightVehicles,leve,MERCEDES-BENZ,E220D,ICE,7,Aduana PY datos abiertos,NCM 8703 automóvil/turismo (default leve)
2026-05,LightVehicles,leve,MERCEDES-BENZ,E350 E-CLASS,ICE,7,Aduana PY datos abiertos,NCM 8703 automóvil/turismo (default leve)
2026-05,LightVehicles,leve,MERCEDES-BENZ,E450,ICE,7,Aduana PY datos abiertos,NCM 8703 automóvil/turismo (default leve)
2026-05,LightVehicles,leve,MERCEDES-BENZ,GLA250,ICE,7,Aduana PY datos abiertos,NCM 8703 automóvil/turismo (default leve)
2026-05,LightVehicles,leve,MERCEDES-BENZ,GLA250 4MATIC,ICE,7,Aduana PY datos abiertos,NCM 8703 automóvil/turismo (default leve)
2026-05,LightVehicles,leve,MERCEDES-BENZ,GLC 200 D,ICE,7,Aduana PY datos abiertos,NCM 8703 automóvil/turismo (default leve)
2026-05,LightVehicles,leve,MERCEDES-BENZ,GLE 350 4MATIC,ICE,7,Aduana PY datos abiertos,NCM 8703 automóvil/turismo (default leve)
2026-05,LightVehicles,leve,MERCEDES-BENZ,GLE 350D 4 MATIC,ICE,7,Aduana PY datos abiertos,NCM 8703 automóvil/turismo (default leve)
2026-05,LightVehicles,leve,MERCEDES-BENZ,ML350 4MATIC,ICE,7,Aduana PY datos abiertos,NCM 8703 automóvil/turismo (default leve)
2026-05,LightVehicles,leve,MERCEDES-BENZ,S500,ICE,7,Aduana PY datos abiertos,NCM 8703 automóvil/turismo (default leve)
2026-05,LightVehicles,leve,MERCEDES-BENZ,SLK 200,ICE,7,Aduana PY datos abiertos,NCM 8703 automóvil/turismo (default leve)
2026-05,LightVehicles,leve,MG,(sin modelo),HEV,7,Aduana PY datos abiertos,NCM 8703 automóvil/turismo (default leve)
2026-05,LightVehicles,leve,MINI,CUNTRY MAN,ICE,7,Aduana PY datos abiertos,NCM 8703 automóvil/turismo (default leve)
2026-05,LightVehicles,leve,MITSUBISHI,FUSO,ICE,7,Aduana PY datos abiertos,NCM 8704.21 GVW≤5t pickup/camioneta
2026-05,LightVehicles,leve,MITSUBISHI,FUSO CANTER,ICE,7,Aduana PY datos abiertos,NCM 8704.21 GVW≤5t pickup/camioneta
2026-05,LightVehicles,leve,MITSUBISHI,FUSO CANTER GUTS,ICE,7,Aduana PY datos abiertos,NCM 8704.21 GVW≤5t pickup/camioneta
2026-05,LightVehicles,leve,MITSUBISHI,JEEP,ICE,7,Aduana PY datos abiertos,NCM 8703 automóvil/turismo (default leve)
2026-05,LightVehicles,leve,MITSUBISHI,LANCER,ICE,7,Aduana PY datos abiertos,NCM 8703 automóvil/turismo (default leve)
2026-05,LightVehicles,leve,MITSUBISHI,PAJERO MINI,ICE,7,Aduana PY datos abiertos,NCM 8703 automóvil/turismo (default leve)
2026-05,LightVehicles,leve,NISSAN,350Z,ICE,7,Aduana PY datos abiertos,NCM 8703 automóvil/turismo (default leve)
2026-05,LightVehicles,leve,NISSAN,ATLAS 200,ICE,7,Aduana PY datos abiertos,NCM 8704.21 GVW≤5t pickup/camioneta
2026-05,LightVehicles,leve,NISSAN,CARAVAN,ICE,7,Aduana PY datos abiertos,NCM 8703 automóvil/turismo (default leve)
2026-05,LightVehicles,leve,NISSAN,CUBE,ICE,7,Aduana PY datos abiertos,NCM 8703 automóvil/turismo (default leve)
2026-05,LightVehicles,leve,NISSAN,EL MARCH,ICE,7,Aduana PY datos abiertos,NCM 8703 automóvil/turismo (default leve)
2026-05,LightVehicles,leve,NISSAN,FAIRLADY,ICE,7,Aduana PY datos abiertos,NCM 8703 automóvil/turismo (default leve)
2026-05,LightVehicles,leve,NISSAN,GT-R 35,ICE,7,Aduana PY datos abiertos,NCM 8703 automóvil/turismo (default leve)
2026-05,LightVehicles,leve,NISSAN,JUKE,ICE,7,Aduana PY datos abiertos,NCM 8703 automóvil/turismo (default leve)
2026-05,LightVehicles,leve,NISSAN,JUKE A/O,ICE,7,Aduana PY datos abiertos,NCM 8703 automóvil/turismo (default leve)
2026-05,LightVehicles,leve,NISSAN,LEAF,BEV,7,Aduana PY datos abiertos,NCM 8703 automóvil/turismo (default leve)
2026-05,LightVehicles,leve,NISSAN,TERRANO,ICE,7,Aduana PY datos abiertos,NCM 8704.21 GVW≤5t pickup/camioneta
2026-05,LightVehicles,leve,POLARIS,(sin modelo),ICE,7,Aduana PY datos abiertos,NCM 8703 automóvil/turismo (default leve)
2026-05,LightVehicles,leve,PORSCHE,(sin modelo),ICE,7,Aduana PY datos abiertos,NCM 8703 automóvil/turismo (default leve)
2026-05,LightVehicles,leve,RAM,1500 BIG HORN,ICE,7,Aduana PY datos abiertos,NCM 8704.21 GVW≤5t pickup/camioneta
2026-05,LightVehicles,leve,ROVER,MINI NAFTERO,ICE,7,Aduana PY datos abiertos,NCM 8703 automóvil/turismo (default leve)
2026-05,LightVehicles,leve,SAMSUNG,(sin modelo),ICE,7,Aduana PY datos abiertos,NCM 8703 automóvil/turismo (default leve)
2026-05,LightVehicles,leve,SPORTAGE,SPORTAGE,ICE,7,Aduana PY datos abiertos,NCM 8703 automóvil/turismo (default leve)
2026-05,LightVehicles,leve,SUBARU,FORESTER STI,ICE,7,Aduana PY datos abiertos,NCM 8703 automóvil/turismo (default leve)
2026-05,LightVehicles,leve,SUBARU,IMPREZA WRC,ICE,7,Aduana PY datos abiertos,NCM 8703 automóvil/turismo (default leve)
2026-05,LightVehicles,leve,SUBARU,IMPREZA WRX,ICE,7,Aduana PY datos abiertos,NCM 8703 automóvil/turismo (default leve)
2026-05,LightVehicles,leve,SUBARU,IMPREZA WRX STI,ICE,7,Aduana PY datos abiertos,NCM 8703 automóvil/turismo (default leve)
2026-05,LightVehicles,leve,SUBARU,IMPREZA WXR S4 NAFTERO,ICE,7,Aduana PY datos abiertos,NCM 8703 automóvil/turismo (default leve)
2026-05,LightVehicles,leve,SUBARU,TREZIA A/O,ICE,7,Aduana PY datos abiertos,NCM 8703 automóvil/turismo (default leve)
2026-05,LightVehicles,leve,SUBARU,WRX S4,ICE,7,Aduana PY datos abiertos,NCM 8703 automóvil/turismo (default leve)
2026-05,LightVehicles,leve,SUZUKI,CARRY,ICE,7,Aduana PY datos abiertos,NCM 8704.31 GVW≤5t pickup/camioneta
2026-05,LightVehicles,leve,SUZUKI,SWIFT RS,ICE,7,Aduana PY datos abiertos,NCM 8703 automóvil/turismo (default leve)
2026-05,LightVehicles,leve,TOYOTA,86 GT,ICE,7,Aduana PY datos abiertos,NCM 8703 automóvil/turismo (default leve)
2026-05,LightVehicles,leve,TOYOTA,86GT,ICE,7,Aduana PY datos abiertos,NCM 8703 automóvil/turismo (default leve)
2026-05,LightVehicles,leve,TOYOTA,ALLEX NAFTERO,ICE,7,Aduana PY datos abiertos,NCM 8703 automóvil/turismo (default leve)
2026-05,LightVehicles,leve,TOYOTA,AURIA O,ICE,7,Aduana PY datos abiertos,NCM 8703 automóvil/turismo (default leve)
2026-05,LightVehicles,leve,TOYOTA,AXIO,ICE,7,Aduana PY datos abiertos,NCM 8703 automóvil/turismo (default leve)
2026-05,LightVehicles,leve,TOYOTA,BB,ICE,7,Aduana PY datos abiertos,NCM 8703 automóvil/turismo (default leve)
2026-05,LightVehicles,leve,TOYOTA,BEGO,ICE,7,Aduana PY datos abiertos,NCM 8703 automóvil/turismo (default leve)
2026-05,LightVehicles,leve,TOYOTA,CALDINA,ICE,7,Aduana PY datos abiertos,NCM 8703 automóvil/turismo (default leve)
2026-05,LightVehicles,leve,TOYOTA,CAMRY,ICE,7,Aduana PY datos abiertos,NCM 8703 automóvil/turismo (default leve)
2026-05,LightVehicles,leve,TOYOTA,CANTER,ICE,7,Aduana PY datos abiertos,NCM 8704.21 GVW≤5t pickup/camioneta
2026-05,LightVehicles,leve,TOYOTA,CENTURY,ICE,7,Aduana PY datos abiertos,NCM 8703 automóvil/turismo (default leve)
2026-05,LightVehicles,leve,TOYOTA,CHASER,ICE,7,Aduana PY datos abiertos,NCM 8703 automóvil/turismo (default leve)
2026-05,LightVehicles,leve,TOYOTA,COROLA RUNX,ICE,7,Aduana PY datos abiertos,NCM 8703 automóvil/turismo (default leve)
2026-05,LightVehicles,leve,TOYOTA,COROLL,ICE,7,Aduana PY datos abiertos,NCM 8703 automóvil/turismo (default leve)
2026-05,LightVehicles,leve,TOYOTA,COROLLA CROSS,ICE,7,Aduana PY datos abiertos,NCM 8703 automóvil/turismo (default leve)
2026-05,LightVehicles,leve,TOYOTA,CORONA PREMIO,ICE,7,Aduana PY datos abiertos,NCM 8703 automóvil/turismo (default leve)
2026-05,LightVehicles,leve,TOYOTA,CORWN ATHLETE,ICE,7,Aduana PY datos abiertos,NCM 8703 automóvil/turismo (default leve)
2026-05,LightVehicles,leve,TOYOTA,CROWN ATHLETE S,HEV,7,Aduana PY datos abiertos,NCM 8703 automóvil/turismo (default leve)
2026-05,LightVehicles,leve,TOYOTA,CROWN ATHLETE S,ICE,7,Aduana PY datos abiertos,NCM 8703 automóvil/turismo (default leve)
2026-05,LightVehicles,leve,TOYOTA,CRWON ATHLETE,ICE,7,Aduana PY datos abiertos,NCM 8703 automóvil/turismo (default leve)
2026-05,LightVehicles,leve,TOYOTA,ELMO PREMIO,ICE,7,Aduana PY datos abiertos,NCM 8703 automóvil/turismo (default leve)
2026-05,LightVehicles,leve,TOYOTA,HIACE SUPER CUSTOM,ICE,7,Aduana PY datos abiertos,passenger van/minibus (Hiace/Staria/…) counts as leve
2026-05,LightVehicles,leve,TOYOTA,HIGHLANDER,ICE,7,Aduana PY datos abiertos,NCM 8703 automóvil/turismo (default leve)
2026-05,LightVehicles,leve,TOYOTA,HIGHLANDER PLATINUM,ICE,7,Aduana PY datos abiertos,NCM 8703 automóvil/turismo (default leve)
2026-05,LightVehicles,leve,TOYOTA,ISIS,ICE,7,Aduana PY datos abiertos,NCM 8703 automóvil/turismo (default leve)
2026-05,LightVehicles,leve,TOYOTA,ISIS PLATANA,ICE,7,Aduana PY datos abiertos,NCM 8703 automóvil/turismo (default leve)
2026-05,LightVehicles,leve,TOYOTA,NAOH,ICE,7,Aduana PY datos abiertos,NCM 8703 automóvil/turismo (default leve)
2026-05,LightVehicles,leve,TOYOTA,PASSO,ICE,7,Aduana PY datos abiertos,NCM 8703 automóvil/turismo (default leve)
2026-05,LightVehicles,leve,TOYOTA,PIXIS SPACE,ICE,7,Aduana PY datos abiertos,NCM 8703 automóvil/turismo (default leve)
2026-05,LightVehicles,leve,TOYOTA,RAGIUS,ICE,7,Aduana PY datos abiertos,NCM 8703 automóvil/turismo (default leve)
2026-05,LightVehicles,leve,TOYOTA,RAUM,ICE,7,Aduana PY datos abiertos,NCM 8703 automóvil/turismo (default leve)
2026-05,LightVehicles,leve,TOYOTA,RAV 4,ICE,7,Aduana PY datos abiertos,NCM 8703 automóvil/turismo (default leve)
2026-05,LightVehicles,leve,TOYOTA,RCATIS,ICE,7,Aduana PY datos abiertos,NCM 8703 automóvil/turismo (default leve)
2026-05,LightVehicles,leve,TOYOTA,RUSH NAFTERO,ICE,7,Aduana PY datos abiertos,NCM 8703 automóvil/turismo (default leve)
2026-05,LightVehicles,leve,TOYOTA,SPADE,ICE,7,Aduana PY datos abiertos,NCM 8703 automóvil/turismo (default leve)
2026-05,LightVehicles,leve,TOYOTA,TACOMA TRD,ICE,7,Aduana PY datos abiertos,NCM 8704.31 GVW≤5t pickup/camioneta
2026-05,LightVehicles,leve,TOYOTA,TOURING HIACE,ICE,7,Aduana PY datos abiertos,passenger van/minibus (Hiace/Staria/…) counts as leve
2026-05,LightVehicles,leve,TOYOTA,TOWNACE VAN,ICE,7,Aduana PY datos abiertos,NCM 8703 automóvil/turismo (default leve)
2026-05,LightVehicles,leve,TOYOTA,TRD SPORT,ICE,7,Aduana PY datos abiertos,NCM 8704.31 GVW≤5t pickup/camioneta
2026-05,LightVehicles,leve,VOLKSWAGEN,ARTEON,ICE,7,Aduana PY datos abiertos,NCM 8703 automóvil/turismo (default leve)
2026-05,LightVehicles,leve,VOLKSWAGEN,GOLF GTI,ICE,7,Aduana PY datos abiertos,NCM 8703 automóvil/turismo (default leve)
2026-05,LightVehicles,leve,VOLKSWAGEN,PASSAT,ICE,7,Aduana PY datos abiertos,NCM 8703 automóvil/turismo (default leve)
2026-05,LightVehicles,leve,VOLKSWAGEN,SCIROCCO,ICE,7,Aduana PY datos abiertos,NCM 8703 automóvil/turismo (default leve)
2026-05,LightVehicles,leve,VOLKSWAGEN,SCIROCCO TDI,ICE,7,Aduana PY datos abiertos,NCM 8703 automóvil/turismo (default leve)
2026-05,LightVehicles,pesado,MERCEDES-BENZ,1223,ICE,7,Aduana PY datos abiertos,NCM 8704.22 typically GVW>5t
2026-05,LightVehicles,pesado,MERCEDES-BENZ,1834,ICE,7,Aduana PY datos abiertos,NCM 8704.22 typically GVW>5t
2026-05,LightVehicles,pesado,MERCEDES-BENZ,816,ICE,7,Aduana PY datos abiertos,NCM 8704.22 typically GVW>5t
2026-05,LightVehicles,pesado,MERCEDES-BENZ,918,ICE,7,Aduana PY datos abiertos,NCM 8704.22 typically GVW>5t
2026-05,LightVehicles,pesado,MERCEDES-BENZ,ATEGO 817,ICE,7,Aduana PY datos abiertos,NCM 8704.22 typically GVW>5t
2026-05,LightVehicles,pesado,MERCEDES-BENZ,ATEGO 818,ICE,7,Aduana PY datos abiertos,NCM 8704.22 typically GVW>5t
2026-05,LightVehicles,pesado,NISSAN,M110,ICE,7,Aduana PY datos abiertos,NCM 8704.22 typically GVW>5t
2026-05,LightVehicles,pesado,NISSAN,UD,ICE,7,Aduana PY datos abiertos,NCM 8704.22 typically GVW>5t
2026-05,LightVehicles,pesado,SCANIA,113,ICE,7,Aduana PY datos abiertos,NCM 8704.22 typically GVW>5t
2026-05,LightVehicles,pesado,SCANIA,114 - 340,ICE,7,Aduana PY datos abiertos,NCM 8704.22 typically GVW>5t
2026-05,LightVehicles,pesado,SCANIA,114G-340 6X2,ICE,7,Aduana PY datos abiertos,NCM 8704.23 typically GVW>5t
2026-05,LightVehicles,pesado,SCANIA,124-CB8X4-420,ICE,7,Aduana PY datos abiertos,NCM 8704.23 typically GVW>5t
2026-05,LightVehicles,pesado,SCANIA,94 - 260,ICE,7,Aduana PY datos abiertos,NCM 8704.22 typically GVW>5t
2026-05,LightVehicles,pesado,SCANIA,94 D - 260,ICE,7,Aduana PY datos abiertos,NCM 8704.22 typically GVW>5t
2026-05,LightVehicles,pesado,SCANIA,94 L - 260,ICE,7,Aduana PY datos abiertos,NCM 8704.22 typically GVW>5t
2026-05,LightVehicles,pesado,SCANIA,94D,ICE,7,Aduana PY datos abiertos,NCM 8704.22 typically GVW>5t
2026-05,LightVehicles,pesado,SCANIA,94D 220,ICE,7,Aduana PY datos abiertos,NCM 8704.22 typically GVW>5t
2026-05,LightVehicles,pesado,SCANIA,G440,ICE,7,Aduana PY datos abiertos,NCM 8704.23 typically GVW>5t
2026-05,LightVehicles,pesado,SCANIA,P270,ICE,7,Aduana PY datos abiertos,NCM 8704.22 typically GVW>5t
2026-05,LightVehicles,pesado,SCANIA,P280,ICE,7,Aduana PY datos abiertos,NCM 8704.23 typically GVW>5t
2026-05,LightVehicles,pesado,SCANIA,P310,ICE,7,Aduana PY datos abiertos,NCM 8704.22 typically GVW>5t
2026-05,LightVehicles,pesado,SCANIA,P310 6X2,ICE,7,Aduana PY datos abiertos,NCM 8704.22 typically GVW>5t
2026-05,LightVehicles,pesado,SCANIA,P420,ICE,7,Aduana PY datos abiertos,NCM 8704.23 typically GVW>5t
2026-05,LightVehicles,pesado,SCANIA,P420 A/O,ICE,7,Aduana PY datos abiertos,NCM 8704.22 typically GVW>5t
2026-05,LightVehicles,pesado,SCANIA,P93 230,ICE,7,Aduana PY datos abiertos,NCM 8704.22 typically GVW>5t
2026-05,LightVehicles,pesado,SCANIA,P93 280 A O,ICE,7,Aduana PY datos abiertos,NCM 8704.22 typically GVW>5t
2026-05,LightVehicles,pesado,SCANIA,P94-360,ICE,7,Aduana PY datos abiertos,NCM 8704.22 typically GVW>5t
2026-05,LightVehicles,pesado,SCANIA,P94D 220,ICE,7,Aduana PY datos abiertos,NCM 8704.22 typically GVW>5t
2026-05,LightVehicles,pesado,SCANIA,P94D 310,ICE,7,Aduana PY datos abiertos,NCM 8704.22 typically GVW>5t
2026-05,LightVehicles,pesado,SCANIA,R124 - 420,ICE,7,Aduana PY datos abiertos,NCM 8704.22 typically GVW>5t
2026-05,LightVehicles,pesado,SCANIA,R420,ICE,7,Aduana PY datos abiertos,NCM 8704.22 typically GVW>5t
2026-05,LightVehicles,leve,CHERY,T8 PRO 1,ICE,6,Aduana PY datos abiertos,NCM 8703 automóvil/turismo (default leve)
2026-05,LightVehicles,leve,CHEVROLET,2027,ICE,6,Aduana PY datos abiertos,NCM 8704.21 GVW≤5t pickup/camioneta
2026-05,LightVehicles,leve,CHEVROLET,CAPTIVA PREMIER EV AT,BEV,6,Aduana PY datos abiertos,NCM 8703 automóvil/turismo (default leve)
2026-05,LightVehicles,leve,CHEVROLET,TRACKER PREMIER 1,ICE,6,Aduana PY datos abiertos,NCM 8703 automóvil/turismo (default leve)
2026-05,LightVehicles,leve,FIAT,STRADA VOLCANO D C 13L A T FLEX,ICE,6,Aduana PY datos abiertos,NCM 8704.31 GVW≤5t pickup/camioneta
2026-05,LightVehicles,leve,HYUNDAI,NEW PALISADE CALLIGRAPHY,HEV,6,Aduana PY datos abiertos,NCM 8703 automóvil/turismo (default leve)
2026-05,LightVehicles,leve,NISSAN,NEW KICKS 220T SENSE 6 DCT - FLEX FLEX,ICE,6,Aduana PY datos abiertos,NCM 8703 automóvil/turismo (default leve)
2026-05,LightVehicles,leve,TATA,SFC 407 TRUCK WITH 4SPTC ENGINE-EN,ICE,6,Aduana PY datos abiertos,NCM 8704.21 GVW≤5t pickup/camioneta
2026-05,LightVehicles,pesado,HINO,(sin modelo),ICE,6,Aduana PY datos abiertos,NCM 8704.22 typically GVW>5t
2026-05,LightVehicles,leve,BMW,X3 20,ICE,5,Aduana PY datos abiertos,NCM 8703 automóvil/turismo (default leve)
2026-05,LightVehicles,leve,CHEVROLET,TRAILBLAZER HIGH COUNTRY,ICE,5,Aduana PY datos abiertos,NCM 8703 automóvil/turismo (default leve)
2026-05,LightVehicles,leve,DEEPAL,DEEPAL MODELO,PHEV,5,Aduana PY datos abiertos,NCM 8703 automóvil/turismo (default leve)
2026-05,LightVehicles,leve,FIAT,ARGO DRIVE 1,ICE,5,Aduana PY datos abiertos,NCM 8703 automóvil/turismo (default leve)
2026-05,LightVehicles,leve,FIAT,STRADA FREEDOM D C 13L M T FLEX,ICE,5,Aduana PY datos abiertos,NCM 8704.31 GVW≤5t pickup/camioneta
2026-05,LightVehicles,leve,FIAT,STRADA VOLCANO D C 13L 8V A T FLEX,ICE,5,Aduana PY datos abiertos,NCM 8704.31 GVW≤5t pickup/camioneta
2026-05,LightVehicles,leve,FIAT,TORO VOLCANO D/C 1,ICE,5,Aduana PY datos abiertos,NCM 8704.31 GVW≤5t pickup/camioneta
2026-05,LightVehicles,leve,JAC,X200 CABINA SIMPLE,ICE,5,Aduana PY datos abiertos,NCM 8704.21 GVW≤5t pickup/camioneta
2026-05,LightVehicles,leve,LEAPMOTOR,C10 REEV,PHEV,5,Aduana PY datos abiertos,NCM 8703 automóvil/turismo (default leve)
2026-05,LightVehicles,leve,MG,(sin modelo),ICE,5,Aduana PY datos abiertos,NCM 8703 automóvil/turismo (default leve)
2026-05,LightVehicles,leve,NISSAN,FRONTIER DOBLE CABINA,ICE,5,Aduana PY datos abiertos,NCM 8704.21 GVW≤5t pickup/camioneta
2026-05,LightVehicles,leve,VOLKSWAGEN,POLO TRACK 1,ICE,5,Aduana PY datos abiertos,NCM 8703 automóvil/turismo (default leve)
2026-05,LightVehicles,pesado,VOLKSWAGEN,11,ICE,5,Aduana PY datos abiertos,NCM 8704.22 typically GVW>5t
2026-05,LightVehicles,leve,BMW,X6 XDRIVE30D M SPORT,ICE,4,Aduana PY datos abiertos,NCM 8703 automóvil/turismo (default leve)
2026-05,LightVehicles,leve,CHANGAN,NEW CS15 DCT,ICE,4,Aduana PY datos abiertos,NCM 8703 automóvil/turismo (default leve)
2026-05,LightVehicles,leve,CHANGAN,UNI-T ELITE,ICE,4,Aduana PY datos abiertos,NCM 8703 automóvil/turismo (default leve)
2026-05,LightVehicles,leve,CHEVROLET,TRACKER RS 1,ICE,4,Aduana PY datos abiertos,NCM 8703 automóvil/turismo (default leve)
2026-05,LightVehicles,leve,FEST,PURE EV TYPE,BEV,4,Aduana PY datos abiertos,8704.60 electric goods vehicle (treated leve unless heavy)
2026-05,LightVehicles,leve,GAC,S7 ULTRA 1,PHEV,4,Aduana PY datos abiertos,NCM 8703 automóvil/turismo (default leve)
2026-05,LightVehicles,leve,GREATWALL,(sin modelo),PHEV,4,Aduana PY datos abiertos,8704 + pickup/camioneta keyword
2026-05,LightVehicles,leve,HONDA,PILOT 5DR ELITE 10A,ICE,4,Aduana PY datos abiertos,NCM 8703 automóvil/turismo (default leve)
2026-05,LightVehicles,leve,JAC,LD250 CARGO BOX 2,ICE,4,Aduana PY datos abiertos,NCM 8704.21 GVW≤5t pickup/camioneta
2026-05,LightVehicles,leve,LYNK CO,09,ICE,4,Aduana PY datos abiertos,NCM 8703 automóvil/turismo (default leve)
2026-05,LightVehicles,leve,NISSAN,NEW KICKS 220T EXCLUSIVE 6 DCT - FLEX,ICE,4,Aduana PY datos abiertos,NCM 8703 automóvil/turismo (default leve)
2026-05,LightVehicles,leve,SOUEAST,S06,ICE,4,Aduana PY datos abiertos,NCM 8703 automóvil/turismo (default leve)
2026-05,LightVehicles,leve,SUBARU,WRX SDN WRX TS ES MT VBHFLB6 E3 RW,ICE,4,Aduana PY datos abiertos,NCM 8703 automóvil/turismo (default leve)
2026-05,LightVehicles,leve,VOLKSWAGEN,POLO HIGHLINE 1,ICE,4,Aduana PY datos abiertos,NCM 8703 automóvil/turismo (default leve)
2026-05,LightVehicles,leve,AUDI,Q2 1,ICE,3,Aduana PY datos abiertos,NCM 8703 automóvil/turismo (default leve)
2026-05,LightVehicles,leve,AUDI,Q5 2,ICE,3,Aduana PY datos abiertos,NCM 8703 automóvil/turismo (default leve)
2026-05,LightVehicles,leve,BAOJUN,YEP PLUS,BEV,3,Aduana PY datos abiertos,NCM 8703 automóvil/turismo (default leve)
2026-05,LightVehicles,leve,CHANGAN,M60 FURGON,ICE,3,Aduana PY datos abiertos,NCM 8704.31 GVW≤5t pickup/camioneta
2026-05,LightVehicles,leve,CHANGAN,MS201 DOBLE CABINA,ICE,3,Aduana PY datos abiertos,NCM 8704.31 GVW≤5t pickup/camioneta
2026-05,LightVehicles,leve,CHANGAN,NEW CS35 MAX,ICE,3,Aduana PY datos abiertos,NCM 8703 automóvil/turismo (default leve)
2026-05,LightVehicles,leve,CHANGAN,NEW CS75 PLUS,ICE,3,Aduana PY datos abiertos,NCM 8703 automóvil/turismo (default leve)
2026-05,LightVehicles,leve,CHEVROLET,TRAILBLAZER HC 2,ICE,3,Aduana PY datos abiertos,NCM 8703 automóvil/turismo (default leve)
2026-05,LightVehicles,leve,DEEPAL,DEEPAL SO5,BEV,3,Aduana PY datos abiertos,NCM 8703 automóvil/turismo (default leve)
2026-05,LightVehicles,leve,GAC,EMKOO GL 2,HEV,3,Aduana PY datos abiertos,NCM 8703 automóvil/turismo (default leve)
2026-05,LightVehicles,leve,GAC,GS8 GT 2,ICE,3,Aduana PY datos abiertos,NCM 8703 automóvil/turismo (default leve)
2026-05,LightVehicles,leve,GAC,GS8 GX 2,HEV,3,Aduana PY datos abiertos,NCM 8703 automóvil/turismo (default leve)
2026-05,LightVehicles,leve,GAC,S7 MAX 1,PHEV,3,Aduana PY datos abiertos,NCM 8703 automóvil/turismo (default leve)
2026-05,LightVehicles,leve,HYUNDAI,STARIA,ICE,3,Aduana PY datos abiertos,passenger van/minibus (Hiace/Staria/…) counts as leve
2026-05,LightVehicles,leve,JAC,E30X LUXURY,BEV,3,Aduana PY datos abiertos,NCM 8703 automóvil/turismo (default leve)
2026-05,LightVehicles,leve,JAC,REFINE RF8,PHEV,3,Aduana PY datos abiertos,NCM 8703 automóvil/turismo (default leve)
2026-05,LightVehicles,leve,LAND ROVER,RANGE ROVER EVOQUE 2,ICE,3,Aduana PY datos abiertos,NCM 8703 automóvil/turismo (default leve)
2026-05,LightVehicles,leve,MAHINDRA,S6 DIESEL,ICE,3,Aduana PY datos abiertos,NCM 8704.21 GVW≤5t pickup/camioneta
2026-05,LightVehicles,leve,MAXUS,(sin modelo),ICE,3,Aduana PY datos abiertos,NCM 8704.21 GVW≤5t pickup/camioneta
2026-05,LightVehicles,leve,MAXUS,T60 D20 COMFORT,ICE,3,Aduana PY datos abiertos,NCM 8704.21 GVW≤5t pickup/camioneta
2026-05,LightVehicles,leve,NISSAN,QASHQAI ADVANCE,ICE,3,Aduana PY datos abiertos,NCM 8703 automóvil/turismo (default leve)
2026-05,LightVehicles,leve,POLARIS,RZR-24 900,ICE,3,Aduana PY datos abiertos,NCM 8703 automóvil/turismo (default leve)
2026-05,LightVehicles,leve,ARCFOX,(sin modelo),BEV,2,Aduana PY datos abiertos,NCM 8703 automóvil/turismo (default leve)
2026-05,LightVehicles,leve,AUDI,Q3 1,ICE,2,Aduana PY datos abiertos,NCM 8703 automóvil/turismo (default leve)
2026-05,LightVehicles,leve,CHANGAN,HUNTER,PHEV,2,Aduana PY datos abiertos,8704 + pickup/camioneta keyword
2026-05,LightVehicles,leve,CHERY,T8 PRO 1,PHEV,2,Aduana PY datos abiertos,NCM 8703 automóvil/turismo (default leve)
2026-05,LightVehicles,leve,CHEVROLET,S10 CABINA SIMPLE WORK TRUCK,ICE,2,Aduana PY datos abiertos,NCM 8704.21 GVW≤5t pickup/camioneta
2026-05,LightVehicles,leve,CHEVROLET,S10 CS WORK 2,ICE,2,Aduana PY datos abiertos,NCM 8704.21 GVW≤5t pickup/camioneta
2026-05,LightVehicles,leve,CHEVROLET,TRACKER LITE FLEX AT TURBO,ICE,2,Aduana PY datos abiertos,NCM 8703 automóvil/turismo (default leve)
2026-05,LightVehicles,leve,CHUFENG,HQG5080TQZBEVQC,BEV,2,Aduana PY datos abiertos,8704.60 electric goods vehicle (treated leve unless heavy)
2026-05,LightVehicles,leve,FIAT,FASTBACK ABARTH 1,ICE,2,Aduana PY datos abiertos,NCM 8703 automóvil/turismo (default leve)
2026-05,LightVehicles,leve,FIAT,STRADA RANCH D/C 1,ICE,2,Aduana PY datos abiertos,NCM 8704.31 GVW≤5t pickup/camioneta
2026-05,LightVehicles,leve,FIAT,TORO FREEDOM D/C 1,ICE,2,Aduana PY datos abiertos,NCM 8704.31 GVW≤5t pickup/camioneta
2026-05,LightVehicles,leve,GAC,AION ES SD EV,BEV,2,Aduana PY datos abiertos,NCM 8703 automóvil/turismo (default leve)
2026-05,LightVehicles,leve,GAC,EMKOO GE 2,HEV,2,Aduana PY datos abiertos,NCM 8703 automóvil/turismo (default leve)
2026-05,LightVehicles,leve,GAC,GS8 GL 2,ICE,2,Aduana PY datos abiertos,NCM 8703 automóvil/turismo (default leve)
2026-05,LightVehicles,leve,HYUNDAI,NEW CRETA PLATINUM NAFTERO 15CC AT,ICE,2,Aduana PY datos abiertos,NCM 8703 automóvil/turismo (default leve)
2026-05,LightVehicles,leve,JAC,JS4 1,ICE,2,Aduana PY datos abiertos,NCM 8703 automóvil/turismo (default leve)
2026-05,LightVehicles,leve,JAC,LE760 CARGO BOX 4,ICE,2,Aduana PY datos abiertos,NCM 8704.21 GVW≤5t pickup/camioneta
2026-05,LightVehicles,leve,JAC,T8,ICE,2,Aduana PY datos abiertos,NCM 8704.21 GVW≤5t pickup/camioneta
2026-05,LightVehicles,leve,JEEP,COMMANDER OVERLAND 1,ICE,2,Aduana PY datos abiertos,NCM 8703 automóvil/turismo (default leve)
2026-05,LightVehicles,leve,JEEP,WRANGLER 4-DOOR RUBICON,ICE,2,Aduana PY datos abiertos,NCM 8703 automóvil/turismo (default leve)
2026-05,LightVehicles,leve,LEXUS,RX350H,HEV,2,Aduana PY datos abiertos,NCM 8703 automóvil/turismo (default leve)
2026-05,LightVehicles,leve,MAHINDRA,XUV3XO AX7L,ICE,2,Aduana PY datos abiertos,NCM 8703 automóvil/turismo (default leve)
2026-05,LightVehicles,leve,MAXUS,T60 D20 LUXURY,ICE,2,Aduana PY datos abiertos,NCM 8704.21 GVW≤5t pickup/camioneta
2026-05,LightVehicles,leve,MERCEDES-BENZ,GLC300,ICE,2,Aduana PY datos abiertos,NCM 8703 automóvil/turismo (default leve)
2026-05,LightVehicles,leve,MERCEDES-BENZ,GLE 300 D 4MATIC CON,ICE,2,Aduana PY datos abiertos,NCM 8703 automóvil/turismo (default leve)
2026-05,LightVehicles,leve,MITSUBISHI,NEW OUTLANDER 4WD PLUS,ICE,2,Aduana PY datos abiertos,NCM 8703 automóvil/turismo (default leve)
2026-05,LightVehicles,leve,SUBARU,WRX SDN WRX TS ES CVT VBHFLB8 E3 RF,ICE,2,Aduana PY datos abiertos,NCM 8703 automóvil/turismo (default leve)
2026-05,LightVehicles,leve,TOYOTA,TUNDRA,ICE,2,Aduana PY datos abiertos,NCM 8704.31 GVW≤5t pickup/camioneta
2026-05,LightVehicles,pesado,JAC,LE112 CARGO BOX 7,ICE,2,Aduana PY datos abiertos,NCM 8704.22 typically GVW>5t
2026-05,LightVehicles,pesado,JAC,LE420 CARGO BOX 5,ICE,2,Aduana PY datos abiertos,NCM 8704.22 typically GVW>5t
2026-05,LightVehicles,pesado,JAC,LE551 CARGO BOX 7,ICE,2,Aduana PY datos abiertos,NCM 8704.22 typically GVW>5t
2026-05,LightVehicles,pesado,SCANIA,P94/260,ICE,2,Aduana PY datos abiertos,NCM 8704.22 typically GVW>5t
2026-05,LightVehicles,pesado,SCANIA,P94/310,ICE,2,Aduana PY datos abiertos,NCM 8704.22 typically GVW>5t
2026-05,LightVehicles,leve,AUDI,Q6 E-TRON PERFORMANCE,BEV,1,Aduana PY datos abiertos,NCM 8703 automóvil/turismo (default leve)
2026-05,LightVehicles,leve,AUDI,Q6 E-TRON SPORTBACK PERFORMANCE,BEV,1,Aduana PY datos abiertos,NCM 8703 automóvil/turismo (default leve)
2026-05,LightVehicles,leve,AUDI,Q6 ETRON PREMIUM,BEV,1,Aduana PY datos abiertos,NCM 8703 automóvil/turismo (default leve)
2026-05,LightVehicles,leve,AUDI,Q7 3,ICE,1,Aduana PY datos abiertos,NCM 8703 automóvil/turismo (default leve)
2026-05,LightVehicles,leve,AUDI,Q8 3,ICE,1,Aduana PY datos abiertos,NCM 8703 automóvil/turismo (default leve)
2026-05,LightVehicles,leve,BMW,X1,ICE,1,Aduana PY datos abiertos,NCM 8703 automóvil/turismo (default leve)
2026-05,LightVehicles,leve,BMW,X2 XDRIVE20I,ICE,1,Aduana PY datos abiertos,NCM 8703 automóvil/turismo (default leve)
2026-05,LightVehicles,leve,BMW,X3 20D XDRIVE,ICE,1,Aduana PY datos abiertos,NCM 8703 automóvil/turismo (default leve)
2026-05,LightVehicles,leve,BMW,X3 M50 XDRIVE,ICE,1,Aduana PY datos abiertos,NCM 8703 automóvil/turismo (default leve)
2026-05,LightVehicles,leve,BMW,X5 XDRIVE30D,ICE,1,Aduana PY datos abiertos,NCM 8703 automóvil/turismo (default leve)
2026-05,LightVehicles,leve,BMW,X6 XDRIVE40I M SPORT,ICE,1,Aduana PY datos abiertos,NCM 8703 automóvil/turismo (default leve)
2026-05,LightVehicles,leve,CHEVROLET,NOVA MONTANA LTZ FLEX AT TURBO,ICE,1,Aduana PY datos abiertos,NCM 8704.31 GVW≤5t pickup/camioneta
2026-05,LightVehicles,leve,CHEVROLET,NOVA MONTANA PREMIER II FLEX AT TURBO,ICE,1,Aduana PY datos abiertos,NCM 8704.31 GVW≤5t pickup/camioneta
2026-05,LightVehicles,leve,CHEVROLET,NOVA MONTANA RS FLEX AT TURBO,ICE,1,Aduana PY datos abiertos,NCM 8704.31 GVW≤5t pickup/camioneta
2026-05,LightVehicles,leve,FIAT,FASTBACK IMPETUS MILD,ICE,1,Aduana PY datos abiertos,NCM 8703 automóvil/turismo (default leve)
2026-05,LightVehicles,leve,FIAT,TORO ULTRA D/C 1,ICE,1,Aduana PY datos abiertos,NCM 8704.31 GVW≤5t pickup/camioneta
2026-05,LightVehicles,leve,FORD,FALCON,ICE,1,Aduana PY datos abiertos,NCM 8703 automóvil/turismo (default leve)
2026-05,LightVehicles,leve,GAC,EMZOOM 1,ICE,1,Aduana PY datos abiertos,NCM 8703 automóvil/turismo (default leve)
2026-05,LightVehicles,leve,HYUNDAI,ALL NEW TUCSONANIO,HEV,1,Aduana PY datos abiertos,NCM 8703 automóvil/turismo (default leve)
2026-05,LightVehicles,leve,IVECO,(sin modelo),ICE,1,Aduana PY datos abiertos,NCM 8704.21 GVW≤5t pickup/camioneta
2026-05,LightVehicles,leve,JAC,M3 EV,BEV,1,Aduana PY datos abiertos,8704.60 electric goods vehicle (treated leve unless heavy)
2026-05,LightVehicles,leve,JEEP,COMMANDER LIMITED 1,ICE,1,Aduana PY datos abiertos,NCM 8703 automóvil/turismo (default leve)
2026-05,LightVehicles,leve,JEEP,WRANGLER SPORT,ICE,1,Aduana PY datos abiertos,NCM 8703 automóvil/turismo (default leve)
2026-05,LightVehicles,leve,JEEP,WRANGLER UNLIMITED SAHARA,ICE,1,Aduana PY datos abiertos,NCM 8703 automóvil/turismo (default leve)
2026-05,LightVehicles,leve,JEEP,WRANGLER UNLIMITED SPORT,ICE,1,Aduana PY datos abiertos,NCM 8703 automóvil/turismo (default leve)
2026-05,LightVehicles,leve,KIA,CARNIVAL,HEV,1,Aduana PY datos abiertos,passenger van/minibus (Hiace/Staria/…) counts as leve
2026-05,LightVehicles,leve,LAND ROVER,DEFENDER,ICE,1,Aduana PY datos abiertos,NCM 8703 automóvil/turismo (default leve)
2026-05,LightVehicles,leve,LAND ROVER,RANGE ROVER SPORT 3,PHEV,1,Aduana PY datos abiertos,NCM 8703 automóvil/turismo (default leve)
2026-05,LightVehicles,leve,LEXUS,(sin modelo),ICE,1,Aduana PY datos abiertos,NCM 8703 automóvil/turismo (default leve)
2026-05,LightVehicles,leve,LEXUS,(sin modelo),PHEV,1,Aduana PY datos abiertos,NCM 8703 automóvil/turismo (default leve)
2026-05,LightVehicles,leve,LEXUS,RX500H,HEV,1,Aduana PY datos abiertos,NCM 8703 automóvil/turismo (default leve)
2026-05,LightVehicles,leve,MASERATI,(sin modelo),BEV,1,Aduana PY datos abiertos,NCM 8703 automóvil/turismo (default leve)
2026-05,LightVehicles,leve,MERCEDES-BENZ,(sin modelo),PHEV,1,Aduana PY datos abiertos,NCM 8703 automóvil/turismo (default leve)
2026-05,LightVehicles,leve,MERCEDES-BENZ,GLC 220 4MATIC NO,ICE,1,Aduana PY datos abiertos,NCM 8703 automóvil/turismo (default leve)
2026-05,LightVehicles,leve,MERCEDES-BENZ,GLC 300,ICE,1,Aduana PY datos abiertos,NCM 8703 automóvil/turismo (default leve)
2026-05,LightVehicles,leve,MERCEDES-BENZ,GLE 300 D 4MATIC COUPE CON,ICE,1,Aduana PY datos abiertos,NCM 8703 automóvil/turismo (default leve)
2026-05,LightVehicles,leve,MERCEDES-BENZ,GLE350,ICE,1,Aduana PY datos abiertos,NCM 8703 automóvil/turismo (default leve)
2026-05,LightVehicles,leve,MITSUBISHI,ECLIPSE CROSS,ICE,1,Aduana PY datos abiertos,NCM 8703 automóvil/turismo (default leve)
2026-05,LightVehicles,leve,NISSAN,QASHQAI ADVANCE PLUS,ICE,1,Aduana PY datos abiertos,NCM 8703 automóvil/turismo (default leve)
2026-05,LightVehicles,leve,NISSAN,QASHQAI EXCLUSIVE,ICE,1,Aduana PY datos abiertos,NCM 8703 automóvil/turismo (default leve)
2026-05,LightVehicles,leve,PEUGEOT,208 RA4,ICE,1,Aduana PY datos abiertos,NCM 8703 automóvil/turismo (default leve)
2026-05,LightVehicles,leve,POLARIS,GEN-24 1K XP SPORT,ICE,1,Aduana PY datos abiertos,NCM 8704.31 GVW≤5t pickup/camioneta
2026-05,LightVehicles,leve,POLARIS,RGR-25 CREW 570,ICE,1,Aduana PY datos abiertos,NCM 8704.31 GVW≤5t pickup/camioneta
2026-05,LightVehicles,leve,PORSCHE,(sin modelo),BEV,1,Aduana PY datos abiertos,NCM 8703 automóvil/turismo (default leve)
2026-05,LightVehicles,leve,PORSCHE,CAYENNE,PHEV,1,Aduana PY datos abiertos,NCM 8703 automóvil/turismo (default leve)
2026-05,LightVehicles,leve,PORSCHE,MACAN 4S,BEV,1,Aduana PY datos abiertos,NCM 8703 automóvil/turismo (default leve)
2026-05,LightVehicles,leve,PORSCHE,MACAN T,ICE,1,Aduana PY datos abiertos,NCM 8703 automóvil/turismo (default leve)
2026-05,LightVehicles,leve,RAM,1500 REBEL CREW CAB,ICE,1,Aduana PY datos abiertos,NCM 8704.31 GVW≤5t pickup/camioneta
2026-05,LightVehicles,leve,RAM,1500 RHO CREW CAB,ICE,1,Aduana PY datos abiertos,NCM 8704.31 GVW≤5t pickup/camioneta
2026-05,LightVehicles,leve,RAM,RAMPAGE REBEL 2,ICE,1,Aduana PY datos abiertos,NCM 8704.21 GVW≤5t pickup/camioneta
2026-05,LightVehicles,leve,SCANIA,P94,ICE,1,Aduana PY datos abiertos,NCM 8704.21 GVW≤5t pickup/camioneta
2026-05,LightVehicles,leve,SUBARU,CROSSTREK,OTHERS,1,Aduana PY datos abiertos,NCM 8703 automóvil/turismo (default leve)
2026-05,LightVehicles,leve,SUBARU,FORESTER 2,HEV,1,Aduana PY datos abiertos,NCM 8703 automóvil/turismo (default leve)
2026-05,LightVehicles,leve,SUZUKI,JIMNY,ICE,1,Aduana PY datos abiertos,NCM 8703 automóvil/turismo (default leve)
2026-05,LightVehicles,leve,TOYOTA,4RUNNER,ICE,1,Aduana PY datos abiertos,NCM 8703 automóvil/turismo (default leve)
2026-05,LightVehicles,leve,TOYOTA,FUN CARGO,ICE,1,Aduana PY datos abiertos,NCM 8703 automóvil/turismo (default leve)
2026-05,LightVehicles,leve,TOYOTA,TACOMA,HEV,1,Aduana PY datos abiertos,8704 + pickup/camioneta keyword
2026-05,LightVehicles,leve,TOYOTA,TACOMA TRD PRO,HEV,1,Aduana PY datos abiertos,8704 + pickup/camioneta keyword
2026-05,LightVehicles,leve,TOYOTA,TACOMA TRD PRO IFORCEMAX,HEV,1,Aduana PY datos abiertos,8704 + pickup/camioneta keyword
2026-05,LightVehicles,leve,TOYOTA,TUNDRA,HEV,1,Aduana PY datos abiertos,8704 + pickup/camioneta keyword
2026-05,LightVehicles,pesado,CHEVROLET,P30,ICE,1,Aduana PY datos abiertos,NCM 8704.32 typically GVW>5t
2026-05,LightVehicles,pesado,IVECO,(sin modelo),ICE,1,Aduana PY datos abiertos,NCM 8704.22 typically GVW>5t
2026-05,LightVehicles,pesado,IVECO,TECTOR 17 280,ICE,1,Aduana PY datos abiertos,NCM 8704.22 typically GVW>5t
2026-05,LightVehicles,pesado,MERCDES BENZ,814,ICE,1,Aduana PY datos abiertos,NCM 8704.22 typically GVW>5t
2026-05,LightVehicles,pesado,MERCEDES-BENZ,1018,ICE,1,Aduana PY datos abiertos,NCM 8704.22 typically GVW>5t
2026-05,LightVehicles,pesado,MERCEDES-BENZ,1114,ICE,1,Aduana PY datos abiertos,NCM 8704.22 typically GVW>5t
2026-05,LightVehicles,pesado,MERCEDES-BENZ,1224,ICE,1,Aduana PY datos abiertos,NCM 8704.22 typically GVW>5t
2026-05,LightVehicles,pesado,MERCEDES-BENZ,1314,ICE,1,Aduana PY datos abiertos,NCM 8704.22 typically GVW>5t
2026-05,LightVehicles,pesado,MERCEDES-BENZ,818,ICE,1,Aduana PY datos abiertos,NCM 8704.22 typically GVW>5t
2026-05,LightVehicles,pesado,MERCEDES-BENZ,VARIO 815D,ICE,1,Aduana PY datos abiertos,NCM 8704.22 typically GVW>5t
2026-05,LightVehicles,pesado,NISSAN,ATLEON,ICE,1,Aduana PY datos abiertos,NCM 8704.22 typically GVW>5t
2026-05,LightVehicles,pesado,SCANIA,114,ICE,1,Aduana PY datos abiertos,NCM 8704.22 typically GVW>5t
2026-05,LightVehicles,pesado,SCANIA,124 420,ICE,1,Aduana PY datos abiertos,NCM 8704.22 typically GVW>5t
2026-05,LightVehicles,pesado,SCANIA,133-380,ICE,1,Aduana PY datos abiertos,NCM 8704.22 typically GVW>5t
2026-05,LightVehicles,pesado,SCANIA,P380 KIPPER 8X4,ICE,1,Aduana PY datos abiertos,NCM 8704.23 typically GVW>5t
2026-05,LightVehicles,pesado,SCANIA,P93H,ICE,1,Aduana PY datos abiertos,NCM 8704.22 typically GVW>5t
2026-05,LightVehicles,recreativo,SIN MARCA,(sin modelo),ICE,1,Aduana PY datos abiertos,keyword ATV/UTV/carrito golf/snow
2026-06,LightVehicles,leve,TOYOTA,VITZ,ICE,8114,Aduana PY datos abiertos,NCM 8703 automóvil/turismo (default leve)
2026-06,LightVehicles,leve,KIA,SPORTAGE,ICE,4298,Aduana PY datos abiertos,NCM 8703 automóvil/turismo (default leve)
2026-06,LightVehicles,leve,TOYOTA,RACTIS,ICE,3812,Aduana PY datos abiertos,NCM 8703 automóvil/turismo (default leve)
2026-06,LightVehicles,leve,TOYOTA,AURIS,ICE,2276,Aduana PY datos abiertos,NCM 8703 automóvil/turismo (default leve)
2026-06,LightVehicles,leve,TOYOTA,(sin modelo),ICE,1713,Aduana PY datos abiertos,NCM 8703 automóvil/turismo (default leve)
2026-06,LightVehicles,leve,TOYOTA,ALLION,ICE,1702,Aduana PY datos abiertos,NCM 8703 automóvil/turismo (default leve)
2026-06,LightVehicles,leve,TOYOTA,VOXY,ICE,1526,Aduana PY datos abiertos,passenger van/minibus (Hiace/Staria/…) counts as leve
2026-06,LightVehicles,leve,TOYOTA,PREMIO,ICE,1475,Aduana PY datos abiertos,NCM 8703 automóvil/turismo (default leve)
2026-06,LightVehicles,leve,TOYOTA,SIENTA,ICE,1262,Aduana PY datos abiertos,NCM 8703 automóvil/turismo (default leve)
2026-06,LightVehicles,leve,TOYOTA,WISH,ICE,1233,Aduana PY datos abiertos,NCM 8703 automóvil/turismo (default leve)
2026-06,LightVehicles,leve,TOYOTA,NOAH,ICE,890,Aduana PY datos abiertos,passenger van/minibus (Hiace/Staria/…) counts as leve
2026-06,LightVehicles,leve,TOYOTA,IST,ICE,854,Aduana PY datos abiertos,NCM 8703 automóvil/turismo (default leve)
2026-06,LightVehicles,leve,HYUNDAI,SANTA FE,ICE,721,Aduana PY datos abiertos,NCM 8703 automóvil/turismo (default leve)
2026-06,LightVehicles,leve,HYUNDAI,TUCSON,ICE,714,Aduana PY datos abiertos,NCM 8703 automóvil/turismo (default leve)
2026-06,LightVehicles,leve,MITSUBISHI,CANTER,ICE,575,Aduana PY datos abiertos,NCM 8704.21 GVW≤5t pickup/camioneta
2026-06,LightVehicles,leve,TOYOTA,COROLLA,ICE,456,Aduana PY datos abiertos,NCM 8703 automóvil/turismo (default leve)
2026-06,LightVehicles,leve,CHEVROLET,(sin modelo),ICE,343,Aduana PY datos abiertos,NCM 8703 automóvil/turismo (default leve)
2026-06,LightVehicles,leve,TOYOTA,HILUX,ICE,323,Aduana PY datos abiertos,NCM 8704.21 GVW≤5t pickup/camioneta
2026-06,LightVehicles,leve,TOYOTA,FUNCARGO,ICE,318,Aduana PY datos abiertos,NCM 8703 automóvil/turismo (default leve)
2026-06,LightVehicles,leve,HYUNDAI,(sin modelo),ICE,301,Aduana PY datos abiertos,NCM 8703 automóvil/turismo (default leve)
2026-06,LightVehicles,leve,MITSUBISHI,(sin modelo),ICE,293,Aduana PY datos abiertos,NCM 8704.21 GVW≤5t pickup/camioneta
2026-06,LightVehicles,leve,KIA,K5,ICE,245,Aduana PY datos abiertos,NCM 8703 automóvil/turismo (default leve)
2026-06,LightVehicles,leve,NISSAN,ATLAS,ICE,239,Aduana PY datos abiertos,NCM 8704.21 GVW≤5t pickup/camioneta
2026-06,LightVehicles,leve,TOYOTA,COROLLA AXIO,ICE,210,Aduana PY datos abiertos,NCM 8703 automóvil/turismo (default leve)
2026-06,LightVehicles,leve,TOYOTA,RUSH,ICE,189,Aduana PY datos abiertos,NCM 8703 automóvil/turismo (default leve)
2026-06,LightVehicles,leve,TOYOTA,CROWN ATHLETE,ICE,182,Aduana PY datos abiertos,NCM 8703 automóvil/turismo (default leve)
2026-06,LightVehicles,leve,KIA,(sin modelo),ICE,168,Aduana PY datos abiertos,NCM 8703 automóvil/turismo (default leve)
2026-06,LightVehicles,leve,KIA,SORENTO,ICE,161,Aduana PY datos abiertos,NCM 8703 automóvil/turismo (default leve)
2026-06,LightVehicles,leve,NISSAN,(sin modelo),ICE,161,Aduana PY datos abiertos,NCM 8704.21 GVW≤5t pickup/camioneta
2026-06,LightVehicles,leve,SUBARU,IMPREZA,ICE,149,Aduana PY datos abiertos,NCM 8703 automóvil/turismo (default leve)
2026-06,LightVehicles,leve,MITSUBISHI,CANTER GUTS,ICE,147,Aduana PY datos abiertos,NCM 8704.21 GVW≤5t pickup/camioneta
2026-06,LightVehicles,leve,KIA,SOLUTO,ICE,137,Aduana PY datos abiertos,NCM 8703 automóvil/turismo (default leve)
2026-06,LightVehicles,leve,KIA,SPORTAGE,HEV,137,Aduana PY datos abiertos,NCM 8703 automóvil/turismo (default leve)
2026-06,LightVehicles,leve,KIA,SONET,ICE,124,Aduana PY datos abiertos,NCM 8703 automóvil/turismo (default leve)
2026-06,LightVehicles,pesado,MERCEDES-BENZ,(sin modelo),ICE,120,Aduana PY datos abiertos,NCM 8704.22 typically GVW>5t
2026-06,LightVehicles,leve,TOYOTA,ALLEX,ICE,113,Aduana PY datos abiertos,NCM 8703 automóvil/turismo (default leve)
2026-06,LightVehicles,leve,TOYOTA,BELTA,ICE,112,Aduana PY datos abiertos,NCM 8703 automóvil/turismo (default leve)
2026-06,LightVehicles,leve,FIAT,FIORINO ENDURANCE 1,ICE,111,Aduana PY datos abiertos,NCM 8704.31 GVW≤5t pickup/camioneta
2026-06,LightVehicles,leve,SUZUKI,(sin modelo),ICE,106,Aduana PY datos abiertos,NCM 8703 automóvil/turismo (default leve)
2026-06,LightVehicles,leve,SUBARU,(sin modelo),ICE,105,Aduana PY datos abiertos,NCM 8703 automóvil/turismo (default leve)
2026-06,LightVehicles,leve,MAZDA,(sin modelo),ICE,98,Aduana PY datos abiertos,NCM 8703 automóvil/turismo (default leve)
2026-06,LightVehicles,leve,TOYOTA,COROLLA CROSS,HEV,97,Aduana PY datos abiertos,NCM 8703 automóvil/turismo (default leve)
2026-06,LightVehicles,leve,TOYOTA,COROLLA,HEV,95,Aduana PY datos abiertos,NCM 8703 automóvil/turismo (default leve)
2026-06,LightVehicles,leve,ISUZU,ELO,ICE,91,Aduana PY datos abiertos,NCM 8704.21 GVW≤5t pickup/camioneta
2026-06,LightVehicles,leve,FIAT,PULSE DRIVE 1,ICE,88,Aduana PY datos abiertos,NCM 8703 automóvil/turismo (default leve)
2026-06,LightVehicles,leve,HYUNDAI,PORTER II,ICE,84,Aduana PY datos abiertos,NCM 8704.21 GVW≤5t pickup/camioneta
2026-06,LightVehicles,leve,HYUNDAI,NEW HB20 HATCH 1,ICE,75,Aduana PY datos abiertos,NCM 8703 automóvil/turismo (default leve)
2026-06,LightVehicles,leve,KIA,K3,ICE,74,Aduana PY datos abiertos,NCM 8703 automóvil/turismo (default leve)
2026-06,LightVehicles,leve,BMW,320D,ICE,71,Aduana PY datos abiertos,NCM 8703 automóvil/turismo (default leve)
2026-06,LightVehicles,leve,KIA,CARENS,ICE,71,Aduana PY datos abiertos,NCM 8703 automóvil/turismo (default leve)
2026-06,LightVehicles,leve,GEELY,COOLRAY FL,ICE,70,Aduana PY datos abiertos,NCM 8703 automóvil/turismo (default leve)
2026-06,LightVehicles,leve,SUBARU,TREZIA,ICE,70,Aduana PY datos abiertos,NCM 8703 automóvil/turismo (default leve)
2026-06,LightVehicles,leve,TOYOTA,AQUA,HEV,70,Aduana PY datos abiertos,NCM 8703 automóvil/turismo (default leve)
2026-06,LightVehicles,leve,TOYOTA,MARK X,ICE,70,Aduana PY datos abiertos,NCM 8703 automóvil/turismo (default leve)
2026-06,LightVehicles,leve,FIAT,ARGO DRIVE 1,ICE,69,Aduana PY datos abiertos,NCM 8703 automóvil/turismo (default leve)
2026-06,LightVehicles,leve,NISSAN,KAIT ADVANCE PLUS CVT - FLEX,ICE,69,Aduana PY datos abiertos,NCM 8703 automóvil/turismo (default leve)
2026-06,LightVehicles,leve,MG,ZS MT STD,ICE,66,Aduana PY datos abiertos,NCM 8703 automóvil/turismo (default leve)
2026-06,LightVehicles,pesado,MERCEDES-BENZ,ATEGO,ICE,65,Aduana PY datos abiertos,NCM 8704.22 typically GVW>5t
2026-06,LightVehicles,leve,BMW,(sin modelo),ICE,63,Aduana PY datos abiertos,NCM 8703 automóvil/turismo (default leve)
2026-06,LightVehicles,leve,HYUNDAI,ACCENT,ICE,63,Aduana PY datos abiertos,NCM 8703 automóvil/turismo (default leve)
2026-06,LightVehicles,leve,FIAT,STRADA FREEDOM D/C 1,ICE,60,Aduana PY datos abiertos,NCM 8704.31 GVW≤5t pickup/camioneta
2026-06,LightVehicles,leve,HYUNDAI,NEW GRAND I10,ICE,60,Aduana PY datos abiertos,NCM 8703 automóvil/turismo (default leve)
2026-06,LightVehicles,leve,TOYOTA,RAV4,HEV,59,Aduana PY datos abiertos,NCM 8703 automóvil/turismo (default leve)
2026-06,LightVehicles,leve,FIAT,FASTBACK AUDACE MILD,ICE,58,Aduana PY datos abiertos,NCM 8703 automóvil/turismo (default leve)
2026-06,LightVehicles,leve,GEELY,EMGRAND GX3 PRO,ICE,58,Aduana PY datos abiertos,NCM 8703 automóvil/turismo (default leve)
2026-06,LightVehicles,leve,KIA,SORENTO,HEV,58,Aduana PY datos abiertos,NCM 8703 automóvil/turismo (default leve)
2026-06,LightVehicles,leve,TOYOTA,LAND CRUISER PRADO,ICE,57,Aduana PY datos abiertos,NCM 8703 automóvil/turismo (default leve)
2026-06,LightVehicles,leve,HYUNDAI,AVANTE,ICE,56,Aduana PY datos abiertos,NCM 8703 automóvil/turismo (default leve)
2026-06,LightVehicles,leve,HYUNDAI,NEW CRETA COMFORT NAFTERO 15CC AT,ICE,56,Aduana PY datos abiertos,NCM 8703 automóvil/turismo (default leve)
2026-06,LightVehicles,leve,NISSAN,FAIRLADY Z,ICE,56,Aduana PY datos abiertos,NCM 8703 automóvil/turismo (default leve)
2026-06,LightVehicles,leve,TOYOTA,CROLLA CROSS,HEV,56,Aduana PY datos abiertos,NCM 8703 automóvil/turismo (default leve)
2026-06,LightVehicles,leve,FIAT,STRADA VOLCANO D/C 1,ICE,55,Aduana PY datos abiertos,NCM 8704.31 GVW≤5t pickup/camioneta
2026-06,LightVehicles,leve,JETOUR,(sin modelo),ICE,55,Aduana PY datos abiertos,NCM 8703 automóvil/turismo (default leve)
2026-06,LightVehicles,leve,NISSAN,NEW KICKS 220T ADVANCE PLUS 6 DCT - FLEX FLEX,ICE,54,Aduana PY datos abiertos,NCM 8703 automóvil/turismo (default leve)
2026-06,LightVehicles,leve,TOYOTA,AGYA AUT,ICE,50,Aduana PY datos abiertos,NCM 8703 automóvil/turismo (default leve)
2026-06,LightVehicles,leve,TOYOTA,FORTUNER,ICE,50,Aduana PY datos abiertos,NCM 8703 automóvil/turismo (default leve)
2026-06,LightVehicles,pesado,SCANIA,(sin modelo),ICE,50,Aduana PY datos abiertos,NCM 8704.22 typically GVW>5t
2026-06,LightVehicles,leve,KIA,MORNING,ICE,49,Aduana PY datos abiertos,NCM 8703 automóvil/turismo (default leve)
2026-06,LightVehicles,leve,MERCEDES-BENZ,(sin modelo),ICE,49,Aduana PY datos abiertos,NCM 8703 automóvil/turismo (default leve)
2026-06,LightVehicles,leve,MITSUBISHI,CANTER FUSO,ICE,49,Aduana PY datos abiertos,NCM 8704.21 GVW≤5t pickup/camioneta
2026-06,LightVehicles,leve,TOYOTA,GRAND HIACE,ICE,49,Aduana PY datos abiertos,passenger van/minibus (Hiace/Staria/…) counts as leve
2026-06,LightVehicles,leve,TOYOTA,PASSO,ICE,49,Aduana PY datos abiertos,NCM 8703 automóvil/turismo (default leve)
2026-06,LightVehicles,leve,TOYOTA,TOWNACE,ICE,49,Aduana PY datos abiertos,NCM 8703 automóvil/turismo (default leve)
2026-06,LightVehicles,leve,VOLKSWAGEN,(sin modelo),ICE,49,Aduana PY datos abiertos,NCM 8703 automóvil/turismo (default leve)
2026-06,LightVehicles,leve,VOLKSWAGEN,TERA 1,ICE,48,Aduana PY datos abiertos,NCM 8703 automóvil/turismo (default leve)
2026-06,LightVehicles,leve,HYUNDAI,NEW HB20S 1,ICE,45,Aduana PY datos abiertos,NCM 8703 automóvil/turismo (default leve)
2026-06,LightVehicles,leve,TOYOTA,4RUNNER,HEV,44,Aduana PY datos abiertos,NCM 8703 automóvil/turismo (default leve)
2026-06,LightVehicles,leve,TOYOTA,LAND CRUISER,ICE,44,Aduana PY datos abiertos,NCM 8703 automóvil/turismo (default leve)
2026-06,LightVehicles,leve,VOLKSWAGEN,POLO TRACK 1,ICE,44,Aduana PY datos abiertos,NCM 8703 automóvil/turismo (default leve)
2026-06,LightVehicles,leve,CHEVROLET,S10 WT,ICE,42,Aduana PY datos abiertos,NCM 8704.21 GVW≤5t pickup/camioneta
2026-06,LightVehicles,leve,HYUNDAI,GRAND STAREX,ICE,42,Aduana PY datos abiertos,NCM 8703 automóvil/turismo (default leve)
2026-06,LightVehicles,leve,JEEP,COMPASS SPORT 1,ICE,42,Aduana PY datos abiertos,NCM 8703 automóvil/turismo (default leve)
2026-06,LightVehicles,leve,KIA,CARNIVAL,ICE,42,Aduana PY datos abiertos,passenger van/minibus (Hiace/Staria/…) counts as leve
2026-06,LightVehicles,leve,MERCEDES-BENZ,C250,ICE,42,Aduana PY datos abiertos,NCM 8703 automóvil/turismo (default leve)
2026-06,LightVehicles,leve,SUZUKI,SWIFT,ICE,42,Aduana PY datos abiertos,NCM 8703 automóvil/turismo (default leve)
2026-06,LightVehicles,leve,TOYOTA,CROWN,ICE,42,Aduana PY datos abiertos,NCM 8703 automóvil/turismo (default leve)
2026-06,LightVehicles,leve,TOYOTA,CROWN ROYAL SALOON,ICE,42,Aduana PY datos abiertos,NCM 8703 automóvil/turismo (default leve)
2026-06,LightVehicles,leve,TOYOTA,HIACE,ICE,42,Aduana PY datos abiertos,passenger van/minibus (Hiace/Staria/…) counts as leve
2026-06,LightVehicles,leve,TOYOTA,VIOS,ICE,42,Aduana PY datos abiertos,NCM 8703 automóvil/turismo (default leve)
2026-06,LightVehicles,leve,HYUNDAI,NEW CRETA COMFORT NAFTERO 1,ICE,40,Aduana PY datos abiertos,NCM 8703 automóvil/turismo (default leve)
2026-06,LightVehicles,leve,MOTOMAX,(sin modelo),ICE,40,Aduana PY datos abiertos,NCM 8703 automóvil/turismo (default leve)
2026-06,LightVehicles,leve,ISUZU,ELF,ICE,37,Aduana PY datos abiertos,NCM 8704.21 GVW≤5t pickup/camioneta
2026-06,LightVehicles,pesado,MERCEDES-BENZ,ATEGO 815,ICE,37,Aduana PY datos abiertos,NCM 8704.22 typically GVW>5t
2026-06,LightVehicles,leve,TOYOTA,YARIS CROSS,HEV,36,Aduana PY datos abiertos,NCM 8703 automóvil/turismo (default leve)
2026-06,LightVehicles,leve,VOLKSWAGEN,T-CROSS 1,ICE,36,Aduana PY datos abiertos,NCM 8703 automóvil/turismo (default leve)
2026-06,LightVehicles,leve,DODGE,CHALLENGER,ICE,35,Aduana PY datos abiertos,NCM 8703 automóvil/turismo (default leve)
2026-06,LightVehicles,leve,MITSUBISHI,PAJERO,ICE,35,Aduana PY datos abiertos,NCM 8703 automóvil/turismo (default leve)
2026-06,LightVehicles,leve,TOYOTA,IQ,ICE,35,Aduana PY datos abiertos,NCM 8703 automóvil/turismo (default leve)
2026-06,LightVehicles,leve,TOYOTA,RAIZE AUT,ICE,35,Aduana PY datos abiertos,NCM 8703 automóvil/turismo (default leve)
2026-06,LightVehicles,leve,TOYOTA,REGIUS,ICE,35,Aduana PY datos abiertos,NCM 8703 automóvil/turismo (default leve)
2026-06,LightVehicles,leve,GEELY,COOLRAY LITE NAFT,ICE,34,Aduana PY datos abiertos,NCM 8703 automóvil/turismo (default leve)
2026-06,LightVehicles,leve,FIAT,PULSE AUDACE MILD,ICE,33,Aduana PY datos abiertos,NCM 8703 automóvil/turismo (default leve)
2026-06,LightVehicles,leve,LYNK CO,06,PHEV,33,Aduana PY datos abiertos,NCM 8703 automóvil/turismo (default leve)
2026-06,LightVehicles,leve,MG,ZS LUX,HEV,30,Aduana PY datos abiertos,NCM 8703 automóvil/turismo (default leve)
2026-06,LightVehicles,leve,TOYOTA,RUSH AUT,ICE,30,Aduana PY datos abiertos,NCM 8703 automóvil/turismo (default leve)
2026-06,LightVehicles,leve,TOYOTA,YARIS CROSS,ICE,30,Aduana PY datos abiertos,NCM 8703 automóvil/turismo (default leve)
2026-06,LightVehicles,leve,BMW,X6,ICE,28,Aduana PY datos abiertos,NCM 8703 automóvil/turismo (default leve)
2026-06,LightVehicles,leve,FIAT,STRADA ENDURANCE C/P 1,ICE,28,Aduana PY datos abiertos,NCM 8704.31 GVW≤5t pickup/camioneta
2026-06,LightVehicles,leve,MERCEDES-BENZ,C220 CDI,ICE,28,Aduana PY datos abiertos,NCM 8703 automóvil/turismo (default leve)
2026-06,LightVehicles,leve,MERCEDES-BENZ,E220 CDI,ICE,28,Aduana PY datos abiertos,NCM 8703 automóvil/turismo (default leve)
2026-06,LightVehicles,leve,NISSAN,NOTE,ICE,28,Aduana PY datos abiertos,NCM 8703 automóvil/turismo (default leve)
2026-06,LightVehicles,leve,TOYOTA,BLADE,ICE,28,Aduana PY datos abiertos,NCM 8703 automóvil/turismo (default leve)
2026-06,LightVehicles,leve,TOYOTA,GRANVIA,ICE,28,Aduana PY datos abiertos,NCM 8703 automóvil/turismo (default leve)
2026-06,LightVehicles,leve,TOYOTA,PLATZ,ICE,28,Aduana PY datos abiertos,NCM 8703 automóvil/turismo (default leve)
2026-06,LightVehicles,leve,FIAT,STRADA ULTRA D/C 1,ICE,27,Aduana PY datos abiertos,NCM 8704.31 GVW≤5t pickup/camioneta
2026-06,LightVehicles,leve,MITSUBISHI FUSO,2027,ICE,27,Aduana PY datos abiertos,NCM 8704.21 GVW≤5t pickup/camioneta
2026-06,LightVehicles,leve,GEELY,COOLRAY LITE,ICE,26,Aduana PY datos abiertos,NCM 8703 automóvil/turismo (default leve)
2026-06,LightVehicles,leve,CHEVROLET,SPARK EUV,BEV,24,Aduana PY datos abiertos,NCM 8703 automóvil/turismo (default leve)
2026-06,LightVehicles,leve,HONDA,(sin modelo),ICE,24,Aduana PY datos abiertos,NCM 8703 automóvil/turismo (default leve)
2026-06,LightVehicles,leve,HYUNDAI,NEW CRETA PLATINUM NAFTERO 1,ICE,24,Aduana PY datos abiertos,NCM 8703 automóvil/turismo (default leve)
2026-06,LightVehicles,leve,VOLKSWAGEN,SAVEIRO ROBUST SC 1,ICE,24,Aduana PY datos abiertos,NCM 8704.31 GVW≤5t pickup/camioneta
2026-06,LightVehicles,pesado,HYUNDAI,EX6,ICE,23,Aduana PY datos abiertos,NCM 8704.22 typically GVW>5t
2026-06,LightVehicles,leve,BMW,320I,ICE,21,Aduana PY datos abiertos,NCM 8703 automóvil/turismo (default leve)
2026-06,LightVehicles,leve,BYD,(sin modelo),BEV,21,Aduana PY datos abiertos,NCM 8703 automóvil/turismo (default leve)
2026-06,LightVehicles,leve,CADILLAC,ESCALADE,ICE,21,Aduana PY datos abiertos,NCM 8703 automóvil/turismo (default leve)
2026-06,LightVehicles,leve,DODGE,(sin modelo),ICE,21,Aduana PY datos abiertos,NCM 8703 automóvil/turismo (default leve)
2026-06,LightVehicles,leve,MAZDA,DEMIO,ICE,21,Aduana PY datos abiertos,NCM 8703 automóvil/turismo (default leve)
2026-06,LightVehicles,leve,MERCEDES-BENZ,C300,ICE,21,Aduana PY datos abiertos,NCM 8703 automóvil/turismo (default leve)
2026-06,LightVehicles,leve,MERCEDES-BENZ,GLC300,ICE,21,Aduana PY datos abiertos,NCM 8703 automóvil/turismo (default leve)
2026-06,LightVehicles,leve,MITSUBISHI,DELICA,ICE,21,Aduana PY datos abiertos,NCM 8703 automóvil/turismo (default leve)
2026-06,LightVehicles,leve,MITSUBISHI,FUSO CANTER GUTS,ICE,21,Aduana PY datos abiertos,NCM 8704.21 GVW≤5t pickup/camioneta
2026-06,LightVehicles,leve,MITSUBISHI,LANCER,ICE,21,Aduana PY datos abiertos,NCM 8703 automóvil/turismo (default leve)
2026-06,LightVehicles,leve,NISSAN,DATSUN,ICE,21,Aduana PY datos abiertos,NCM 8704.21 GVW≤5t pickup/camioneta
2026-06,LightVehicles,leve,NISSAN,TIIDA,ICE,21,Aduana PY datos abiertos,NCM 8703 automóvil/turismo (default leve)
2026-06,LightVehicles,leve,PORSCHE,911,ICE,21,Aduana PY datos abiertos,NCM 8703 automóvil/turismo (default leve)
2026-06,LightVehicles,leve,RAM,(sin modelo),ICE,21,Aduana PY datos abiertos,NCM 8704.21 GVW≤5t pickup/camioneta
2026-06,LightVehicles,leve,TOYOTA,ALLION NAFTERO,ICE,21,Aduana PY datos abiertos,NCM 8703 automóvil/turismo (default leve)
2026-06,LightVehicles,leve,TOYOTA,AURIS,HEV,21,Aduana PY datos abiertos,NCM 8703 automóvil/turismo (default leve)
2026-06,LightVehicles,leve,TOYOTA,GT86,ICE,21,Aduana PY datos abiertos,NCM 8703 automóvil/turismo (default leve)
2026-06,LightVehicles,leve,TOYOTA,ISIS,ICE,21,Aduana PY datos abiertos,NCM 8703 automóvil/turismo (default leve)
2026-06,LightVehicles,leve,TOYOTA,ISIS PLATANA,ICE,21,Aduana PY datos abiertos,NCM 8703 automóvil/turismo (default leve)
2026-06,LightVehicles,leve,TOYOTA,LAND CRUISER PRADO,HEV,21,Aduana PY datos abiertos,NCM 8703 automóvil/turismo (default leve)
2026-06,LightVehicles,leve,TOYOTA,LITEACE,ICE,21,Aduana PY datos abiertos,NCM 8703 automóvil/turismo (default leve)
2026-06,LightVehicles,leve,TOYOTA,PREMIO NAFTERO,ICE,21,Aduana PY datos abiertos,NCM 8703 automóvil/turismo (default leve)
2026-06,LightVehicles,leve,TOYOTA,SIENTA,HEV,21,Aduana PY datos abiertos,NCM 8703 automóvil/turismo (default leve)
2026-06,LightVehicles,pesado,MERCEDES-BENZ,817,ICE,21,Aduana PY datos abiertos,NCM 8704.22 typically GVW>5t
2026-06,LightVehicles,pesado,MERCEDES-BENZ,ATEGO 816,ICE,21,Aduana PY datos abiertos,NCM 8704.22 typically GVW>5t
2026-06,LightVehicles,pesado,SCANIA,R420,ICE,21,Aduana PY datos abiertos,NCM 8704.22 typically GVW>5t
2026-06,LightVehicles,leve,GAC,GS4 MAX GL 1,ICE,20,Aduana PY datos abiertos,NCM 8703 automóvil/turismo (default leve)
2026-06,LightVehicles,leve,RAM,1500 REBEL CREW CAB,ICE,20,Aduana PY datos abiertos,NCM 8704.31 GVW≤5t pickup/camioneta
2026-06,LightVehicles,leve,FORD,EVEREST 2,ICE,19,Aduana PY datos abiertos,NCM 8703 automóvil/turismo (default leve)
2026-06,LightVehicles,leve,FORD,RANGER RAPTOR DC 3,ICE,19,Aduana PY datos abiertos,NCM 8704.31 GVW≤5t pickup/camioneta
2026-06,LightVehicles,leve,MG,ZS STD PLUS,ICE,19,Aduana PY datos abiertos,NCM 8703 automóvil/turismo (default leve)
2026-06,LightVehicles,leve,VOLKSWAGEN,NIVUS 1,ICE,19,Aduana PY datos abiertos,NCM 8703 automóvil/turismo (default leve)
2026-06,LightVehicles,leve,KGM,TIVOLI,ICE,18,Aduana PY datos abiertos,NCM 8703 automóvil/turismo (default leve)
2026-06,LightVehicles,leve,MG,ONE TROPHY,ICE,18,Aduana PY datos abiertos,NCM 8703 automóvil/turismo (default leve)
2026-06,LightVehicles,leve,FIAT,FASTBACK IMPETUS MILD,ICE,16,Aduana PY datos abiertos,NCM 8703 automóvil/turismo (default leve)
2026-06,LightVehicles,leve,KIA,K2700,ICE,16,Aduana PY datos abiertos,NCM 8704.21 GVW≤5t pickup/camioneta
2026-06,LightVehicles,leve,RAM,RAMPAGE LARAMIE 2,ICE,16,Aduana PY datos abiertos,NCM 8704.21 GVW≤5t pickup/camioneta
2026-06,LightVehicles,leve,VOLKSWAGEN,POLO HIGHLINE 1,ICE,16,Aduana PY datos abiertos,NCM 8703 automóvil/turismo (default leve)
2026-06,LightVehicles,pesado,SCANIA,P270,ICE,16,Aduana PY datos abiertos,NCM 8704.22 typically GVW>5t
2026-06,LightVehicles,leve,CHERY,T8 PRO 1,ICE,15,Aduana PY datos abiertos,NCM 8703 automóvil/turismo (default leve)
2026-06,LightVehicles,leve,FORD,RANGER 2,ICE,15,Aduana PY datos abiertos,NCM 8704.21 GVW≤5t pickup/camioneta
2026-06,LightVehicles,leve,HYUNDAI,NEW HB20 HATCH 16 NAFT AUTCON SUS ACCESORIOS CORRESPONDIENTE,ICE,15,Aduana PY datos abiertos,NCM 8703 automóvil/turismo (default leve)
2026-06,LightVehicles,leve,HYUNDAI,NEW HB20S 16 NAFT ATCON SUS ACCESORIOS CORRESPONDIENTES,ICE,15,Aduana PY datos abiertos,NCM 8703 automóvil/turismo (default leve)
2026-06,LightVehicles,leve,MERCEDES-BENZ,GLE350,ICE,15,Aduana PY datos abiertos,NCM 8703 automóvil/turismo (default leve)
2026-06,LightVehicles,leve,NISSAN,NEW KICKS 220T EXCLUSIVE 6 DCT - FLEX FLEX,ICE,15,Aduana PY datos abiertos,NCM 8703 automóvil/turismo (default leve)
2026-06,LightVehicles,leve,TOYOTA,LAND CRUISER,HEV,15,Aduana PY datos abiertos,NCM 8703 automóvil/turismo (default leve)
2026-06,LightVehicles,pesado,ISUZU,QMR77L-HH5AYN,ICE,15,Aduana PY datos abiertos,NCM 8704.22 typically GVW>5t
2026-06,LightVehicles,pesado,MERCEDES-BENZ,1217,ICE,15,Aduana PY datos abiertos,NCM 8704.22 typically GVW>5t
2026-06,LightVehicles,pesado,SCANIA,P380,ICE,15,Aduana PY datos abiertos,NCM 8704.22 typically GVW>5t
2026-06,LightVehicles,recreativo,VENTURA,(sin modelo),ICE,15,Aduana PY datos abiertos,keyword ATV/UTV/carrito golf/snow
2026-06,LightVehicles,leve,AUDI,Q7,ICE,14,Aduana PY datos abiertos,NCM 8703 automóvil/turismo (default leve)
2026-06,LightVehicles,leve,BAIC,BJ30E,OTHERS,14,Aduana PY datos abiertos,NCM 8703 automóvil/turismo (default leve)
2026-06,LightVehicles,leve,BMW,X4,ICE,14,Aduana PY datos abiertos,NCM 8703 automóvil/turismo (default leve)
2026-06,LightVehicles,leve,BMW,X5,ICE,14,Aduana PY datos abiertos,NCM 8703 automóvil/turismo (default leve)
2026-06,LightVehicles,leve,CHEVROLET,CAMARO,ICE,14,Aduana PY datos abiertos,NCM 8703 automóvil/turismo (default leve)
2026-06,LightVehicles,leve,DAIHATSU,(sin modelo),ICE,14,Aduana PY datos abiertos,NCM 8703 automóvil/turismo (default leve)
2026-06,LightVehicles,leve,DAIHATSU,MOVE,ICE,14,Aduana PY datos abiertos,NCM 8703 automóvil/turismo (default leve)
2026-06,LightVehicles,leve,DODGE,CHALLENGER A/O,ICE,14,Aduana PY datos abiertos,NCM 8703 automóvil/turismo (default leve)
2026-06,LightVehicles,leve,FORD,(sin modelo),ICE,14,Aduana PY datos abiertos,NCM 8703 automóvil/turismo (default leve)
2026-06,LightVehicles,leve,FORD,MUSTANG,ICE,14,Aduana PY datos abiertos,NCM 8703 automóvil/turismo (default leve)
2026-06,LightVehicles,leve,FORD,RANGER 3,ICE,14,Aduana PY datos abiertos,NCM 8704.21 GVW≤5t pickup/camioneta
2026-06,LightVehicles,leve,HONDA,S2000,ICE,14,Aduana PY datos abiertos,NCM 8703 automóvil/turismo (default leve)
2026-06,LightVehicles,leve,HYUNDAI,I30,ICE,14,Aduana PY datos abiertos,NCM 8703 automóvil/turismo (default leve)
2026-06,LightVehicles,leve,HYUNDAI,I40,ICE,14,Aduana PY datos abiertos,NCM 8703 automóvil/turismo (default leve)
2026-06,LightVehicles,leve,HYUNDAI,MIGHTY,ICE,14,Aduana PY datos abiertos,NCM 8704.21 GVW≤5t pickup/camioneta
2026-06,LightVehicles,leve,HYUNDAI,PALISADE,ICE,14,Aduana PY datos abiertos,NCM 8703 automóvil/turismo (default leve)
2026-06,LightVehicles,leve,JEEP,(sin modelo),ICE,14,Aduana PY datos abiertos,NCM 8703 automóvil/turismo (default leve)
2026-06,LightVehicles,leve,JEEP,WRANGLER,ICE,14,Aduana PY datos abiertos,NCM 8703 automóvil/turismo (default leve)
2026-06,LightVehicles,leve,KIA,BONGO III,ICE,14,Aduana PY datos abiertos,NCM 8704.21 GVW≤5t pickup/camioneta
2026-06,LightVehicles,leve,KIA,CARNIVAL,HEV,14,Aduana PY datos abiertos,passenger van/minibus (Hiace/Staria/…) counts as leve
2026-06,LightVehicles,leve,MAHINDRA,S6 CON,ICE,14,Aduana PY datos abiertos,NCM 8704.21 GVW≤5t pickup/camioneta
2026-06,LightVehicles,leve,MERCEDES-BENZ,A35,ICE,14,Aduana PY datos abiertos,NCM 8703 automóvil/turismo (default leve)
2026-06,LightVehicles,leve,MERCEDES-BENZ,ATEGO,ICE,14,Aduana PY datos abiertos,NCM 8704.21 GVW≤5t pickup/camioneta
2026-06,LightVehicles,leve,MERCEDES-BENZ,ATEGO 815,ICE,14,Aduana PY datos abiertos,NCM 8704.21 GVW≤5t pickup/camioneta
2026-06,LightVehicles,leve,MERCEDES-BENZ,C 43,ICE,14,Aduana PY datos abiertos,NCM 8703 automóvil/turismo (default leve)
2026-06,LightVehicles,leve,MINI,COOPER S,ICE,14,Aduana PY datos abiertos,NCM 8703 automóvil/turismo (default leve)
2026-06,LightVehicles,leve,MITSUBISHI,CANTER T,ICE,14,Aduana PY datos abiertos,NCM 8704.21 GVW≤5t pickup/camioneta
2026-06,LightVehicles,leve,NISSAN,350Z,ICE,14,Aduana PY datos abiertos,NCM 8703 automóvil/turismo (default leve)
2026-06,LightVehicles,leve,NISSAN,ATLAS 150,ICE,14,Aduana PY datos abiertos,NCM 8704.21 GVW≤5t pickup/camioneta
2026-06,LightVehicles,leve,NISSAN,CABSTAR,ICE,14,Aduana PY datos abiertos,NCM 8704.21 GVW≤5t pickup/camioneta
2026-06,LightVehicles,leve,NISSAN,SKYLINE,ICE,14,Aduana PY datos abiertos,NCM 8703 automóvil/turismo (default leve)
2026-06,LightVehicles,leve,NISSAN,VANETTE,ICE,14,Aduana PY datos abiertos,NCM 8703 automóvil/turismo (default leve)
2026-06,LightVehicles,leve,NISSAN,X-TRAIL,ICE,14,Aduana PY datos abiertos,NCM 8703 automóvil/turismo (default leve)
2026-06,LightVehicles,leve,SCANIA,P94-230,ICE,14,Aduana PY datos abiertos,NCM 8704.21 GVW≤5t pickup/camioneta
2026-06,LightVehicles,leve,SUBARU,WRX,ICE,14,Aduana PY datos abiertos,NCM 8703 automóvil/turismo (default leve)
2026-06,LightVehicles,leve,SUBARU,WRX S4,ICE,14,Aduana PY datos abiertos,NCM 8703 automóvil/turismo (default leve)
2026-06,LightVehicles,leve,SUBARU,XV,ICE,14,Aduana PY datos abiertos,NCM 8703 automóvil/turismo (default leve)
2026-06,LightVehicles,leve,TOYOTA,AVENSIS,ICE,14,Aduana PY datos abiertos,NCM 8703 automóvil/turismo (default leve)
2026-06,LightVehicles,leve,TOYOTA,COROLLA FIELDER,ICE,14,Aduana PY datos abiertos,NCM 8703 automóvil/turismo (default leve)
2026-06,LightVehicles,leve,TOYOTA,CROWN,HEV,14,Aduana PY datos abiertos,NCM 8703 automóvil/turismo (default leve)
2026-06,LightVehicles,leve,TOYOTA,HIACE GRAND CABIN,ICE,14,Aduana PY datos abiertos,passenger van/minibus (Hiace/Staria/…) counts as leve
2026-06,LightVehicles,leve,TOYOTA,HIACE REGIUS,ICE,14,Aduana PY datos abiertos,passenger van/minibus (Hiace/Staria/…) counts as leve
2026-06,LightVehicles,leve,TOYOTA,NAOH,ICE,14,Aduana PY datos abiertos,NCM 8703 automóvil/turismo (default leve)
2026-06,LightVehicles,leve,TOYOTA,PRIUS,HEV,14,Aduana PY datos abiertos,NCM 8703 automóvil/turismo (default leve)
2026-06,LightVehicles,leve,TOYOTA,SUPRA,ICE,14,Aduana PY datos abiertos,NCM 8703 automóvil/turismo (default leve)
2026-06,LightVehicles,leve,TOYOTA,TACOMA,ICE,14,Aduana PY datos abiertos,NCM 8704.31 GVW≤5t pickup/camioneta
2026-06,LightVehicles,leve,TOYOTA,TOYOACE,ICE,14,Aduana PY datos abiertos,NCM 8704.21 GVW≤5t pickup/camioneta
2026-06,LightVehicles,leve,VOLKSWAGEN,KARMANN GHIA,ICE,14,Aduana PY datos abiertos,NCM 8703 automóvil/turismo (default leve)
2026-06,LightVehicles,pesado,MERCEDES-BENZ,814,ICE,14,Aduana PY datos abiertos,NCM 8704.22 typically GVW>5t
2026-06,LightVehicles,pesado,SCANIA,P 94,ICE,14,Aduana PY datos abiertos,NCM 8704.22 typically GVW>5t
2026-06,LightVehicles,pesado,SCANIA,P94 - 220,ICE,14,Aduana PY datos abiertos,NCM 8704.22 typically GVW>5t
2026-06,LightVehicles,pesado,SCANIA,R480,ICE,14,Aduana PY datos abiertos,NCM 8704.22 typically GVW>5t
2026-06,LightVehicles,leve,GAC,EMZOOM GS 1,ICE,13,Aduana PY datos abiertos,NCM 8703 automóvil/turismo (default leve)
2026-06,LightVehicles,leve,CHEVROLET,CAPTIVA EV,BEV,12,Aduana PY datos abiertos,NCM 8703 automóvil/turismo (default leve)
2026-06,LightVehicles,leve,CHEVROLET,S10 HIGH COUNTRY,ICE,12,Aduana PY datos abiertos,NCM 8704.21 GVW≤5t pickup/camioneta
2026-06,LightVehicles,leve,GEELY,EX5,PHEV,12,Aduana PY datos abiertos,NCM 8703 automóvil/turismo (default leve)
2026-06,LightVehicles,leve,GREATWALL,(sin modelo),BEV,12,Aduana PY datos abiertos,NCM 8703 automóvil/turismo (default leve)
2026-06,LightVehicles,leve,HYUNDAI,H-100,ICE,12,Aduana PY datos abiertos,NCM 8704.21 GVW≤5t pickup/camioneta
2026-06,LightVehicles,leve,LMT,Q8TI,BEV,12,Aduana PY datos abiertos,NCM 8703 automóvil/turismo (default leve)
2026-06,LightVehicles,leve,NISSAN,KAIT EXCLUSIVE CVT - FLEX,ICE,12,Aduana PY datos abiertos,NCM 8703 automóvil/turismo (default leve)
2026-06,LightVehicles,leve,VOLKSWAGEN,SAVEIRO ROBUST DC 1,ICE,12,Aduana PY datos abiertos,NCM 8704.31 GVW≤5t pickup/camioneta
2026-06,LightVehicles,leve,CHEVROLET,ONIX HB RS 1,ICE,11,Aduana PY datos abiertos,NCM 8703 automóvil/turismo (default leve)
2026-06,LightVehicles,leve,LYNK CO,01,PHEV,11,Aduana PY datos abiertos,NCM 8703 automóvil/turismo (default leve)
2026-06,LightVehicles,leve,NISSAN,QASHQAI ADVANCE,ICE,11,Aduana PY datos abiertos,NCM 8703 automóvil/turismo (default leve)
2026-06,LightVehicles,leve,RENAULT,KOLEOS,HEV,11,Aduana PY datos abiertos,NCM 8703 automóvil/turismo (default leve)
2026-06,LightVehicles,leve,CHEVROLET,ONIX HB LT 1,ICE,10,Aduana PY datos abiertos,NCM 8703 automóvil/turismo (default leve)
2026-06,LightVehicles,leve,DFSK,(sin modelo),ICE,10,Aduana PY datos abiertos,NCM 8704.31 GVW≤5t pickup/camioneta
2026-06,LightVehicles,leve,HYUNDAI,NEW GRAND I10 HATCHBACK,ICE,10,Aduana PY datos abiertos,NCM 8703 automóvil/turismo (default leve)
2026-06,LightVehicles,leve,LEXUS,(sin modelo),HEV,10,Aduana PY datos abiertos,NCM 8703 automóvil/turismo (default leve)
2026-06,LightVehicles,leve,MG,MG3,HEV,10,Aduana PY datos abiertos,NCM 8703 automóvil/turismo (default leve)
2026-06,LightVehicles,leve,TOYOTA,(sin modelo),HEV,10,Aduana PY datos abiertos,NCM 8703 automóvil/turismo (default leve)
2026-06,LightVehicles,pesado,MERCEDES-BENZ,2027,ICE,10,Aduana PY datos abiertos,NCM 8704.22 typically GVW>5t
2026-06,LightVehicles,leve,BMW,X1 SDRIVE18I,ICE,9,Aduana PY datos abiertos,NCM 8703 automóvil/turismo (default leve)
2026-06,LightVehicles,leve,CHANGAN,MD201 CABINA SIMPLE,ICE,9,Aduana PY datos abiertos,NCM 8704.31 GVW≤5t pickup/camioneta
2026-06,LightVehicles,leve,CHERY,(sin modelo),ICE,9,Aduana PY datos abiertos,NCM 8703 automóvil/turismo (default leve)
2026-06,LightVehicles,leve,FIAT,PULSE ABARTH 1,ICE,9,Aduana PY datos abiertos,NCM 8703 automóvil/turismo (default leve)
2026-06,LightVehicles,leve,ISUZU,(sin modelo),ICE,9,Aduana PY datos abiertos,NCM 8704.21 GVW≤5t pickup/camioneta
2026-06,LightVehicles,leve,ISUZU,QLR77L-EE1AYN,ICE,9,Aduana PY datos abiertos,NCM 8704.21 GVW≤5t pickup/camioneta
2026-06,LightVehicles,leve,KIA,K3 CROSS,ICE,9,Aduana PY datos abiertos,NCM 8703 automóvil/turismo (default leve)
2026-06,LightVehicles,leve,MAZDA,CX-90 MILD,ICE,9,Aduana PY datos abiertos,NCM 8703 automóvil/turismo (default leve)
2026-06,LightVehicles,leve,VOLKSWAGEN,SAVEIRO EXTREME DC 1,ICE,9,Aduana PY datos abiertos,NCM 8704.31 GVW≤5t pickup/camioneta
2026-06,LightVehicles,pesado,MITSUBISHI FUSO,2027,ICE,9,Aduana PY datos abiertos,NCM 8704.22 typically GVW>5t
2026-06,LightVehicles,pesado,SCANIA,P114-340,ICE,9,Aduana PY datos abiertos,NCM 8704.22 typically GVW>5t
2026-06,LightVehicles,leve,FORD,F-150,ICE,8,Aduana PY datos abiertos,NCM 8704.31 GVW≤5t pickup/camioneta
2026-06,LightVehicles,leve,GAC,AION Y PLUS HB EV,BEV,8,Aduana PY datos abiertos,NCM 8703 automóvil/turismo (default leve)
2026-06,LightVehicles,leve,MERCEDES-BENZ,SPRINTER,ICE,8,Aduana PY datos abiertos,passenger van/minibus (Hiace/Staria/…) counts as leve
2026-06,LightVehicles,leve,MG,RX9 COM,ICE,8,Aduana PY datos abiertos,NCM 8703 automóvil/turismo (default leve)
2026-06,LightVehicles,leve,NISSAN,X-TRAIL E-POWER,HEV,8,Aduana PY datos abiertos,NCM 8703 automóvil/turismo (default leve)
2026-06,LightVehicles,leve,PORSCHE,MACAN,ICE,8,Aduana PY datos abiertos,NCM 8703 automóvil/turismo (default leve)
2026-06,LightVehicles,leve,TOYOTA,RUNX,ICE,8,Aduana PY datos abiertos,NCM 8703 automóvil/turismo (default leve)
2026-06,LightVehicles,pesado,HYUNDAI,(sin modelo),ICE,8,Aduana PY datos abiertos,NCM 8704.22 typically GVW>5t
2026-06,LightVehicles,pesado,SCANIA,113,ICE,8,Aduana PY datos abiertos,NCM 8704.22 typically GVW>5t
2026-06,LightVehicles,pesado,SCANIA,P124,ICE,8,Aduana PY datos abiertos,NCM 8704.22 typically GVW>5t
2026-06,LightVehicles,pesado,SCANIA,P94,ICE,8,Aduana PY datos abiertos,NCM 8704.22 typically GVW>5t
2026-06,LightVehicles,leve,AUDI,A3,ICE,7,Aduana PY datos abiertos,NCM 8703 automóvil/turismo (default leve)
2026-06,LightVehicles,leve,AUDI,RS3,ICE,7,Aduana PY datos abiertos,NCM 8703 automóvil/turismo (default leve)
2026-06,LightVehicles,leve,AUDI,TT,ICE,7,Aduana PY datos abiertos,NCM 8703 automóvil/turismo (default leve)
2026-06,LightVehicles,leve,BMW,116I,ICE,7,Aduana PY datos abiertos,NCM 8703 automóvil/turismo (default leve)
2026-06,LightVehicles,leve,BMW,325I,ICE,7,Aduana PY datos abiertos,NCM 8703 automóvil/turismo (default leve)
2026-06,LightVehicles,leve,BMW,330E,PHEV,7,Aduana PY datos abiertos,NCM 8703 automóvil/turismo (default leve)
2026-06,LightVehicles,leve,BMW,420D GRAN COUPE,ICE,7,Aduana PY datos abiertos,NCM 8703 automóvil/turismo (default leve)
2026-06,LightVehicles,leve,BMW,525I A/O,ICE,7,Aduana PY datos abiertos,NCM 8703 automóvil/turismo (default leve)
2026-06,LightVehicles,leve,BMW,740IL,ICE,7,Aduana PY datos abiertos,NCM 8703 automóvil/turismo (default leve)
2026-06,LightVehicles,leve,BMW,MINI COOPER,ICE,7,Aduana PY datos abiertos,NCM 8703 automóvil/turismo (default leve)
2026-06,LightVehicles,leve,BMW,MINI COOPER D COUNTRYMAN,ICE,7,Aduana PY datos abiertos,NCM 8703 automóvil/turismo (default leve)
2026-06,LightVehicles,leve,BMW,X3 20DX,ICE,7,Aduana PY datos abiertos,NCM 8703 automóvil/turismo (default leve)
2026-06,LightVehicles,leve,BMW,X4 XDRIVE30I,ICE,7,Aduana PY datos abiertos,NCM 8703 automóvil/turismo (default leve)
2026-06,LightVehicles,leve,CADILLAC,SEVILLE,ICE,7,Aduana PY datos abiertos,NCM 8703 automóvil/turismo (default leve)
2026-06,LightVehicles,leve,CADILLAC,STS,ICE,7,Aduana PY datos abiertos,NCM 8703 automóvil/turismo (default leve)
2026-06,LightVehicles,leve,CHEVROLET,CAPTIVA,ICE,7,Aduana PY datos abiertos,NCM 8703 automóvil/turismo (default leve)
2026-06,LightVehicles,leve,CHEVROLET,CORVETTE,ICE,7,Aduana PY datos abiertos,NCM 8703 automóvil/turismo (default leve)
2026-06,LightVehicles,leve,CHEVROLET,CRUZE,ICE,7,Aduana PY datos abiertos,NCM 8703 automóvil/turismo (default leve)
2026-06,LightVehicles,leve,CHEVROLET,SILVERADO,ICE,7,Aduana PY datos abiertos,NCM 8704.31 GVW≤5t pickup/camioneta
2026-06,LightVehicles,leve,CHEVROLET,TAHOE,ICE,7,Aduana PY datos abiertos,NCM 8703 automóvil/turismo (default leve)
2026-06,LightVehicles,leve,CHEVROLET,TRAVERSE,ICE,7,Aduana PY datos abiertos,NCM 8703 automóvil/turismo (default leve)
2026-06,LightVehicles,leve,CHRYSLER,300C,ICE,7,Aduana PY datos abiertos,NCM 8703 automóvil/turismo (default leve)
2026-06,LightVehicles,leve,CHRYSLER,GD VOYAGER 2,ICE,7,Aduana PY datos abiertos,NCM 8703 automóvil/turismo (default leve)
2026-06,LightVehicles,leve,DAIHATSU,HIJET,ICE,7,Aduana PY datos abiertos,NCM 8704.31 GVW≤5t pickup/camioneta
2026-06,LightVehicles,leve,DAIHATSU,MIRA,ICE,7,Aduana PY datos abiertos,NCM 8703 automóvil/turismo (default leve)
2026-06,LightVehicles,leve,DODGE,CHALLENGER R/T,ICE,7,Aduana PY datos abiertos,NCM 8703 automóvil/turismo (default leve)
2026-06,LightVehicles,leve,DODGE,CHALLENGER R/T PLUS,ICE,7,Aduana PY datos abiertos,NCM 8703 automóvil/turismo (default leve)
2026-06,LightVehicles,leve,DODGE,CHALLENGER SXT,ICE,7,Aduana PY datos abiertos,NCM 8703 automóvil/turismo (default leve)
2026-06,LightVehicles,leve,DODGE,CHARGER RT TIPO SEDAN,ICE,7,Aduana PY datos abiertos,NCM 8703 automóvil/turismo (default leve)
2026-06,LightVehicles,leve,DODGE,CHARGER SRT8,ICE,7,Aduana PY datos abiertos,NCM 8703 automóvil/turismo (default leve)
2026-06,LightVehicles,leve,DODGE,DURANGO,ICE,7,Aduana PY datos abiertos,NCM 8703 automóvil/turismo (default leve)
2026-06,LightVehicles,leve,FIAT,500,ICE,7,Aduana PY datos abiertos,NCM 8703 automóvil/turismo (default leve)
2026-06,LightVehicles,leve,FIAT,BARCHETTA,ICE,7,Aduana PY datos abiertos,NCM 8703 automóvil/turismo (default leve)
2026-06,LightVehicles,leve,FIAT,DUCATO,ICE,7,Aduana PY datos abiertos,NCM 8704.21 GVW≤5t pickup/camioneta
2026-06,LightVehicles,leve,FIAT,FULLBACK DCAB 4WD 2,ICE,7,Aduana PY datos abiertos,NCM 8704.21 GVW≤5t pickup/camioneta
2026-06,LightVehicles,leve,FORD,BRONCO RAPTOR,ICE,7,Aduana PY datos abiertos,NCM 8703 automóvil/turismo (default leve)
2026-06,LightVehicles,leve,FORD,EXPLORER LIMITED,ICE,7,Aduana PY datos abiertos,NCM 8703 automóvil/turismo (default leve)
2026-06,LightVehicles,leve,FORD,EXPLORER XLT,ICE,7,Aduana PY datos abiertos,NCM 8703 automóvil/turismo (default leve)
2026-06,LightVehicles,leve,FORD,EXPOLER LIMITED,ICE,7,Aduana PY datos abiertos,NCM 8703 automóvil/turismo (default leve)
2026-06,LightVehicles,leve,FORD,F150,ICE,7,Aduana PY datos abiertos,NCM 8704.31 GVW≤5t pickup/camioneta
2026-06,LightVehicles,leve,FORD,F250,ICE,7,Aduana PY datos abiertos,NCM 8704.21 GVW≤5t pickup/camioneta
2026-06,LightVehicles,leve,FORD,MUSTANG GT,ICE,7,Aduana PY datos abiertos,NCM 8703 automóvil/turismo (default leve)
2026-06,LightVehicles,leve,FORD,MUSTANG GT A/O,ICE,7,Aduana PY datos abiertos,NCM 8703 automóvil/turismo (default leve)
2026-06,LightVehicles,leve,GMC,SIERRA,ICE,7,Aduana PY datos abiertos,NCM 8704.21 GVW≤5t pickup/camioneta
2026-06,LightVehicles,leve,HINO,(sin modelo),ICE,7,Aduana PY datos abiertos,NCM 8704.21 GVW≤5t pickup/camioneta
2026-06,LightVehicles,leve,HINO,DUTRO,ICE,7,Aduana PY datos abiertos,NCM 8704.21 GVW≤5t pickup/camioneta
2026-06,LightVehicles,leve,HONDA,ACTY,ICE,7,Aduana PY datos abiertos,NCM 8704.31 GVW≤5t pickup/camioneta
2026-06,LightVehicles,leve,HONDA,CIVIC,ICE,7,Aduana PY datos abiertos,NCM 8703 automóvil/turismo (default leve)
2026-06,LightVehicles,leve,HONDA,CIVIC TYPE R EURO,ICE,7,Aduana PY datos abiertos,NCM 8703 automóvil/turismo (default leve)
2026-06,LightVehicles,leve,HONDA,CRZ,HEV,7,Aduana PY datos abiertos,NCM 8703 automóvil/turismo (default leve)
2026-06,LightVehicles,leve,HONDA,FIT,ICE,7,Aduana PY datos abiertos,NCM 8703 automóvil/turismo (default leve)
2026-06,LightVehicles,leve,HONDA,FREED,ICE,7,Aduana PY datos abiertos,NCM 8703 automóvil/turismo (default leve)
2026-06,LightVehicles,leve,HUMMER,(sin modelo),ICE,7,Aduana PY datos abiertos,NCM 8703 automóvil/turismo (default leve)
2026-06,LightVehicles,leve,HYUNDAI,KONA,ICE,7,Aduana PY datos abiertos,NCM 8703 automóvil/turismo (default leve)
2026-06,LightVehicles,leve,HYUNDAI,MAXCRUZ,ICE,7,Aduana PY datos abiertos,NCM 8703 automóvil/turismo (default leve)
2026-06,LightVehicles,leve,HYUNDAI,SANTAFE,ICE,7,Aduana PY datos abiertos,NCM 8703 automóvil/turismo (default leve)
2026-06,LightVehicles,leve,HYUNDAI,SONATA,ICE,7,Aduana PY datos abiertos,NCM 8703 automóvil/turismo (default leve)
2026-06,LightVehicles,leve,HYUNDAI,TUCSON,HEV,7,Aduana PY datos abiertos,NCM 8703 automóvil/turismo (default leve)
2026-06,LightVehicles,leve,HYUNDAI,TUCSON A/O,ICE,7,Aduana PY datos abiertos,NCM 8703 automóvil/turismo (default leve)
2026-06,LightVehicles,leve,HYUNDAI,VELOSTER,ICE,7,Aduana PY datos abiertos,NCM 8703 automóvil/turismo (default leve)
2026-06,LightVehicles,leve,HYUNDAI,VELOSTER A/O,ICE,7,Aduana PY datos abiertos,NCM 8703 automóvil/turismo (default leve)
2026-06,LightVehicles,leve,INFINITI,(sin modelo),ICE,7,Aduana PY datos abiertos,NCM 8703 automóvil/turismo (default leve)
2026-06,LightVehicles,leve,ISUZU,BIGHORN,ICE,7,Aduana PY datos abiertos,NCM 8703 automóvil/turismo (default leve)
2026-06,LightVehicles,leve,JAGUAR,XE,ICE,7,Aduana PY datos abiertos,NCM 8703 automóvil/turismo (default leve)
2026-06,LightVehicles,leve,JEEP,CJ-7,ICE,7,Aduana PY datos abiertos,NCM 8703 automóvil/turismo (default leve)
2026-06,LightVehicles,leve,JEEP,GLADIATOR,ICE,7,Aduana PY datos abiertos,NCM 8703 automóvil/turismo (default leve)
2026-06,LightVehicles,leve,JEEP,WRANGLER UNLIMITED MOAB,ICE,7,Aduana PY datos abiertos,NCM 8704.21 GVW≤5t pickup/camioneta
2026-06,LightVehicles,leve,KIA,K3 A/O,ICE,7,Aduana PY datos abiertos,NCM 8703 automóvil/turismo (default leve)
2026-06,LightVehicles,leve,KIA,K7,ICE,7,Aduana PY datos abiertos,NCM 8703 automóvil/turismo (default leve)
2026-06,LightVehicles,leve,KIA,MOHAVE,ICE,7,Aduana PY datos abiertos,NCM 8703 automóvil/turismo (default leve)
2026-06,LightVehicles,leve,KIA,PRIDE,ICE,7,Aduana PY datos abiertos,NCM 8703 automóvil/turismo (default leve)
2026-06,LightVehicles,leve,KIA,SELTOS,ICE,7,Aduana PY datos abiertos,NCM 8703 automóvil/turismo (default leve)
2026-06,LightVehicles,leve,KIA,SORTAGE,ICE,7,Aduana PY datos abiertos,NCM 8703 automóvil/turismo (default leve)
2026-06,LightVehicles,leve,LAMBORGHINI,GALLARDO A/O,ICE,7,Aduana PY datos abiertos,NCM 8703 automóvil/turismo (default leve)
2026-06,LightVehicles,leve,LAND ROVER,DISCOVERY HSE TD5,ICE,7,Aduana PY datos abiertos,NCM 8703 automóvil/turismo (default leve)
2026-06,LightVehicles,leve,LAND ROVER,DISCOVERY SPORT,ICE,7,Aduana PY datos abiertos,NCM 8703 automóvil/turismo (default leve)
2026-06,LightVehicles,leve,LAND ROVER,RANGE ROVER EVOQUE P250 SE,ICE,7,Aduana PY datos abiertos,NCM 8703 automóvil/turismo (default leve)
2026-06,LightVehicles,leve,LAND ROVER,RANGE ROVER SPORT,ICE,7,Aduana PY datos abiertos,NCM 8703 automóvil/turismo (default leve)
2026-06,LightVehicles,leve,LEXUS,RX400H,HEV,7,Aduana PY datos abiertos,NCM 8703 automóvil/turismo (default leve)
2026-06,LightVehicles,leve,LOTUS,EXIGE,ICE,7,Aduana PY datos abiertos,NCM 8703 automóvil/turismo (default leve)
2026-06,LightVehicles,leve,MASERATI,(sin modelo),ICE,7,Aduana PY datos abiertos,NCM 8703 automóvil/turismo (default leve)
2026-06,LightVehicles,leve,MAZDA,AXELA,ICE,7,Aduana PY datos abiertos,NCM 8703 automóvil/turismo (default leve)
2026-06,LightVehicles,leve,MAZDA,AXELA SPORT,ICE,7,Aduana PY datos abiertos,NCM 8703 automóvil/turismo (default leve)
2026-06,LightVehicles,leve,MAZDA,CX-5,ICE,7,Aduana PY datos abiertos,NCM 8703 automóvil/turismo (default leve)
2026-06,LightVehicles,leve,MAZDA,RX 7,ICE,7,Aduana PY datos abiertos,NCM 8703 automóvil/turismo (default leve)
2026-06,LightVehicles,leve,MCLAREN,(sin modelo),ICE,7,Aduana PY datos abiertos,NCM 8703 automóvil/turismo (default leve)
2026-06,LightVehicles,leve,MERCEDES-BENZ,1218,ICE,7,Aduana PY datos abiertos,NCM 8704.21 GVW≤5t pickup/camioneta
2026-06,LightVehicles,leve,MERCEDES-BENZ,1317,ICE,7,Aduana PY datos abiertos,NCM 8704.21 GVW≤5t pickup/camioneta
2026-06,LightVehicles,leve,MERCEDES-BENZ,1520,ICE,7,Aduana PY datos abiertos,NCM 8704.21 GVW≤5t pickup/camioneta
2026-06,LightVehicles,leve,MERCEDES-BENZ,2027,ICE,7,Aduana PY datos abiertos,NCM 8703 automóvil/turismo (default leve)
2026-06,LightVehicles,leve,MERCEDES-BENZ,380SL A/O,ICE,7,Aduana PY datos abiertos,NCM 8703 automóvil/turismo (default leve)
2026-06,LightVehicles,leve,MERCEDES-BENZ,500 SL,ICE,7,Aduana PY datos abiertos,NCM 8703 automóvil/turismo (default leve)
2026-06,LightVehicles,leve,MERCEDES-BENZ,814,ICE,7,Aduana PY datos abiertos,NCM 8704.21 GVW≤5t pickup/camioneta
2026-06,LightVehicles,leve,MERCEDES-BENZ,914,ICE,7,Aduana PY datos abiertos,NCM 8704.21 GVW≤5t pickup/camioneta
2026-06,LightVehicles,leve,MERCEDES-BENZ,A35 AMG 4MATIC A/O,ICE,7,Aduana PY datos abiertos,NCM 8703 automóvil/turismo (default leve)
2026-06,LightVehicles,leve,MERCEDES-BENZ,A45 AMG 4MATIC A/O,ICE,7,Aduana PY datos abiertos,NCM 8703 automóvil/turismo (default leve)
2026-06,LightVehicles,leve,MERCEDES-BENZ,AMG GLE 53,ICE,7,Aduana PY datos abiertos,NCM 8703 automóvil/turismo (default leve)
2026-06,LightVehicles,leve,MERCEDES-BENZ,AMG SL43,ICE,7,Aduana PY datos abiertos,NCM 8703 automóvil/turismo (default leve)
2026-06,LightVehicles,leve,MERCEDES-BENZ,B180,ICE,7,Aduana PY datos abiertos,NCM 8703 automóvil/turismo (default leve)
2026-06,LightVehicles,leve,MERCEDES-BENZ,C 200,ICE,7,Aduana PY datos abiertos,NCM 8703 automóvil/turismo (default leve)
2026-06,LightVehicles,leve,MERCEDES-BENZ,C 250,ICE,7,Aduana PY datos abiertos,NCM 8703 automóvil/turismo (default leve)
2026-06,LightVehicles,leve,MERCEDES-BENZ,C200,ICE,7,Aduana PY datos abiertos,NCM 8703 automóvil/turismo (default leve)
2026-06,LightVehicles,leve,MERCEDES-BENZ,C200 KOMPRESSOR,ICE,7,Aduana PY datos abiertos,NCM 8703 automóvil/turismo (default leve)
2026-06,LightVehicles,leve,MERCEDES-BENZ,C200-CLASS W205,ICE,7,Aduana PY datos abiertos,NCM 8703 automóvil/turismo (default leve)
2026-06,LightVehicles,leve,MERCEDES-BENZ,C220 COUPE,ICE,7,Aduana PY datos abiertos,NCM 8703 automóvil/turismo (default leve)
2026-06,LightVehicles,leve,MERCEDES-BENZ,C220D,ICE,7,Aduana PY datos abiertos,NCM 8703 automóvil/turismo (default leve)
2026-06,LightVehicles,leve,MERCEDES-BENZ,C230,ICE,7,Aduana PY datos abiertos,NCM 8703 automóvil/turismo (default leve)
2026-06,LightVehicles,leve,MERCEDES-BENZ,C320CDI,ICE,7,Aduana PY datos abiertos,NCM 8703 automóvil/turismo (default leve)
2026-06,LightVehicles,leve,MERCEDES-BENZ,CLA45 AMG 4MATIC A/O,ICE,7,Aduana PY datos abiertos,NCM 8703 automóvil/turismo (default leve)
2026-06,LightVehicles,leve,MERCEDES-BENZ,E 200,ICE,7,Aduana PY datos abiertos,NCM 8703 automóvil/turismo (default leve)
2026-06,LightVehicles,leve,MERCEDES-BENZ,E220,ICE,7,Aduana PY datos abiertos,NCM 8703 automóvil/turismo (default leve)
2026-06,LightVehicles,leve,MERCEDES-BENZ,E220D 4MATIC A/O,ICE,7,Aduana PY datos abiertos,NCM 8703 automóvil/turismo (default leve)
2026-06,LightVehicles,leve,MERCEDES-BENZ,E220D MOVIDO A DIESEL,ICE,7,Aduana PY datos abiertos,NCM 8703 automóvil/turismo (default leve)
2026-06,LightVehicles,leve,MERCEDES-BENZ,E350 4MATIC,ICE,7,Aduana PY datos abiertos,NCM 8703 automóvil/turismo (default leve)
2026-06,LightVehicles,leve,MERCEDES-BENZ,E350 4MATIC A/O,ICE,7,Aduana PY datos abiertos,NCM 8703 automóvil/turismo (default leve)
2026-06,LightVehicles,leve,MERCEDES-BENZ,E350 A/O,ICE,7,Aduana PY datos abiertos,NCM 8703 automóvil/turismo (default leve)
2026-06,LightVehicles,leve,MERCEDES-BENZ,ELO,ICE,7,Aduana PY datos abiertos,NCM 8703 automóvil/turismo (default leve)
2026-06,LightVehicles,leve,MERCEDES-BENZ,GLA 200 CDI 4MATIC,ICE,7,Aduana PY datos abiertos,NCM 8703 automóvil/turismo (default leve)
2026-06,LightVehicles,leve,MERCEDES-BENZ,GLC 220D 4MATIC,ICE,7,Aduana PY datos abiertos,NCM 8703 automóvil/turismo (default leve)
2026-06,LightVehicles,leve,MERCEDES-BENZ,GLC 300,ICE,7,Aduana PY datos abiertos,NCM 8703 automóvil/turismo (default leve)
2026-06,LightVehicles,leve,MERCEDES-BENZ,GLE 350 D 4MATIC,ICE,7,Aduana PY datos abiertos,NCM 8703 automóvil/turismo (default leve)
2026-06,LightVehicles,leve,MERCEDES-BENZ,GLE 450 4MATIC,ICE,7,Aduana PY datos abiertos,NCM 8703 automóvil/turismo (default leve)
2026-06,LightVehicles,leve,MERCEDES-BENZ,GLE350 4MATIC,ICE,7,Aduana PY datos abiertos,NCM 8703 automóvil/turismo (default leve)
2026-06,LightVehicles,leve,MERCEDES-BENZ,ML 350 BLUETEC 4MATIC,ICE,7,Aduana PY datos abiertos,NCM 8703 automóvil/turismo (default leve)
2026-06,LightVehicles,leve,MERCEDES-BENZ,ML350,ICE,7,Aduana PY datos abiertos,NCM 8703 automóvil/turismo (default leve)
2026-06,LightVehicles,leve,MERCEDES-BENZ,ML350 BLUETEC,ICE,7,Aduana PY datos abiertos,NCM 8703 automóvil/turismo (default leve)
2026-06,LightVehicles,leve,MERCEDES-BENZ,P94-230,ICE,7,Aduana PY datos abiertos,NCM 8704.21 GVW≤5t pickup/camioneta
2026-06,LightVehicles,leve,MERCEDES-BENZ,S550,ICE,7,Aduana PY datos abiertos,NCM 8703 automóvil/turismo (default leve)
2026-06,LightVehicles,leve,MERCEDES-BENZ,S580,ICE,7,Aduana PY datos abiertos,NCM 8703 automóvil/turismo (default leve)
2026-06,LightVehicles,leve,MERCEDES-BENZ,SL 500,ICE,7,Aduana PY datos abiertos,NCM 8703 automóvil/turismo (default leve)
2026-06,LightVehicles,leve,MERCEDES-BENZ,SLC250 A/O,ICE,7,Aduana PY datos abiertos,NCM 8703 automóvil/turismo (default leve)
2026-06,LightVehicles,leve,MERCEDES-BENZ,SPRINTER 112KA,ICE,7,Aduana PY datos abiertos,NCM 8704.21 GVW≤5t pickup/camioneta
2026-06,LightVehicles,leve,MERCEDES-BENZ,SPRINTER 210 CDI,ICE,7,Aduana PY datos abiertos,NCM 8704.21 GVW≤5t pickup/camioneta
2026-06,LightVehicles,leve,MERCEDES-BENZ,SPRINTER 216 CDI,ICE,7,Aduana PY datos abiertos,NCM 8704.21 GVW≤5t pickup/camioneta
2026-06,LightVehicles,leve,MERCEDES-BENZ,SPRINTER 316,ICE,7,Aduana PY datos abiertos,NCM 8704.21 GVW≤5t pickup/camioneta
2026-06,LightVehicles,leve,MERCEDES-BENZ,SPRINTER 316 CDI,ICE,7,Aduana PY datos abiertos,NCM 8704.21 GVW≤5t pickup/camioneta
2026-06,LightVehicles,leve,MERCEDES-BENZ,SPRINTER 906 DIESEL,ICE,7,Aduana PY datos abiertos,NCM 8704.21 GVW≤5t pickup/camioneta
2026-06,LightVehicles,leve,MERCEDES-BENZ,SPTINTER 310 CDI,ICE,7,Aduana PY datos abiertos,NCM 8704.21 GVW≤5t pickup/camioneta
2026-06,LightVehicles,leve,MERCEDES-BENZ,VARIOS 815D,ICE,7,Aduana PY datos abiertos,NCM 8704.21 GVW≤5t pickup/camioneta
2026-06,LightVehicles,leve,MITSUBICHI,(sin modelo),ICE,7,Aduana PY datos abiertos,NCM 8704.21 GVW≤5t pickup/camioneta
2026-06,LightVehicles,leve,MITSUBISHI,CANTER CUSTOMANIO,ICE,7,Aduana PY datos abiertos,NCM 8704.21 GVW≤5t pickup/camioneta
2026-06,LightVehicles,leve,MITSUBISHI,CANTER GUTSANIO,ICE,7,Aduana PY datos abiertos,NCM 8704.21 GVW≤5t pickup/camioneta
2026-06,LightVehicles,leve,MITSUBISHI,FUSO,ICE,7,Aduana PY datos abiertos,NCM 8704.21 GVW≤5t pickup/camioneta
2026-06,LightVehicles,leve,MITSUBISHI,FUSO CANTER,ICE,7,Aduana PY datos abiertos,NCM 8704.21 GVW≤5t pickup/camioneta
2026-06,LightVehicles,leve,MITSUBISHI,FUSO CANTER GUST,ICE,7,Aduana PY datos abiertos,NCM 8704.21 GVW≤5t pickup/camioneta
2026-06,LightVehicles,leve,MITSUBISHI,GTO,ICE,7,Aduana PY datos abiertos,NCM 8703 automóvil/turismo (default leve)
2026-06,LightVehicles,leve,MITSUBISHI,PAJERO IO,ICE,7,Aduana PY datos abiertos,NCM 8703 automóvil/turismo (default leve)
2026-06,LightVehicles,leve,MITSUBISHI,PAJERO MINI,ICE,7,Aduana PY datos abiertos,NCM 8703 automóvil/turismo (default leve)
2026-06,LightVehicles,leve,MITSUBISHI,PAJERO OI,ICE,7,Aduana PY datos abiertos,NCM 8703 automóvil/turismo (default leve)
2026-06,LightVehicles,leve,MITUSBISHI,CANTER,ICE,7,Aduana PY datos abiertos,NCM 8704.21 GVW≤5t pickup/camioneta
2026-06,LightVehicles,leve,NISSAN,ATLAS ELF 100,ICE,7,Aduana PY datos abiertos,NCM 8704.21 GVW≤5t pickup/camioneta
2026-06,LightVehicles,leve,NISSAN,CARAVAN,ICE,7,Aduana PY datos abiertos,NCM 8703 automóvil/turismo (default leve)
2026-06,LightVehicles,leve,NISSAN,DAYS,ICE,7,Aduana PY datos abiertos,NCM 8703 automóvil/turismo (default leve)
2026-06,LightVehicles,leve,NISSAN,FIRELADY Z,ICE,7,Aduana PY datos abiertos,NCM 8703 automóvil/turismo (default leve)
2026-06,LightVehicles,leve,NISSAN,JUKE,ICE,7,Aduana PY datos abiertos,NCM 8703 automóvil/turismo (default leve)
2026-06,LightVehicles,leve,NISSAN,JUKE NISMO,ICE,7,Aduana PY datos abiertos,NCM 8703 automóvil/turismo (default leve)
2026-06,LightVehicles,leve,NISSAN,MARCH,ICE,7,Aduana PY datos abiertos,NCM 8703 automóvil/turismo (default leve)
2026-06,LightVehicles,leve,NISSAN,NAVARA,ICE,7,Aduana PY datos abiertos,NCM 8704.21 GVW≤5t pickup/camioneta
2026-06,LightVehicles,leve,NISSAN,SILVIA,ICE,7,Aduana PY datos abiertos,NCM 8703 automóvil/turismo (default leve)
2026-06,LightVehicles,leve,PORSCHE,(sin modelo),ICE,7,Aduana PY datos abiertos,NCM 8703 automóvil/turismo (default leve)
2026-06,LightVehicles,leve,PORSCHE,718 BOXSTER S,ICE,7,Aduana PY datos abiertos,NCM 8703 automóvil/turismo (default leve)
2026-06,LightVehicles,leve,PORSCHE,BOXSTERS,ICE,7,Aduana PY datos abiertos,NCM 8703 automóvil/turismo (default leve)
2026-06,LightVehicles,leve,RAM,1500,ICE,7,Aduana PY datos abiertos,NCM 8704.21 GVW≤5t pickup/camioneta
2026-06,LightVehicles,leve,SCANIA,G320,ICE,7,Aduana PY datos abiertos,NCM 8704.21 GVW≤5t pickup/camioneta
2026-06,LightVehicles,leve,SCANIA,P270,ICE,7,Aduana PY datos abiertos,NCM 8704.21 GVW≤5t pickup/camioneta
2026-06,LightVehicles,leve,SCANIA,P320,ICE,7,Aduana PY datos abiertos,NCM 8704.21 GVW≤5t pickup/camioneta
2026-06,LightVehicles,leve,SCANIA,P400,ICE,7,Aduana PY datos abiertos,NCM 8704.21 GVW≤5t pickup/camioneta
2026-06,LightVehicles,leve,SCANIA,P94-310,ICE,7,Aduana PY datos abiertos,NCM 8704.21 GVW≤5t pickup/camioneta
2026-06,LightVehicles,leve,SSANGYONG,ACTYON,ICE,7,Aduana PY datos abiertos,NCM 8704.21 GVW≤5t pickup/camioneta
2026-06,LightVehicles,leve,SUBARU,FORESTER,ICE,7,Aduana PY datos abiertos,NCM 8703 automóvil/turismo (default leve)
2026-06,LightVehicles,leve,SUBARU,IMPRESA WRX,ICE,7,Aduana PY datos abiertos,NCM 8703 automóvil/turismo (default leve)
2026-06,LightVehicles,leve,SUBARU,IMPREZA G4,ICE,7,Aduana PY datos abiertos,NCM 8703 automóvil/turismo (default leve)
2026-06,LightVehicles,leve,SUBARU,IMPREZA STI,ICE,7,Aduana PY datos abiertos,NCM 8703 automóvil/turismo (default leve)
2026-06,LightVehicles,leve,SUBARU,IMPREZA WRC STI,ICE,7,Aduana PY datos abiertos,NCM 8703 automóvil/turismo (default leve)
2026-06,LightVehicles,leve,SUBARU,IMPREZA WRX,ICE,7,Aduana PY datos abiertos,NCM 8703 automóvil/turismo (default leve)
2026-06,LightVehicles,leve,SUBARU,IMPREZA WRX S4,ICE,7,Aduana PY datos abiertos,NCM 8703 automóvil/turismo (default leve)
2026-06,LightVehicles,leve,SUBARU,IMPREZA WRX STI,ICE,7,Aduana PY datos abiertos,NCM 8703 automóvil/turismo (default leve)
2026-06,LightVehicles,leve,SUBARU,STELLA,ICE,7,Aduana PY datos abiertos,NCM 8703 automóvil/turismo (default leve)
2026-06,LightVehicles,leve,SUBARU,TREZIA A/O,ICE,7,Aduana PY datos abiertos,NCM 8703 automóvil/turismo (default leve)
2026-06,LightVehicles,leve,SUZUKI,PALETTE,ICE,7,Aduana PY datos abiertos,NCM 8703 automóvil/turismo (default leve)
2026-06,LightVehicles,leve,SUZUKI,SWIFT A/O,ICE,7,Aduana PY datos abiertos,NCM 8703 automóvil/turismo (default leve)
2026-06,LightVehicles,leve,TESLA,EL Y LONG RANGE,BEV,7,Aduana PY datos abiertos,NCM 8703 automóvil/turismo (default leve)
2026-06,LightVehicles,leve,TOYOTA,2,ICE,7,Aduana PY datos abiertos,NCM 8703 automóvil/turismo (default leve)
2026-06,LightVehicles,leve,TOYOTA,4RUNNER,ICE,7,Aduana PY datos abiertos,NCM 8703 automóvil/turismo (default leve)
2026-06,LightVehicles,leve,TOYOTA,ALEX,ICE,7,Aduana PY datos abiertos,NCM 8703 automóvil/turismo (default leve)
2026-06,LightVehicles,leve,TOYOTA,ALPHARD,ICE,7,Aduana PY datos abiertos,passenger van/minibus (Hiace/Staria/…) counts as leve
2026-06,LightVehicles,leve,TOYOTA,AXIO,ICE,7,Aduana PY datos abiertos,NCM 8703 automóvil/turismo (default leve)
2026-06,LightVehicles,leve,TOYOTA,BB,ICE,7,Aduana PY datos abiertos,NCM 8703 automóvil/turismo (default leve)
2026-06,LightVehicles,leve,TOYOTA,BZ3X,BEV,7,Aduana PY datos abiertos,NCM 8703 automóvil/turismo (default leve)
2026-06,LightVehicles,leve,TOYOTA,CALDINA,ICE,7,Aduana PY datos abiertos,NCM 8703 automóvil/turismo (default leve)
2026-06,LightVehicles,leve,TOYOTA,CELICA,ICE,7,Aduana PY datos abiertos,NCM 8703 automóvil/turismo (default leve)
2026-06,LightVehicles,leve,TOYOTA,COROLLA CROSS,ICE,7,Aduana PY datos abiertos,NCM 8703 automóvil/turismo (default leve)
2026-06,LightVehicles,leve,TOYOTA,CROWN MAJESTA,ICE,7,Aduana PY datos abiertos,NCM 8703 automóvil/turismo (default leve)
2026-06,LightVehicles,leve,TOYOTA,CROWN ROYAL SALOON,HEV,7,Aduana PY datos abiertos,NCM 8703 automóvil/turismo (default leve)
2026-06,LightVehicles,leve,TOYOTA,DYNA,ICE,7,Aduana PY datos abiertos,NCM 8704.21 GVW≤5t pickup/camioneta
2026-06,LightVehicles,leve,TOYOTA,EL,ICE,7,Aduana PY datos abiertos,NCM 8703 automóvil/turismo (default leve)
2026-06,LightVehicles,leve,TOYOTA,EO ALLEX,ICE,7,Aduana PY datos abiertos,NCM 8703 automóvil/turismo (default leve)
2026-06,LightVehicles,leve,TOYOTA,ESQUIRE,ICE,7,Aduana PY datos abiertos,NCM 8703 automóvil/turismo (default leve)
2026-06,LightVehicles,leve,TOYOTA,FUNCARGO 2,ICE,7,Aduana PY datos abiertos,NCM 8703 automóvil/turismo (default leve)
2026-06,LightVehicles,leve,TOYOTA,GR86,ICE,7,Aduana PY datos abiertos,NCM 8703 automóvil/turismo (default leve)
2026-06,LightVehicles,leve,TOYOTA,HIACE SUPER GL,ICE,7,Aduana PY datos abiertos,passenger van/minibus (Hiace/Staria/…) counts as leve
2026-06,LightVehicles,leve,TOYOTA,HIACE V,ICE,7,Aduana PY datos abiertos,passenger van/minibus (Hiace/Staria/…) counts as leve
2026-06,LightVehicles,leve,TOYOTA,LAND CRUSIER PRADO,ICE,7,Aduana PY datos abiertos,NCM 8703 automóvil/turismo (default leve)
2026-06,LightVehicles,leve,TOYOTA,PRADO,ICE,7,Aduana PY datos abiertos,NCM 8703 automóvil/turismo (default leve)
2026-06,LightVehicles,leve,TOYOTA,PREIMIO,ICE,7,Aduana PY datos abiertos,NCM 8703 automóvil/turismo (default leve)
2026-06,LightVehicles,leve,TOYOTA,PREMIO A/O,ICE,7,Aduana PY datos abiertos,NCM 8703 automóvil/turismo (default leve)
2026-06,LightVehicles,leve,TOYOTA,PROBOX,ICE,7,Aduana PY datos abiertos,NCM 8703 automóvil/turismo (default leve)
2026-06,LightVehicles,leve,TOYOTA,RAV4,ICE,7,Aduana PY datos abiertos,NCM 8703 automóvil/turismo (default leve)
2026-06,LightVehicles,leve,TOYOTA,RUSH NAFTERO,ICE,7,Aduana PY datos abiertos,NCM 8703 automóvil/turismo (default leve)
2026-06,LightVehicles,leve,TOYOTA,SPORTAGE,ICE,7,Aduana PY datos abiertos,NCM 8703 automóvil/turismo (default leve)
2026-06,LightVehicles,leve,TOYOTA,SUPRA SZ,ICE,7,Aduana PY datos abiertos,NCM 8703 automóvil/turismo (default leve)
2026-06,LightVehicles,leve,TOYOTA,TACOMA LIMITED,ICE,7,Aduana PY datos abiertos,NCM 8704.31 GVW≤5t pickup/camioneta
2026-06,LightVehicles,leve,TOYOTA,TOWNACE TRUCK,ICE,7,Aduana PY datos abiertos,NCM 8704.21 GVW≤5t pickup/camioneta
2026-06,LightVehicles,leve,TOYOTA,VIITZ,ICE,7,Aduana PY datos abiertos,NCM 8703 automóvil/turismo (default leve)
2026-06,LightVehicles,leve,TOYOTA,VITZ,PHEV,7,Aduana PY datos abiertos,NCM 8703 automóvil/turismo (default leve)
2026-06,LightVehicles,leve,TOYOTA,VOXY,HEV,7,Aduana PY datos abiertos,passenger van/minibus (Hiace/Staria/…) counts as leve
2026-06,LightVehicles,leve,TOYOTA,WISH A/O,ICE,7,Aduana PY datos abiertos,NCM 8703 automóvil/turismo (default leve)
2026-06,LightVehicles,leve,TOYOTA,YARIS,ICE,7,Aduana PY datos abiertos,NCM 8703 automóvil/turismo (default leve)
2026-06,LightVehicles,leve,VOLKSWAGEN,ARTEON A/O,ICE,7,Aduana PY datos abiertos,NCM 8703 automóvil/turismo (default leve)
2026-06,LightVehicles,leve,VOLKSWAGEN,BEETLE,ICE,7,Aduana PY datos abiertos,NCM 8703 automóvil/turismo (default leve)
2026-06,LightVehicles,leve,VOLKSWAGEN,GOLF,ICE,7,Aduana PY datos abiertos,NCM 8703 automóvil/turismo (default leve)
2026-06,LightVehicles,leve,VOLKSWAGEN,SCIROCCO A/O,ICE,7,Aduana PY datos abiertos,NCM 8703 automóvil/turismo (default leve)
2026-06,LightVehicles,leve,VOLKSWAGEN,SUPER BEETLE,ICE,7,Aduana PY datos abiertos,NCM 8703 automóvil/turismo (default leve)
2026-06,LightVehicles,leve,VOLKSWAGEN,WINNEBAGO,ICE,7,Aduana PY datos abiertos,NCM 8703 automóvil/turismo (default leve)
2026-06,LightVehicles,leve,VOLVO,S60,ICE,7,Aduana PY datos abiertos,NCM 8703 automóvil/turismo (default leve)
2026-06,LightVehicles,leve,YIWU,(sin modelo),ICE,7,Aduana PY datos abiertos,NCM 8703 automóvil/turismo (default leve)
2026-06,LightVehicles,pesado,MERCEDES-BENZ,1218,ICE,7,Aduana PY datos abiertos,NCM 8704.22 typically GVW>5t
2026-06,LightVehicles,pesado,MERCEDES-BENZ,1524L,ICE,7,Aduana PY datos abiertos,NCM 8704.22 typically GVW>5t
2026-06,LightVehicles,pesado,MERCEDES-BENZ,815,ICE,7,Aduana PY datos abiertos,NCM 8704.22 typically GVW>5t
2026-06,LightVehicles,pesado,MERCEDES-BENZ,823,ICE,7,Aduana PY datos abiertos,NCM 8704.22 typically GVW>5t
2026-06,LightVehicles,pesado,MERCEDES-BENZ,ATEGO 816 A O,ICE,7,Aduana PY datos abiertos,NCM 8704.22 typically GVW>5t
2026-06,LightVehicles,pesado,MERCEDES-BENZ,ATEGO 818,ICE,7,Aduana PY datos abiertos,NCM 8704.22 typically GVW>5t
2026-06,LightVehicles,pesado,MERCEDES-BENZ,ATEGO 824,ICE,7,Aduana PY datos abiertos,NCM 8704.22 typically GVW>5t
2026-06,LightVehicles,pesado,MERCEDES-BENZ,ATEGO 916,ICE,7,Aduana PY datos abiertos,NCM 8704.22 typically GVW>5t
2026-06,LightVehicles,pesado,MERCEDES-BENZ,ATEGO 923,ICE,7,Aduana PY datos abiertos,NCM 8704.22 typically GVW>5t
2026-06,LightVehicles,pesado,MERCEDES-BENZ,DELO ATEGO 816,ICE,7,Aduana PY datos abiertos,NCM 8704.22 typically GVW>5t
2026-06,LightVehicles,pesado,NISSAN,ATLEON,ICE,7,Aduana PY datos abiertos,NCM 8704.22 typically GVW>5t
2026-06,LightVehicles,pesado,NISSAN,CASBTAR,ICE,7,Aduana PY datos abiertos,NCM 8704.22 typically GVW>5t
2026-06,LightVehicles,pesado,SCANIA,114 - 340,ICE,7,Aduana PY datos abiertos,NCM 8704.22 typically GVW>5t
2026-06,LightVehicles,pesado,SCANIA,114 - 380,ICE,7,Aduana PY datos abiertos,NCM 8704.22 typically GVW>5t
2026-06,LightVehicles,pesado,SCANIA,124 400,ICE,7,Aduana PY datos abiertos,NCM 8704.22 typically GVW>5t
2026-06,LightVehicles,pesado,SCANIA,164G 480,ICE,7,Aduana PY datos abiertos,NCM 8704.22 typically GVW>5t
2026-06,LightVehicles,pesado,SCANIA,93 - 220,ICE,7,Aduana PY datos abiertos,NCM 8704.22 typically GVW>5t
2026-06,LightVehicles,pesado,SCANIA,G420,ICE,7,Aduana PY datos abiertos,NCM 8704.23 typically GVW>5t
2026-06,LightVehicles,pesado,SCANIA,G440 - 10X4,ICE,7,Aduana PY datos abiertos,NCM 8704.23 typically GVW>5t
2026-06,LightVehicles,pesado,SCANIA,P 400,ICE,7,Aduana PY datos abiertos,NCM 8704.22 typically GVW>5t
2026-06,LightVehicles,pesado,SCANIA,P 420,ICE,7,Aduana PY datos abiertos,NCM 8704.22 typically GVW>5t
2026-06,LightVehicles,pesado,SCANIA,P114,ICE,7,Aduana PY datos abiertos,NCM 8704.22 typically GVW>5t
2026-06,LightVehicles,pesado,SCANIA,P114/380,ICE,7,Aduana PY datos abiertos,NCM 8704.22 typically GVW>5t
2026-06,LightVehicles,pesado,SCANIA,P230,ICE,7,Aduana PY datos abiertos,NCM 8704.23 typically GVW>5t
2026-06,LightVehicles,pesado,SCANIA,P280,ICE,7,Aduana PY datos abiertos,NCM 8704.22 typically GVW>5t
2026-06,LightVehicles,pesado,SCANIA,P420,ICE,7,Aduana PY datos abiertos,NCM 8704.22 typically GVW>5t
2026-06,LightVehicles,pesado,SCANIA,P94 - 310,ICE,7,Aduana PY datos abiertos,NCM 8704.22 typically GVW>5t
2026-06,LightVehicles,pesado,SCANIA,P94 A/O,ICE,7,Aduana PY datos abiertos,NCM 8704.22 typically GVW>5t
2026-06,LightVehicles,pesado,SCANIA,R 143,ICE,7,Aduana PY datos abiertos,NCM 8704.22 typically GVW>5t
2026-06,LightVehicles,pesado,SCANIA,R 440,ICE,7,Aduana PY datos abiertos,NCM 8704.22 typically GVW>5t
2026-06,LightVehicles,pesado,SCANIA,R113,ICE,7,Aduana PY datos abiertos,NCM 8704.22 typically GVW>5t
2026-06,LightVehicles,pesado,SCANIA,R124,ICE,7,Aduana PY datos abiertos,NCM 8704.22 typically GVW>5t
2026-06,LightVehicles,pesado,SCANIA,R380,ICE,7,Aduana PY datos abiertos,NCM 8704.22 typically GVW>5t
2026-06,LightVehicles,pesado,UD,CONDOR,ICE,7,Aduana PY datos abiertos,NCM 8704.22 typically GVW>5t
2026-06,LightVehicles,pesado,VOLVO,FL612,ICE,7,Aduana PY datos abiertos,NCM 8704.22 typically GVW>5t
2026-06,LightVehicles,pesado,VOLVO,FL7,ICE,7,Aduana PY datos abiertos,NCM 8704.22 typically GVW>5t
2026-06,LightVehicles,recreativo,CLUB CAR,CLUB CAR,ICE,7,Aduana PY datos abiertos,NCM 8703.10
2026-06,LightVehicles,leve,CHEVROLET,TRAILBLAZER HC 2,ICE,6,Aduana PY datos abiertos,NCM 8703 automóvil/turismo (default leve)
2026-06,LightVehicles,leve,GAC,EMZOOM GL 1,ICE,6,Aduana PY datos abiertos,NCM 8703 automóvil/turismo (default leve)
2026-06,LightVehicles,leve,HONDA,(sin modelo),BEV,6,Aduana PY datos abiertos,NCM 8703 automóvil/turismo (default leve)
2026-06,LightVehicles,leve,JETOUR,T2,ICE,6,Aduana PY datos abiertos,NCM 8703 automóvil/turismo (default leve)
2026-06,LightVehicles,leve,JIM,(sin modelo),ICE,6,Aduana PY datos abiertos,NCM 8704.21 GVW≤5t pickup/camioneta
2026-06,LightVehicles,leve,KIA,EV5,BEV,6,Aduana PY datos abiertos,NCM 8703 automóvil/turismo (default leve)
2026-06,LightVehicles,leve,MERCEDES-BENZ,2026,ICE,6,Aduana PY datos abiertos,NCM 8703 automóvil/turismo (default leve)
2026-06,LightVehicles,pesado,FAW,TIGER 6,ICE,6,Aduana PY datos abiertos,NCM 8704.22 typically GVW>5t
2026-06,LightVehicles,leve,BMW,X3 20,ICE,5,Aduana PY datos abiertos,NCM 8703 automóvil/turismo (default leve)
2026-06,LightVehicles,leve,CHEVROLET,SONIC RS 1,ICE,5,Aduana PY datos abiertos,NCM 8703 automóvil/turismo (default leve)
2026-06,LightVehicles,leve,CHEVROLET,SONIC RS FLEX AT TURBO,ICE,5,Aduana PY datos abiertos,NCM 8703 automóvil/turismo (default leve)
2026-06,LightVehicles,leve,FORD,TERRITORY 1,ICE,5,Aduana PY datos abiertos,NCM 8703 automóvil/turismo (default leve)
2026-06,LightVehicles,leve,LAND ROVER,RANGE ROVER SPORT 3,PHEV,5,Aduana PY datos abiertos,NCM 8703 automóvil/turismo (default leve)
2026-06,LightVehicles,leve,MITSUBISHI,MONTERO SPORT GLS SAM 4WD 2,ICE,5,Aduana PY datos abiertos,NCM 8703 automóvil/turismo (default leve)
2026-06,LightVehicles,leve,RENAULT,(sin modelo),ICE,5,Aduana PY datos abiertos,NCM 8704.21 GVW≤5t pickup/camioneta
2026-06,LightVehicles,pesado,ISUZU,NPR71L-KJ5VAYN,ICE,5,Aduana PY datos abiertos,NCM 8704.22 typically GVW>5t
2026-06,LightVehicles,pesado,VOLKSWAGEN,11,ICE,5,Aduana PY datos abiertos,NCM 8704.22 typically GVW>5t
2026-06,LightVehicles,recreativo,CAN-AM,OUTLANDER MAX XT 700 GY,ICE,5,Aduana PY datos abiertos,keyword ATV/UTV/carrito golf/snow
2026-06,LightVehicles,recreativo,CAN-AM,OUTLANDER PRO HD5,ICE,5,Aduana PY datos abiertos,keyword ATV/UTV/carrito golf/snow
2026-06,LightVehicles,leve,AUDI,Q3 1,ICE,4,Aduana PY datos abiertos,NCM 8703 automóvil/turismo (default leve)
2026-06,LightVehicles,leve,AVATR,07,PHEV,4,Aduana PY datos abiertos,NCM 8703 automóvil/turismo (default leve)
2026-06,LightVehicles,leve,BMW,218 GRAN COUPE,ICE,4,Aduana PY datos abiertos,NCM 8703 automóvil/turismo (default leve)
2026-06,LightVehicles,leve,CHANGAN,NEW CS35 MAX ELITE,ICE,4,Aduana PY datos abiertos,NCM 8703 automóvil/turismo (default leve)
2026-06,LightVehicles,leve,CHEVROLET,SONIC PREMIER 1,ICE,4,Aduana PY datos abiertos,NCM 8703 automóvil/turismo (default leve)
2026-06,LightVehicles,leve,CHEVROLET,SONIC PREMIER FLEX AT TURBO,ICE,4,Aduana PY datos abiertos,NCM 8703 automóvil/turismo (default leve)
2026-06,LightVehicles,leve,FARIZON,V6E-SSTA,BEV,4,Aduana PY datos abiertos,8704 + pickup/camioneta keyword
2026-06,LightVehicles,leve,GAC,GS4 MAX GB 1,ICE,4,Aduana PY datos abiertos,NCM 8703 automóvil/turismo (default leve)
2026-06,LightVehicles,leve,HONDA,PILOT 5DR ELITE 10A,ICE,4,Aduana PY datos abiertos,NCM 8703 automóvil/turismo (default leve)
2026-06,LightVehicles,leve,JMC,(sin modelo),ICE,4,Aduana PY datos abiertos,NCM 8704.21 GVW≤5t pickup/camioneta
2026-06,LightVehicles,leve,LEXUS,RX350H,HEV,4,Aduana PY datos abiertos,NCM 8703 automóvil/turismo (default leve)
2026-06,LightVehicles,leve,MAHINDRA,S11 CON,ICE,4,Aduana PY datos abiertos,NCM 8704.21 GVW≤5t pickup/camioneta
2026-06,LightVehicles,leve,MINI,(sin modelo),BEV,4,Aduana PY datos abiertos,NCM 8703 automóvil/turismo (default leve)
2026-06,LightVehicles,leve,MITSUBISHI,ECLIPSE CROSS,ICE,4,Aduana PY datos abiertos,NCM 8703 automóvil/turismo (default leve)
2026-06,LightVehicles,leve,MITSUBISHI,MONTERO SPORT GLS 2WD 2,ICE,4,Aduana PY datos abiertos,NCM 8703 automóvil/turismo (default leve)
2026-06,LightVehicles,leve,MITSUBISHI,MONTERO SPORT GLS 4WD 2,ICE,4,Aduana PY datos abiertos,NCM 8703 automóvil/turismo (default leve)
2026-06,LightVehicles,leve,MITSUBISHI,NEW OUTLANDER 4WD PLUS,ICE,4,Aduana PY datos abiertos,NCM 8703 automóvil/turismo (default leve)
2026-06,LightVehicles,leve,VOLVO,XC90,PHEV,4,Aduana PY datos abiertos,NCM 8703 automóvil/turismo (default leve)
2026-06,LightVehicles,pesado,HYUNDAI,GT9,ICE,4,Aduana PY datos abiertos,NCM 8704.22 typically GVW>5t
2026-06,LightVehicles,pesado,JAC,LE79P,ICE,4,Aduana PY datos abiertos,NCM 8704.22 typically GVW>5t
2026-06,LightVehicles,pesado,JMC,(sin modelo),ICE,4,Aduana PY datos abiertos,NCM 8704.22 typically GVW>5t
2026-06,LightVehicles,leve,BMW,X5 XDRIVE50E,PHEV,3,Aduana PY datos abiertos,NCM 8703 automóvil/turismo (default leve)
2026-06,LightVehicles,leve,BMW,X6 XDRIVE30D M SPORT,ICE,3,Aduana PY datos abiertos,NCM 8703 automóvil/turismo (default leve)
2026-06,LightVehicles,leve,CHANGAN,A O,ICE,3,Aduana PY datos abiertos,NCM 8703 automóvil/turismo (default leve)
2026-06,LightVehicles,leve,GEELY,E5,BEV,3,Aduana PY datos abiertos,NCM 8703 automóvil/turismo (default leve)
2026-06,LightVehicles,leve,HYUNDAI,NEW PALISADE LIMITED,HEV,3,Aduana PY datos abiertos,NCM 8703 automóvil/turismo (default leve)
2026-06,LightVehicles,leve,JAC,LE760 CARGO BOX 4,ICE,3,Aduana PY datos abiertos,NCM 8704.21 GVW≤5t pickup/camioneta
2026-06,LightVehicles,leve,KAWASAKI,2026,ICE,3,Aduana PY datos abiertos,NCM 8703 automóvil/turismo (default leve)
2026-06,LightVehicles,leve,NISSAN,NEW KICKS 220T ADVANCE PLUS 6 DCT - FLEX,ICE,3,Aduana PY datos abiertos,NCM 8703 automóvil/turismo (default leve)
2026-06,LightVehicles,leve,PEUGEOT,(sin modelo),ICE,3,Aduana PY datos abiertos,NCM 8703 automóvil/turismo (default leve)
2026-06,LightVehicles,leve,RAM,1500 RHO CREW CAB,ICE,3,Aduana PY datos abiertos,NCM 8704.31 GVW≤5t pickup/camioneta
2026-06,LightVehicles,leve,SUBARU,WRX SDN WRX TS ES MT VBHFLB6 E3 RW,ICE,3,Aduana PY datos abiertos,NCM 8703 automóvil/turismo (default leve)
2026-06,LightVehicles,leve,VOLVO,XC60,PHEV,3,Aduana PY datos abiertos,NCM 8703 automóvil/turismo (default leve)
2026-06,LightVehicles,leve,XPENG,G9,BEV,3,Aduana PY datos abiertos,NCM 8703 automóvil/turismo (default leve)
2026-06,LightVehicles,pesado,JAC,LE420 CARGO BOX 5,ICE,3,Aduana PY datos abiertos,NCM 8704.22 typically GVW>5t
2026-06,LightVehicles,recreativo,CAN-AM,SSV MAV DS 64 T BE INT 26,ICE,3,Aduana PY datos abiertos,keyword ATV/UTV/carrito golf/snow
2026-06,LightVehicles,recreativo,CAN-AM,SSV MAV RS 72 TRR BE INT 26,ICE,3,Aduana PY datos abiertos,keyword ATV/UTV/carrito golf/snow
2026-06,LightVehicles,leve,AUDI,Q6 ETRON SB PREMIUM,BEV,2,Aduana PY datos abiertos,NCM 8703 automóvil/turismo (default leve)
2026-06,LightVehicles,leve,AUDI,Q7 3,ICE,2,Aduana PY datos abiertos,NCM 8703 automóvil/turismo (default leve)
2026-06,LightVehicles,leve,AUDI,Q8 3,ICE,2,Aduana PY datos abiertos,NCM 8703 automóvil/turismo (default leve)
2026-06,LightVehicles,leve,BMW,X1 XDRIVE25E,PHEV,2,Aduana PY datos abiertos,NCM 8703 automóvil/turismo (default leve)
2026-06,LightVehicles,leve,BMW,X5 XDRIVE30D,ICE,2,Aduana PY datos abiertos,NCM 8703 automóvil/turismo (default leve)
2026-06,LightVehicles,leve,CAN-AM,DEFENDER,ICE,2,Aduana PY datos abiertos,NCM 8704.31 GVW≤5t pickup/camioneta
2026-06,LightVehicles,leve,CHANGAN,M60 MINIBUS 11 PASAJEROS,ICE,2,Aduana PY datos abiertos,NCM 8703 automóvil/turismo (default leve)
2026-06,LightVehicles,leve,CHEVROLET,S10 CD Z71 2,ICE,2,Aduana PY datos abiertos,NCM 8704.21 GVW≤5t pickup/camioneta
2026-06,LightVehicles,leve,CHEVROLET,TRACKER LTZ 1,ICE,2,Aduana PY datos abiertos,NCM 8703 automóvil/turismo (default leve)
2026-06,LightVehicles,leve,CHUFENG,HQG5080TQZBEVQC,BEV,2,Aduana PY datos abiertos,8704.60 electric goods vehicle (treated leve unless heavy)
2026-06,LightVehicles,leve,FIAT,TORO ULTRA D/C 1,ICE,2,Aduana PY datos abiertos,NCM 8704.31 GVW≤5t pickup/camioneta
2026-06,LightVehicles,leve,HONDA,CIVIC TYPE R,ICE,2,Aduana PY datos abiertos,NCM 8703 automóvil/turismo (default leve)
2026-06,LightVehicles,leve,LAND ROVER,DEFENDER,ICE,2,Aduana PY datos abiertos,NCM 8703 automóvil/turismo (default leve)
2026-06,LightVehicles,leve,LEXUS,RX500H,HEV,2,Aduana PY datos abiertos,NCM 8703 automóvil/turismo (default leve)
2026-06,LightVehicles,leve,LEXUS,UX300H,HEV,2,Aduana PY datos abiertos,NCM 8703 automóvil/turismo (default leve)
2026-06,LightVehicles,leve,MG,RX9 LUX,ICE,2,Aduana PY datos abiertos,NCM 8703 automóvil/turismo (default leve)
2026-06,LightVehicles,leve,MINI,(sin modelo),ICE,2,Aduana PY datos abiertos,NCM 8703 automóvil/turismo (default leve)
2026-06,LightVehicles,leve,MITSUBISHI,MONTERO SPORT GLS 4WD 24DIT 8AT,ICE,2,Aduana PY datos abiertos,NCM 8703 automóvil/turismo (default leve)
2026-06,LightVehicles,leve,MITSUBISHI,NEW OUTLANDER 2WD,ICE,2,Aduana PY datos abiertos,NCM 8703 automóvil/turismo (default leve)
2026-06,LightVehicles,leve,POLARIS,(sin modelo),ICE,2,Aduana PY datos abiertos,NCM 8704.31 GVW≤5t pickup/camioneta
2026-06,LightVehicles,leve,PORSCHE,CAYENNE,PHEV,2,Aduana PY datos abiertos,NCM 8703 automóvil/turismo (default leve)
2026-06,LightVehicles,leve,SOUEAST,S06,ICE,2,Aduana PY datos abiertos,NCM 8703 automóvil/turismo (default leve)
2026-06,LightVehicles,leve,YUFENG,HSE7000BEVG5C,BEV,2,Aduana PY datos abiertos,NCM 8703 automóvil/turismo (default leve)
2026-06,LightVehicles,pesado,HYUNDAI,EX10,ICE,2,Aduana PY datos abiertos,NCM 8704.22 typically GVW>5t
2026-06,LightVehicles,pesado,HYUNDAI,EX8,ICE,2,Aduana PY datos abiertos,NCM 8704.22 typically GVW>5t
2026-06,LightVehicles,recreativo,CAN-AM,SSV MAV R X 999 T RD HB INT 26,ICE,2,Aduana PY datos abiertos,keyword ATV/UTV/carrito golf/snow
2026-06,LightVehicles,recreativo,CAN-AM,SSV MAV RS 72 T BE INT 26,ICE,2,Aduana PY datos abiertos,keyword ATV/UTV/carrito golf/snow
2026-06,LightVehicles,leve,AUDI,A6,ICE,1,Aduana PY datos abiertos,NCM 8703 automóvil/turismo (default leve)
2026-06,LightVehicles,leve,AUDI,Q5 2,ICE,1,Aduana PY datos abiertos,NCM 8703 automóvil/turismo (default leve)
2026-06,LightVehicles,leve,BMW,420I CABRIO,ICE,1,Aduana PY datos abiertos,NCM 8703 automóvil/turismo (default leve)
2026-06,LightVehicles,leve,BMW,X3 20D XDRIVE,ICE,1,Aduana PY datos abiertos,NCM 8703 automóvil/turismo (default leve)
2026-06,LightVehicles,leve,BMW,X3 30E XDRIVE,PHEV,1,Aduana PY datos abiertos,NCM 8703 automóvil/turismo (default leve)
2026-06,LightVehicles,leve,BMW,X3 M50 XDRIVE,ICE,1,Aduana PY datos abiertos,NCM 8703 automóvil/turismo (default leve)
2026-06,LightVehicles,leve,BMW,X6 XDRIVE40I M SPORT,ICE,1,Aduana PY datos abiertos,NCM 8703 automóvil/turismo (default leve)
2026-06,LightVehicles,leve,BYD,SONG PLUS,BEV,1,Aduana PY datos abiertos,NCM 8703 automóvil/turismo (default leve)
2026-06,LightVehicles,leve,BYD,YUAN UP,BEV,1,Aduana PY datos abiertos,NCM 8703 automóvil/turismo (default leve)
2026-06,LightVehicles,leve,BYD,YUAN UP SUPERIOR,BEV,1,Aduana PY datos abiertos,NCM 8703 automóvil/turismo (default leve)
2026-06,LightVehicles,leve,CHEVROLET,CORVETTE ERAY,HEV,1,Aduana PY datos abiertos,NCM 8703 automóvil/turismo (default leve)
2026-06,LightVehicles,leve,CHEVROLET,MONTANA CD LTZ 1,ICE,1,Aduana PY datos abiertos,NCM 8704.31 GVW≤5t pickup/camioneta
2026-06,LightVehicles,leve,CHEVROLET,NOVA MONTANA LTZ FLEX AT TURBO,ICE,1,Aduana PY datos abiertos,NCM 8704.31 GVW≤5t pickup/camioneta
2026-06,LightVehicles,leve,CHEVROLET,ONIX LT HB FLEX MT,ICE,1,Aduana PY datos abiertos,NCM 8703 automóvil/turismo (default leve)
2026-06,LightVehicles,leve,CHEVROLET,S10 CD LTZ 2,ICE,1,Aduana PY datos abiertos,NCM 8704.21 GVW≤5t pickup/camioneta
2026-06,LightVehicles,leve,CHEVROLET,S10 CD WORK 2,ICE,1,Aduana PY datos abiertos,NCM 8704.21 GVW≤5t pickup/camioneta
2026-06,LightVehicles,leve,CHEVROLET,TRACKER PREMIER 1,ICE,1,Aduana PY datos abiertos,NCM 8703 automóvil/turismo (default leve)
2026-06,LightVehicles,leve,FERRARI,(sin modelo),PHEV,1,Aduana PY datos abiertos,NCM 8703 automóvil/turismo (default leve)
2026-06,LightVehicles,leve,FIAT,STRADA RANCH D/C 1,ICE,1,Aduana PY datos abiertos,NCM 8704.31 GVW≤5t pickup/camioneta
2026-06,LightVehicles,leve,FOTON,TUNLAND V7 LUXURY,ICE,1,Aduana PY datos abiertos,NCM 8704.21 GVW≤5t pickup/camioneta
2026-06,LightVehicles,leve,FOTON,TUNLAND V9 ULTIMATE,ICE,1,Aduana PY datos abiertos,NCM 8704.21 GVW≤5t pickup/camioneta
2026-06,LightVehicles,leve,GAC,SE PICKUP C-MT COMFORT,ICE,1,Aduana PY datos abiertos,NCM 8704.31 GVW≤5t pickup/camioneta
2026-06,LightVehicles,leve,HONDA,CR-V,ICE,1,Aduana PY datos abiertos,NCM 8703 automóvil/turismo (default leve)
2026-06,LightVehicles,leve,HYUNDAI,H1,ICE,1,Aduana PY datos abiertos,NCM 8704.21 GVW≤5t pickup/camioneta
2026-06,LightVehicles,leve,IVECO,(sin modelo),ICE,1,Aduana PY datos abiertos,NCM 8704.21 GVW≤5t pickup/camioneta
2026-06,LightVehicles,leve,JEEP,COMMANDER LIMITED 1,ICE,1,Aduana PY datos abiertos,NCM 8703 automóvil/turismo (default leve)
2026-06,LightVehicles,leve,JEEP,COMMANDER OVERLAND 1,ICE,1,Aduana PY datos abiertos,NCM 8703 automóvil/turismo (default leve)
2026-06,LightVehicles,leve,LAND ROVER,(sin modelo),PHEV,1,Aduana PY datos abiertos,NCM 8703 automóvil/turismo (default leve)
2026-06,LightVehicles,leve,LAND ROVER,AUTOBIOGRAPHY LWB,ICE,1,Aduana PY datos abiertos,NCM 8703 automóvil/turismo (default leve)
2026-06,LightVehicles,leve,LEXUS,(sin modelo),ICE,1,Aduana PY datos abiertos,NCM 8703 automóvil/turismo (default leve)
2026-06,LightVehicles,leve,LEXUS,IS 300,ICE,1,Aduana PY datos abiertos,NCM 8703 automóvil/turismo (default leve)
2026-06,LightVehicles,leve,LEXUS,LS350,ICE,1,Aduana PY datos abiertos,NCM 8703 automóvil/turismo (default leve)
2026-06,LightVehicles,leve,MAZDA,CX-3,ICE,1,Aduana PY datos abiertos,NCM 8703 automóvil/turismo (default leve)
2026-06,LightVehicles,leve,MERCEDES-BENZ,609 D,ICE,1,Aduana PY datos abiertos,NCM 8704.21 GVW≤5t pickup/camioneta
2026-06,LightVehicles,leve,MERCEDES-BENZ,711D,ICE,1,Aduana PY datos abiertos,NCM 8704.21 GVW≤5t pickup/camioneta
2026-06,LightVehicles,leve,MERCEDES-BENZ,809,ICE,1,Aduana PY datos abiertos,NCM 8704.21 GVW≤5t pickup/camioneta
2026-06,LightVehicles,leve,MERCEDES-BENZ,ATEGO 818,ICE,1,Aduana PY datos abiertos,NCM 8704.21 GVW≤5t pickup/camioneta
2026-06,LightVehicles,leve,MERCEDES-BENZ,GLA 200 D CON,ICE,1,Aduana PY datos abiertos,NCM 8703 automóvil/turismo (default leve)
2026-06,LightVehicles,leve,MERCEDES-BENZ,S350D A/O,ICE,1,Aduana PY datos abiertos,NCM 8703 automóvil/turismo (default leve)
2026-06,LightVehicles,leve,POLARIS,EZR-25 PRO R,ICE,1,Aduana PY datos abiertos,NCM 8703 automóvil/turismo (default leve)
2026-06,LightVehicles,leve,POLARIS,RGR-24 1 K,ICE,1,Aduana PY datos abiertos,NCM 8704.31 GVW≤5t pickup/camioneta
2026-06,LightVehicles,leve,POLARIS,RGR-25 CREW 570,ICE,1,Aduana PY datos abiertos,NCM 8704.31 GVW≤5t pickup/camioneta
2026-06,LightVehicles,leve,PORSCHE,CAYENNE S,PHEV,1,Aduana PY datos abiertos,NCM 8703 automóvil/turismo (default leve)
2026-06,LightVehicles,leve,PORSCHE,MACAN 4S,BEV,1,Aduana PY datos abiertos,NCM 8703 automóvil/turismo (default leve)
2026-06,LightVehicles,leve,RENAULT,MASTER,ICE,1,Aduana PY datos abiertos,NCM 8704.21 GVW≤5t pickup/camioneta
2026-06,LightVehicles,leve,SCANIA,P124-400,ICE,1,Aduana PY datos abiertos,NCM 8704.21 GVW≤5t pickup/camioneta
2026-06,LightVehicles,leve,SCANIA,P124-420,ICE,1,Aduana PY datos abiertos,NCM 8704.21 GVW≤5t pickup/camioneta
2026-06,LightVehicles,leve,SMART,FORTWO CABRIO,ICE,1,Aduana PY datos abiertos,NCM 8703 automóvil/turismo (default leve)
2026-06,LightVehicles,leve,SOUEAST,(sin modelo),ICE,1,Aduana PY datos abiertos,NCM 8703 automóvil/turismo (default leve)
2026-06,LightVehicles,leve,SUBARU,CROSSTREK,OTHERS,1,Aduana PY datos abiertos,NCM 8703 automóvil/turismo (default leve)
2026-06,LightVehicles,leve,SUBARU,FORESTER 2,HEV,1,Aduana PY datos abiertos,NCM 8703 automóvil/turismo (default leve)
2026-06,LightVehicles,leve,SUBARU,WRX SDN WRX TS ES CVT VBHFLB8 E3 RF,ICE,1,Aduana PY datos abiertos,NCM 8703 automóvil/turismo (default leve)
2026-06,LightVehicles,leve,TOYOTA,GRAND HIGHLANDER,HEV,1,Aduana PY datos abiertos,NCM 8703 automóvil/turismo (default leve)
2026-06,LightVehicles,leve,TOYOTA,PRADO PREMIUM,HEV,1,Aduana PY datos abiertos,NCM 8703 automóvil/turismo (default leve)
2026-06,LightVehicles,leve,TOYOTA,SEQUOIA,HEV,1,Aduana PY datos abiertos,NCM 8703 automóvil/turismo (default leve)
2026-06,LightVehicles,leve,TOYOTA,TACOMA A/O,ICE,1,Aduana PY datos abiertos,NCM 8704.31 GVW≤5t pickup/camioneta
2026-06,LightVehicles,leve,TOYOTA,TACOMA TRD,HEV,1,Aduana PY datos abiertos,8704 + pickup/camioneta keyword
2026-06,LightVehicles,leve,TOYOTA,TACOMA TRD SPORT,HEV,1,Aduana PY datos abiertos,8704 + pickup/camioneta keyword
2026-06,LightVehicles,leve,VOLVO,EC40,BEV,1,Aduana PY datos abiertos,NCM 8703 automóvil/turismo (default leve)
2026-06,LightVehicles,leve,YAMAHA,(sin modelo),ICE,1,Aduana PY datos abiertos,NCM 8703 automóvil/turismo (default leve)
2026-06,LightVehicles,pesado,HENGTOP,HT-6T,ICE,1,Aduana PY datos abiertos,NCM 8704.22 typically GVW>5t
2026-06,LightVehicles,pesado,IVECO,TECTOR 17 280,ICE,1,Aduana PY datos abiertos,NCM 8704.22 typically GVW>5t
2026-06,LightVehicles,pesado,JAC,LE112,ICE,1,Aduana PY datos abiertos,NCM 8704.22 typically GVW>5t
2026-06,LightVehicles,pesado,MERCEDES-BENZ,1223,ICE,1,Aduana PY datos abiertos,NCM 8704.22 typically GVW>5t
2026-06,LightVehicles,pesado,MERCEDES-BENZ,818,ICE,1,Aduana PY datos abiertos,NCM 8704.22 typically GVW>5t
2026-06,LightVehicles,pesado,MERCEDES-BENZ,DELO,ICE,1,Aduana PY datos abiertos,NCM 8704.22 typically GVW>5t
2026-06,LightVehicles,pesado,MERCEDES-BENZ,DELO ATEGO 815,ICE,1,Aduana PY datos abiertos,NCM 8704.22 typically GVW>5t
2026-06,LightVehicles,pesado,MERCEDES-BENZ,DELO ATEGO 817,ICE,1,Aduana PY datos abiertos,NCM 8704.22 typically GVW>5t
2026-06,LightVehicles,pesado,SCANIA,P114-380 A/O,ICE,1,Aduana PY datos abiertos,NCM 8704.23 typically GVW>5t
2026-06,LightVehicles,pesado,SCANIA,P310,ICE,1,Aduana PY datos abiertos,NCM 8704.22 typically GVW>5t
2026-06,LightVehicles,pesado,SCANIA,P93,ICE,1,Aduana PY datos abiertos,NCM 8704.22 typically GVW>5t
2026-06,LightVehicles,pesado,SCANIA,R310,ICE,1,Aduana PY datos abiertos,NCM 8704.22 typically GVW>5t
2026-06,LightVehicles,recreativo,CAN-AM,OUTL PRO HD5 TN INT 26,ICE,1,Aduana PY datos abiertos,keyword ATV/UTV/carrito golf/snow
2026-06,LightVehicles,recreativo,CAN-AM,OUTLANDER MAX XT 700 GY INT 26,ICE,1,Aduana PY datos abiertos,keyword ATV/UTV/carrito golf/snow
2026-06,LightVehicles,recreativo,MARYLAND,(sin modelo),ICE,1,Aduana PY datos abiertos,NCM 8703.10
2026-06,LightVehicles,recreativo,POLARIS,ATV-24 OUTLAW 70,ICE,1,Aduana PY datos abiertos,keyword ATV/UTV/carrito golf/snow
2026-07,LightVehicles,leve,TOYOTA,VITZ,ICE,9353,Aduana PY datos abiertos,NCM 8703 automóvil/turismo (default leve)
2026-07,LightVehicles,leve,TOYOTA,RACTIS,ICE,4232,Aduana PY datos abiertos,NCM 8703 automóvil/turismo (default leve)
2026-07,LightVehicles,leve,KIA,SPORTAGE,ICE,4166,Aduana PY datos abiertos,NCM 8703 automóvil/turismo (default leve)
2026-07,LightVehicles,leve,TOYOTA,AURIS,ICE,2042,Aduana PY datos abiertos,NCM 8703 automóvil/turismo (default leve)
2026-07,LightVehicles,leve,TOYOTA,(sin modelo),ICE,1798,Aduana PY datos abiertos,NCM 8703 automóvil/turismo (default leve)
2026-07,LightVehicles,leve,TOYOTA,VOXY,ICE,1688,Aduana PY datos abiertos,passenger van/minibus (Hiace/Staria/…) counts as leve
2026-07,LightVehicles,leve,TOYOTA,PREMIO,ICE,1593,Aduana PY datos abiertos,NCM 8703 automóvil/turismo (default leve)
2026-07,LightVehicles,leve,TOYOTA,ALLION,ICE,1547,Aduana PY datos abiertos,NCM 8703 automóvil/turismo (default leve)
2026-07,LightVehicles,leve,TOYOTA,SIENTA,ICE,1479,Aduana PY datos abiertos,NCM 8703 automóvil/turismo (default leve)
2026-07,LightVehicles,leve,TOYOTA,WISH,ICE,1254,Aduana PY datos abiertos,NCM 8703 automóvil/turismo (default leve)
2026-07,LightVehicles,leve,TOYOTA,NOAH,ICE,1036,Aduana PY datos abiertos,passenger van/minibus (Hiace/Staria/…) counts as leve
2026-07,LightVehicles,leve,KENTON,(sin modelo),ICE,1015,Aduana PY datos abiertos,NCM 8703 automóvil/turismo (default leve)
2026-07,LightVehicles,leve,TOYOTA,IST,ICE,891,Aduana PY datos abiertos,NCM 8703 automóvil/turismo (default leve)
2026-07,LightVehicles,leve,MITSUBISHI,CANTER,ICE,708,Aduana PY datos abiertos,NCM 8704.21 GVW≤5t pickup/camioneta
2026-07,LightVehicles,leve,HYUNDAI,TUCSON,ICE,567,Aduana PY datos abiertos,NCM 8703 automóvil/turismo (default leve)
2026-07,LightVehicles,leve,TOYOTA,COROLLA,ICE,469,Aduana PY datos abiertos,NCM 8703 automóvil/turismo (default leve)
2026-07,LightVehicles,leve,CHEVROLET,(sin modelo),ICE,466,Aduana PY datos abiertos,NCM 8703 automóvil/turismo (default leve)
2026-07,LightVehicles,leve,HYUNDAI,SANTA FE,ICE,455,Aduana PY datos abiertos,NCM 8703 automóvil/turismo (default leve)
2026-07,LightVehicles,leve,HYUNDAI,(sin modelo),ICE,385,Aduana PY datos abiertos,NCM 8703 automóvil/turismo (default leve)
2026-07,LightVehicles,leve,MITSUBISHI,(sin modelo),ICE,342,Aduana PY datos abiertos,NCM 8704.21 GVW≤5t pickup/camioneta
2026-07,LightVehicles,leve,TOYOTA,FUNCARGO,ICE,304,Aduana PY datos abiertos,NCM 8703 automóvil/turismo (default leve)
2026-07,LightVehicles,leve,KIA,K5,ICE,294,Aduana PY datos abiertos,NCM 8703 automóvil/turismo (default leve)
2026-07,LightVehicles,leve,TOYOTA,RUSH,ICE,226,Aduana PY datos abiertos,NCM 8703 automóvil/turismo (default leve)
2026-07,LightVehicles,leve,TOYOTA,HILUX,ICE,221,Aduana PY datos abiertos,NCM 8704.21 GVW≤5t pickup/camioneta
2026-07,LightVehicles,leve,KIA,(sin modelo),ICE,211,Aduana PY datos abiertos,NCM 8703 automóvil/turismo (default leve)
2026-07,LightVehicles,leve,NISSAN,ATLAS,ICE,196,Aduana PY datos abiertos,NCM 8704.21 GVW≤5t pickup/camioneta
2026-07,LightVehicles,leve,SUZUKI,(sin modelo),ICE,187,Aduana PY datos abiertos,NCM 8703 automóvil/turismo (default leve)
2026-07,LightVehicles,leve,NISSAN,(sin modelo),ICE,182,Aduana PY datos abiertos,NCM 8703 automóvil/turismo (default leve)
2026-07,LightVehicles,leve,SUBARU,(sin modelo),ICE,175,Aduana PY datos abiertos,NCM 8703 automóvil/turismo (default leve)
2026-07,LightVehicles,leve,TOYOTA,COROLLA AXIO,ICE,170,Aduana PY datos abiertos,NCM 8703 automóvil/turismo (default leve)
2026-07,LightVehicles,leve,CHERY,T2,ICE,164,Aduana PY datos abiertos,NCM 8703 automóvil/turismo (default leve)
2026-07,LightVehicles,leve,TOYOTA,(sin modelo),HEV,161,Aduana PY datos abiertos,NCM 8703 automóvil/turismo (default leve)
2026-07,LightVehicles,leve,TOYOTA,RAV4,HEV,153,Aduana PY datos abiertos,NCM 8703 automóvil/turismo (default leve)
2026-07,LightVehicles,leve,TOYOTA,CROWN ATHLETE,ICE,147,Aduana PY datos abiertos,NCM 8703 automóvil/turismo (default leve)
2026-07,LightVehicles,leve,KIA,SORENTO,ICE,126,Aduana PY datos abiertos,NCM 8703 automóvil/turismo (default leve)
2026-07,LightVehicles,leve,TOYOTA,AQUA,HEV,126,Aduana PY datos abiertos,NCM 8703 automóvil/turismo (default leve)
2026-07,LightVehicles,leve,VOLKSWAGEN,T-CROSS 1,ICE,126,Aduana PY datos abiertos,NCM 8703 automóvil/turismo (default leve)
2026-07,LightVehicles,leve,TOYOTA,COROLLA CROSS,HEV,119,Aduana PY datos abiertos,NCM 8703 automóvil/turismo (default leve)
2026-07,LightVehicles,leve,TOYOTA,BELTA,ICE,112,Aduana PY datos abiertos,NCM 8703 automóvil/turismo (default leve)
2026-07,LightVehicles,leve,HYUNDAI,H-100,ICE,105,Aduana PY datos abiertos,NCM 8704.21 GVW≤5t pickup/camioneta
2026-07,LightVehicles,leve,MAZDA,(sin modelo),ICE,105,Aduana PY datos abiertos,NCM 8703 automóvil/turismo (default leve)
2026-07,LightVehicles,leve,TOYOTA,ALLEX,ICE,105,Aduana PY datos abiertos,NCM 8703 automóvil/turismo (default leve)
2026-07,LightVehicles,leve,JETOUR,(sin modelo),ICE,104,Aduana PY datos abiertos,NCM 8703 automóvil/turismo (default leve)
2026-07,LightVehicles,leve,KIA,PICANTO,ICE,103,Aduana PY datos abiertos,NCM 8703 automóvil/turismo (default leve)
2026-07,LightVehicles,leve,TOYOTA,FORTUNER,ICE,96,Aduana PY datos abiertos,NCM 8703 automóvil/turismo (default leve)
2026-07,LightVehicles,leve,HYUNDAI,NEW CRETA COMFORT NAFTERO 1,ICE,95,Aduana PY datos abiertos,NCM 8703 automóvil/turismo (default leve)
2026-07,LightVehicles,leve,TOYOTA,COROLLA,HEV,95,Aduana PY datos abiertos,NCM 8703 automóvil/turismo (default leve)
2026-07,LightVehicles,leve,SUBARU,TREZIA,ICE,91,Aduana PY datos abiertos,NCM 8703 automóvil/turismo (default leve)
2026-07,LightVehicles,leve,HYUNDAI,ALL NEW TUCSON,HEV,90,Aduana PY datos abiertos,NCM 8703 automóvil/turismo (default leve)
2026-07,LightVehicles,leve,KIA,K3,ICE,86,Aduana PY datos abiertos,NCM 8703 automóvil/turismo (default leve)
2026-07,LightVehicles,leve,KIA,CARENS,ICE,85,Aduana PY datos abiertos,NCM 8703 automóvil/turismo (default leve)
2026-07,LightVehicles,leve,BMW,320D,ICE,84,Aduana PY datos abiertos,NCM 8703 automóvil/turismo (default leve)
2026-07,LightVehicles,leve,HYUNDAI,GRAND STAREX,ICE,84,Aduana PY datos abiertos,NCM 8703 automóvil/turismo (default leve)
2026-07,LightVehicles,leve,SUZUKI,SWIFT,ICE,77,Aduana PY datos abiertos,NCM 8703 automóvil/turismo (default leve)
2026-07,LightVehicles,leve,HYUNDAI,ELO,ICE,72,Aduana PY datos abiertos,NCM 8703 automóvil/turismo (default leve)
2026-07,LightVehicles,leve,VOLKSWAGEN,POLO TRACK 1,ICE,71,Aduana PY datos abiertos,NCM 8703 automóvil/turismo (default leve)
2026-07,LightVehicles,pesado,MERCEDES-BENZ,ATEGO,ICE,71,Aduana PY datos abiertos,NCM 8704.22 typically GVW>5t
2026-07,LightVehicles,leve,MITSUBISHI,CANTER GUTS,ICE,70,Aduana PY datos abiertos,NCM 8704.21 GVW≤5t pickup/camioneta
2026-07,LightVehicles,recreativo,CLUB CAR,(sin modelo),ICE,70,Aduana PY datos abiertos,NCM 8703.10
2026-07,LightVehicles,leve,VOLKSWAGEN,TERA 1,ICE,69,Aduana PY datos abiertos,NCM 8703 automóvil/turismo (default leve)
2026-07,LightVehicles,leve,GEELY,COOLRAY,ICE,68,Aduana PY datos abiertos,NCM 8703 automóvil/turismo (default leve)
2026-07,LightVehicles,leve,HYUNDAI,PORTER II,ICE,63,Aduana PY datos abiertos,NCM 8704.21 GVW≤5t pickup/camioneta
2026-07,LightVehicles,leve,KIA,SOLUTO,ICE,63,Aduana PY datos abiertos,NCM 8703 automóvil/turismo (default leve)
2026-07,LightVehicles,leve,MAZDA,DEMIO,ICE,63,Aduana PY datos abiertos,NCM 8703 automóvil/turismo (default leve)
2026-07,LightVehicles,leve,TOYOTA,PASSO,ICE,63,Aduana PY datos abiertos,NCM 8703 automóvil/turismo (default leve)
2026-07,LightVehicles,leve,FIAT,STRADA ENDURANCE C/P 1,ICE,61,Aduana PY datos abiertos,NCM 8704.31 GVW≤5t pickup/camioneta
2026-07,LightVehicles,leve,HYUNDAI,NEW HB20 HATCH 1,ICE,60,Aduana PY datos abiertos,NCM 8703 automóvil/turismo (default leve)
2026-07,LightVehicles,leve,HYUNDAI,ALL NEW TUCSON,ICE,59,Aduana PY datos abiertos,NCM 8703 automóvil/turismo (default leve)
2026-07,LightVehicles,leve,KIA,MORNING,ICE,56,Aduana PY datos abiertos,NCM 8703 automóvil/turismo (default leve)
2026-07,LightVehicles,recreativo,WELIFT,(sin modelo),ICE,56,Aduana PY datos abiertos,NCM 8703.10
2026-07,LightVehicles,leve,KIA,SELTOS,ICE,54,Aduana PY datos abiertos,NCM 8703 automóvil/turismo (default leve)
2026-07,LightVehicles,leve,HONDA,(sin modelo),ICE,53,Aduana PY datos abiertos,NCM 8703 automóvil/turismo (default leve)
2026-07,LightVehicles,leve,KIA,SONET,ICE,52,Aduana PY datos abiertos,NCM 8703 automóvil/turismo (default leve)
2026-07,LightVehicles,leve,MAZDA,2027,ICE,52,Aduana PY datos abiertos,NCM 8704.21 GVW≤5t pickup/camioneta
2026-07,LightVehicles,leve,TOYOTA,LAND CRUISER,ICE,51,Aduana PY datos abiertos,NCM 8703 automóvil/turismo (default leve)
2026-07,LightVehicles,leve,FORD,MUSTANG,ICE,50,Aduana PY datos abiertos,NCM 8703 automóvil/turismo (default leve)
2026-07,LightVehicles,leve,TOYOTA,LAND CRUISER PRADO,ICE,50,Aduana PY datos abiertos,NCM 8703 automóvil/turismo (default leve)
2026-07,LightVehicles,leve,VOLKSWAGEN,(sin modelo),ICE,50,Aduana PY datos abiertos,NCM 8703 automóvil/turismo (default leve)
2026-07,LightVehicles,leve,DODGE,CHALLENGER,ICE,49,Aduana PY datos abiertos,NCM 8703 automóvil/turismo (default leve)
2026-07,LightVehicles,leve,HYUNDAI,ACCENT,ICE,49,Aduana PY datos abiertos,NCM 8703 automóvil/turismo (default leve)
2026-07,LightVehicles,leve,KIA,CARNIVAL,ICE,49,Aduana PY datos abiertos,passenger van/minibus (Hiace/Staria/…) counts as leve
2026-07,LightVehicles,leve,SUBARU,IMPREZA,ICE,49,Aduana PY datos abiertos,NCM 8703 automóvil/turismo (default leve)
2026-07,LightVehicles,leve,FIAT,FIORINO ENDURANCE 1,ICE,45,Aduana PY datos abiertos,NCM 8704.31 GVW≤5t pickup/camioneta
2026-07,LightVehicles,leve,VOLKSWAGEN,SAVEIRO ROBUST DC 1,ICE,45,Aduana PY datos abiertos,NCM 8704.31 GVW≤5t pickup/camioneta
2026-07,LightVehicles,leve,GREATWALL,JOLION PRO,HEV,44,Aduana PY datos abiertos,NCM 8703 automóvil/turismo (default leve)
2026-07,LightVehicles,leve,HYUNDAI,AVANTE,ICE,42,Aduana PY datos abiertos,NCM 8703 automóvil/turismo (default leve)
2026-07,LightVehicles,leve,MERCEDES-BENZ,ATEGO,ICE,42,Aduana PY datos abiertos,NCM 8704.21 GVW≤5t pickup/camioneta
2026-07,LightVehicles,leve,MITSUBISHI,CANTER GUTS DIESEL,ICE,42,Aduana PY datos abiertos,NCM 8704.21 GVW≤5t pickup/camioneta
2026-07,LightVehicles,leve,TOYOTA,CROWN,ICE,42,Aduana PY datos abiertos,NCM 8703 automóvil/turismo (default leve)
2026-07,LightVehicles,leve,TOYOTA,IQ,ICE,42,Aduana PY datos abiertos,NCM 8703 automóvil/turismo (default leve)
2026-07,LightVehicles,leve,TOYOTA,MARK X,ICE,42,Aduana PY datos abiertos,NCM 8703 automóvil/turismo (default leve)
2026-07,LightVehicles,pesado,SCANIA,(sin modelo),ICE,42,Aduana PY datos abiertos,NCM 8704.22 typically GVW>5t
2026-07,LightVehicles,leve,ISUZU,ELO,ICE,41,Aduana PY datos abiertos,NCM 8704.21 GVW≤5t pickup/camioneta
2026-07,LightVehicles,leve,CHERY,T8 PRO 1,ICE,40,Aduana PY datos abiertos,NCM 8703 automóvil/turismo (default leve)
2026-07,LightVehicles,leve,CHEVROLET,SPARK EUV,BEV,40,Aduana PY datos abiertos,NCM 8703 automóvil/turismo (default leve)
2026-07,LightVehicles,leve,NISSAN,KAIT ADVANCE PLUS CVT - FLEX,ICE,40,Aduana PY datos abiertos,NCM 8703 automóvil/turismo (default leve)
2026-07,LightVehicles,recreativo,HEBEI,(sin modelo),ICE,40,Aduana PY datos abiertos,NCM 8703.10
2026-07,LightVehicles,leve,FIAT,ARGO TREKKING 1,ICE,37,Aduana PY datos abiertos,NCM 8703 automóvil/turismo (default leve)
2026-07,LightVehicles,leve,KIA,K2700,ICE,37,Aduana PY datos abiertos,NCM 8704.21 GVW≤5t pickup/camioneta
2026-07,LightVehicles,leve,CHEVROLET,S10 CABINA DOBLE WORK TRUCK,ICE,36,Aduana PY datos abiertos,NCM 8704.21 GVW≤5t pickup/camioneta
2026-07,LightVehicles,leve,ICAUR,V27,PHEV,36,Aduana PY datos abiertos,NCM 8703 automóvil/turismo (default leve)
2026-07,LightVehicles,leve,BAIC,(sin modelo),ICE,35,Aduana PY datos abiertos,NCM 8703 automóvil/turismo (default leve)
2026-07,LightVehicles,leve,BMW,(sin modelo),ICE,35,Aduana PY datos abiertos,NCM 8703 automóvil/turismo (default leve)
2026-07,LightVehicles,leve,HYUNDAI,NEW GRAND I10,ICE,35,Aduana PY datos abiertos,NCM 8703 automóvil/turismo (default leve)
2026-07,LightVehicles,leve,MERCEDES-BENZ,C300,ICE,35,Aduana PY datos abiertos,NCM 8703 automóvil/turismo (default leve)
2026-07,LightVehicles,leve,NISSAN,FAIRLADY Z,ICE,35,Aduana PY datos abiertos,NCM 8703 automóvil/turismo (default leve)
2026-07,LightVehicles,leve,TOYOTA,AURIS,HEV,35,Aduana PY datos abiertos,NCM 8703 automóvil/turismo (default leve)
2026-07,LightVehicles,leve,TOYOTA,GT86,ICE,35,Aduana PY datos abiertos,NCM 8703 automóvil/turismo (default leve)
2026-07,LightVehicles,leve,TOYOTA,RUNX,ICE,35,Aduana PY datos abiertos,NCM 8703 automóvil/turismo (default leve)
2026-07,LightVehicles,pesado,SCANIA,P94,ICE,35,Aduana PY datos abiertos,NCM 8704.22 typically GVW>5t
2026-07,LightVehicles,leve,DEEPAL,DEEPAL MODELO,PHEV,34,Aduana PY datos abiertos,NCM 8703 automóvil/turismo (default leve)
2026-07,LightVehicles,leve,FIAT,TORO FREEDOM D/C 1,ICE,32,Aduana PY datos abiertos,NCM 8704.31 GVW≤5t pickup/camioneta
2026-07,LightVehicles,leve,FIAT,STRADA VOLCANO D/C 1,ICE,31,Aduana PY datos abiertos,NCM 8704.31 GVW≤5t pickup/camioneta
2026-07,LightVehicles,leve,CHERY,T8 PRO 1,PHEV,30,Aduana PY datos abiertos,NCM 8703 automóvil/turismo (default leve)
2026-07,LightVehicles,leve,FIAT,STRADA ULTRA D/C 1,ICE,30,Aduana PY datos abiertos,NCM 8704.31 GVW≤5t pickup/camioneta
2026-07,LightVehicles,leve,CHEVROLET,S10 WT,ICE,29,Aduana PY datos abiertos,NCM 8704.21 GVW≤5t pickup/camioneta
2026-07,LightVehicles,leve,VOLKSWAGEN,SAVEIRO EXTREME DC 1,ICE,29,Aduana PY datos abiertos,NCM 8704.31 GVW≤5t pickup/camioneta
2026-07,LightVehicles,pesado,MERCEDES-BENZ,ATEGO 815,ICE,29,Aduana PY datos abiertos,NCM 8704.22 typically GVW>5t
2026-07,LightVehicles,leve,CHEVROLET,CAMARO,ICE,28,Aduana PY datos abiertos,NCM 8703 automóvil/turismo (default leve)
2026-07,LightVehicles,leve,MERCEDES-BENZ,(sin modelo),ICE,28,Aduana PY datos abiertos,NCM 8703 automóvil/turismo (default leve)
2026-07,LightVehicles,leve,MERCEDES-BENZ,C200,ICE,28,Aduana PY datos abiertos,NCM 8703 automóvil/turismo (default leve)
2026-07,LightVehicles,leve,MITSUBISHI,FUSO CANTER GUTS,ICE,28,Aduana PY datos abiertos,NCM 8704.21 GVW≤5t pickup/camioneta
2026-07,LightVehicles,leve,NISSAN,MARCH,ICE,28,Aduana PY datos abiertos,NCM 8703 automóvil/turismo (default leve)
2026-07,LightVehicles,leve,RAM,DAKOTA BIGHORN 2,ICE,28,Aduana PY datos abiertos,NCM 8704.21 GVW≤5t pickup/camioneta
2026-07,LightVehicles,leve,TOYOTA,AQUA,ICE,28,Aduana PY datos abiertos,NCM 8703 automóvil/turismo (default leve)
2026-07,LightVehicles,leve,TOYOTA,AVENSIS,ICE,28,Aduana PY datos abiertos,NCM 8703 automóvil/turismo (default leve)
2026-07,LightVehicles,leve,TOYOTA,CALDINA,ICE,28,Aduana PY datos abiertos,NCM 8703 automóvil/turismo (default leve)
2026-07,LightVehicles,leve,TOYOTA,CROWN ROYAL SALOON,ICE,28,Aduana PY datos abiertos,NCM 8703 automóvil/turismo (default leve)
2026-07,LightVehicles,leve,TOYOTA,HIACE,ICE,28,Aduana PY datos abiertos,passenger van/minibus (Hiace/Staria/…) counts as leve
2026-07,LightVehicles,leve,TOYOTA,HIACE REGIUS,ICE,28,Aduana PY datos abiertos,passenger van/minibus (Hiace/Staria/…) counts as leve
2026-07,LightVehicles,leve,TOYOTA,REGIUS,ICE,28,Aduana PY datos abiertos,NCM 8703 automóvil/turismo (default leve)
2026-07,LightVehicles,leve,TOYOTA,TOWNACE,ICE,28,Aduana PY datos abiertos,NCM 8703 automóvil/turismo (default leve)
2026-07,LightVehicles,pesado,MERCEDES-BENZ,(sin modelo),ICE,28,Aduana PY datos abiertos,NCM 8704.22 typically GVW>5t
2026-07,LightVehicles,leve,FIAT,FASTBACK IMPETUS MILD,ICE,27,Aduana PY datos abiertos,NCM 8703 automóvil/turismo (default leve)
2026-07,LightVehicles,leve,FORD,EVEREST 2,ICE,27,Aduana PY datos abiertos,NCM 8703 automóvil/turismo (default leve)
2026-07,LightVehicles,leve,ISUZU,QMR77L-HH5AYN,ICE,27,Aduana PY datos abiertos,NCM 8704.21 GVW≤5t pickup/camioneta
2026-07,LightVehicles,pesado,MERCEDES-BENZ,815,ICE,27,Aduana PY datos abiertos,NCM 8704.22 typically GVW>5t
2026-07,LightVehicles,leve,RAM,RAMPAGE BIGHORN 2,ICE,26,Aduana PY datos abiertos,NCM 8704.21 GVW≤5t pickup/camioneta
2026-07,LightVehicles,leve,VOLKSWAGEN,SAVEIRO ROBUST SC 1,ICE,26,Aduana PY datos abiertos,NCM 8704.31 GVW≤5t pickup/camioneta
2026-07,LightVehicles,leve,GREATWALL,(sin modelo),ICE,25,Aduana PY datos abiertos,NCM 8703 automóvil/turismo (default leve)
2026-07,LightVehicles,leve,GREATWALL,H6 GT,PHEV,25,Aduana PY datos abiertos,NCM 8703 automóvil/turismo (default leve)
2026-07,LightVehicles,leve,HYUNDAI,NEW CRETA PLATINUM NAFTERO 1,ICE,25,Aduana PY datos abiertos,NCM 8703 automóvil/turismo (default leve)
2026-07,LightVehicles,leve,HYUNDAI,VENUE,ICE,25,Aduana PY datos abiertos,NCM 8703 automóvil/turismo (default leve)
2026-07,LightVehicles,leve,NISSAN,KAIT SENSE CVT - FLEX,ICE,25,Aduana PY datos abiertos,NCM 8703 automóvil/turismo (default leve)
2026-07,LightVehicles,leve,CITROEN,(sin modelo),ICE,24,Aduana PY datos abiertos,NCM 8703 automóvil/turismo (default leve)
2026-07,LightVehicles,leve,FORD,RANGER RAPTOR DC 3,ICE,22,Aduana PY datos abiertos,NCM 8704.31 GVW≤5t pickup/camioneta
2026-07,LightVehicles,leve,FORD,TERRITORY 1,ICE,22,Aduana PY datos abiertos,NCM 8703 automóvil/turismo (default leve)
2026-07,LightVehicles,leve,MG,ZS LUX,HEV,22,Aduana PY datos abiertos,NCM 8703 automóvil/turismo (default leve)
2026-07,LightVehicles,leve,VOLVO,EX30,BEV,22,Aduana PY datos abiertos,NCM 8703 automóvil/turismo (default leve)
2026-07,LightVehicles,pesado,SCANIA,P310,ICE,22,Aduana PY datos abiertos,NCM 8704.22 typically GVW>5t
2026-07,LightVehicles,leve,DAIHATSU,MOVE,ICE,21,Aduana PY datos abiertos,NCM 8703 automóvil/turismo (default leve)
2026-07,LightVehicles,leve,FORD,MUSTANG GT,ICE,21,Aduana PY datos abiertos,NCM 8703 automóvil/turismo (default leve)
2026-07,LightVehicles,leve,JIM,(sin modelo),ICE,21,Aduana PY datos abiertos,NCM 8704.21 GVW≤5t pickup/camioneta
2026-07,LightVehicles,leve,MERCEDES-BENZ,ATEGO 818,ICE,21,Aduana PY datos abiertos,NCM 8704.21 GVW≤5t pickup/camioneta
2026-07,LightVehicles,leve,MERCEDES-BENZ,E350,ICE,21,Aduana PY datos abiertos,NCM 8703 automóvil/turismo (default leve)
2026-07,LightVehicles,leve,MINI,COOPER,ICE,21,Aduana PY datos abiertos,NCM 8703 automóvil/turismo (default leve)
2026-07,LightVehicles,leve,MITSUBISHI,CANTER CUSTOM,ICE,21,Aduana PY datos abiertos,NCM 8704.21 GVW≤5t pickup/camioneta
2026-07,LightVehicles,leve,NISSAN,EL MARCH,ICE,21,Aduana PY datos abiertos,NCM 8703 automóvil/turismo (default leve)
2026-07,LightVehicles,leve,SUBARU,IMPREZA WRX S4 GT,ICE,21,Aduana PY datos abiertos,NCM 8703 automóvil/turismo (default leve)
2026-07,LightVehicles,leve,TOYOTA,BLADE,ICE,21,Aduana PY datos abiertos,NCM 8703 automóvil/turismo (default leve)
2026-07,LightVehicles,leve,TOYOTA,CELICA,ICE,21,Aduana PY datos abiertos,NCM 8703 automóvil/turismo (default leve)
2026-07,LightVehicles,leve,TOYOTA,GRAND HIACE,ICE,21,Aduana PY datos abiertos,passenger van/minibus (Hiace/Staria/…) counts as leve
2026-07,LightVehicles,leve,TOYOTA,GRANVIA,ICE,21,Aduana PY datos abiertos,NCM 8703 automóvil/turismo (default leve)
2026-07,LightVehicles,leve,TOYOTA,HIACE GRAND CABIN G,ICE,21,Aduana PY datos abiertos,passenger van/minibus (Hiace/Staria/…) counts as leve
2026-07,LightVehicles,leve,TOYOTA,ISIS,ICE,21,Aduana PY datos abiertos,NCM 8703 automóvil/turismo (default leve)
2026-07,LightVehicles,leve,TOYOTA,PLATZ,ICE,21,Aduana PY datos abiertos,NCM 8703 automóvil/turismo (default leve)
2026-07,LightVehicles,leve,TOYOTA,PRIUS,HEV,21,Aduana PY datos abiertos,NCM 8703 automóvil/turismo (default leve)
2026-07,LightVehicles,leve,TOYOTA,SIENTA,HEV,21,Aduana PY datos abiertos,NCM 8703 automóvil/turismo (default leve)
2026-07,LightVehicles,leve,TOYOTA,YARIS,ICE,21,Aduana PY datos abiertos,NCM 8703 automóvil/turismo (default leve)
2026-07,LightVehicles,pesado,SCANIA,P 94,ICE,21,Aduana PY datos abiertos,NCM 8704.22 typically GVW>5t
2026-07,LightVehicles,leve,CHERY,(sin modelo),ICE,20,Aduana PY datos abiertos,NCM 8703 automóvil/turismo (default leve)
2026-07,LightVehicles,leve,HYUNDAI,NEW HB20S 1,ICE,20,Aduana PY datos abiertos,NCM 8703 automóvil/turismo (default leve)
2026-07,LightVehicles,leve,TOYOTA,YARIS CROSS,ICE,20,Aduana PY datos abiertos,NCM 8703 automóvil/turismo (default leve)
2026-07,LightVehicles,leve,VOLKSWAGEN,POLO HIGHLINE 1,ICE,20,Aduana PY datos abiertos,NCM 8703 automóvil/turismo (default leve)
2026-07,LightVehicles,leve,FIAT,STRADA RANCH D/C 1,ICE,19,Aduana PY datos abiertos,NCM 8704.31 GVW≤5t pickup/camioneta
2026-07,LightVehicles,leve,KGM,TIVOLI,ICE,19,Aduana PY datos abiertos,NCM 8703 automóvil/turismo (default leve)
2026-07,LightVehicles,leve,CHERY,T4 PRO 1,HEV,18,Aduana PY datos abiertos,NCM 8703 automóvil/turismo (default leve)
2026-07,LightVehicles,leve,CHEVROLET,CAPTIVA EV,BEV,18,Aduana PY datos abiertos,NCM 8703 automóvil/turismo (default leve)
2026-07,LightVehicles,leve,HYUNDAI,NEW GRAND I10 HATCHBACK NAFT,ICE,18,Aduana PY datos abiertos,NCM 8703 automóvil/turismo (default leve)
2026-07,LightVehicles,leve,JEEP,COMPASS SPORT 1,ICE,18,Aduana PY datos abiertos,NCM 8703 automóvil/turismo (default leve)
2026-07,LightVehicles,leve,JMEV,EV2,BEV,18,Aduana PY datos abiertos,NCM 8703 automóvil/turismo (default leve)
2026-07,LightVehicles,leve,NISSAN,QASHQAI SENSE,ICE,18,Aduana PY datos abiertos,NCM 8703 automóvil/turismo (default leve)
2026-07,LightVehicles,leve,GREATWALL,NEW H6 HEV,HEV,17,Aduana PY datos abiertos,NCM 8703 automóvil/turismo (default leve)
2026-07,LightVehicles,leve,MG,ONE TROPHY,ICE,17,Aduana PY datos abiertos,NCM 8703 automóvil/turismo (default leve)
2026-07,LightVehicles,leve,CHEVROLET,TRACKER LTZ,ICE,16,Aduana PY datos abiertos,NCM 8703 automóvil/turismo (default leve)
2026-07,LightVehicles,leve,ISUZU,QLR77L-EE1AYN,ICE,16,Aduana PY datos abiertos,NCM 8704.21 GVW≤5t pickup/camioneta
2026-07,LightVehicles,leve,NISSAN,KAIT EXCLUSIVE CVT - FLEX,ICE,16,Aduana PY datos abiertos,NCM 8703 automóvil/turismo (default leve)
2026-07,LightVehicles,leve,TOYOTA,4RUNNER,HEV,16,Aduana PY datos abiertos,NCM 8703 automóvil/turismo (default leve)
2026-07,LightVehicles,leve,CHERY,T7 PRO 1,PHEV,15,Aduana PY datos abiertos,NCM 8703 automóvil/turismo (default leve)
2026-07,LightVehicles,leve,FIAT,STRADA FREEDOM D/C 1,ICE,15,Aduana PY datos abiertos,NCM 8704.31 GVW≤5t pickup/camioneta
2026-07,LightVehicles,leve,GREATWALL,NEW H6 PHEV,PHEV,15,Aduana PY datos abiertos,NCM 8703 automóvil/turismo (default leve)
2026-07,LightVehicles,leve,PEUGEOT,(sin modelo),ICE,15,Aduana PY datos abiertos,NCM 8703 automóvil/turismo (default leve)
2026-07,LightVehicles,leve,RAM,DAKOTA WARLOCK 2,ICE,15,Aduana PY datos abiertos,NCM 8704.21 GVW≤5t pickup/camioneta
2026-07,LightVehicles,leve,TOYOTA,TUNDRA,ICE,15,Aduana PY datos abiertos,NCM 8704.31 GVW≤5t pickup/camioneta
2026-07,LightVehicles,leve,BMW,X5,ICE,14,Aduana PY datos abiertos,NCM 8703 automóvil/turismo (default leve)
2026-07,LightVehicles,leve,CHEVROLET,CRUZE,ICE,14,Aduana PY datos abiertos,NCM 8703 automóvil/turismo (default leve)
2026-07,LightVehicles,leve,CHEVROLET,SILVERADO,ICE,14,Aduana PY datos abiertos,NCM 8704.31 GVW≤5t pickup/camioneta
2026-07,LightVehicles,leve,DAIHATSU,BEGO,ICE,14,Aduana PY datos abiertos,NCM 8703 automóvil/turismo (default leve)
2026-07,LightVehicles,leve,FORD,(sin modelo),ICE,14,Aduana PY datos abiertos,NCM 8703 automóvil/turismo (default leve)
2026-07,LightVehicles,leve,FORD,RANGER 3,ICE,14,Aduana PY datos abiertos,NCM 8704.21 GVW≤5t pickup/camioneta
2026-07,LightVehicles,leve,HINO,DUTRO,ICE,14,Aduana PY datos abiertos,NCM 8704.21 GVW≤5t pickup/camioneta
2026-07,LightVehicles,leve,HINO,RANGER,ICE,14,Aduana PY datos abiertos,NCM 8704.21 GVW≤5t pickup/camioneta
2026-07,LightVehicles,leve,HYUNDAI,PALISADE,ICE,14,Aduana PY datos abiertos,NCM 8703 automóvil/turismo (default leve)
2026-07,LightVehicles,leve,KIA,ELO,ICE,14,Aduana PY datos abiertos,NCM 8703 automóvil/turismo (default leve)
2026-07,LightVehicles,leve,MAZDA,CX-5,ICE,14,Aduana PY datos abiertos,NCM 8703 automóvil/turismo (default leve)
2026-07,LightVehicles,leve,MERCEDES-BENZ,814,ICE,14,Aduana PY datos abiertos,NCM 8704.21 GVW≤5t pickup/camioneta
2026-07,LightVehicles,leve,MERCEDES-BENZ,ATEGO 715,ICE,14,Aduana PY datos abiertos,NCM 8704.21 GVW≤5t pickup/camioneta
2026-07,LightVehicles,leve,MERCEDES-BENZ,C220 CDI,ICE,14,Aduana PY datos abiertos,NCM 8703 automóvil/turismo (default leve)
2026-07,LightVehicles,leve,MERCEDES-BENZ,E550,ICE,14,Aduana PY datos abiertos,NCM 8703 automóvil/turismo (default leve)
2026-07,LightVehicles,leve,MERCEDES-BENZ,GLC 300,ICE,14,Aduana PY datos abiertos,NCM 8703 automóvil/turismo (default leve)
2026-07,LightVehicles,leve,MERCEDES-BENZ,GLC300,ICE,14,Aduana PY datos abiertos,NCM 8703 automóvil/turismo (default leve)
2026-07,LightVehicles,leve,MITSUBISHI,CANTER FUSO,ICE,14,Aduana PY datos abiertos,NCM 8704.21 GVW≤5t pickup/camioneta
2026-07,LightVehicles,leve,NISSAN,DATSUN,ICE,14,Aduana PY datos abiertos,NCM 8704.21 GVW≤5t pickup/camioneta
2026-07,LightVehicles,leve,NISSAN,JUKE,ICE,14,Aduana PY datos abiertos,NCM 8703 automóvil/turismo (default leve)
2026-07,LightVehicles,leve,NISSAN,NEW KICKS 220T EXCLUSIVE 6 DCT - FLEX FLEX,ICE,14,Aduana PY datos abiertos,NCM 8703 automóvil/turismo (default leve)
2026-07,LightVehicles,leve,NISSAN,SKYLINE,ICE,14,Aduana PY datos abiertos,NCM 8703 automóvil/turismo (default leve)
2026-07,LightVehicles,leve,NISSAN,VANETTE,ICE,14,Aduana PY datos abiertos,NCM 8703 automóvil/turismo (default leve)
2026-07,LightVehicles,leve,SUBARU,IMPREZA WRX STI,ICE,14,Aduana PY datos abiertos,NCM 8703 automóvil/turismo (default leve)
2026-07,LightVehicles,leve,SUBARU,WRX,ICE,14,Aduana PY datos abiertos,NCM 8703 automóvil/turismo (default leve)
2026-07,LightVehicles,leve,SUBARU,WRX S4,ICE,14,Aduana PY datos abiertos,NCM 8703 automóvil/turismo (default leve)
2026-07,LightVehicles,leve,SUZUKI,ESCUDO,ICE,14,Aduana PY datos abiertos,NCM 8703 automóvil/turismo (default leve)
2026-07,LightVehicles,leve,TOYOTA,COROLLA FIELDER,ICE,14,Aduana PY datos abiertos,NCM 8703 automóvil/turismo (default leve)
2026-07,LightVehicles,leve,TOYOTA,DYNA,ICE,14,Aduana PY datos abiertos,NCM 8704.21 GVW≤5t pickup/camioneta
2026-07,LightVehicles,leve,TOYOTA,HIACE SUPER CUSTOM,ICE,14,Aduana PY datos abiertos,passenger van/minibus (Hiace/Staria/…) counts as leve
2026-07,LightVehicles,leve,TOYOTA,HIACE SUPER GL,ICE,14,Aduana PY datos abiertos,passenger van/minibus (Hiace/Staria/…) counts as leve
2026-07,LightVehicles,leve,TOYOTA,PREMIO NAFTERO,ICE,14,Aduana PY datos abiertos,NCM 8703 automóvil/turismo (default leve)
2026-07,LightVehicles,leve,VOLKSWAGEN,GOLF,ICE,14,Aduana PY datos abiertos,NCM 8703 automóvil/turismo (default leve)
2026-07,LightVehicles,leve,VOLKSWAGEN,GTI,ICE,14,Aduana PY datos abiertos,NCM 8703 automóvil/turismo (default leve)
2026-07,LightVehicles,pesado,MERCEDES-BENZ,2027,ICE,14,Aduana PY datos abiertos,NCM 8704.22 typically GVW>5t
2026-07,LightVehicles,pesado,MERCEDES-BENZ,ATEGO 818,ICE,14,Aduana PY datos abiertos,NCM 8704.22 typically GVW>5t
2026-07,LightVehicles,pesado,SCANIA,P114,ICE,14,Aduana PY datos abiertos,NCM 8704.22 typically GVW>5t
2026-07,LightVehicles,pesado,SCANIA,P230,ICE,14,Aduana PY datos abiertos,NCM 8704.22 typically GVW>5t
2026-07,LightVehicles,pesado,SCANIA,P270,ICE,14,Aduana PY datos abiertos,NCM 8704.22 typically GVW>5t
2026-07,LightVehicles,pesado,SCANIA,P94 - 260,ICE,14,Aduana PY datos abiertos,NCM 8704.22 typically GVW>5t
2026-07,LightVehicles,pesado,SCANIA,P94/220,ICE,14,Aduana PY datos abiertos,NCM 8704.22 typically GVW>5t
2026-07,LightVehicles,pesado,SCANIA,R420,ICE,14,Aduana PY datos abiertos,NCM 8704.22 typically GVW>5t
2026-07,LightVehicles,leve,FIAT,PULSE DRIVE 1,ICE,13,Aduana PY datos abiertos,NCM 8703 automóvil/turismo (default leve)
2026-07,LightVehicles,leve,MAHINDRA,S6,ICE,13,Aduana PY datos abiertos,NCM 8704.21 GVW≤5t pickup/camioneta
2026-07,LightVehicles,leve,VOLKSWAGEN,NIVUS 1,ICE,13,Aduana PY datos abiertos,NCM 8703 automóvil/turismo (default leve)
2026-07,LightVehicles,pesado,FAW,TIGER 3,ICE,13,Aduana PY datos abiertos,NCM 8704.22 typically GVW>5t
2026-07,LightVehicles,leve,CHEVROLET,S10 HIGH COUNTRY,ICE,12,Aduana PY datos abiertos,NCM 8704.21 GVW≤5t pickup/camioneta
2026-07,LightVehicles,leve,CHEVROLET,SONIC RS 1,ICE,12,Aduana PY datos abiertos,NCM 8703 automóvil/turismo (default leve)
2026-07,LightVehicles,leve,GEELY,CITYRAY,ICE,12,Aduana PY datos abiertos,NCM 8703 automóvil/turismo (default leve)
2026-07,LightVehicles,leve,GEELY,EX5,PHEV,12,Aduana PY datos abiertos,NCM 8703 automóvil/turismo (default leve)
2026-07,LightVehicles,leve,MAHINDRA,XUV 3XO MX3,ICE,12,Aduana PY datos abiertos,NCM 8703 automóvil/turismo (default leve)
2026-07,LightVehicles,leve,RENAULT,(sin modelo),ICE,12,Aduana PY datos abiertos,NCM 8704.31 GVW≤5t pickup/camioneta
2026-07,LightVehicles,leve,CHEVROLET,S10 CABINA DOBLE Z71,ICE,11,Aduana PY datos abiertos,NCM 8704.21 GVW≤5t pickup/camioneta
2026-07,LightVehicles,leve,LEXUS,(sin modelo),HEV,11,Aduana PY datos abiertos,NCM 8703 automóvil/turismo (default leve)
2026-07,LightVehicles,pesado,ISUZU,NQR71L-LN5VAYN,ICE,11,Aduana PY datos abiertos,NCM 8704.22 typically GVW>5t
2026-07,LightVehicles,leve,BAIC,BJ30E,OTHERS,10,Aduana PY datos abiertos,NCM 8703 automóvil/turismo (default leve)
2026-07,LightVehicles,leve,BYD,YUAN PRO DM-I GS,PHEV,10,Aduana PY datos abiertos,NCM 8703 automóvil/turismo (default leve)
2026-07,LightVehicles,leve,CHANGAN,NEW CS15 DCT,ICE,10,Aduana PY datos abiertos,NCM 8703 automóvil/turismo (default leve)
2026-07,LightVehicles,leve,CHANGAN,NEW CS35 MAX,ICE,10,Aduana PY datos abiertos,NCM 8703 automóvil/turismo (default leve)
2026-07,LightVehicles,leve,CHANGAN,NEW CS55 PLUS ELITE,ICE,10,Aduana PY datos abiertos,NCM 8703 automóvil/turismo (default leve)
2026-07,LightVehicles,leve,CHEVROLET,ONIX HATCHBACK ACTIV,ICE,10,Aduana PY datos abiertos,NCM 8703 automóvil/turismo (default leve)
2026-07,LightVehicles,leve,CHEVROLET,ONIX HATCHBACK LT,ICE,10,Aduana PY datos abiertos,NCM 8703 automóvil/turismo (default leve)
2026-07,LightVehicles,leve,CHEVROLET,SILVERADO Z71,ICE,10,Aduana PY datos abiertos,NCM 8704.21 GVW≤5t pickup/camioneta
2026-07,LightVehicles,leve,CHEVROLET,TRAILBLAZER HIGH COUNTRY,ICE,10,Aduana PY datos abiertos,NCM 8703 automóvil/turismo (default leve)
2026-07,LightVehicles,leve,GREATWALL,TANK 400,PHEV,10,Aduana PY datos abiertos,NCM 8703 automóvil/turismo (default leve)
2026-07,LightVehicles,leve,HYUNDAI,H-100 DOBLE CABINA,ICE,10,Aduana PY datos abiertos,NCM 8704.21 GVW≤5t pickup/camioneta
2026-07,LightVehicles,leve,KAWASAKI,BRUTE FORCE 450,ICE,10,Aduana PY datos abiertos,NCM 8703 automóvil/turismo (default leve)
2026-07,LightVehicles,leve,MG,MG3,HEV,10,Aduana PY datos abiertos,NCM 8703 automóvil/turismo (default leve)
2026-07,LightVehicles,leve,NISSAN,FRONTIER DOBLE CABINA,ICE,10,Aduana PY datos abiertos,NCM 8704.21 GVW≤5t pickup/camioneta
2026-07,LightVehicles,leve,TOYOTA,YARIS CROSS,HEV,10,Aduana PY datos abiertos,NCM 8703 automóvil/turismo (default leve)
2026-07,LightVehicles,recreativo,RUIDI,R6S,ICE,10,Aduana PY datos abiertos,NCM 8703.10
2026-07,LightVehicles,leve,BMW,X5 XDRIVE50E,PHEV,9,Aduana PY datos abiertos,NCM 8703 automóvil/turismo (default leve)
2026-07,LightVehicles,leve,CHEVROLET,SONIC PREMIER 1,ICE,9,Aduana PY datos abiertos,NCM 8703 automóvil/turismo (default leve)
2026-07,LightVehicles,leve,DONGFENG,MHERO II,BEV,9,Aduana PY datos abiertos,NCM 8703 automóvil/turismo (default leve)
2026-07,LightVehicles,leve,FORD,RANGER 2,ICE,9,Aduana PY datos abiertos,NCM 8704.21 GVW≤5t pickup/camioneta
2026-07,LightVehicles,leve,JEEP,RENEGADE ALTITUDE 1,ICE,9,Aduana PY datos abiertos,NCM 8703 automóvil/turismo (default leve)
2026-07,LightVehicles,leve,NISSAN,QASHQAI ADVANCE,ICE,9,Aduana PY datos abiertos,NCM 8703 automóvil/turismo (default leve)
2026-07,LightVehicles,leve,PEUGEOT,LANDTREK 4ACTION 2,ICE,9,Aduana PY datos abiertos,NCM 8704.21 GVW≤5t pickup/camioneta
2026-07,LightVehicles,leve,VENTURA,(sin modelo),ICE,9,Aduana PY datos abiertos,NCM 8703 automóvil/turismo (default leve)
2026-07,LightVehicles,leve,CHEVROLET,SPARK EV,BEV,8,Aduana PY datos abiertos,NCM 8703 automóvil/turismo (default leve)
2026-07,LightVehicles,leve,CHEVROLET,TRACKER LITE,ICE,8,Aduana PY datos abiertos,NCM 8703 automóvil/turismo (default leve)
2026-07,LightVehicles,leve,FORD,F-150,ICE,8,Aduana PY datos abiertos,NCM 8703 automóvil/turismo (default leve)
2026-07,LightVehicles,leve,ICAUR,03T LUXURY 1,PHEV,8,Aduana PY datos abiertos,NCM 8703 automóvil/turismo (default leve)
2026-07,LightVehicles,leve,JEEP,(sin modelo),ICE,8,Aduana PY datos abiertos,NCM 8703 automóvil/turismo (default leve)
2026-07,LightVehicles,leve,LAND ROVER,DEFENDER,ICE,8,Aduana PY datos abiertos,NCM 8703 automóvil/turismo (default leve)
2026-07,LightVehicles,leve,MAZDA,CX-90 MILD,ICE,8,Aduana PY datos abiertos,NCM 8703 automóvil/turismo (default leve)
2026-07,LightVehicles,leve,MERCEDES-BENZ,GLE350,ICE,8,Aduana PY datos abiertos,NCM 8703 automóvil/turismo (default leve)
2026-07,LightVehicles,leve,PEUGEOT,LANDTREK ACTIVE 1,ICE,8,Aduana PY datos abiertos,NCM 8704.21 GVW≤5t pickup/camioneta
2026-07,LightVehicles,leve,ROX,(sin modelo),BEV,8,Aduana PY datos abiertos,NCM 8703 automóvil/turismo (default leve)
2026-07,LightVehicles,pesado,ISUZU,NPR71L-KJ5VAYN,ICE,8,Aduana PY datos abiertos,NCM 8704.22 typically GVW>5t
2026-07,LightVehicles,leve,AUDI,A4 CABRIOLET,ICE,7,Aduana PY datos abiertos,NCM 8703 automóvil/turismo (default leve)
2026-07,LightVehicles,leve,AUDI,A6,ICE,7,Aduana PY datos abiertos,NCM 8703 automóvil/turismo (default leve)
2026-07,LightVehicles,leve,AUDI,Q3,ICE,7,Aduana PY datos abiertos,NCM 8703 automóvil/turismo (default leve)
2026-07,LightVehicles,leve,AUDI,Q5,ICE,7,Aduana PY datos abiertos,NCM 8703 automóvil/turismo (default leve)
2026-07,LightVehicles,leve,AUDI,Q7,ICE,7,Aduana PY datos abiertos,NCM 8703 automóvil/turismo (default leve)
2026-07,LightVehicles,leve,AUDI,TT,ICE,7,Aduana PY datos abiertos,NCM 8703 automóvil/turismo (default leve)
2026-07,LightVehicles,leve,BLANCO,(sin modelo),ICE,7,Aduana PY datos abiertos,NCM 8703 automóvil/turismo (default leve)
2026-07,LightVehicles,leve,BMW,116I,ICE,7,Aduana PY datos abiertos,NCM 8703 automóvil/turismo (default leve)
2026-07,LightVehicles,leve,BMW,128I,ICE,7,Aduana PY datos abiertos,NCM 8703 automóvil/turismo (default leve)
2026-07,LightVehicles,leve,BMW,318 D,ICE,7,Aduana PY datos abiertos,NCM 8703 automóvil/turismo (default leve)
2026-07,LightVehicles,leve,BMW,320I NAFTERO,ICE,7,Aduana PY datos abiertos,NCM 8703 automóvil/turismo (default leve)
2026-07,LightVehicles,leve,BMW,323I,ICE,7,Aduana PY datos abiertos,NCM 8703 automóvil/turismo (default leve)
2026-07,LightVehicles,leve,BMW,330 CI,ICE,7,Aduana PY datos abiertos,NCM 8703 automóvil/turismo (default leve)
2026-07,LightVehicles,leve,BMW,335I,ICE,7,Aduana PY datos abiertos,NCM 8703 automóvil/turismo (default leve)
2026-07,LightVehicles,leve,BMW,435I,ICE,7,Aduana PY datos abiertos,NCM 8703 automóvil/turismo (default leve)
2026-07,LightVehicles,leve,BMW,520D,ICE,7,Aduana PY datos abiertos,NCM 8703 automóvil/turismo (default leve)
2026-07,LightVehicles,leve,BMW,635CSI,ICE,7,Aduana PY datos abiertos,NCM 8703 automóvil/turismo (default leve)
2026-07,LightVehicles,leve,BMW,635D,ICE,7,Aduana PY datos abiertos,NCM 8703 automóvil/turismo (default leve)
2026-07,LightVehicles,leve,BMW,640DX,ICE,7,Aduana PY datos abiertos,NCM 8703 automóvil/turismo (default leve)
2026-07,LightVehicles,leve,BMW,M4,ICE,7,Aduana PY datos abiertos,NCM 8703 automóvil/turismo (default leve)
2026-07,LightVehicles,leve,BMW,X1,ICE,7,Aduana PY datos abiertos,NCM 8703 automóvil/turismo (default leve)
2026-07,LightVehicles,leve,BMW,X2,ICE,7,Aduana PY datos abiertos,NCM 8703 automóvil/turismo (default leve)
2026-07,LightVehicles,leve,BMW,X3,ICE,7,Aduana PY datos abiertos,NCM 8703 automóvil/turismo (default leve)
2026-07,LightVehicles,leve,BMW,X4,ICE,7,Aduana PY datos abiertos,NCM 8703 automóvil/turismo (default leve)
2026-07,LightVehicles,leve,BMW,X4 SERIE M,ICE,7,Aduana PY datos abiertos,NCM 8703 automóvil/turismo (default leve)
2026-07,LightVehicles,leve,BMW,X5 XDRIVE 30D,ICE,7,Aduana PY datos abiertos,NCM 8703 automóvil/turismo (default leve)
2026-07,LightVehicles,leve,BMW,X6,ICE,7,Aduana PY datos abiertos,NCM 8703 automóvil/turismo (default leve)
2026-07,LightVehicles,leve,BMW,Z3,ICE,7,Aduana PY datos abiertos,NCM 8703 automóvil/turismo (default leve)
2026-07,LightVehicles,leve,CADILLAC,ESCALADE,ICE,7,Aduana PY datos abiertos,NCM 8703 automóvil/turismo (default leve)
2026-07,LightVehicles,leve,CHEVROLET,BELAIR,ICE,7,Aduana PY datos abiertos,NCM 8703 automóvil/turismo (default leve)
2026-07,LightVehicles,leve,CHEVROLET,CAMARO COUPE,ICE,7,Aduana PY datos abiertos,NCM 8703 automóvil/turismo (default leve)
2026-07,LightVehicles,leve,CHEVROLET,CAPTIVA,ICE,7,Aduana PY datos abiertos,NCM 8703 automóvil/turismo (default leve)
2026-07,LightVehicles,leve,CHEVROLET,SILVERADO K1500,ICE,7,Aduana PY datos abiertos,NCM 8704.21 GVW≤5t pickup/camioneta
2026-07,LightVehicles,leve,CITROEN,DS3,ICE,7,Aduana PY datos abiertos,NCM 8703 automóvil/turismo (default leve)
2026-07,LightVehicles,leve,DAIHATSU,(sin modelo),ICE,7,Aduana PY datos abiertos,NCM 8703 automóvil/turismo (default leve)
2026-07,LightVehicles,leve,DAIHATSU,HITEJ,ICE,7,Aduana PY datos abiertos,NCM 8704.21 GVW≤5t pickup/camioneta
2026-07,LightVehicles,leve,DAIHATSU,MIRA ES,ICE,7,Aduana PY datos abiertos,NCM 8703 automóvil/turismo (default leve)
2026-07,LightVehicles,leve,DAIHATSU,MOVE CUSTOM,ICE,7,Aduana PY datos abiertos,NCM 8703 automóvil/turismo (default leve)
2026-07,LightVehicles,leve,DAIHATSU,TERIOS KID,ICE,7,Aduana PY datos abiertos,NCM 8703 automóvil/turismo (default leve)
2026-07,LightVehicles,leve,DODGE,CHALLENGER R,ICE,7,Aduana PY datos abiertos,NCM 8703 automóvil/turismo (default leve)
2026-07,LightVehicles,leve,DODGE,CHARGER R/T,ICE,7,Aduana PY datos abiertos,NCM 8703 automóvil/turismo (default leve)
2026-07,LightVehicles,leve,DODGE,RAM1500,ICE,7,Aduana PY datos abiertos,NCM 8704.21 GVW≤5t pickup/camioneta
2026-07,LightVehicles,leve,FERRARI,ELO,ICE,7,Aduana PY datos abiertos,NCM 8703 automóvil/turismo (default leve)
2026-07,LightVehicles,leve,FORD,BRONCO,ICE,7,Aduana PY datos abiertos,NCM 8703 automóvil/turismo (default leve)
2026-07,LightVehicles,leve,FORD,E-450 FOREST RIVER,ICE,7,Aduana PY datos abiertos,NCM 8703 automóvil/turismo (default leve)
2026-07,LightVehicles,leve,FORD,EXPLORER,ICE,7,Aduana PY datos abiertos,NCM 8703 automóvil/turismo (default leve)
2026-07,LightVehicles,leve,FORD,F-250 SD,ICE,7,Aduana PY datos abiertos,NCM 8704.21 GVW≤5t pickup/camioneta
2026-07,LightVehicles,leve,FORD,F150,ICE,7,Aduana PY datos abiertos,NCM 8704.31 GVW≤5t pickup/camioneta
2026-07,LightVehicles,leve,FORD,FUSION TITANIUM,ICE,7,Aduana PY datos abiertos,NCM 8703 automóvil/turismo (default leve)
2026-07,LightVehicles,leve,FORD,MAVERICK LARIAT DC 2,HEV,7,Aduana PY datos abiertos,8704 + pickup/camioneta keyword
2026-07,LightVehicles,leve,FORD,TORINO,ICE,7,Aduana PY datos abiertos,NCM 8703 automóvil/turismo (default leve)
2026-07,LightVehicles,leve,HINO,DYNA,ICE,7,Aduana PY datos abiertos,NCM 8704.21 GVW≤5t pickup/camioneta
2026-07,LightVehicles,leve,HONDA,S2000,ICE,7,Aduana PY datos abiertos,NCM 8703 automóvil/turismo (default leve)
2026-07,LightVehicles,leve,HYUNDAI,ACCENT LS,ICE,7,Aduana PY datos abiertos,NCM 8703 automóvil/turismo (default leve)
2026-07,LightVehicles,leve,HYUNDAI,I30,ICE,7,Aduana PY datos abiertos,NCM 8703 automóvil/turismo (default leve)
2026-07,LightVehicles,leve,HYUNDAI,PORTER II DIESEL,ICE,7,Aduana PY datos abiertos,NCM 8704.21 GVW≤5t pickup/camioneta
2026-07,LightVehicles,leve,HYUNDAI,VERACRUZ,ICE,7,Aduana PY datos abiertos,NCM 8703 automóvil/turismo (default leve)
2026-07,LightVehicles,leve,JEEP,WRANGLER,ICE,7,Aduana PY datos abiertos,NCM 8703 automóvil/turismo (default leve)
2026-07,LightVehicles,leve,JEEP,WRANGLER X,ICE,7,Aduana PY datos abiertos,NCM 8703 automóvil/turismo (default leve)
2026-07,LightVehicles,leve,JMEV,EV3,BEV,7,Aduana PY datos abiertos,NCM 8703 automóvil/turismo (default leve)
2026-07,LightVehicles,leve,KIA,BONGO III,ICE,7,Aduana PY datos abiertos,NCM 8704.21 GVW≤5t pickup/camioneta
2026-07,LightVehicles,leve,KIA,K3 CROSS,ICE,7,Aduana PY datos abiertos,NCM 8703 automóvil/turismo (default leve)
2026-07,LightVehicles,leve,KIA,PRIDE,ICE,7,Aduana PY datos abiertos,NCM 8703 automóvil/turismo (default leve)
2026-07,LightVehicles,leve,KIA,STONIC,ICE,7,Aduana PY datos abiertos,NCM 8703 automóvil/turismo (default leve)
2026-07,LightVehicles,leve,LAND ROVER,EVOQUE A/O,ICE,7,Aduana PY datos abiertos,NCM 8703 automóvil/turismo (default leve)
2026-07,LightVehicles,leve,LOTUS,(sin modelo),ICE,7,Aduana PY datos abiertos,NCM 8703 automóvil/turismo (default leve)
2026-07,LightVehicles,leve,MAZDA,AXELA SPORT,ICE,7,Aduana PY datos abiertos,NCM 8703 automóvil/turismo (default leve)
2026-07,LightVehicles,leve,MAZDA,CX 60 SKYACTIV G,ICE,7,Aduana PY datos abiertos,NCM 8703 automóvil/turismo (default leve)
2026-07,LightVehicles,leve,MAZDA,CX-3,ICE,7,Aduana PY datos abiertos,NCM 8703 automóvil/turismo (default leve)
2026-07,LightVehicles,leve,MERCEDES-BENZ,614,ICE,7,Aduana PY datos abiertos,NCM 8704.21 GVW≤5t pickup/camioneta
2026-07,LightVehicles,leve,MERCEDES-BENZ,813,ICE,7,Aduana PY datos abiertos,NCM 8704.21 GVW≤5t pickup/camioneta
2026-07,LightVehicles,leve,MERCEDES-BENZ,817,ICE,7,Aduana PY datos abiertos,NCM 8704.21 GVW≤5t pickup/camioneta
2026-07,LightVehicles,leve,MERCEDES-BENZ,A35 AMG 4MATIC A/O,ICE,7,Aduana PY datos abiertos,NCM 8703 automóvil/turismo (default leve)
2026-07,LightVehicles,leve,MERCEDES-BENZ,ATEGO 815,ICE,7,Aduana PY datos abiertos,NCM 8704.21 GVW≤5t pickup/camioneta
2026-07,LightVehicles,leve,MERCEDES-BENZ,C 200 D,ICE,7,Aduana PY datos abiertos,NCM 8703 automóvil/turismo (default leve)
2026-07,LightVehicles,leve,MERCEDES-BENZ,C- 250,ICE,7,Aduana PY datos abiertos,NCM 8703 automóvil/turismo (default leve)
2026-07,LightVehicles,leve,MERCEDES-BENZ,C200 CGI,ICE,7,Aduana PY datos abiertos,NCM 8703 automóvil/turismo (default leve)
2026-07,LightVehicles,leve,MERCEDES-BENZ,C200 CGI AMG,ICE,7,Aduana PY datos abiertos,NCM 8703 automóvil/turismo (default leve)
2026-07,LightVehicles,leve,MERCEDES-BENZ,C200 CLASS,ICE,7,Aduana PY datos abiertos,NCM 8703 automóvil/turismo (default leve)
2026-07,LightVehicles,leve,MERCEDES-BENZ,C220 A/O,ICE,7,Aduana PY datos abiertos,NCM 8703 automóvil/turismo (default leve)
2026-07,LightVehicles,leve,MERCEDES-BENZ,C220CDI,ICE,7,Aduana PY datos abiertos,NCM 8703 automóvil/turismo (default leve)
2026-07,LightVehicles,leve,MERCEDES-BENZ,C230 A/O,ICE,7,Aduana PY datos abiertos,NCM 8703 automóvil/turismo (default leve)
2026-07,LightVehicles,leve,MERCEDES-BENZ,C250,ICE,7,Aduana PY datos abiertos,NCM 8703 automóvil/turismo (default leve)
2026-07,LightVehicles,leve,MERCEDES-BENZ,C43,ICE,7,Aduana PY datos abiertos,NCM 8703 automóvil/turismo (default leve)
2026-07,LightVehicles,leve,MERCEDES-BENZ,CLA 250,ICE,7,Aduana PY datos abiertos,NCM 8703 automóvil/turismo (default leve)
2026-07,LightVehicles,leve,MERCEDES-BENZ,CLA 45 AMG,ICE,7,Aduana PY datos abiertos,NCM 8703 automóvil/turismo (default leve)
2026-07,LightVehicles,leve,MERCEDES-BENZ,CLK 320 CDI,ICE,7,Aduana PY datos abiertos,NCM 8703 automóvil/turismo (default leve)
2026-07,LightVehicles,leve,MERCEDES-BENZ,CLS63,ICE,7,Aduana PY datos abiertos,NCM 8703 automóvil/turismo (default leve)
2026-07,LightVehicles,leve,MERCEDES-BENZ,E 250 CDI 4MATIC,ICE,7,Aduana PY datos abiertos,NCM 8703 automóvil/turismo (default leve)
2026-07,LightVehicles,leve,MERCEDES-BENZ,E 350,ICE,7,Aduana PY datos abiertos,NCM 8703 automóvil/turismo (default leve)
2026-07,LightVehicles,leve,MERCEDES-BENZ,E220,ICE,7,Aduana PY datos abiertos,NCM 8703 automóvil/turismo (default leve)
2026-07,LightVehicles,leve,MERCEDES-BENZ,E220 CDI,ICE,7,Aduana PY datos abiertos,NCM 8703 automóvil/turismo (default leve)
2026-07,LightVehicles,leve,MERCEDES-BENZ,E250,ICE,7,Aduana PY datos abiertos,NCM 8703 automóvil/turismo (default leve)
2026-07,LightVehicles,leve,MERCEDES-BENZ,E350 CABRIOLET,ICE,7,Aduana PY datos abiertos,NCM 8703 automóvil/turismo (default leve)
2026-07,LightVehicles,leve,MERCEDES-BENZ,G63 AMG,ICE,7,Aduana PY datos abiertos,NCM 8703 automóvil/turismo (default leve)
2026-07,LightVehicles,leve,MERCEDES-BENZ,GL420 CDI 4MATIC,ICE,7,Aduana PY datos abiertos,NCM 8703 automóvil/turismo (default leve)
2026-07,LightVehicles,leve,MERCEDES-BENZ,GLA,ICE,7,Aduana PY datos abiertos,NCM 8703 automóvil/turismo (default leve)
2026-07,LightVehicles,leve,MERCEDES-BENZ,GLC 220D,ICE,7,Aduana PY datos abiertos,NCM 8703 automóvil/turismo (default leve)
2026-07,LightVehicles,leve,MERCEDES-BENZ,GLC 300 4MATIC COUPE,ICE,7,Aduana PY datos abiertos,NCM 8703 automóvil/turismo (default leve)
2026-07,LightVehicles,leve,MERCEDES-BENZ,GLE 350D,ICE,7,Aduana PY datos abiertos,NCM 8703 automóvil/turismo (default leve)
2026-07,LightVehicles,leve,MERCEDES-BENZ,GLE350 4MATIC,ICE,7,Aduana PY datos abiertos,NCM 8703 automóvil/turismo (default leve)
2026-07,LightVehicles,leve,MERCEDES-BENZ,ML 350,ICE,7,Aduana PY datos abiertos,NCM 8703 automóvil/turismo (default leve)
2026-07,LightVehicles,leve,MERCEDES-BENZ,SLK 200,ICE,7,Aduana PY datos abiertos,NCM 8703 automóvil/turismo (default leve)
2026-07,LightVehicles,leve,MERCEDES-BENZ,SLK 200 KOMPRESSOR,ICE,7,Aduana PY datos abiertos,NCM 8703 automóvil/turismo (default leve)
2026-07,LightVehicles,leve,MERCEDES-BENZ,SLK 250,ICE,7,Aduana PY datos abiertos,NCM 8703 automóvil/turismo (default leve)
2026-07,LightVehicles,leve,MERCEDES-BENZ,SPRINTER,ICE,7,Aduana PY datos abiertos,NCM 8704.21 GVW≤5t pickup/camioneta
2026-07,LightVehicles,leve,MERCEDES-BENZ,SPRINTER 211CDI,ICE,7,Aduana PY datos abiertos,NCM 8704.21 GVW≤5t pickup/camioneta
2026-07,LightVehicles,leve,MERCEDES-BENZ,SPRINTER 311CDI,ICE,7,Aduana PY datos abiertos,NCM 8704.21 GVW≤5t pickup/camioneta
2026-07,LightVehicles,leve,MERCEDES-BENZ,SPRINTER 316 A/O,ICE,7,Aduana PY datos abiertos,NCM 8704.21 GVW≤5t pickup/camioneta
2026-07,LightVehicles,leve,MINI,(sin modelo),ICE,7,Aduana PY datos abiertos,NCM 8703 automóvil/turismo (default leve)
2026-07,LightVehicles,leve,MINI,COOPER D,ICE,7,Aduana PY datos abiertos,NCM 8703 automóvil/turismo (default leve)
2026-07,LightVehicles,leve,MITSUBISHI,CANTER DIESEL,ICE,7,Aduana PY datos abiertos,NCM 8704.21 GVW≤5t pickup/camioneta
2026-07,LightVehicles,leve,MITSUBISHI,CANTER GUTS CUSTOM,ICE,7,Aduana PY datos abiertos,NCM 8704.21 GVW≤5t pickup/camioneta
2026-07,LightVehicles,leve,MITSUBISHI,EVOLUTION LANCER,ICE,7,Aduana PY datos abiertos,NCM 8703 automóvil/turismo (default leve)
2026-07,LightVehicles,leve,MITSUBISHI,LANCER EVO 8,ICE,7,Aduana PY datos abiertos,NCM 8703 automóvil/turismo (default leve)
2026-07,LightVehicles,leve,MITSUBISHI,LANCER EVOLUTION X,ICE,7,Aduana PY datos abiertos,NCM 8703 automóvil/turismo (default leve)
2026-07,LightVehicles,leve,MITSUBISHI,OUTLANDER,ICE,7,Aduana PY datos abiertos,NCM 8703 automóvil/turismo (default leve)
2026-07,LightVehicles,leve,MITSUBISHI,PAJERO MINI,ICE,7,Aduana PY datos abiertos,NCM 8703 automóvil/turismo (default leve)
2026-07,LightVehicles,leve,MITSUBISHI FUSO,CANTER DIESEL,ICE,7,Aduana PY datos abiertos,NCM 8704.21 GVW≤5t pickup/camioneta
2026-07,LightVehicles,leve,NISSAN,370 Z,ICE,7,Aduana PY datos abiertos,NCM 8703 automóvil/turismo (default leve)
2026-07,LightVehicles,leve,NISSAN,370Z,ICE,7,Aduana PY datos abiertos,NCM 8703 automóvil/turismo (default leve)
2026-07,LightVehicles,leve,NISSAN,ALTAS,ICE,7,Aduana PY datos abiertos,NCM 8704.21 GVW≤5t pickup/camioneta
2026-07,LightVehicles,leve,NISSAN,ATLAS 150,ICE,7,Aduana PY datos abiertos,NCM 8704.21 GVW≤5t pickup/camioneta
2026-07,LightVehicles,leve,NISSAN,CARAVAN,ICE,7,Aduana PY datos abiertos,NCM 8704.21 GVW≤5t pickup/camioneta
2026-07,LightVehicles,leve,NISSAN,DUALIS,ICE,7,Aduana PY datos abiertos,NCM 8703 automóvil/turismo (default leve)
2026-07,LightVehicles,leve,NISSAN,FAIRLADY,ICE,7,Aduana PY datos abiertos,NCM 8703 automóvil/turismo (default leve)
2026-07,LightVehicles,leve,NISSAN,LATIO,ICE,7,Aduana PY datos abiertos,NCM 8703 automóvil/turismo (default leve)
2026-07,LightVehicles,leve,NISSAN,MARCH BOLERO,ICE,7,Aduana PY datos abiertos,NCM 8703 automóvil/turismo (default leve)
2026-07,LightVehicles,leve,NISSAN,MICRA,ICE,7,Aduana PY datos abiertos,NCM 8703 automóvil/turismo (default leve)
2026-07,LightVehicles,leve,NISSAN,NOTE,ICE,7,Aduana PY datos abiertos,NCM 8703 automóvil/turismo (default leve)
2026-07,LightVehicles,leve,NISSAN,Z,ICE,7,Aduana PY datos abiertos,NCM 8703 automóvil/turismo (default leve)
2026-07,LightVehicles,leve,PEUGEOT,208 RALLY 4,ICE,7,Aduana PY datos abiertos,NCM 8703 automóvil/turismo (default leve)
2026-07,LightVehicles,leve,PORSCHE,2018,ICE,7,Aduana PY datos abiertos,NCM 8703 automóvil/turismo (default leve)
2026-07,LightVehicles,leve,PORSCHE,911 CARRERA S,ICE,7,Aduana PY datos abiertos,NCM 8703 automóvil/turismo (default leve)
2026-07,LightVehicles,leve,PORSCHE,MACAN,ICE,7,Aduana PY datos abiertos,NCM 8703 automóvil/turismo (default leve)
2026-07,LightVehicles,leve,PORSCHE,PANAMERA,ICE,7,Aduana PY datos abiertos,NCM 8703 automóvil/turismo (default leve)
2026-07,LightVehicles,leve,PORSCHE,PANAMERA 4S,ICE,7,Aduana PY datos abiertos,NCM 8703 automóvil/turismo (default leve)
2026-07,LightVehicles,leve,RAM,1500,ICE,7,Aduana PY datos abiertos,NCM 8704.31 GVW≤5t pickup/camioneta
2026-07,LightVehicles,leve,SCANIA,R420,ICE,7,Aduana PY datos abiertos,NCM 8704.21 GVW≤5t pickup/camioneta
2026-07,LightVehicles,leve,SEAT,TOLEDO,ICE,7,Aduana PY datos abiertos,NCM 8703 automóvil/turismo (default leve)
2026-07,LightVehicles,leve,SIN MARCA,RACTIS,ICE,7,Aduana PY datos abiertos,NCM 8703 automóvil/turismo (default leve)
2026-07,LightVehicles,leve,SUBARU,LEGACY,ICE,7,Aduana PY datos abiertos,NCM 8703 automóvil/turismo (default leve)
2026-07,LightVehicles,leve,SUZUKI,SWIFT,HEV,7,Aduana PY datos abiertos,NCM 8703 automóvil/turismo (default leve)
2026-07,LightVehicles,leve,SUZUKI,SWIFT SPORTS,ICE,7,Aduana PY datos abiertos,NCM 8703 automóvil/turismo (default leve)
2026-07,LightVehicles,leve,THOR MOTOR COACH,OUTLAW,ICE,7,Aduana PY datos abiertos,NCM 8703 automóvil/turismo (default leve)
2026-07,LightVehicles,leve,TOYOTA,86 GT,ICE,7,Aduana PY datos abiertos,NCM 8703 automóvil/turismo (default leve)
2026-07,LightVehicles,leve,TOYOTA,ALLEX NAFTERO,ICE,7,Aduana PY datos abiertos,NCM 8703 automóvil/turismo (default leve)
2026-07,LightVehicles,leve,TOYOTA,ALPHARD,ICE,7,Aduana PY datos abiertos,passenger van/minibus (Hiace/Staria/…) counts as leve
2026-07,LightVehicles,leve,TOYOTA,CAMRY,ICE,7,Aduana PY datos abiertos,NCM 8703 automóvil/turismo (default leve)
2026-07,LightVehicles,leve,TOYOTA,CANTER,ICE,7,Aduana PY datos abiertos,NCM 8704.21 GVW≤5t pickup/camioneta
2026-07,LightVehicles,leve,TOYOTA,COROLLA CROSS,ICE,7,Aduana PY datos abiertos,NCM 8703 automóvil/turismo (default leve)
2026-07,LightVehicles,leve,TOYOTA,DINA,ICE,7,Aduana PY datos abiertos,NCM 8704.21 GVW≤5t pickup/camioneta
2026-07,LightVehicles,leve,TOYOTA,FIELDER,ICE,7,Aduana PY datos abiertos,NCM 8703 automóvil/turismo (default leve)
2026-07,LightVehicles,leve,TOYOTA,FUNCARCO,ICE,7,Aduana PY datos abiertos,NCM 8703 automóvil/turismo (default leve)
2026-07,LightVehicles,leve,TOYOTA,FUNCARGO ALO,ICE,7,Aduana PY datos abiertos,NCM 8703 automóvil/turismo (default leve)
2026-07,LightVehicles,leve,TOYOTA,GRAND CABIN G,ICE,7,Aduana PY datos abiertos,NCM 8703 automóvil/turismo (default leve)
2026-07,LightVehicles,leve,TOYOTA,GT 86,ICE,7,Aduana PY datos abiertos,NCM 8703 automóvil/turismo (default leve)
2026-07,LightVehicles,leve,TOYOTA,HIACE GRAND CABING,ICE,7,Aduana PY datos abiertos,passenger van/minibus (Hiace/Staria/…) counts as leve
2026-07,LightVehicles,leve,TOYOTA,HIACE VAN TIPO FURGON CARGUERO,ICE,7,Aduana PY datos abiertos,NCM 8704.21 GVW≤5t pickup/camioneta
2026-07,LightVehicles,leve,TOYOTA,HIGHLANDER,ICE,7,Aduana PY datos abiertos,NCM 8703 automóvil/turismo (default leve)
2026-07,LightVehicles,leve,TOYOTA,LITEACE,ICE,7,Aduana PY datos abiertos,NCM 8703 automóvil/turismo (default leve)
2026-07,LightVehicles,leve,TOYOTA,MARK X 250G,ICE,7,Aduana PY datos abiertos,NCM 8703 automóvil/turismo (default leve)
2026-07,LightVehicles,leve,TOYOTA,MARK X GS,ICE,7,Aduana PY datos abiertos,NCM 8703 automóvil/turismo (default leve)
2026-07,LightVehicles,leve,TOYOTA,PORTE,ICE,7,Aduana PY datos abiertos,NCM 8703 automóvil/turismo (default leve)
2026-07,LightVehicles,leve,TOYOTA,SPACIO,ICE,7,Aduana PY datos abiertos,NCM 8703 automóvil/turismo (default leve)
2026-07,LightVehicles,leve,TOYOTA,STATION WAGON,ICE,7,Aduana PY datos abiertos,NCM 8703 automóvil/turismo (default leve)
2026-07,LightVehicles,leve,TOYOTA,TANK,ICE,7,Aduana PY datos abiertos,NCM 8703 automóvil/turismo (default leve)
2026-07,LightVehicles,leve,TOYOTA,TOYOACE,ICE,7,Aduana PY datos abiertos,NCM 8704.21 GVW≤5t pickup/camioneta
2026-07,LightVehicles,leve,TOYOTA,VITZ,HEV,7,Aduana PY datos abiertos,NCM 8703 automóvil/turismo (default leve)
2026-07,LightVehicles,leve,TOYOTA,VOXY,HEV,7,Aduana PY datos abiertos,passenger van/minibus (Hiace/Staria/…) counts as leve
2026-07,LightVehicles,leve,TOYOTA,VVITZ,ICE,7,Aduana PY datos abiertos,NCM 8703 automóvil/turismo (default leve)
2026-07,LightVehicles,leve,TOYOTA,WISH NAFTERO,ICE,7,Aduana PY datos abiertos,NCM 8703 automóvil/turismo (default leve)
2026-07,LightVehicles,leve,TOYOTA,WISHA O,ICE,7,Aduana PY datos abiertos,NCM 8703 automóvil/turismo (default leve)
2026-07,LightVehicles,leve,VOLKSWAGEN,BEETLE,ICE,7,Aduana PY datos abiertos,NCM 8703 automóvil/turismo (default leve)
2026-07,LightVehicles,leve,VOLKSWAGEN,CABRIOLET,ICE,7,Aduana PY datos abiertos,NCM 8703 automóvil/turismo (default leve)
2026-07,LightVehicles,leve,VOLKSWAGEN,NEW BEETLE,ICE,7,Aduana PY datos abiertos,NCM 8703 automóvil/turismo (default leve)
2026-07,LightVehicles,leve,VOLKSWAGEN,SANTANA COMFORTLINE,ICE,7,Aduana PY datos abiertos,NCM 8703 automóvil/turismo (default leve)
2026-07,LightVehicles,leve,VOLKSWAGEN,SCIROCCO,ICE,7,Aduana PY datos abiertos,NCM 8703 automóvil/turismo (default leve)
2026-07,LightVehicles,leve,VOLKSWAGEN,TYPE 181,ICE,7,Aduana PY datos abiertos,NCM 8703 automóvil/turismo (default leve)
2026-07,LightVehicles,leve,XINHAMAI,(sin modelo),BEV,7,Aduana PY datos abiertos,8704.60 electric goods vehicle (treated leve unless heavy)
2026-07,LightVehicles,pesado,FAW,TIGER 5,ICE,7,Aduana PY datos abiertos,NCM 8704.22 typically GVW>5t
2026-07,LightVehicles,pesado,HYUNDAI,EX6,ICE,7,Aduana PY datos abiertos,NCM 8704.22 typically GVW>5t
2026-07,LightVehicles,pesado,IVECO,ML100E17,ICE,7,Aduana PY datos abiertos,NCM 8704.22 typically GVW>5t
2026-07,LightVehicles,pesado,MERCEDES-BENZ,1023,ICE,7,Aduana PY datos abiertos,NCM 8704.22 typically GVW>5t
2026-07,LightVehicles,pesado,MERCEDES-BENZ,1114,ICE,7,Aduana PY datos abiertos,NCM 8704.22 typically GVW>5t
2026-07,LightVehicles,pesado,MERCEDES-BENZ,1212 A/O,ICE,7,Aduana PY datos abiertos,NCM 8704.22 typically GVW>5t
2026-07,LightVehicles,pesado,MERCEDES-BENZ,1323,ICE,7,Aduana PY datos abiertos,NCM 8704.22 typically GVW>5t
2026-07,LightVehicles,pesado,MERCEDES-BENZ,1325,ICE,7,Aduana PY datos abiertos,NCM 8704.22 typically GVW>5t
2026-07,LightVehicles,pesado,MERCEDES-BENZ,813 DIESEL,ICE,7,Aduana PY datos abiertos,NCM 8704.22 typically GVW>5t
2026-07,LightVehicles,pesado,MERCEDES-BENZ,818,ICE,7,Aduana PY datos abiertos,NCM 8704.22 typically GVW>5t
2026-07,LightVehicles,pesado,MERCEDES-BENZ,ATEGO 1218L,ICE,7,Aduana PY datos abiertos,NCM 8704.22 typically GVW>5t
2026-07,LightVehicles,pesado,MERCEDES-BENZ,ATEGO 809D,ICE,7,Aduana PY datos abiertos,NCM 8704.22 typically GVW>5t
2026-07,LightVehicles,pesado,MERCEDES-BENZ,ATEGO 816,ICE,7,Aduana PY datos abiertos,NCM 8704.22 typically GVW>5t
2026-07,LightVehicles,pesado,MERCEDES-BENZ,ATEGO 816 DIESEL,ICE,7,Aduana PY datos abiertos,NCM 8704.22 typically GVW>5t
2026-07,LightVehicles,pesado,MERCEDES-BENZ,ATEGO 817,ICE,7,Aduana PY datos abiertos,NCM 8704.22 typically GVW>5t
2026-07,LightVehicles,pesado,MERCEDES-BENZ,ATEGO 818 A/O,ICE,7,Aduana PY datos abiertos,NCM 8704.22 typically GVW>5t
2026-07,LightVehicles,pesado,MERCEDES-BENZ,ATEGO 822,ICE,7,Aduana PY datos abiertos,NCM 8704.22 typically GVW>5t
2026-07,LightVehicles,pesado,MERCEDES-BENZ,SPRINTER 213 A/O,ICE,7,Aduana PY datos abiertos,NCM 8704.22 typically GVW>5t
2026-07,LightVehicles,pesado,MERCEDES-BENZ,SPRINTER 311 CDI A/O,ICE,7,Aduana PY datos abiertos,NCM 8704.22 typically GVW>5t
2026-07,LightVehicles,pesado,MITSUBISHI,(sin modelo),ICE,7,Aduana PY datos abiertos,NCM 8704.22 typically GVW>5t
2026-07,LightVehicles,pesado,MITSUBISHI,ELO,ICE,7,Aduana PY datos abiertos,NCM 8704.22 typically GVW>5t
2026-07,LightVehicles,pesado,NISSAN,ATLEON,ICE,7,Aduana PY datos abiertos,NCM 8704.22 typically GVW>5t
2026-07,LightVehicles,pesado,NISSAN,NT500,ICE,7,Aduana PY datos abiertos,NCM 8704.22 typically GVW>5t
2026-07,LightVehicles,pesado,SCANIA,94 - 260,ICE,7,Aduana PY datos abiertos,NCM 8704.22 typically GVW>5t
2026-07,LightVehicles,pesado,SCANIA,94G,ICE,7,Aduana PY datos abiertos,NCM 8704.22 typically GVW>5t
2026-07,LightVehicles,pesado,SCANIA,G420,ICE,7,Aduana PY datos abiertos,NCM 8704.23 typically GVW>5t
2026-07,LightVehicles,pesado,SCANIA,G420 A/O,ICE,7,Aduana PY datos abiertos,NCM 8704.22 typically GVW>5t
2026-07,LightVehicles,pesado,SCANIA,P 114,ICE,7,Aduana PY datos abiertos,NCM 8704.22 typically GVW>5t
2026-07,LightVehicles,pesado,SCANIA,P 94 - 310,ICE,7,Aduana PY datos abiertos,NCM 8704.22 typically GVW>5t
2026-07,LightVehicles,pesado,SCANIA,P124C - 420,ICE,7,Aduana PY datos abiertos,NCM 8704.23 typically GVW>5t
2026-07,LightVehicles,pesado,SCANIA,P280,ICE,7,Aduana PY datos abiertos,NCM 8704.22 typically GVW>5t
2026-07,LightVehicles,pesado,SCANIA,P360,ICE,7,Aduana PY datos abiertos,NCM 8704.22 typically GVW>5t
2026-07,LightVehicles,pesado,SCANIA,P94 - 230,ICE,7,Aduana PY datos abiertos,NCM 8704.22 typically GVW>5t
2026-07,LightVehicles,pesado,SCANIA,P94 300,ICE,7,Aduana PY datos abiertos,NCM 8704.22 typically GVW>5t
2026-07,LightVehicles,pesado,SCANIA,P94/310,ICE,7,Aduana PY datos abiertos,NCM 8704.22 typically GVW>5t
2026-07,LightVehicles,pesado,SCANIA,R 410,ICE,7,Aduana PY datos abiertos,NCM 8704.22 typically GVW>5t
2026-07,LightVehicles,pesado,SCANIA,R 450,ICE,7,Aduana PY datos abiertos,NCM 8704.22 typically GVW>5t
2026-07,LightVehicles,pesado,SCANIA,R124 420,ICE,7,Aduana PY datos abiertos,NCM 8704.22 typically GVW>5t
2026-07,LightVehicles,pesado,SCANIA,R124-400,ICE,7,Aduana PY datos abiertos,NCM 8704.22 typically GVW>5t
2026-07,LightVehicles,pesado,SCANIA,R124-420C A/O,ICE,7,Aduana PY datos abiertos,NCM 8704.22 typically GVW>5t
2026-07,LightVehicles,pesado,SCANIA,R410 6X2,ICE,7,Aduana PY datos abiertos,NCM 8704.23 typically GVW>5t
2026-07,LightVehicles,pesado,SCANIA,R650,ICE,7,Aduana PY datos abiertos,NCM 8704.23 typically GVW>5t
2026-07,LightVehicles,pesado,SINOTRUK,(sin modelo),ICE,7,Aduana PY datos abiertos,NCM 8704.22 typically GVW>5t
2026-07,LightVehicles,pesado,TOYOTA,DYNA,ICE,7,Aduana PY datos abiertos,NCM 8704.22 typically GVW>5t
2026-07,LightVehicles,pesado,VOLVO,FM9,ICE,7,Aduana PY datos abiertos,NCM 8704.22 typically GVW>5t
2026-07,LightVehicles,recreativo,YAMAHA,YXZ1000,ICE,7,Aduana PY datos abiertos,keyword ATV/UTV/carrito golf/snow
2026-07,LightVehicles,leve,BMW,X1 SDRIVE18I,ICE,6,Aduana PY datos abiertos,NCM 8703 automóvil/turismo (default leve)
2026-07,LightVehicles,leve,BYD,KTZ33X26S-A,BEV,6,Aduana PY datos abiertos,NCM 8703 automóvil/turismo (default leve)
2026-07,LightVehicles,leve,CHANGAN,MD201 CABINA SIMPLE,ICE,6,Aduana PY datos abiertos,NCM 8704.31 GVW≤5t pickup/camioneta
2026-07,LightVehicles,leve,CHANGAN,MS201 DOBLE CABINA,ICE,6,Aduana PY datos abiertos,NCM 8704.31 GVW≤5t pickup/camioneta
2026-07,LightVehicles,leve,CHANGAN,UNI-T ELITE,ICE,6,Aduana PY datos abiertos,NCM 8703 automóvil/turismo (default leve)
2026-07,LightVehicles,leve,CHEVROLET,CAPTIVA PREMIER EV AT,BEV,6,Aduana PY datos abiertos,NCM 8703 automóvil/turismo (default leve)
2026-07,LightVehicles,leve,CHEVROLET,ONIX HB LT 1,ICE,6,Aduana PY datos abiertos,NCM 8703 automóvil/turismo (default leve)
2026-07,LightVehicles,leve,CHEVROLET,S10 CABINA DOBLE LTZ,ICE,6,Aduana PY datos abiertos,NCM 8704.21 GVW≤5t pickup/camioneta
2026-07,LightVehicles,leve,FARIZON,F1E,BEV,6,Aduana PY datos abiertos,8704 + pickup/camioneta keyword
2026-07,LightVehicles,leve,FORD,MUSTANG GT COUPE 5,ICE,6,Aduana PY datos abiertos,NCM 8703 automóvil/turismo (default leve)
2026-07,LightVehicles,leve,ICAUR,V23,BEV,6,Aduana PY datos abiertos,NCM 8703 automóvil/turismo (default leve)
2026-07,LightVehicles,leve,JAC,LD250 CARGO BOX 2,ICE,6,Aduana PY datos abiertos,NCM 8704.21 GVW≤5t pickup/camioneta
2026-07,LightVehicles,leve,MG,S5 EV COM,BEV,6,Aduana PY datos abiertos,NCM 8703 automóvil/turismo (default leve)
2026-07,LightVehicles,leve,MITSUBISHI,MONTERO SPORT GLS 2WD 2,ICE,6,Aduana PY datos abiertos,NCM 8703 automóvil/turismo (default leve)
2026-07,LightVehicles,leve,MITSUBISHI FUSO,2027,ICE,6,Aduana PY datos abiertos,NCM 8704.21 GVW≤5t pickup/camioneta
2026-07,LightVehicles,leve,RAM,RAMPAGE R/T 2,ICE,6,Aduana PY datos abiertos,NCM 8704.31 GVW≤5t pickup/camioneta
2026-07,LightVehicles,leve,ZEEKR,7X,BEV,6,Aduana PY datos abiertos,NCM 8703 automóvil/turismo (default leve)
2026-07,LightVehicles,pesado,MITSUBISHI FUSO,2027,ICE,6,Aduana PY datos abiertos,NCM 8704.22 typically GVW>5t
2026-07,LightVehicles,leve,AUDI,Q3 1,ICE,5,Aduana PY datos abiertos,NCM 8703 automóvil/turismo (default leve)
2026-07,LightVehicles,leve,AUDI,Q5 2,ICE,5,Aduana PY datos abiertos,NCM 8703 automóvil/turismo (default leve)
2026-07,LightVehicles,leve,BMW,X2 XDRIVE20I,ICE,5,Aduana PY datos abiertos,NCM 8703 automóvil/turismo (default leve)
2026-07,LightVehicles,leve,BYD,SEALION 7,BEV,5,Aduana PY datos abiertos,NCM 8703 automóvil/turismo (default leve)
2026-07,LightVehicles,leve,CHANGAN,NEW CS75 PLUS,ICE,5,Aduana PY datos abiertos,NCM 8703 automóvil/turismo (default leve)
2026-07,LightVehicles,leve,CHEVROLET,MONTANA LTZ,ICE,5,Aduana PY datos abiertos,NCM 8704.31 GVW≤5t pickup/camioneta
2026-07,LightVehicles,leve,DONGFENG,MHERO I,BEV,5,Aduana PY datos abiertos,NCM 8703 automóvil/turismo (default leve)
2026-07,LightVehicles,leve,JAC,X200 CABINA SIMPLE,ICE,5,Aduana PY datos abiertos,NCM 8704.21 GVW≤5t pickup/camioneta
2026-07,LightVehicles,leve,MG,RX9 LUX,ICE,5,Aduana PY datos abiertos,NCM 8703 automóvil/turismo (default leve)
2026-07,LightVehicles,leve,RAM,1500 REBEL CREW CAB,ICE,5,Aduana PY datos abiertos,NCM 8704.31 GVW≤5t pickup/camioneta
2026-07,LightVehicles,leve,SUBARU,CROSSTREK,OTHERS,5,Aduana PY datos abiertos,NCM 8703 automóvil/turismo (default leve)
2026-07,LightVehicles,leve,TATA,SUPER ACE MINT LHD EIV DLE,ICE,5,Aduana PY datos abiertos,NCM 8704.21 GVW≤5t pickup/camioneta
2026-07,LightVehicles,leve,TOYOTA,LAND CRUISER,HEV,5,Aduana PY datos abiertos,NCM 8703 automóvil/turismo (default leve)
2026-07,LightVehicles,leve,VOLVO,XC90,PHEV,5,Aduana PY datos abiertos,NCM 8703 automóvil/turismo (default leve)
2026-07,LightVehicles,leve,AION,I60,BEV,4,Aduana PY datos abiertos,NCM 8703 automóvil/turismo (default leve)
2026-07,LightVehicles,leve,CHANGAN,HUNTER,PHEV,4,Aduana PY datos abiertos,8704 + pickup/camioneta keyword
2026-07,LightVehicles,leve,CHANGAN,M60 FURGON,ICE,4,Aduana PY datos abiertos,NCM 8704.31 GVW≤5t pickup/camioneta
2026-07,LightVehicles,leve,CHERY,HIMLA 2,ICE,4,Aduana PY datos abiertos,NCM 8704.21 GVW≤5t pickup/camioneta
2026-07,LightVehicles,leve,CL,CL1030SBEV,ICE,4,Aduana PY datos abiertos,8704.60 electric goods vehicle (treated leve unless heavy)
2026-07,LightVehicles,leve,CL,CL1310LDS6,ICE,4,Aduana PY datos abiertos,8704.60 electric goods vehicle (treated leve unless heavy)
2026-07,LightVehicles,leve,FIAT,TORO RANCH D/C 2,ICE,4,Aduana PY datos abiertos,NCM 8704.21 GVW≤5t pickup/camioneta
2026-07,LightVehicles,leve,JAC,JS4 1,ICE,4,Aduana PY datos abiertos,NCM 8703 automóvil/turismo (default leve)
2026-07,LightVehicles,leve,JAC,T9 ADVANCE LUXURY,ICE,4,Aduana PY datos abiertos,NCM 8704.21 GVW≤5t pickup/camioneta
2026-07,LightVehicles,leve,JMC,(sin modelo),ICE,4,Aduana PY datos abiertos,NCM 8704.21 GVW≤5t pickup/camioneta
2026-07,LightVehicles,leve,KAWASAKI,BRUTE FORCE 300,ICE,4,Aduana PY datos abiertos,NCM 8703 automóvil/turismo (default leve)
2026-07,LightVehicles,leve,KIA,CARNIVAL,HEV,4,Aduana PY datos abiertos,passenger van/minibus (Hiace/Staria/…) counts as leve
2026-07,LightVehicles,leve,MG,EHS,PHEV,4,Aduana PY datos abiertos,NCM 8703 automóvil/turismo (default leve)
2026-07,LightVehicles,leve,MG,RX9 COM,ICE,4,Aduana PY datos abiertos,NCM 8703 automóvil/turismo (default leve)
2026-07,LightVehicles,leve,MG,ZS MT STD,ICE,4,Aduana PY datos abiertos,NCM 8703 automóvil/turismo (default leve)
2026-07,LightVehicles,leve,NISSAN,NEW KICKS 220T SENSE 6 DCT - FLEX FLEX,ICE,4,Aduana PY datos abiertos,NCM 8703 automóvil/turismo (default leve)
2026-07,LightVehicles,leve,ZEEKR,7X RWD SMART,BEV,4,Aduana PY datos abiertos,NCM 8703 automóvil/turismo (default leve)
2026-07,LightVehicles,pesado,JMC,(sin modelo),ICE,4,Aduana PY datos abiertos,NCM 8704.22 typically GVW>5t
2026-07,LightVehicles,pesado,MERCEDES-BENZ,814,ICE,4,Aduana PY datos abiertos,NCM 8704.22 typically GVW>5t
2026-07,LightVehicles,pesado,TATA,T,ICE,4,Aduana PY datos abiertos,NCM 8704.22 typically GVW>5t
2026-07,LightVehicles,pesado,VOLKSWAGEN,24,ICE,4,Aduana PY datos abiertos,NCM 8704.23 typically GVW>5t
2026-07,LightVehicles,leve,BMW,X3 20,ICE,3,Aduana PY datos abiertos,NCM 8703 automóvil/turismo (default leve)
2026-07,LightVehicles,leve,BMW,X5 XDRIVE30D,ICE,3,Aduana PY datos abiertos,NCM 8703 automóvil/turismo (default leve)
2026-07,LightVehicles,leve,CHEVROLET,S10 CABINA SIMPLE WORK TRUCK,ICE,3,Aduana PY datos abiertos,NCM 8704.21 GVW≤5t pickup/camioneta
2026-07,LightVehicles,leve,CHEVROLET,TRACKER LTZ FLEX AT TURBO,ICE,3,Aduana PY datos abiertos,NCM 8703 automóvil/turismo (default leve)
2026-07,LightVehicles,leve,FIAT,ARGO DRIVE 1,ICE,3,Aduana PY datos abiertos,NCM 8703 automóvil/turismo (default leve)
2026-07,LightVehicles,leve,FIAT,PULSE ABARTH 1,ICE,3,Aduana PY datos abiertos,NCM 8703 automóvil/turismo (default leve)
2026-07,LightVehicles,leve,FIAT,TITANO,ICE,3,Aduana PY datos abiertos,NCM 8704.21 GVW≤5t pickup/camioneta
2026-07,LightVehicles,leve,HYUNDAI,(sin modelo),HEV,3,Aduana PY datos abiertos,NCM 8703 automóvil/turismo (default leve)
2026-07,LightVehicles,leve,JETOUR,T2,ICE,3,Aduana PY datos abiertos,NCM 8703 automóvil/turismo (default leve)
2026-07,LightVehicles,leve,LOTUS,ELETRE 900 SPORT,BEV,3,Aduana PY datos abiertos,NCM 8703 automóvil/turismo (default leve)
2026-07,LightVehicles,leve,MAXUS,T60 D20 LUXURY,ICE,3,Aduana PY datos abiertos,NCM 8704.21 GVW≤5t pickup/camioneta
2026-07,LightVehicles,leve,MERCEDES-BENZ,2027,ICE,3,Aduana PY datos abiertos,NCM 8703 automóvil/turismo (default leve)
2026-07,LightVehicles,leve,MITSUBISHI,MONTERO SPORT GLS 4WD 2,ICE,3,Aduana PY datos abiertos,NCM 8703 automóvil/turismo (default leve)
2026-07,LightVehicles,leve,RAM,RAMPAGE LARAMIE 2,ICE,3,Aduana PY datos abiertos,NCM 8704.21 GVW≤5t pickup/camioneta
2026-07,LightVehicles,leve,SUBARU,WRX SDN WRX TS ES MT VBHFLB6 E3 RW,ICE,3,Aduana PY datos abiertos,NCM 8703 automóvil/turismo (default leve)
2026-07,LightVehicles,leve,TOYOTA,(sin modelo),BEV,3,Aduana PY datos abiertos,NCM 8703 automóvil/turismo (default leve)
2026-07,LightVehicles,leve,TOYOTA,BZ3X,BEV,3,Aduana PY datos abiertos,NCM 8703 automóvil/turismo (default leve)
2026-07,LightVehicles,leve,VENTURA,500 PRO MAX,ICE,3,Aduana PY datos abiertos,NCM 8703 automóvil/turismo (default leve)
2026-07,LightVehicles,pesado,MERCEDES-BENZ,917,ICE,3,Aduana PY datos abiertos,NCM 8704.22 typically GVW>5t
2026-07,LightVehicles,pesado,VOLKSWAGEN,9,ICE,3,Aduana PY datos abiertos,NCM 8704.22 typically GVW>5t
2026-07,LightVehicles,leve,AUDI,Q5 SPORTBACK 2,ICE,2,Aduana PY datos abiertos,NCM 8703 automóvil/turismo (default leve)
2026-07,LightVehicles,leve,AUDI,Q8 3,ICE,2,Aduana PY datos abiertos,NCM 8703 automóvil/turismo (default leve)
2026-07,LightVehicles,leve,AVATR,07,PHEV,2,Aduana PY datos abiertos,NCM 8703 automóvil/turismo (default leve)
2026-07,LightVehicles,leve,BMW,218 GRAN COUPE,ICE,2,Aduana PY datos abiertos,NCM 8703 automóvil/turismo (default leve)
2026-07,LightVehicles,leve,BMW,IX3 50 XDRIVE,BEV,2,Aduana PY datos abiertos,NCM 8703 automóvil/turismo (default leve)
2026-07,LightVehicles,leve,BMW,X1 XDRIVE25E,PHEV,2,Aduana PY datos abiertos,NCM 8703 automóvil/turismo (default leve)
2026-07,LightVehicles,leve,BMW,X6 XDRIVE30D M SPORT,ICE,2,Aduana PY datos abiertos,NCM 8703 automóvil/turismo (default leve)
2026-07,LightVehicles,leve,CHANGAN,HUNTER,ICE,2,Aduana PY datos abiertos,NCM 8704.21 GVW≤5t pickup/camioneta
2026-07,LightVehicles,leve,CHEVROLET,TRACKER LITE FLEX AT TURBO,ICE,2,Aduana PY datos abiertos,NCM 8703 automóvil/turismo (default leve)
2026-07,LightVehicles,leve,CHEVROLET,TRACKER RS FLEX AT TURBO,ICE,2,Aduana PY datos abiertos,NCM 8703 automóvil/turismo (default leve)
2026-07,LightVehicles,leve,CHEVROLET,TRACKER TLZ,ICE,2,Aduana PY datos abiertos,NCM 8703 automóvil/turismo (default leve)
2026-07,LightVehicles,leve,FORD,BRONCO BADLANDS 2,ICE,2,Aduana PY datos abiertos,NCM 8703 automóvil/turismo (default leve)
2026-07,LightVehicles,leve,GREATWALL,(sin modelo),PHEV,2,Aduana PY datos abiertos,8704 + pickup/camioneta keyword
2026-07,LightVehicles,leve,JAC,LD123,ICE,2,Aduana PY datos abiertos,NCM 8704.21 GVW≤5t pickup/camioneta
2026-07,LightVehicles,leve,JEEP,RENEGADE SAHARA 1,ICE,2,Aduana PY datos abiertos,NCM 8703 automóvil/turismo (default leve)
2026-07,LightVehicles,leve,JEEP,WRANGLER 4-DOOR RUBICON,ICE,2,Aduana PY datos abiertos,NCM 8703 automóvil/turismo (default leve)
2026-07,LightVehicles,leve,LEXUS,RX350H,HEV,2,Aduana PY datos abiertos,NCM 8703 automóvil/turismo (default leve)
2026-07,LightVehicles,leve,LEXUS,UX300H,HEV,2,Aduana PY datos abiertos,NCM 8703 automóvil/turismo (default leve)
2026-07,LightVehicles,leve,MG,ZS STD PLUS,ICE,2,Aduana PY datos abiertos,NCM 8703 automóvil/turismo (default leve)
2026-07,LightVehicles,leve,SUBARU,WRX SDN WRX TS ES CVT VBHFLB8 E3 RF,ICE,2,Aduana PY datos abiertos,NCM 8703 automóvil/turismo (default leve)
2026-07,LightVehicles,leve,TOYOTA,SEQUOIA,HEV,2,Aduana PY datos abiertos,NCM 8703 automóvil/turismo (default leve)
2026-07,LightVehicles,leve,TOYOTA,TACOMA,ICE,2,Aduana PY datos abiertos,8704 + pickup/camioneta keyword
2026-07,LightVehicles,pesado,HINO,(sin modelo),ICE,2,Aduana PY datos abiertos,NCM 8704.22 typically GVW>5t
2026-07,LightVehicles,pesado,HYUNDAI,GT11,ICE,2,Aduana PY datos abiertos,NCM 8704.22 typically GVW>5t
2026-07,LightVehicles,pesado,HYUNDAI,GT8,ICE,2,Aduana PY datos abiertos,NCM 8704.22 typically GVW>5t
2026-07,LightVehicles,pesado,HYUNDAI,GT9,ICE,2,Aduana PY datos abiertos,NCM 8704.22 typically GVW>5t
2026-07,LightVehicles,pesado,IVECO,(sin modelo),ICE,2,Aduana PY datos abiertos,NCM 8704.23 typically GVW>5t
2026-07,LightVehicles,pesado,MERCEDES-BENZ,709,ICE,2,Aduana PY datos abiertos,NCM 8704.22 typically GVW>5t
2026-07,LightVehicles,pesado,MERCEDES-BENZ,VARIO 816D,ICE,2,Aduana PY datos abiertos,NCM 8704.22 typically GVW>5t
2026-07,LightVehicles,recreativo,SHORMAR,BLASTER 49U,ICE,2,Aduana PY datos abiertos,keyword ATV/UTV/carrito golf/snow
2026-07,LightVehicles,recreativo,SHORMAR,BLAZER 50,ICE,2,Aduana PY datos abiertos,keyword ATV/UTV/carrito golf/snow
2026-07,LightVehicles,leve,ARCFOX,(sin modelo),BEV,1,Aduana PY datos abiertos,NCM 8703 automóvil/turismo (default leve)
2026-07,LightVehicles,leve,AUDI,Q6 E-TRON SPORTBACK,BEV,1,Aduana PY datos abiertos,NCM 8703 automóvil/turismo (default leve)
2026-07,LightVehicles,leve,AUDI,Q6 ETRON SB SLINE BP,BEV,1,Aduana PY datos abiertos,NCM 8703 automóvil/turismo (default leve)
2026-07,LightVehicles,leve,BAIC,(sin modelo),BEV,1,Aduana PY datos abiertos,NCM 8703 automóvil/turismo (default leve)
2026-07,LightVehicles,leve,BAODING ZHUNQUN,(sin modelo),ICE,1,Aduana PY datos abiertos,NCM 8704.21 GVW≤5t pickup/camioneta
2026-07,LightVehicles,leve,BENTLEY,CONTINETAL GT,ICE,1,Aduana PY datos abiertos,NCM 8703 automóvil/turismo (default leve)
2026-07,LightVehicles,leve,BMW,X2 M35I XDRIVE,ICE,1,Aduana PY datos abiertos,NCM 8703 automóvil/turismo (default leve)
2026-07,LightVehicles,leve,BMW,X3 30E XDRIVE,PHEV,1,Aduana PY datos abiertos,NCM 8703 automóvil/turismo (default leve)
2026-07,LightVehicles,leve,BMW,X6 XDRIVE40I M SPORT,ICE,1,Aduana PY datos abiertos,NCM 8703 automóvil/turismo (default leve)
2026-07,LightVehicles,leve,BMW,X7 XDRIVE40D,ICE,1,Aduana PY datos abiertos,NCM 8703 automóvil/turismo (default leve)
2026-07,LightVehicles,leve,BMW,XM LABEL,PHEV,1,Aduana PY datos abiertos,NCM 8703 automóvil/turismo (default leve)
2026-07,LightVehicles,leve,BYD,SONG PLUS,PHEV,1,Aduana PY datos abiertos,NCM 8703 automóvil/turismo (default leve)
2026-07,LightVehicles,leve,CHEVROLET,MONTANA PREMIER CABINA DOBLE,ICE,1,Aduana PY datos abiertos,NCM 8704.31 GVW≤5t pickup/camioneta
2026-07,LightVehicles,leve,CHEVROLET,ONIX SD LTZ 1,ICE,1,Aduana PY datos abiertos,NCM 8703 automóvil/turismo (default leve)
2026-07,LightVehicles,leve,CHEVROLET,ONIX SD PREMIER 1,ICE,1,Aduana PY datos abiertos,NCM 8703 automóvil/turismo (default leve)
2026-07,LightVehicles,leve,CHEVROLET,TRACKER PREMIER FLEX AT TURBO,ICE,1,Aduana PY datos abiertos,NCM 8703 automóvil/turismo (default leve)
2026-07,LightVehicles,leve,DDR,(sin modelo),ICE,1,Aduana PY datos abiertos,NCM 8703 automóvil/turismo (default leve)
2026-07,LightVehicles,leve,DODGE,(sin modelo),ICE,1,Aduana PY datos abiertos,NCM 8703 automóvil/turismo (default leve)
2026-07,LightVehicles,leve,FIAT,FASTBACK ABARTH 1,ICE,1,Aduana PY datos abiertos,NCM 8703 automóvil/turismo (default leve)
2026-07,LightVehicles,leve,FIAT,FASTBACK AUDACE MILD,OTHERS,1,Aduana PY datos abiertos,NCM 8704.31 GVW≤5t pickup/camioneta
2026-07,LightVehicles,leve,FIAT,TORO ULTRA D/C 1,ICE,1,Aduana PY datos abiertos,NCM 8704.31 GVW≤5t pickup/camioneta
2026-07,LightVehicles,leve,FORD,2026,ICE,1,Aduana PY datos abiertos,NCM 8703 automóvil/turismo (default leve)
2026-07,LightVehicles,leve,FORD,FOCUS RS,ICE,1,Aduana PY datos abiertos,NCM 8703 automóvil/turismo (default leve)
2026-07,LightVehicles,leve,FORD,RANGER,ICE,1,Aduana PY datos abiertos,NCM 8704.21 GVW≤5t pickup/camioneta
2026-07,LightVehicles,leve,FORD,TERRRITORY 1,ICE,1,Aduana PY datos abiertos,NCM 8703 automóvil/turismo (default leve)
2026-07,LightVehicles,leve,FREIGHTLINER,SPRINTER,ICE,1,Aduana PY datos abiertos,passenger van/minibus (Hiace/Staria/…) counts as leve
2026-07,LightVehicles,leve,GEELY,F5E,ICE,1,Aduana PY datos abiertos,8704.60 electric goods vehicle (treated leve unless heavy)
2026-07,LightVehicles,leve,GEELY,RIDDARA RD6,HEV,1,Aduana PY datos abiertos,8704 + pickup/camioneta keyword
2026-07,LightVehicles,leve,HIGHPER,(sin modelo),ICE,1,Aduana PY datos abiertos,NCM 8703 automóvil/turismo (default leve)
2026-07,LightVehicles,leve,JAC,X200 DOBLE CABINA,ICE,1,Aduana PY datos abiertos,NCM 8704.21 GVW≤5t pickup/camioneta
2026-07,LightVehicles,leve,JEEP,2025,ICE,1,Aduana PY datos abiertos,NCM 8703 automóvil/turismo (default leve)
2026-07,LightVehicles,leve,JEEP,COMPASS SERIE S 1,ICE,1,Aduana PY datos abiertos,NCM 8703 automóvil/turismo (default leve)
2026-07,LightVehicles,leve,LANCIA,YPSILON RALLY 4 HF,ICE,1,Aduana PY datos abiertos,NCM 8703 automóvil/turismo (default leve)
2026-07,LightVehicles,leve,LEXUS,(sin modelo),BEV,1,Aduana PY datos abiertos,NCM 8703 automóvil/turismo (default leve)
2026-07,LightVehicles,leve,LEXUS,(sin modelo),PHEV,1,Aduana PY datos abiertos,NCM 8703 automóvil/turismo (default leve)
2026-07,LightVehicles,leve,LEXUS,RX500H,HEV,1,Aduana PY datos abiertos,NCM 8703 automóvil/turismo (default leve)
2026-07,LightVehicles,leve,LOTUS,ELETRE 600,BEV,1,Aduana PY datos abiertos,NCM 8703 automóvil/turismo (default leve)
2026-07,LightVehicles,leve,LOTUS,EMEYA 900 SPORT,BEV,1,Aduana PY datos abiertos,NCM 8703 automóvil/turismo (default leve)
2026-07,LightVehicles,leve,MAHINDRA,ELO,ICE,1,Aduana PY datos abiertos,NCM 8704.21 GVW≤5t pickup/camioneta
2026-07,LightVehicles,leve,MAHINDRA,S6 CON,ICE,1,Aduana PY datos abiertos,NCM 8704.21 GVW≤5t pickup/camioneta
2026-07,LightVehicles,leve,MAZDA,CX-60 MILD,ICE,1,Aduana PY datos abiertos,NCM 8703 automóvil/turismo (default leve)
2026-07,LightVehicles,leve,MERCEDES-BENZ,ATRON,ICE,1,Aduana PY datos abiertos,NCM 8704.21 GVW≤5t pickup/camioneta
2026-07,LightVehicles,leve,MERCEDES-BENZ,E 400,ICE,1,Aduana PY datos abiertos,NCM 8703 automóvil/turismo (default leve)
2026-07,LightVehicles,leve,MERCEDES-BENZ,GLA 200,ICE,1,Aduana PY datos abiertos,NCM 8703 automóvil/turismo (default leve)
2026-07,LightVehicles,leve,MERCEDES-BENZ,SLS AMG,ICE,1,Aduana PY datos abiertos,NCM 8703 automóvil/turismo (default leve)
2026-07,LightVehicles,leve,MG,MG S5 EV COM,BEV,1,Aduana PY datos abiertos,NCM 8703 automóvil/turismo (default leve)
2026-07,LightVehicles,leve,MITSUBISHI,DESTINATOR ULTIMATE,ICE,1,Aduana PY datos abiertos,NCM 8703 automóvil/turismo (default leve)
2026-07,LightVehicles,leve,MITSUBISHI,MONTERO SPORT GLS SAM 4WD 2,ICE,1,Aduana PY datos abiertos,NCM 8703 automóvil/turismo (default leve)
2026-07,LightVehicles,leve,PORSCHE,CAYENNE,PHEV,1,Aduana PY datos abiertos,NCM 8703 automóvil/turismo (default leve)
2026-07,LightVehicles,leve,RAM,DAKOTA LARAMIE 2,ICE,1,Aduana PY datos abiertos,NCM 8704.21 GVW≤5t pickup/camioneta
2026-07,LightVehicles,leve,ROLLS ROYCE,GHOST USADO,ICE,1,Aduana PY datos abiertos,NCM 8703 automóvil/turismo (default leve)
2026-07,LightVehicles,leve,SCANIA,P94-260,ICE,1,Aduana PY datos abiertos,NCM 8704.21 GVW≤5t pickup/camioneta
2026-07,LightVehicles,leve,SKODA,FABIA RALLY 2,ICE,1,Aduana PY datos abiertos,NCM 8703 automóvil/turismo (default leve)
2026-07,LightVehicles,leve,TOYOTA,2026,ICE,1,Aduana PY datos abiertos,NCM 8703 automóvil/turismo (default leve)
2026-07,LightVehicles,leve,TOYOTA,LAND CRUISER PRADO,HEV,1,Aduana PY datos abiertos,NCM 8703 automóvil/turismo (default leve)
2026-07,LightVehicles,leve,TOYOTA,LAND CUISER GR LC 300,ICE,1,Aduana PY datos abiertos,NCM 8703 automóvil/turismo (default leve)
2026-07,LightVehicles,leve,TOYOTA,PRADO PREMIUM,HEV,1,Aduana PY datos abiertos,NCM 8703 automóvil/turismo (default leve)
2026-07,LightVehicles,leve,TOYOTA,TACOMA TRD OFFROAD,HEV,1,Aduana PY datos abiertos,8704 + pickup/camioneta keyword
2026-07,LightVehicles,leve,TOYOTA,TUNDRA,HEV,1,Aduana PY datos abiertos,8704 + pickup/camioneta keyword
2026-07,LightVehicles,leve,VENTURA,T-ARCHON 550,ICE,1,Aduana PY datos abiertos,NCM 8704.31 GVW≤5t pickup/camioneta
2026-07,LightVehicles,leve,VOLKSWAGEN,UNYX PURE,BEV,1,Aduana PY datos abiertos,NCM 8703 automóvil/turismo (default leve)
2026-07,LightVehicles,pesado,ISUZU,(sin modelo),ICE,1,Aduana PY datos abiertos,NCM 8704.22 typically GVW>5t
2026-07,LightVehicles,pesado,IVECO,TECTOR 17-320,ICE,1,Aduana PY datos abiertos,NCM 8704.22 typically GVW>5t
2026-07,LightVehicles,pesado,IVECO,TECTOR 26 - 300,ICE,1,Aduana PY datos abiertos,NCM 8704.23 typically GVW>5t
2026-07,LightVehicles,pesado,JAC,LE112 CARGO BOX 7,ICE,1,Aduana PY datos abiertos,NCM 8704.22 typically GVW>5t
2026-07,LightVehicles,pesado,MERCEDES-BENZ,1018,ICE,1,Aduana PY datos abiertos,NCM 8704.22 typically GVW>5t
2026-07,LightVehicles,pesado,MERCEDES-BENZ,1117,ICE,1,Aduana PY datos abiertos,NCM 8704.22 typically GVW>5t
2026-07,LightVehicles,pesado,MERCEDES-BENZ,1323 L,ICE,1,Aduana PY datos abiertos,NCM 8704.22 typically GVW>5t
2026-07,LightVehicles,pesado,MERCEDES-BENZ,809,ICE,1,Aduana PY datos abiertos,NCM 8704.22 typically GVW>5t
2026-07,LightVehicles,pesado,MERCEDES-BENZ,817,ICE,1,Aduana PY datos abiertos,NCM 8704.22 typically GVW>5t
2026-07,LightVehicles,pesado,MERCEDES-BENZ,914,ICE,1,Aduana PY datos abiertos,NCM 8704.22 typically GVW>5t
2026-07,LightVehicles,pesado,MERCEDES-BENZ,ATEGO 917,ICE,1,Aduana PY datos abiertos,NCM 8704.22 typically GVW>5t
2026-07,LightVehicles,pesado,MERCEDES-BENZ,ELO,ICE,1,Aduana PY datos abiertos,NCM 8704.22 typically GVW>5t
2026-07,LightVehicles,pesado,SCANIA,114,ICE,1,Aduana PY datos abiertos,NCM 8704.22 typically GVW>5t
2026-07,LightVehicles,pesado,SCANIA,124,ICE,1,Aduana PY datos abiertos,NCM 8704.22 typically GVW>5t
2026-07,LightVehicles,pesado,SCANIA,124/400,ICE,1,Aduana PY datos abiertos,NCM 8704.22 typically GVW>5t
2026-07,LightVehicles,pesado,SCANIA,124/420,ICE,1,Aduana PY datos abiertos,NCM 8704.22 typically GVW>5t
2026-07,LightVehicles,pesado,SCANIA,94D 310,ICE,1,Aduana PY datos abiertos,NCM 8704.22 typically GVW>5t
2026-07,LightVehicles,pesado,SCANIA,G400,ICE,1,Aduana PY datos abiertos,NCM 8704.22 typically GVW>5t
2026-07,LightVehicles,pesado,SCANIA,G440,ICE,1,Aduana PY datos abiertos,NCM 8704.22 typically GVW>5t
2026-07,LightVehicles,pesado,SCANIA,P114L,ICE,1,Aduana PY datos abiertos,NCM 8704.23 typically GVW>5t
2026-07,LightVehicles,pesado,SCANIA,P270 A/O,ICE,1,Aduana PY datos abiertos,NCM 8704.22 typically GVW>5t
2026-07,LightVehicles,pesado,SCANIA,R380 6X4 A/O,ICE,1,Aduana PY datos abiertos,NCM 8704.22 typically GVW>5t
2026-07,LightVehicles,recreativo,HONDA,(sin modelo),ICE,1,Aduana PY datos abiertos,keyword ATV/UTV/carrito golf/snow
2026-07,LightVehicles,recreativo,SIN MARCA,(sin modelo),ICE,1,Aduana PY datos abiertos,NCM 8703.10
2026-08,LightVehicles,leve,TOYOTA,VITZ,ICE,5740,Aduana PY datos abiertos,NCM 8703 automóvil/turismo (default leve)
2026-08,LightVehicles,leve,TOYOTA,RACTIS,ICE,2481,Aduana PY datos abiertos,NCM 8703 automóvil/turismo (default leve)
2026-08,LightVehicles,leve,KIA,SPORTAGE,ICE,2170,Aduana PY datos abiertos,NCM 8703 automóvil/turismo (default leve)
2026-08,LightVehicles,leve,TOYOTA,(sin modelo),ICE,1364,Aduana PY datos abiertos,NCM 8703 automóvil/turismo (default leve)
2026-08,LightVehicles,leve,TOYOTA,VOXY,ICE,1205,Aduana PY datos abiertos,passenger van/minibus (Hiace/Staria/…) counts as leve
2026-08,LightVehicles,leve,TOYOTA,AURIS,ICE,1170,Aduana PY datos abiertos,NCM 8703 automóvil/turismo (default leve)
2026-08,LightVehicles,leve,TOYOTA,SIENTA,ICE,1073,Aduana PY datos abiertos,NCM 8703 automóvil/turismo (default leve)
2026-08,LightVehicles,leve,TOYOTA,WISH,ICE,735,Aduana PY datos abiertos,NCM 8703 automóvil/turismo (default leve)
2026-08,LightVehicles,leve,TOYOTA,PREMIO,ICE,651,Aduana PY datos abiertos,NCM 8703 automóvil/turismo (default leve)
2026-08,LightVehicles,leve,TOYOTA,ALLION,ICE,568,Aduana PY datos abiertos,NCM 8703 automóvil/turismo (default leve)
2026-08,LightVehicles,leve,TOYOTA,NOAH,ICE,497,Aduana PY datos abiertos,passenger van/minibus (Hiace/Staria/…) counts as leve
2026-08,LightVehicles,leve,TOYOTA,IST,ICE,470,Aduana PY datos abiertos,NCM 8703 automóvil/turismo (default leve)
2026-08,LightVehicles,leve,TOYOTA,COROLLA CROSS,HEV,361,Aduana PY datos abiertos,NCM 8703 automóvil/turismo (default leve)
2026-08,LightVehicles,leve,MITSUBISHI,CANTER,ICE,343,Aduana PY datos abiertos,NCM 8704.21 GVW≤5t pickup/camioneta
2026-08,LightVehicles,leve,CHEVROLET,(sin modelo),ICE,316,Aduana PY datos abiertos,NCM 8704.21 GVW≤5t pickup/camioneta
2026-08,LightVehicles,leve,TOYOTA,RAV4,HEV,315,Aduana PY datos abiertos,NCM 8703 automóvil/turismo (default leve)
2026-08,LightVehicles,leve,TOYOTA,COROLLA,ICE,266,Aduana PY datos abiertos,NCM 8703 automóvil/turismo (default leve)
2026-08,LightVehicles,leve,HYUNDAI,(sin modelo),ICE,238,Aduana PY datos abiertos,NCM 8703 automóvil/turismo (default leve)
2026-08,LightVehicles,leve,TOYOTA,HILUX,ICE,236,Aduana PY datos abiertos,NCM 8704.21 GVW≤5t pickup/camioneta
2026-08,LightVehicles,leve,HYUNDAI,SANTA FE,ICE,231,Aduana PY datos abiertos,NCM 8703 automóvil/turismo (default leve)
2026-08,LightVehicles,leve,TOYOTA,FUNCARGO,ICE,225,Aduana PY datos abiertos,NCM 8703 automóvil/turismo (default leve)
2026-08,LightVehicles,leve,HYUNDAI,TUCSON,ICE,211,Aduana PY datos abiertos,NCM 8703 automóvil/turismo (default leve)
2026-08,LightVehicles,leve,KIA,PICANTO,ICE,195,Aduana PY datos abiertos,NCM 8703 automóvil/turismo (default leve)
2026-08,LightVehicles,leve,NISSAN,(sin modelo),ICE,186,Aduana PY datos abiertos,NCM 8703 automóvil/turismo (default leve)
2026-08,LightVehicles,leve,MITSUBISHI,(sin modelo),ICE,171,Aduana PY datos abiertos,NCM 8704.21 GVW≤5t pickup/camioneta
2026-08,LightVehicles,leve,TOYOTA,COROLLA,HEV,168,Aduana PY datos abiertos,NCM 8703 automóvil/turismo (default leve)
2026-08,LightVehicles,leve,KIA,SELTOS,ICE,146,Aduana PY datos abiertos,NCM 8703 automóvil/turismo (default leve)
2026-08,LightVehicles,leve,TOYOTA,COROLLA AXIO,ICE,141,Aduana PY datos abiertos,NCM 8703 automóvil/turismo (default leve)
2026-08,LightVehicles,leve,KIA,SORENTO,ICE,133,Aduana PY datos abiertos,NCM 8703 automóvil/turismo (default leve)
2026-08,LightVehicles,leve,HYUNDAI,NEW HB20,ICE,125,Aduana PY datos abiertos,NCM 8703 automóvil/turismo (default leve)
2026-08,LightVehicles,leve,HYUNDAI,NEW HB20S,ICE,125,Aduana PY datos abiertos,NCM 8703 automóvil/turismo (default leve)
2026-08,LightVehicles,leve,DODGE,CHALLENGER,ICE,112,Aduana PY datos abiertos,NCM 8703 automóvil/turismo (default leve)
2026-08,LightVehicles,leve,JETOUR,(sin modelo),ICE,108,Aduana PY datos abiertos,NCM 8703 automóvil/turismo (default leve)
2026-08,LightVehicles,leve,KIA,K5,ICE,105,Aduana PY datos abiertos,NCM 8703 automóvil/turismo (default leve)
2026-08,LightVehicles,leve,TOYOTA,RUSH,ICE,105,Aduana PY datos abiertos,NCM 8703 automóvil/turismo (default leve)
2026-08,LightVehicles,leve,KIA,SPORTAGE,HEV,103,Aduana PY datos abiertos,NCM 8703 automóvil/turismo (default leve)
2026-08,LightVehicles,leve,KIA,SOLUTO,ICE,98,Aduana PY datos abiertos,NCM 8703 automóvil/turismo (default leve)
2026-08,LightVehicles,leve,MITSUBISHI,CANTER GUTS,ICE,98,Aduana PY datos abiertos,NCM 8704.21 GVW≤5t pickup/camioneta
2026-08,LightVehicles,leve,DAIHATSU,MOVE,ICE,91,Aduana PY datos abiertos,NCM 8703 automóvil/turismo (default leve)
2026-08,LightVehicles,leve,TOYOTA,ALLEX,ICE,91,Aduana PY datos abiertos,NCM 8703 automóvil/turismo (default leve)
2026-08,LightVehicles,leve,BYD,SONG PLUS,PHEV,89,Aduana PY datos abiertos,NCM 8703 automóvil/turismo (default leve)
2026-08,LightVehicles,leve,TOYOTA,IQ,ICE,84,Aduana PY datos abiertos,NCM 8703 automóvil/turismo (default leve)
2026-08,LightVehicles,leve,HYUNDAI,NEW CRETA COMFORT NAFTERO,ICE,82,Aduana PY datos abiertos,NCM 8703 automóvil/turismo (default leve)
2026-08,LightVehicles,leve,TOYOTA,AGYA AUT,ICE,80,Aduana PY datos abiertos,NCM 8703 automóvil/turismo (default leve)
2026-08,LightVehicles,leve,TOYOTA,RUSH AUT,ICE,80,Aduana PY datos abiertos,NCM 8703 automóvil/turismo (default leve)
2026-08,LightVehicles,leve,NISSAN,ATLAS,ICE,78,Aduana PY datos abiertos,NCM 8704.21 GVW≤5t pickup/camioneta
2026-08,LightVehicles,leve,KIA,(sin modelo),ICE,77,Aduana PY datos abiertos,NCM 8703 automóvil/turismo (default leve)
2026-08,LightVehicles,leve,NISSAN,FRONTIER DOBLE CABINA,ICE,77,Aduana PY datos abiertos,NCM 8704.21 GVW≤5t pickup/camioneta
2026-08,LightVehicles,leve,SUZUKI,SWIFT,ICE,77,Aduana PY datos abiertos,NCM 8703 automóvil/turismo (default leve)
2026-08,LightVehicles,leve,TOYOTA,CROWN ROYAL SALOON,ICE,77,Aduana PY datos abiertos,NCM 8703 automóvil/turismo (default leve)
2026-08,LightVehicles,leve,GEELY,EMGRAND GX3 PRO,ICE,75,Aduana PY datos abiertos,NCM 8703 automóvil/turismo (default leve)
2026-08,LightVehicles,leve,SUBARU,(sin modelo),ICE,70,Aduana PY datos abiertos,NCM 8703 automóvil/turismo (default leve)
2026-08,LightVehicles,leve,SUBARU,TREZIA,ICE,70,Aduana PY datos abiertos,NCM 8703 automóvil/turismo (default leve)
2026-08,LightVehicles,leve,VOLKSWAGEN,SAVEIRO ROBUST SC 1,ICE,64,Aduana PY datos abiertos,NCM 8704.31 GVW≤5t pickup/camioneta
2026-08,LightVehicles,leve,HYUNDAI,AVANTE,ICE,63,Aduana PY datos abiertos,NCM 8703 automóvil/turismo (default leve)
2026-08,LightVehicles,leve,KIA,CARNIVAL,ICE,63,Aduana PY datos abiertos,passenger van/minibus (Hiace/Staria/…) counts as leve
2026-08,LightVehicles,leve,NISSAN,FAIRLADY Z,ICE,63,Aduana PY datos abiertos,NCM 8703 automóvil/turismo (default leve)
2026-08,LightVehicles,leve,TOYOTA,YARIS CROSS,ICE,63,Aduana PY datos abiertos,NCM 8703 automóvil/turismo (default leve)
2026-08,LightVehicles,leve,VOLKSWAGEN,TERA 1,ICE,63,Aduana PY datos abiertos,NCM 8703 automóvil/turismo (default leve)
2026-08,LightVehicles,leve,GREATWALL,JOLION PRO,HEV,61,Aduana PY datos abiertos,NCM 8703 automóvil/turismo (default leve)
2026-08,LightVehicles,leve,JETOUR,T2,PHEV,60,Aduana PY datos abiertos,NCM 8703 automóvil/turismo (default leve)
2026-08,LightVehicles,leve,JETOUR,G700 PHEV,PHEV,57,Aduana PY datos abiertos,NCM 8703 automóvil/turismo (default leve)
2026-08,LightVehicles,leve,FIAT,MOBI LIKE 1,ICE,56,Aduana PY datos abiertos,NCM 8703 automóvil/turismo (default leve)
2026-08,LightVehicles,leve,GREATWALL,(sin modelo),ICE,56,Aduana PY datos abiertos,NCM 8704.21 GVW≤5t pickup/camioneta
2026-08,LightVehicles,leve,MITSUBISHI,CANTER FUSO,ICE,56,Aduana PY datos abiertos,NCM 8704.21 GVW≤5t pickup/camioneta
2026-08,LightVehicles,leve,TOYOTA,AQUA,HEV,56,Aduana PY datos abiertos,NCM 8703 automóvil/turismo (default leve)
2026-08,LightVehicles,leve,GREATWALL,TANK 400,PHEV,53,Aduana PY datos abiertos,NCM 8703 automóvil/turismo (default leve)
2026-08,LightVehicles,leve,VOLKSWAGEN,(sin modelo),ICE,52,Aduana PY datos abiertos,NCM 8703 automóvil/turismo (default leve)
2026-08,LightVehicles,leve,FORD,(sin modelo),ICE,51,Aduana PY datos abiertos,NCM 8703 automóvil/turismo (default leve)
2026-08,LightVehicles,leve,MG,ZX CVT PLUS,ICE,51,Aduana PY datos abiertos,NCM 8703 automóvil/turismo (default leve)
2026-08,LightVehicles,leve,ICAUR,V23,BEV,50,Aduana PY datos abiertos,NCM 8703 automóvil/turismo (default leve)
2026-08,LightVehicles,leve,MG,ZS LUX,HEV,50,Aduana PY datos abiertos,NCM 8703 automóvil/turismo (default leve)
2026-08,LightVehicles,leve,CHEVROLET,CAMARO,ICE,49,Aduana PY datos abiertos,NCM 8703 automóvil/turismo (default leve)
2026-08,LightVehicles,leve,TOYOTA,CROWN ATHLETE,ICE,49,Aduana PY datos abiertos,NCM 8703 automóvil/turismo (default leve)
2026-08,LightVehicles,leve,TOYOTA,GRAND HIACE,ICE,49,Aduana PY datos abiertos,passenger van/minibus (Hiace/Staria/…) counts as leve
2026-08,LightVehicles,leve,SOUEAST,S06,PHEV,47,Aduana PY datos abiertos,NCM 8703 automóvil/turismo (default leve)
2026-08,LightVehicles,leve,JETOUR,DASHING X1 GL,ICE,45,Aduana PY datos abiertos,NCM 8703 automóvil/turismo (default leve)
2026-08,LightVehicles,leve,KIA,SONET,ICE,45,Aduana PY datos abiertos,NCM 8703 automóvil/turismo (default leve)
2026-08,LightVehicles,leve,JETOUR,T1 PHEV,PHEV,44,Aduana PY datos abiertos,NCM 8703 automóvil/turismo (default leve)
2026-08,LightVehicles,leve,TOYOTA,FORTUNER,ICE,43,Aduana PY datos abiertos,NCM 8703 automóvil/turismo (default leve)
2026-08,LightVehicles,pesado,MERCEDES-BENZ,814,ICE,43,Aduana PY datos abiertos,NCM 8704.22 typically GVW>5t
2026-08,LightVehicles,pesado,SCANIA,P94,ICE,43,Aduana PY datos abiertos,NCM 8704.23 typically GVW>5t
2026-08,LightVehicles,leve,BMW,320D,ICE,42,Aduana PY datos abiertos,NCM 8703 automóvil/turismo (default leve)
2026-08,LightVehicles,leve,DONGFENG,FENGSHEN E70,BEV,42,Aduana PY datos abiertos,NCM 8703 automóvil/turismo (default leve)
2026-08,LightVehicles,leve,HYUNDAI,PORTER II,ICE,42,Aduana PY datos abiertos,NCM 8704.21 GVW≤5t pickup/camioneta
2026-08,LightVehicles,leve,MERCEDES-BENZ,C300,ICE,42,Aduana PY datos abiertos,NCM 8703 automóvil/turismo (default leve)
2026-08,LightVehicles,leve,TOYOTA,BELTA,ICE,42,Aduana PY datos abiertos,NCM 8703 automóvil/turismo (default leve)
2026-08,LightVehicles,leve,TOYOTA,PASSO,ICE,42,Aduana PY datos abiertos,NCM 8703 automóvil/turismo (default leve)
2026-08,LightVehicles,leve,VOLKSWAGEN,SAVEIRO ROBUST DC 1,ICE,41,Aduana PY datos abiertos,NCM 8704.31 GVW≤5t pickup/camioneta
2026-08,LightVehicles,leve,HYUNDAI,NEW HB20S NAFT,ICE,40,Aduana PY datos abiertos,NCM 8703 automóvil/turismo (default leve)
2026-08,LightVehicles,leve,NISSAN,350Z,ICE,36,Aduana PY datos abiertos,NCM 8703 automóvil/turismo (default leve)
2026-08,LightVehicles,leve,VOLKSWAGEN,T-CROSS 1,ICE,36,Aduana PY datos abiertos,NCM 8703 automóvil/turismo (default leve)
2026-08,LightVehicles,leve,KIA,MORNING,ICE,35,Aduana PY datos abiertos,NCM 8703 automóvil/turismo (default leve)
2026-08,LightVehicles,leve,MG,ZX MT STD,ICE,35,Aduana PY datos abiertos,NCM 8703 automóvil/turismo (default leve)
2026-08,LightVehicles,leve,SUBARU,IMPREZA,ICE,35,Aduana PY datos abiertos,NCM 8703 automóvil/turismo (default leve)
2026-08,LightVehicles,leve,TOYOTA,ALTIS,ICE,35,Aduana PY datos abiertos,NCM 8703 automóvil/turismo (default leve)
2026-08,LightVehicles,pesado,MERCEDES-BENZ,ATEGO 815,ICE,35,Aduana PY datos abiertos,NCM 8704.22 typically GVW>5t
2026-08,LightVehicles,leve,GREATWALL,NEW H6 HEV,HEV,33,Aduana PY datos abiertos,NCM 8703 automóvil/turismo (default leve)
2026-08,LightVehicles,leve,NISSAN,NEW KICKS 220T ADVANCE 6 DCT - FLEX,ICE,33,Aduana PY datos abiertos,NCM 8703 automóvil/turismo (default leve)
2026-08,LightVehicles,leve,SOUEAST,S08,PHEV,32,Aduana PY datos abiertos,NCM 8703 automóvil/turismo (default leve)
2026-08,LightVehicles,leve,TOYOTA,4RUNNER,HEV,32,Aduana PY datos abiertos,NCM 8703 automóvil/turismo (default leve)
2026-08,LightVehicles,leve,KIA,SORENTO,HEV,31,Aduana PY datos abiertos,NCM 8703 automóvil/turismo (default leve)
2026-08,LightVehicles,leve,BYD,YUAN PRO DM-I GS,PHEV,30,Aduana PY datos abiertos,NCM 8703 automóvil/turismo (default leve)
2026-08,LightVehicles,leve,SUZUKI,(sin modelo),ICE,30,Aduana PY datos abiertos,NCM 8703 automóvil/turismo (default leve)
2026-08,LightVehicles,leve,HYUNDAI,PALISADE,ICE,28,Aduana PY datos abiertos,NCM 8703 automóvil/turismo (default leve)
2026-08,LightVehicles,leve,JEEP,WRANGLER,ICE,28,Aduana PY datos abiertos,NCM 8703 automóvil/turismo (default leve)
2026-08,LightVehicles,leve,JMC,(sin modelo),ICE,28,Aduana PY datos abiertos,NCM 8704.21 GVW≤5t pickup/camioneta
2026-08,LightVehicles,leve,MERCEDES-BENZ,C220 CDI,ICE,28,Aduana PY datos abiertos,NCM 8703 automóvil/turismo (default leve)
2026-08,LightVehicles,leve,MITSUBISHI,FUSO CANTER GUTS,ICE,28,Aduana PY datos abiertos,NCM 8704.21 GVW≤5t pickup/camioneta
2026-08,LightVehicles,leve,MITSUBISHI,LANCER EVOLUTION,ICE,28,Aduana PY datos abiertos,NCM 8703 automóvil/turismo (default leve)
2026-08,LightVehicles,leve,NISSAN,QASHQAI SENSE,ICE,28,Aduana PY datos abiertos,NCM 8703 automóvil/turismo (default leve)
2026-08,LightVehicles,leve,TOYOTA,MARK X,ICE,28,Aduana PY datos abiertos,NCM 8703 automóvil/turismo (default leve)
2026-08,LightVehicles,leve,NISSAN,NEW KICKS 220T EXCLUSIVE 6 DCT - FLEX FLEX,ICE,27,Aduana PY datos abiertos,NCM 8703 automóvil/turismo (default leve)
2026-08,LightVehicles,leve,TOYOTA,LAND CRUISER,ICE,27,Aduana PY datos abiertos,NCM 8703 automóvil/turismo (default leve)
2026-08,LightVehicles,leve,GREATWALL,H7 PHEV,PHEV,26,Aduana PY datos abiertos,NCM 8703 automóvil/turismo (default leve)
2026-08,LightVehicles,leve,HYUNDAI,NEW HB20 HATCH,ICE,26,Aduana PY datos abiertos,NCM 8703 automóvil/turismo (default leve)
2026-08,LightVehicles,leve,CHEVROLET,CAPTIVA EV,BEV,24,Aduana PY datos abiertos,NCM 8703 automóvil/turismo (default leve)
2026-08,LightVehicles,leve,CHEVROLET,SPARK EUV,BEV,24,Aduana PY datos abiertos,NCM 8703 automóvil/turismo (default leve)
2026-08,LightVehicles,leve,GREATWALL,NEW H6 PHEV,PHEV,24,Aduana PY datos abiertos,NCM 8703 automóvil/turismo (default leve)
2026-08,LightVehicles,leve,HYUNDAI,NEW HB20 HATCH 1,ICE,24,Aduana PY datos abiertos,NCM 8703 automóvil/turismo (default leve)
2026-08,LightVehicles,leve,MERCEDES-BENZ,(sin modelo),ICE,24,Aduana PY datos abiertos,NCM 8703 automóvil/turismo (default leve)
2026-08,LightVehicles,leve,PEUGEOT,(sin modelo),ICE,24,Aduana PY datos abiertos,NCM 8703 automóvil/turismo (default leve)
2026-08,LightVehicles,pesado,MERCEDES-BENZ,ATEGO,ICE,24,Aduana PY datos abiertos,NCM 8704.22 typically GVW>5t
2026-08,LightVehicles,leve,HONDA,(sin modelo),ICE,23,Aduana PY datos abiertos,NCM 8703 automóvil/turismo (default leve)
2026-08,LightVehicles,leve,FORD,MUSTANG,ICE,22,Aduana PY datos abiertos,NCM 8703 automóvil/turismo (default leve)
2026-08,LightVehicles,leve,HYUNDAI,NEW CRETA PLATINUM NAFTERO,ICE,22,Aduana PY datos abiertos,NCM 8703 automóvil/turismo (default leve)
2026-08,LightVehicles,leve,DODGE,(sin modelo),ICE,21,Aduana PY datos abiertos,NCM 8703 automóvil/turismo (default leve)
2026-08,LightVehicles,leve,HYUNDAI,ACCENT,ICE,21,Aduana PY datos abiertos,NCM 8703 automóvil/turismo (default leve)
2026-08,LightVehicles,leve,JIM,(sin modelo),ICE,21,Aduana PY datos abiertos,NCM 8704.21 GVW≤5t pickup/camioneta
2026-08,LightVehicles,leve,KIA,BONGO III,ICE,21,Aduana PY datos abiertos,NCM 8704.21 GVW≤5t pickup/camioneta
2026-08,LightVehicles,leve,KIA,ELO,ICE,21,Aduana PY datos abiertos,NCM 8703 automóvil/turismo (default leve)
2026-08,LightVehicles,leve,KIA,K3,ICE,21,Aduana PY datos abiertos,NCM 8703 automóvil/turismo (default leve)
2026-08,LightVehicles,leve,MAZDA,DEMIO,ICE,21,Aduana PY datos abiertos,NCM 8703 automóvil/turismo (default leve)
2026-08,LightVehicles,leve,MITSUBISHI,FUSO CANTER,ICE,21,Aduana PY datos abiertos,NCM 8704.21 GVW≤5t pickup/camioneta
2026-08,LightVehicles,leve,RENAULT,KOLEOS,HEV,21,Aduana PY datos abiertos,NCM 8703 automóvil/turismo (default leve)
2026-08,LightVehicles,leve,TOYOTA,DYNA,ICE,21,Aduana PY datos abiertos,NCM 8704.21 GVW≤5t pickup/camioneta
2026-08,LightVehicles,leve,TOYOTA,SIENTA,HEV,21,Aduana PY datos abiertos,NCM 8703 automóvil/turismo (default leve)
2026-08,LightVehicles,leve,TOYOTA,TOYOACE,ICE,21,Aduana PY datos abiertos,NCM 8704.21 GVW≤5t pickup/camioneta
2026-08,LightVehicles,leve,VOLKSWAGEN,SAVEIRO EXTREME DC 1,ICE,21,Aduana PY datos abiertos,NCM 8704.31 GVW≤5t pickup/camioneta
2026-08,LightVehicles,leve,VOLKSWAGEN,POLO TRACK 1,ICE,20,Aduana PY datos abiertos,NCM 8703 automóvil/turismo (default leve)
2026-08,LightVehicles,leve,VOLVO,EX30,BEV,20,Aduana PY datos abiertos,NCM 8703 automóvil/turismo (default leve)
2026-08,LightVehicles,leve,DFSK,(sin modelo),ICE,19,Aduana PY datos abiertos,NCM 8703 automóvil/turismo (default leve)
2026-08,LightVehicles,leve,CHEVROLET,TRAILBLAZER HC 2,ICE,18,Aduana PY datos abiertos,NCM 8703 automóvil/turismo (default leve)
2026-08,LightVehicles,leve,MG,HS,PHEV,18,Aduana PY datos abiertos,NCM 8703 automóvil/turismo (default leve)
2026-08,LightVehicles,pesado,ISUZU,QMR77L-HH5AYN,ICE,18,Aduana PY datos abiertos,NCM 8704.22 typically GVW>5t
2026-08,LightVehicles,leve,FIAT,FIORINO ENDURANCE 1,ICE,17,Aduana PY datos abiertos,NCM 8704.31 GVW≤5t pickup/camioneta
2026-08,LightVehicles,leve,MERCEDES-BENZ,GLC300,ICE,17,Aduana PY datos abiertos,NCM 8703 automóvil/turismo (default leve)
2026-08,LightVehicles,leve,VOLKSWAGEN,NIVUS 1,ICE,17,Aduana PY datos abiertos,NCM 8703 automóvil/turismo (default leve)
2026-08,LightVehicles,leve,AUDI,Q3 1,ICE,16,Aduana PY datos abiertos,NCM 8703 automóvil/turismo (default leve)
2026-08,LightVehicles,leve,CHERY,HIMLA 2,ICE,16,Aduana PY datos abiertos,NCM 8704.21 GVW≤5t pickup/camioneta
2026-08,LightVehicles,leve,CHEVROLET,S10 CD Z71 2,ICE,16,Aduana PY datos abiertos,NCM 8704.21 GVW≤5t pickup/camioneta
2026-08,LightVehicles,leve,CITROEN,(sin modelo),ICE,16,Aduana PY datos abiertos,NCM 8703 automóvil/turismo (default leve)
2026-08,LightVehicles,leve,DODGE,CHALLENGER R/T,ICE,15,Aduana PY datos abiertos,NCM 8703 automóvil/turismo (default leve)
2026-08,LightVehicles,leve,FOTON,ELO,ICE,15,Aduana PY datos abiertos,NCM 8704.21 GVW≤5t pickup/camioneta
2026-08,LightVehicles,pesado,MERCEDES-BENZ,1117,ICE,15,Aduana PY datos abiertos,NCM 8704.22 typically GVW>5t
2026-08,LightVehicles,leve,AUDI,Q5 2,ICE,14,Aduana PY datos abiertos,NCM 8703 automóvil/turismo (default leve)
2026-08,LightVehicles,leve,BMW,(sin modelo),ICE,14,Aduana PY datos abiertos,NCM 8703 automóvil/turismo (default leve)
2026-08,LightVehicles,leve,BMW,320DX,ICE,14,Aduana PY datos abiertos,NCM 8703 automóvil/turismo (default leve)
2026-08,LightVehicles,leve,BMW,320I,ICE,14,Aduana PY datos abiertos,NCM 8703 automóvil/turismo (default leve)
2026-08,LightVehicles,leve,BMW,X6,ICE,14,Aduana PY datos abiertos,NCM 8703 automóvil/turismo (default leve)
2026-08,LightVehicles,leve,BYD,YUAN PLUS,BEV,14,Aduana PY datos abiertos,NCM 8703 automóvil/turismo (default leve)
2026-08,LightVehicles,leve,CHANGAN,NEW CS35 MAX,ICE,14,Aduana PY datos abiertos,NCM 8703 automóvil/turismo (default leve)
2026-08,LightVehicles,leve,CHEVROLET,SILVERADO,ICE,14,Aduana PY datos abiertos,NCM 8704.21 GVW≤5t pickup/camioneta
2026-08,LightVehicles,leve,DAIHATSU,(sin modelo),ICE,14,Aduana PY datos abiertos,NCM 8703 automóvil/turismo (default leve)
2026-08,LightVehicles,leve,DONGFENG,EX1 PRO,BEV,14,Aduana PY datos abiertos,NCM 8703 automóvil/turismo (default leve)
2026-08,LightVehicles,leve,FORD,F-250,ICE,14,Aduana PY datos abiertos,NCM 8704.21 GVW≤5t pickup/camioneta
2026-08,LightVehicles,leve,FORD,F150,ICE,14,Aduana PY datos abiertos,NCM 8703 automóvil/turismo (default leve)
2026-08,LightVehicles,leve,FORD,RANGER RAPTOR,ICE,14,Aduana PY datos abiertos,NCM 8704.31 GVW≤5t pickup/camioneta
2026-08,LightVehicles,leve,FORD,RANGER RAPTOR DC 3,ICE,14,Aduana PY datos abiertos,NCM 8704.31 GVW≤5t pickup/camioneta
2026-08,LightVehicles,leve,HYUNDAI,GRAND STAREX,ICE,14,Aduana PY datos abiertos,NCM 8703 automóvil/turismo (default leve)
2026-08,LightVehicles,leve,HYUNDAI,I40,ICE,14,Aduana PY datos abiertos,NCM 8703 automóvil/turismo (default leve)
2026-08,LightVehicles,leve,HYUNDAI,NEW CRETA COMFORT,ICE,14,Aduana PY datos abiertos,NCM 8703 automóvil/turismo (default leve)
2026-08,LightVehicles,leve,KIA,RIO,ICE,14,Aduana PY datos abiertos,NCM 8703 automóvil/turismo (default leve)
2026-08,LightVehicles,leve,MERCEDES-BENZ,380 SL,ICE,14,Aduana PY datos abiertos,NCM 8703 automóvil/turismo (default leve)
2026-08,LightVehicles,leve,MERCEDES-BENZ,C 250,ICE,14,Aduana PY datos abiertos,NCM 8703 automóvil/turismo (default leve)
2026-08,LightVehicles,leve,MERCEDES-BENZ,C220,ICE,14,Aduana PY datos abiertos,NCM 8703 automóvil/turismo (default leve)
2026-08,LightVehicles,leve,MERCEDES-BENZ,GLC 300,ICE,14,Aduana PY datos abiertos,NCM 8703 automóvil/turismo (default leve)
2026-08,LightVehicles,leve,MERCEDES-BENZ,VITO,ICE,14,Aduana PY datos abiertos,NCM 8704.21 GVW≤5t pickup/camioneta
2026-08,LightVehicles,leve,MINI,COOPER,ICE,14,Aduana PY datos abiertos,NCM 8703 automóvil/turismo (default leve)
2026-08,LightVehicles,leve,MITSUBISHI,DELICA D5,ICE,14,Aduana PY datos abiertos,NCM 8703 automóvil/turismo (default leve)
2026-08,LightVehicles,leve,NISSAN,350 Z A/O,ICE,14,Aduana PY datos abiertos,NCM 8703 automóvil/turismo (default leve)
2026-08,LightVehicles,leve,NISSAN,370Z,ICE,14,Aduana PY datos abiertos,NCM 8703 automóvil/turismo (default leve)
2026-08,LightVehicles,leve,NISSAN,FIRELADY Z,ICE,14,Aduana PY datos abiertos,NCM 8703 automóvil/turismo (default leve)
2026-08,LightVehicles,leve,NISSAN,NOTE,ICE,14,Aduana PY datos abiertos,NCM 8703 automóvil/turismo (default leve)
2026-08,LightVehicles,leve,NISSAN,SKYLINE,ICE,14,Aduana PY datos abiertos,NCM 8703 automóvil/turismo (default leve)
2026-08,LightVehicles,leve,RAM,(sin modelo),ICE,14,Aduana PY datos abiertos,NCM 8704.21 GVW≤5t pickup/camioneta
2026-08,LightVehicles,leve,RAM,DAKOTA BIGHORN 2,ICE,14,Aduana PY datos abiertos,NCM 8704.21 GVW≤5t pickup/camioneta
2026-08,LightVehicles,leve,RAM,RAMPAGE R/T 2,ICE,14,Aduana PY datos abiertos,NCM 8704.31 GVW≤5t pickup/camioneta
2026-08,LightVehicles,leve,SSANGYONG,KORANDO SPORTS,ICE,14,Aduana PY datos abiertos,NCM 8704.21 GVW≤5t pickup/camioneta
2026-08,LightVehicles,leve,SUBARU,WRX STI,ICE,14,Aduana PY datos abiertos,NCM 8703 automóvil/turismo (default leve)
2026-08,LightVehicles,leve,TOYOTA,4RUNNER,ICE,14,Aduana PY datos abiertos,NCM 8703 automóvil/turismo (default leve)
2026-08,LightVehicles,leve,TOYOTA,AURIS,HEV,14,Aduana PY datos abiertos,NCM 8703 automóvil/turismo (default leve)
2026-08,LightVehicles,leve,TOYOTA,AVENSIS,ICE,14,Aduana PY datos abiertos,NCM 8703 automóvil/turismo (default leve)
2026-08,LightVehicles,leve,TOYOTA,COROLLA FIELDER,ICE,14,Aduana PY datos abiertos,NCM 8703 automóvil/turismo (default leve)
2026-08,LightVehicles,leve,TOYOTA,CROWN,ICE,14,Aduana PY datos abiertos,NCM 8703 automóvil/turismo (default leve)
2026-08,LightVehicles,leve,TOYOTA,ELO,ICE,14,Aduana PY datos abiertos,NCM 8703 automóvil/turismo (default leve)
2026-08,LightVehicles,leve,TOYOTA,GT86,ICE,14,Aduana PY datos abiertos,NCM 8703 automóvil/turismo (default leve)
2026-08,LightVehicles,leve,TOYOTA,HIACE,ICE,14,Aduana PY datos abiertos,passenger van/minibus (Hiace/Staria/…) counts as leve
2026-08,LightVehicles,leve,TOYOTA,HIACE GRAND CABIN G,ICE,14,Aduana PY datos abiertos,passenger van/minibus (Hiace/Staria/…) counts as leve
2026-08,LightVehicles,leve,TOYOTA,HIACE SUPER GL,ICE,14,Aduana PY datos abiertos,passenger van/minibus (Hiace/Staria/…) counts as leve
2026-08,LightVehicles,leve,TOYOTA,LITEACE,ICE,14,Aduana PY datos abiertos,NCM 8703 automóvil/turismo (default leve)
2026-08,LightVehicles,leve,TOYOTA,PLATZ,ICE,14,Aduana PY datos abiertos,NCM 8703 automóvil/turismo (default leve)
2026-08,LightVehicles,leve,TOYOTA,TOWNACE,ICE,14,Aduana PY datos abiertos,NCM 8703 automóvil/turismo (default leve)
2026-08,LightVehicles,leve,TOYOTA,VELLFIRE,ICE,14,Aduana PY datos abiertos,passenger van/minibus (Hiace/Staria/…) counts as leve
2026-08,LightVehicles,leve,TOYOTA,YARIS,ICE,14,Aduana PY datos abiertos,NCM 8703 automóvil/turismo (default leve)
2026-08,LightVehicles,leve,TOYOTA,YARIS CROSS,HEV,14,Aduana PY datos abiertos,NCM 8703 automóvil/turismo (default leve)
2026-08,LightVehicles,leve,VOLKSWAGEN,BEETLE,ICE,14,Aduana PY datos abiertos,NCM 8703 automóvil/turismo (default leve)
2026-08,LightVehicles,leve,VOLKSWAGEN,PASSAT,ICE,14,Aduana PY datos abiertos,NCM 8703 automóvil/turismo (default leve)
2026-08,LightVehicles,pesado,NISSAN,CABSTAR,ICE,14,Aduana PY datos abiertos,NCM 8704.22 typically GVW>5t
2026-08,LightVehicles,pesado,SCANIA,(sin modelo),ICE,14,Aduana PY datos abiertos,NCM 8704.22 typically GVW>5t
2026-08,LightVehicles,pesado,SCANIA,P114,ICE,14,Aduana PY datos abiertos,NCM 8704.23 typically GVW>5t
2026-08,LightVehicles,leve,FORD,RANGER 3,ICE,13,Aduana PY datos abiertos,NCM 8704.21 GVW≤5t pickup/camioneta
2026-08,LightVehicles,leve,LYNK CO,01,PHEV,13,Aduana PY datos abiertos,NCM 8703 automóvil/turismo (default leve)
2026-08,LightVehicles,leve,MERCEDES-BENZ,2027,ICE,13,Aduana PY datos abiertos,NCM 8703 automóvil/turismo (default leve)
2026-08,LightVehicles,pesado,ISUZU,NPR71L-KJ5VAYN,ICE,13,Aduana PY datos abiertos,NCM 8704.22 typically GVW>5t
2026-08,LightVehicles,leve,CHEVROLET,S10 CABINA DOBLE HIGH COUNTRY,ICE,12,Aduana PY datos abiertos,NCM 8704.21 GVW≤5t pickup/camioneta
2026-08,LightVehicles,leve,FIAT,PULSE DRIVE 1,ICE,12,Aduana PY datos abiertos,NCM 8703 automóvil/turismo (default leve)
2026-08,LightVehicles,leve,FIAT,TITANO,ICE,12,Aduana PY datos abiertos,NCM 8704.21 GVW≤5t pickup/camioneta
2026-08,LightVehicles,leve,FORD,TERRITORY 1,ICE,12,Aduana PY datos abiertos,NCM 8703 automóvil/turismo (default leve)
2026-08,LightVehicles,leve,KIA,CARENS,ICE,12,Aduana PY datos abiertos,NCM 8703 automóvil/turismo (default leve)
2026-08,LightVehicles,leve,VOLVO,XC60,PHEV,12,Aduana PY datos abiertos,NCM 8703 automóvil/turismo (default leve)
2026-08,LightVehicles,leve,VOLVO,XC90,PHEV,12,Aduana PY datos abiertos,NCM 8703 automóvil/turismo (default leve)
2026-08,LightVehicles,pesado,FOTON,ELO,ICE,12,Aduana PY datos abiertos,NCM 8704.22 typically GVW>5t
2026-08,LightVehicles,leve,MINI,(sin modelo),ICE,11,Aduana PY datos abiertos,NCM 8703 automóvil/turismo (default leve)
2026-08,LightVehicles,leve,BYD,ATTO 8,PHEV,10,Aduana PY datos abiertos,NCM 8703 automóvil/turismo (default leve)
2026-08,LightVehicles,leve,BYD,YUAN PRO,BEV,10,Aduana PY datos abiertos,NCM 8703 automóvil/turismo (default leve)
2026-08,LightVehicles,leve,CHEVROLET,ONIX HB ACTIV 1,ICE,10,Aduana PY datos abiertos,NCM 8703 automóvil/turismo (default leve)
2026-08,LightVehicles,leve,CHEVROLET,ONIX HB LT 1,ICE,10,Aduana PY datos abiertos,NCM 8703 automóvil/turismo (default leve)
2026-08,LightVehicles,leve,CHEVROLET,SONIC PREMIER 1,ICE,10,Aduana PY datos abiertos,NCM 8703 automóvil/turismo (default leve)
2026-08,LightVehicles,leve,FIAT,STRADA RANCH D/C 1,ICE,10,Aduana PY datos abiertos,NCM 8704.31 GVW≤5t pickup/camioneta
2026-08,LightVehicles,leve,GREATWALL,H6 GT,PHEV,10,Aduana PY datos abiertos,NCM 8703 automóvil/turismo (default leve)
2026-08,LightVehicles,leve,MAHINDRA,S6,ICE,10,Aduana PY datos abiertos,NCM 8704.21 GVW≤5t pickup/camioneta
2026-08,LightVehicles,leve,MG,MG3,HEV,10,Aduana PY datos abiertos,NCM 8703 automóvil/turismo (default leve)
2026-08,LightVehicles,leve,BAIC,BJ30E,OTHERS,9,Aduana PY datos abiertos,NCM 8703 automóvil/turismo (default leve)
2026-08,LightVehicles,leve,CHANGAN,DEEPAL S07,PHEV,9,Aduana PY datos abiertos,NCM 8703 automóvil/turismo (default leve)
2026-08,LightVehicles,leve,CHEVROLET,SONIC PREMIER,ICE,9,Aduana PY datos abiertos,NCM 8703 automóvil/turismo (default leve)
2026-08,LightVehicles,leve,CHEVROLET,SONIC RS,ICE,9,Aduana PY datos abiertos,NCM 8703 automóvil/turismo (default leve)
2026-08,LightVehicles,leve,FIAT,ARGO TREKKING 1,ICE,9,Aduana PY datos abiertos,NCM 8703 automóvil/turismo (default leve)
2026-08,LightVehicles,leve,KIA,CARNIVAL,HEV,9,Aduana PY datos abiertos,passenger van/minibus (Hiace/Staria/…) counts as leve
2026-08,LightVehicles,leve,CHANGAN,DEEPAL S05,PHEV,8,Aduana PY datos abiertos,NCM 8703 automóvil/turismo (default leve)
2026-08,LightVehicles,leve,CHANGAN,NEW CS55 PLUS ELITE,ICE,8,Aduana PY datos abiertos,NCM 8703 automóvil/turismo (default leve)
2026-08,LightVehicles,leve,CHANGAN,UNI-T ELITE,ICE,8,Aduana PY datos abiertos,NCM 8703 automóvil/turismo (default leve)
2026-08,LightVehicles,leve,CHEVROLET,ONIX LT HATCHBACK FLEX MT,ICE,8,Aduana PY datos abiertos,NCM 8703 automóvil/turismo (default leve)
2026-08,LightVehicles,leve,CHEVROLET,S10 CABINA SIMPLE WORK TRUCK,ICE,8,Aduana PY datos abiertos,NCM 8704.21 GVW≤5t pickup/camioneta
2026-08,LightVehicles,leve,CHEVROLET,S10 CS WORK 2,ICE,8,Aduana PY datos abiertos,NCM 8704.21 GVW≤5t pickup/camioneta
2026-08,LightVehicles,leve,CHEVROLET,SONIC PREMIER FLEX AT TURBO,ICE,8,Aduana PY datos abiertos,NCM 8703 automóvil/turismo (default leve)
2026-08,LightVehicles,leve,CHEVROLET,TRACKER LITE,ICE,8,Aduana PY datos abiertos,NCM 8703 automóvil/turismo (default leve)
2026-08,LightVehicles,leve,CHEVROLET,TRACKER LTZ FLEX AT TURBO,ICE,8,Aduana PY datos abiertos,NCM 8703 automóvil/turismo (default leve)
2026-08,LightVehicles,leve,DEEPAL,DEEPAL MODELO,PHEV,8,Aduana PY datos abiertos,NCM 8703 automóvil/turismo (default leve)
2026-08,LightVehicles,leve,GREATWALL,TANK 700,PHEV,8,Aduana PY datos abiertos,NCM 8703 automóvil/turismo (default leve)
2026-08,LightVehicles,leve,HONDA,CR-V,HEV,8,Aduana PY datos abiertos,NCM 8703 automóvil/turismo (default leve)
2026-08,LightVehicles,leve,JEEP,GRAND CHEROKEE,ICE,8,Aduana PY datos abiertos,NCM 8703 automóvil/turismo (default leve)
2026-08,LightVehicles,leve,LEXUS,(sin modelo),HEV,8,Aduana PY datos abiertos,NCM 8703 automóvil/turismo (default leve)
2026-08,LightVehicles,leve,MAHINDRA,XUV 3XO MX3,ICE,8,Aduana PY datos abiertos,NCM 8703 automóvil/turismo (default leve)
2026-08,LightVehicles,leve,MAHINDRA,XUV3XO MX3,ICE,8,Aduana PY datos abiertos,NCM 8703 automóvil/turismo (default leve)
2026-08,LightVehicles,leve,MERCEDES-BENZ,GLE350,ICE,8,Aduana PY datos abiertos,NCM 8703 automóvil/turismo (default leve)
2026-08,LightVehicles,leve,MINI,COOPER S,ICE,8,Aduana PY datos abiertos,NCM 8703 automóvil/turismo (default leve)
2026-08,LightVehicles,pesado,SCANIA,P270,ICE,8,Aduana PY datos abiertos,NCM 8704.23 typically GVW>5t
2026-08,LightVehicles,pesado,SCANIA,P380,ICE,8,Aduana PY datos abiertos,NCM 8704.22 typically GVW>5t
2026-08,LightVehicles,pesado,SCANIA,R380,ICE,8,Aduana PY datos abiertos,NCM 8704.22 typically GVW>5t
2026-08,LightVehicles,leve,AUDI,A7,ICE,7,Aduana PY datos abiertos,NCM 8703 automóvil/turismo (default leve)
2026-08,LightVehicles,leve,AUDI,A8,ICE,7,Aduana PY datos abiertos,NCM 8703 automóvil/turismo (default leve)
2026-08,LightVehicles,leve,BMW,330I,ICE,7,Aduana PY datos abiertos,NCM 8703 automóvil/turismo (default leve)
2026-08,LightVehicles,leve,BMW,340I,ICE,7,Aduana PY datos abiertos,NCM 8703 automóvil/turismo (default leve)
2026-08,LightVehicles,leve,BMW,520D,ICE,7,Aduana PY datos abiertos,NCM 8703 automóvil/turismo (default leve)
2026-08,LightVehicles,leve,BMW,750 4DR A/O,ICE,7,Aduana PY datos abiertos,NCM 8703 automóvil/turismo (default leve)
2026-08,LightVehicles,leve,BMW,750I XDRIVE,ICE,7,Aduana PY datos abiertos,NCM 8703 automóvil/turismo (default leve)
2026-08,LightVehicles,leve,BMW,E93 320D,ICE,7,Aduana PY datos abiertos,NCM 8703 automóvil/turismo (default leve)
2026-08,LightVehicles,leve,BMW,M240I,ICE,7,Aduana PY datos abiertos,NCM 8703 automóvil/turismo (default leve)
2026-08,LightVehicles,leve,BMW,M3,ICE,7,Aduana PY datos abiertos,NCM 8703 automóvil/turismo (default leve)
2026-08,LightVehicles,leve,BMW,M4,ICE,7,Aduana PY datos abiertos,NCM 8703 automóvil/turismo (default leve)
2026-08,LightVehicles,leve,BMW,M5 TOURING,PHEV,7,Aduana PY datos abiertos,NCM 8703 automóvil/turismo (default leve)
2026-08,LightVehicles,leve,BMW,M760LI A/O,ICE,7,Aduana PY datos abiertos,NCM 8703 automóvil/turismo (default leve)
2026-08,LightVehicles,leve,BMW,X2 XDRIVER28I,ICE,7,Aduana PY datos abiertos,NCM 8703 automóvil/turismo (default leve)
2026-08,LightVehicles,leve,BMW,X4,ICE,7,Aduana PY datos abiertos,NCM 8703 automóvil/turismo (default leve)
2026-08,LightVehicles,leve,BMW,X5 XDRIVE50E,PHEV,7,Aduana PY datos abiertos,NCM 8703 automóvil/turismo (default leve)
2026-08,LightVehicles,leve,BMW,X7,ICE,7,Aduana PY datos abiertos,NCM 8703 automóvil/turismo (default leve)
2026-08,LightVehicles,leve,BMW,Z4,ICE,7,Aduana PY datos abiertos,NCM 8703 automóvil/turismo (default leve)
2026-08,LightVehicles,leve,CADILLAC,ESCALADE,ICE,7,Aduana PY datos abiertos,NCM 8703 automóvil/turismo (default leve)
2026-08,LightVehicles,leve,CHEVROLET,CORVETTE,ICE,7,Aduana PY datos abiertos,NCM 8703 automóvil/turismo (default leve)
2026-08,LightVehicles,leve,CHEVROLET,CRUZE,ICE,7,Aduana PY datos abiertos,NCM 8703 automóvil/turismo (default leve)
2026-08,LightVehicles,leve,CHEVROLET,ONIX ACTIV HATCHBACK FLEX AT TURBO,ICE,7,Aduana PY datos abiertos,NCM 8703 automóvil/turismo (default leve)
2026-08,LightVehicles,leve,CHEVROLET,SILVERADO 1500LT Z71 CREW CAB,ICE,7,Aduana PY datos abiertos,NCM 8703 automóvil/turismo (default leve)
2026-08,LightVehicles,leve,DAIHATSU,BEGO,ICE,7,Aduana PY datos abiertos,NCM 8703 automóvil/turismo (default leve)
2026-08,LightVehicles,leve,DAIHATSU,MOVE CUSTOM,ICE,7,Aduana PY datos abiertos,NCM 8703 automóvil/turismo (default leve)
2026-08,LightVehicles,leve,DODGE,CHANGELLER,ICE,7,Aduana PY datos abiertos,NCM 8703 automóvil/turismo (default leve)
2026-08,LightVehicles,leve,DODGE,DURANGO GT,ICE,7,Aduana PY datos abiertos,NCM 8703 automóvil/turismo (default leve)
2026-08,LightVehicles,leve,FIAT,500,ICE,7,Aduana PY datos abiertos,NCM 8703 automóvil/turismo (default leve)
2026-08,LightVehicles,leve,FIAT,500X,ICE,7,Aduana PY datos abiertos,NCM 8703 automóvil/turismo (default leve)
2026-08,LightVehicles,leve,FORD,ELO,ICE,7,Aduana PY datos abiertos,NCM 8703 automóvil/turismo (default leve)
2026-08,LightVehicles,leve,FORD,EXPLORER XLT,ICE,7,Aduana PY datos abiertos,NCM 8703 automóvil/turismo (default leve)
2026-08,LightVehicles,leve,FORD,F-150 REGULAR CAB 5,ICE,7,Aduana PY datos abiertos,NCM 8704.31 GVW≤5t pickup/camioneta
2026-08,LightVehicles,leve,FORD,F150 XLT,ICE,7,Aduana PY datos abiertos,NCM 8704.31 GVW≤5t pickup/camioneta
2026-08,LightVehicles,leve,FORD,MUSTANG COUPE A/O,ICE,7,Aduana PY datos abiertos,NCM 8703 automóvil/turismo (default leve)
2026-08,LightVehicles,leve,FORD,MUSTANG ECOBOOST,ICE,7,Aduana PY datos abiertos,NCM 8703 automóvil/turismo (default leve)
2026-08,LightVehicles,leve,FORD,MUSTANG GT,ICE,7,Aduana PY datos abiertos,NCM 8703 automóvil/turismo (default leve)
2026-08,LightVehicles,leve,GENESIS,GV80,ICE,7,Aduana PY datos abiertos,NCM 8703 automóvil/turismo (default leve)
2026-08,LightVehicles,leve,GMC,(sin modelo),ICE,7,Aduana PY datos abiertos,NCM 8704.21 GVW≤5t pickup/camioneta
2026-08,LightVehicles,leve,GMC,SIERRA,ICE,7,Aduana PY datos abiertos,NCM 8704.21 GVW≤5t pickup/camioneta
2026-08,LightVehicles,leve,HINO,(sin modelo),ICE,7,Aduana PY datos abiertos,NCM 8704.21 GVW≤5t pickup/camioneta
2026-08,LightVehicles,leve,HONDA,CIVIC,ICE,7,Aduana PY datos abiertos,NCM 8703 automóvil/turismo (default leve)
2026-08,LightVehicles,leve,HONDA,S200,ICE,7,Aduana PY datos abiertos,NCM 8703 automóvil/turismo (default leve)
2026-08,LightVehicles,leve,HYUNDAI,COUNTY,ICE,7,Aduana PY datos abiertos,NCM 8703 automóvil/turismo (default leve)
2026-08,LightVehicles,leve,HYUNDAI,ELO,ICE,7,Aduana PY datos abiertos,NCM 8703 automóvil/turismo (default leve)
2026-08,LightVehicles,leve,HYUNDAI,GRAND STAREX DIESEL,ICE,7,Aduana PY datos abiertos,NCM 8703 automóvil/turismo (default leve)
2026-08,LightVehicles,leve,HYUNDAI,HYUNDAI,ICE,7,Aduana PY datos abiertos,NCM 8704.21 GVW≤5t pickup/camioneta
2026-08,LightVehicles,leve,HYUNDAI,I30,ICE,7,Aduana PY datos abiertos,NCM 8703 automóvil/turismo (default leve)
2026-08,LightVehicles,leve,HYUNDAI,KONA,ICE,7,Aduana PY datos abiertos,NCM 8703 automóvil/turismo (default leve)
2026-08,LightVehicles,leve,HYUNDAI,MATRIX,ICE,7,Aduana PY datos abiertos,NCM 8703 automóvil/turismo (default leve)
2026-08,LightVehicles,leve,HYUNDAI,SANTA FE A/O,ICE,7,Aduana PY datos abiertos,NCM 8703 automóvil/turismo (default leve)
2026-08,LightVehicles,leve,HYUNDAI,SONATA,ICE,7,Aduana PY datos abiertos,NCM 8703 automóvil/turismo (default leve)
2026-08,LightVehicles,leve,HYUNDAI,VELOSTER,ICE,7,Aduana PY datos abiertos,NCM 8703 automóvil/turismo (default leve)
2026-08,LightVehicles,leve,ISUZU,ELF,ICE,7,Aduana PY datos abiertos,NCM 8704.21 GVW≤5t pickup/camioneta
2026-08,LightVehicles,leve,JAGUAR,F-PACE,ICE,7,Aduana PY datos abiertos,NCM 8703 automóvil/turismo (default leve)
2026-08,LightVehicles,leve,JAGUAR,XF,ICE,7,Aduana PY datos abiertos,NCM 8703 automóvil/turismo (default leve)
2026-08,LightVehicles,leve,JEEP,WRANGLER A/O,ICE,7,Aduana PY datos abiertos,NCM 8703 automóvil/turismo (default leve)
2026-08,LightVehicles,leve,JEEP,WRNAGLER,ICE,7,Aduana PY datos abiertos,NCM 8703 automóvil/turismo (default leve)
2026-08,LightVehicles,leve,JOHN DEERE,(sin modelo),ICE,7,Aduana PY datos abiertos,NCM 8704.31 GVW≤5t pickup/camioneta
2026-08,LightVehicles,leve,KIA,K5ANIO,ICE,7,Aduana PY datos abiertos,NCM 8703 automóvil/turismo (default leve)
2026-08,LightVehicles,leve,KIA,SOUL,ICE,7,Aduana PY datos abiertos,NCM 8703 automóvil/turismo (default leve)
2026-08,LightVehicles,leve,LEXUS,IS250,ICE,7,Aduana PY datos abiertos,NCM 8703 automóvil/turismo (default leve)
2026-08,LightVehicles,leve,MASERATI,LEVANTE,ICE,7,Aduana PY datos abiertos,NCM 8703 automóvil/turismo (default leve)
2026-08,LightVehicles,leve,MAZDA,AXELA SPORT,ICE,7,Aduana PY datos abiertos,NCM 8703 automóvil/turismo (default leve)
2026-08,LightVehicles,leve,MAZDA,CX-8,ICE,7,Aduana PY datos abiertos,NCM 8703 automóvil/turismo (default leve)
2026-08,LightVehicles,leve,MERCEDES-BENZ,814,ICE,7,Aduana PY datos abiertos,NCM 8704.21 GVW≤5t pickup/camioneta
2026-08,LightVehicles,leve,MERCEDES-BENZ,817,ICE,7,Aduana PY datos abiertos,NCM 8704.21 GVW≤5t pickup/camioneta
2026-08,LightVehicles,leve,MERCEDES-BENZ,A35 AMG,ICE,7,Aduana PY datos abiertos,NCM 8703 automóvil/turismo (default leve)
2026-08,LightVehicles,leve,MERCEDES-BENZ,A35 AMG 4MATIC A/O,ICE,7,Aduana PY datos abiertos,NCM 8703 automóvil/turismo (default leve)
2026-08,LightVehicles,leve,MERCEDES-BENZ,A45 AMG,ICE,7,Aduana PY datos abiertos,NCM 8703 automóvil/turismo (default leve)
2026-08,LightVehicles,leve,MERCEDES-BENZ,AMG CLA 45,ICE,7,Aduana PY datos abiertos,NCM 8703 automóvil/turismo (default leve)
2026-08,LightVehicles,leve,MERCEDES-BENZ,AMG GTS,ICE,7,Aduana PY datos abiertos,NCM 8703 automóvil/turismo (default leve)
2026-08,LightVehicles,leve,MERCEDES-BENZ,ATEGO 815,ICE,7,Aduana PY datos abiertos,NCM 8704.21 GVW≤5t pickup/camioneta
2026-08,LightVehicles,leve,MERCEDES-BENZ,C200,ICE,7,Aduana PY datos abiertos,NCM 8703 automóvil/turismo (default leve)
2026-08,LightVehicles,leve,MERCEDES-BENZ,C200 CGI,ICE,7,Aduana PY datos abiertos,NCM 8703 automóvil/turismo (default leve)
2026-08,LightVehicles,leve,MERCEDES-BENZ,C220D,ICE,7,Aduana PY datos abiertos,NCM 8703 automóvil/turismo (default leve)
2026-08,LightVehicles,leve,MERCEDES-BENZ,C230 A/O,ICE,7,Aduana PY datos abiertos,NCM 8703 automóvil/turismo (default leve)
2026-08,LightVehicles,leve,MERCEDES-BENZ,C250,ICE,7,Aduana PY datos abiertos,NCM 8703 automóvil/turismo (default leve)
2026-08,LightVehicles,leve,MERCEDES-BENZ,C250 A/O,ICE,7,Aduana PY datos abiertos,NCM 8703 automóvil/turismo (default leve)
2026-08,LightVehicles,leve,MERCEDES-BENZ,C300 4MATIC,ICE,7,Aduana PY datos abiertos,NCM 8703 automóvil/turismo (default leve)
2026-08,LightVehicles,leve,MERCEDES-BENZ,C300 ESTADO USADO CON DANHOS,ICE,7,Aduana PY datos abiertos,NCM 8703 automóvil/turismo (default leve)
2026-08,LightVehicles,leve,MERCEDES-BENZ,CLK350 A/O,ICE,7,Aduana PY datos abiertos,NCM 8703 automóvil/turismo (default leve)
2026-08,LightVehicles,leve,MERCEDES-BENZ,E 350,ICE,7,Aduana PY datos abiertos,NCM 8703 automóvil/turismo (default leve)
2026-08,LightVehicles,leve,MERCEDES-BENZ,E200,ICE,7,Aduana PY datos abiertos,NCM 8703 automóvil/turismo (default leve)
2026-08,LightVehicles,leve,MERCEDES-BENZ,E220D 4MATIC,ICE,7,Aduana PY datos abiertos,NCM 8703 automóvil/turismo (default leve)
2026-08,LightVehicles,leve,MERCEDES-BENZ,E220D 4MATIC A/O,ICE,7,Aduana PY datos abiertos,NCM 8703 automóvil/turismo (default leve)
2026-08,LightVehicles,leve,MERCEDES-BENZ,E300 CDI A/O,ICE,7,Aduana PY datos abiertos,NCM 8703 automóvil/turismo (default leve)
2026-08,LightVehicles,leve,MERCEDES-BENZ,E300 E-CLASS,ICE,7,Aduana PY datos abiertos,NCM 8703 automóvil/turismo (default leve)
2026-08,LightVehicles,leve,MERCEDES-BENZ,E350,ICE,7,Aduana PY datos abiertos,NCM 8703 automóvil/turismo (default leve)
2026-08,LightVehicles,leve,MERCEDES-BENZ,E450,ICE,7,Aduana PY datos abiertos,NCM 8703 automóvil/turismo (default leve)
2026-08,LightVehicles,leve,MERCEDES-BENZ,E500,ICE,7,Aduana PY datos abiertos,NCM 8703 automóvil/turismo (default leve)
2026-08,LightVehicles,leve,MERCEDES-BENZ,ELO,ICE,7,Aduana PY datos abiertos,NCM 8703 automóvil/turismo (default leve)
2026-08,LightVehicles,leve,MERCEDES-BENZ,G500 G - CLASS,ICE,7,Aduana PY datos abiertos,NCM 8703 automóvil/turismo (default leve)
2026-08,LightVehicles,leve,MERCEDES-BENZ,G63,ICE,7,Aduana PY datos abiertos,NCM 8703 automóvil/turismo (default leve)
2026-08,LightVehicles,leve,MERCEDES-BENZ,GLA 220,ICE,7,Aduana PY datos abiertos,NCM 8703 automóvil/turismo (default leve)
2026-08,LightVehicles,leve,MERCEDES-BENZ,GLB 250 4MATIC,ICE,7,Aduana PY datos abiertos,NCM 8703 automóvil/turismo (default leve)
2026-08,LightVehicles,leve,MERCEDES-BENZ,GLC 220D,ICE,7,Aduana PY datos abiertos,NCM 8703 automóvil/turismo (default leve)
2026-08,LightVehicles,leve,MERCEDES-BENZ,SL280,ICE,7,Aduana PY datos abiertos,NCM 8703 automóvil/turismo (default leve)
2026-08,LightVehicles,leve,MERCEDES-BENZ,SL500,ICE,7,Aduana PY datos abiertos,NCM 8703 automóvil/turismo (default leve)
2026-08,LightVehicles,leve,MERCEDES-BENZ,SLK280,ICE,7,Aduana PY datos abiertos,NCM 8703 automóvil/turismo (default leve)
2026-08,LightVehicles,leve,MERCEDES-BENZ,SPRINTER,ICE,7,Aduana PY datos abiertos,NCM 8704.21 GVW≤5t pickup/camioneta
2026-08,LightVehicles,leve,MERCEDES-BENZ,SPRINTER 316,ICE,7,Aduana PY datos abiertos,NCM 8704.21 GVW≤5t pickup/camioneta
2026-08,LightVehicles,leve,MERCEDES-BENZ,VITO 115 CDI A/O,ICE,7,Aduana PY datos abiertos,NCM 8704.21 GVW≤5t pickup/camioneta
2026-08,LightVehicles,leve,MISTUBISHI FUSO,(sin modelo),ICE,7,Aduana PY datos abiertos,NCM 8704.21 GVW≤5t pickup/camioneta
2026-08,LightVehicles,leve,MISTUBISHI FUSO,CANTER,ICE,7,Aduana PY datos abiertos,NCM 8704.21 GVW≤5t pickup/camioneta
2026-08,LightVehicles,leve,MITSUBISHI,CANTER GUTS CUSTOM,ICE,7,Aduana PY datos abiertos,NCM 8704.21 GVW≤5t pickup/camioneta
2026-08,LightVehicles,leve,MITSUBISHI,COLT,ICE,7,Aduana PY datos abiertos,NCM 8703 automóvil/turismo (default leve)
2026-08,LightVehicles,leve,MITSUBISHI,LANCER,ICE,7,Aduana PY datos abiertos,NCM 8703 automóvil/turismo (default leve)
2026-08,LightVehicles,leve,MITSUBISHI,OUTLANDER,ICE,7,Aduana PY datos abiertos,NCM 8703 automóvil/turismo (default leve)
2026-08,LightVehicles,leve,MITSUBISHI,PAJERO MINI,ICE,7,Aduana PY datos abiertos,NCM 8703 automóvil/turismo (default leve)
2026-08,LightVehicles,leve,NISSAN,300ZX,ICE,7,Aduana PY datos abiertos,NCM 8703 automóvil/turismo (default leve)
2026-08,LightVehicles,leve,NISSAN,DATSUN,ICE,7,Aduana PY datos abiertos,NCM 8704.21 GVW≤5t pickup/camioneta
2026-08,LightVehicles,leve,NISSAN,ELO,ICE,7,Aduana PY datos abiertos,NCM 8704.21 GVW≤5t pickup/camioneta
2026-08,LightVehicles,leve,NISSAN,FAIRLAZDY Z,ICE,7,Aduana PY datos abiertos,NCM 8703 automóvil/turismo (default leve)
2026-08,LightVehicles,leve,NISSAN,MARCH,ICE,7,Aduana PY datos abiertos,NCM 8703 automóvil/turismo (default leve)
2026-08,LightVehicles,leve,NISSAN,NP 300,ICE,7,Aduana PY datos abiertos,NCM 8704.21 GVW≤5t pickup/camioneta
2026-08,LightVehicles,leve,NISSAN,SKYLINE COUPE,ICE,7,Aduana PY datos abiertos,NCM 8703 automóvil/turismo (default leve)
2026-08,LightVehicles,leve,OPEL,COMBO,ICE,7,Aduana PY datos abiertos,NCM 8704.21 GVW≤5t pickup/camioneta
2026-08,LightVehicles,leve,PORSCHE,MACAN,ICE,7,Aduana PY datos abiertos,NCM 8703 automóvil/turismo (default leve)
2026-08,LightVehicles,leve,RAM,1500,ICE,7,Aduana PY datos abiertos,NCM 8704.21 GVW≤5t pickup/camioneta
2026-08,LightVehicles,leve,RAM,3500 LIMITED LONGHORN EDITION,ICE,7,Aduana PY datos abiertos,NCM 8704.21 GVW≤5t pickup/camioneta
2026-08,LightVehicles,leve,SAMSUNG,(sin modelo),ICE,7,Aduana PY datos abiertos,NCM 8703 automóvil/turismo (default leve)
2026-08,LightVehicles,leve,SCANIA,R124-360,ICE,7,Aduana PY datos abiertos,NCM 8704.21 GVW≤5t pickup/camioneta
2026-08,LightVehicles,leve,SUBARU,IMPREZA WRX,ICE,7,Aduana PY datos abiertos,NCM 8703 automóvil/turismo (default leve)
2026-08,LightVehicles,leve,SUBARU,WRX S4,ICE,7,Aduana PY datos abiertos,NCM 8703 automóvil/turismo (default leve)
2026-08,LightVehicles,leve,SUZUKI,ESCUDO,ICE,7,Aduana PY datos abiertos,NCM 8703 automóvil/turismo (default leve)
2026-08,LightVehicles,leve,TOYOTA,500,ICE,7,Aduana PY datos abiertos,NCM 8703 automóvil/turismo (default leve)
2026-08,LightVehicles,leve,TOYOTA,86,ICE,7,Aduana PY datos abiertos,NCM 8703 automóvil/turismo (default leve)
2026-08,LightVehicles,leve,TOYOTA,AXIO,ICE,7,Aduana PY datos abiertos,NCM 8703 automóvil/turismo (default leve)
2026-08,LightVehicles,leve,TOYOTA,BLADE,ICE,7,Aduana PY datos abiertos,NCM 8703 automóvil/turismo (default leve)
2026-08,LightVehicles,leve,TOYOTA,CELICA,ICE,7,Aduana PY datos abiertos,NCM 8703 automóvil/turismo (default leve)
2026-08,LightVehicles,leve,TOYOTA,COROLLA AXIO,HEV,7,Aduana PY datos abiertos,NCM 8703 automóvil/turismo (default leve)
2026-08,LightVehicles,leve,TOYOTA,COROLLA CROSS,ICE,7,Aduana PY datos abiertos,NCM 8703 automóvil/turismo (default leve)
2026-08,LightVehicles,leve,TOYOTA,ESQUIRE,ICE,7,Aduana PY datos abiertos,NCM 8703 automóvil/turismo (default leve)
2026-08,LightVehicles,leve,TOYOTA,FJ CRUISER,ICE,7,Aduana PY datos abiertos,NCM 8703 automóvil/turismo (default leve)
2026-08,LightVehicles,leve,TOYOTA,GRANVIA,ICE,7,Aduana PY datos abiertos,NCM 8703 automóvil/turismo (default leve)
2026-08,LightVehicles,leve,TOYOTA,HIACE SUPER CUSTOM,ICE,7,Aduana PY datos abiertos,passenger van/minibus (Hiace/Staria/…) counts as leve
2026-08,LightVehicles,leve,TOYOTA,HIGHLANDER,ICE,7,Aduana PY datos abiertos,NCM 8703 automóvil/turismo (default leve)
2026-08,LightVehicles,leve,TOYOTA,ISIS PLATANA,ICE,7,Aduana PY datos abiertos,NCM 8703 automóvil/turismo (default leve)
2026-08,LightVehicles,leve,TOYOTA,LAND CRUISER PRADO,ICE,7,Aduana PY datos abiertos,NCM 8703 automóvil/turismo (default leve)
2026-08,LightVehicles,leve,TOYOTA,PRIUS,HEV,7,Aduana PY datos abiertos,NCM 8703 automóvil/turismo (default leve)
2026-08,LightVehicles,leve,TOYOTA,RACTIZ,ICE,7,Aduana PY datos abiertos,NCM 8703 automóvil/turismo (default leve)
2026-08,LightVehicles,leve,TOYOTA,REGIUSACE,ICE,7,Aduana PY datos abiertos,NCM 8703 automóvil/turismo (default leve)
2026-08,LightVehicles,leve,TOYOTA,SIENNA,ICE,7,Aduana PY datos abiertos,NCM 8703 automóvil/turismo (default leve)
2026-08,LightVehicles,leve,TOYOTA,VITZAO 2,ICE,7,Aduana PY datos abiertos,NCM 8703 automóvil/turismo (default leve)
2026-08,LightVehicles,leve,TOYOTA,WISH A2010,ICE,7,Aduana PY datos abiertos,NCM 8703 automóvil/turismo (default leve)
2026-08,LightVehicles,leve,VOLKSWAGEN,CABRIOLET,ICE,7,Aduana PY datos abiertos,NCM 8703 automóvil/turismo (default leve)
2026-08,LightVehicles,leve,VOLKSWAGEN,GOLF GTI,ICE,7,Aduana PY datos abiertos,NCM 8703 automóvil/turismo (default leve)
2026-08,LightVehicles,leve,VOLKSWAGEN,POLO HIGHLINE 1,ICE,7,Aduana PY datos abiertos,NCM 8703 automóvil/turismo (default leve)
2026-08,LightVehicles,leve,VOLKSWAGEN,TOUREG,ICE,7,Aduana PY datos abiertos,NCM 8703 automóvil/turismo (default leve)
2026-08,LightVehicles,leve,VOLKSWAGEN,VENTO,ICE,7,Aduana PY datos abiertos,NCM 8703 automóvil/turismo (default leve)
2026-08,LightVehicles,pesado,MERCEDES-BENZ,(sin modelo),ICE,7,Aduana PY datos abiertos,NCM 8704.22 typically GVW>5t
2026-08,LightVehicles,pesado,MERCEDES-BENZ,1317,ICE,7,Aduana PY datos abiertos,NCM 8704.22 typically GVW>5t
2026-08,LightVehicles,pesado,MERCEDES-BENZ,1320,ICE,7,Aduana PY datos abiertos,NCM 8704.22 typically GVW>5t
2026-08,LightVehicles,pesado,MERCEDES-BENZ,1524,ICE,7,Aduana PY datos abiertos,NCM 8704.22 typically GVW>5t
2026-08,LightVehicles,pesado,MERCEDES-BENZ,917,ICE,7,Aduana PY datos abiertos,NCM 8704.22 typically GVW>5t
2026-08,LightVehicles,pesado,MERCEDES-BENZ,ANTOS,ICE,7,Aduana PY datos abiertos,NCM 8704.23 typically GVW>5t
2026-08,LightVehicles,pesado,MERCEDES-BENZ,ATEGO 812 A/O,ICE,7,Aduana PY datos abiertos,NCM 8704.22 typically GVW>5t
2026-08,LightVehicles,pesado,MERCEDES-BENZ,ATEGO 814,ICE,7,Aduana PY datos abiertos,NCM 8704.22 typically GVW>5t
2026-08,LightVehicles,pesado,MERCEDES-BENZ,ATEGO 818 A/O,ICE,7,Aduana PY datos abiertos,NCM 8704.22 typically GVW>5t
2026-08,LightVehicles,pesado,MERDEDES BENZ,ATEGO,ICE,7,Aduana PY datos abiertos,NCM 8704.22 typically GVW>5t
2026-08,LightVehicles,pesado,NISSAN,TRADE,ICE,7,Aduana PY datos abiertos,NCM 8704.22 typically GVW>5t
2026-08,LightVehicles,pesado,SCANIA,124,ICE,7,Aduana PY datos abiertos,NCM 8704.22 typically GVW>5t
2026-08,LightVehicles,pesado,SCANIA,G420 6X4,ICE,7,Aduana PY datos abiertos,NCM 8704.23 typically GVW>5t
2026-08,LightVehicles,pesado,SCANIA,G480,ICE,7,Aduana PY datos abiertos,NCM 8704.23 typically GVW>5t
2026-08,LightVehicles,pesado,SCANIA,P124,ICE,7,Aduana PY datos abiertos,NCM 8704.23 typically GVW>5t
2026-08,LightVehicles,pesado,SCANIA,P310,ICE,7,Aduana PY datos abiertos,NCM 8704.22 typically GVW>5t
2026-08,LightVehicles,pesado,SCANIA,P340,ICE,7,Aduana PY datos abiertos,NCM 8704.23 typically GVW>5t
2026-08,LightVehicles,pesado,SCANIA,P380 8X4,ICE,7,Aduana PY datos abiertos,NCM 8704.22 typically GVW>5t
2026-08,LightVehicles,pesado,SCANIA,P400 6X2,ICE,7,Aduana PY datos abiertos,NCM 8704.22 typically GVW>5t
2026-08,LightVehicles,pesado,SCANIA,P420,ICE,7,Aduana PY datos abiertos,NCM 8704.22 typically GVW>5t
2026-08,LightVehicles,pesado,SCANIA,P93,ICE,7,Aduana PY datos abiertos,NCM 8704.22 typically GVW>5t
2026-08,LightVehicles,pesado,SCANIA,P94-260,ICE,7,Aduana PY datos abiertos,NCM 8704.22 typically GVW>5t
2026-08,LightVehicles,pesado,SCANIA,PY112,ICE,7,Aduana PY datos abiertos,NCM 8704.22 typically GVW>5t
2026-08,LightVehicles,pesado,SCANIA,R113,ICE,7,Aduana PY datos abiertos,NCM 8704.22 typically GVW>5t
2026-08,LightVehicles,pesado,SCANIA,R124,ICE,7,Aduana PY datos abiertos,NCM 8704.22 typically GVW>5t
2026-08,LightVehicles,pesado,VOLVO,FL4,ICE,7,Aduana PY datos abiertos,NCM 8704.22 typically GVW>5t
2026-08,LightVehicles,recreativo,CASARIN,THUNDER X,ICE,7,Aduana PY datos abiertos,NCM 8703.10
2026-08,LightVehicles,recreativo,CFMOTO,CF600AU-3L,ICE,7,Aduana PY datos abiertos,keyword ATV/UTV/carrito golf/snow
2026-08,LightVehicles,recreativo,TOMBERLIN,E-MERGE,ICE,7,Aduana PY datos abiertos,NCM 8703.10
2026-08,LightVehicles,leve,CHEVROLET,S10 CABINA DOBLE LTZ,ICE,6,Aduana PY datos abiertos,NCM 8704.21 GVW≤5t pickup/camioneta
2026-08,LightVehicles,leve,CHEVROLET,S10 CD HC 2,ICE,6,Aduana PY datos abiertos,NCM 8704.21 GVW≤5t pickup/camioneta
2026-08,LightVehicles,leve,CHEVROLET,S10 WT,ICE,6,Aduana PY datos abiertos,NCM 8704.21 GVW≤5t pickup/camioneta
2026-08,LightVehicles,leve,CHEVROLET,TRACKER LTZ,ICE,6,Aduana PY datos abiertos,NCM 8703 automóvil/turismo (default leve)
2026-08,LightVehicles,leve,GREATWALL,(sin modelo),PHEV,6,Aduana PY datos abiertos,8704 + pickup/camioneta keyword
2026-08,LightVehicles,leve,HONDA,TRX520FA7S,ICE,6,Aduana PY datos abiertos,NCM 8703 automóvil/turismo (default leve)
2026-08,LightVehicles,leve,JETOUR,T2,ICE,6,Aduana PY datos abiertos,NCM 8703 automóvil/turismo (default leve)
2026-08,LightVehicles,leve,KAIYI,(sin modelo),ICE,6,Aduana PY datos abiertos,NCM 8703 automóvil/turismo (default leve)
2026-08,LightVehicles,leve,KIA,K2700,ICE,6,Aduana PY datos abiertos,NCM 8704.21 GVW≤5t pickup/camioneta
2026-08,LightVehicles,leve,MAHINDRA,ELO,ICE,6,Aduana PY datos abiertos,NCM 8704.21 GVW≤5t pickup/camioneta
2026-08,LightVehicles,leve,MITSUBISHI,MONTERO SPORT GLS SAM 4WD 2,ICE,6,Aduana PY datos abiertos,NCM 8703 automóvil/turismo (default leve)
2026-08,LightVehicles,leve,NISSAN,NEW KICKS 220T SENSE 6 DCT - FLEX FLEX,ICE,6,Aduana PY datos abiertos,NCM 8703 automóvil/turismo (default leve)
2026-08,LightVehicles,pesado,JMC,(sin modelo),ICE,6,Aduana PY datos abiertos,NCM 8704.22 typically GVW>5t
2026-08,LightVehicles,leve,BMW,X1 SDRIVE18I,ICE,5,Aduana PY datos abiertos,NCM 8703 automóvil/turismo (default leve)
2026-08,LightVehicles,leve,BMW,X3 20,ICE,5,Aduana PY datos abiertos,NCM 8703 automóvil/turismo (default leve)
2026-08,LightVehicles,leve,BYD,SEALION 7,BEV,5,Aduana PY datos abiertos,NCM 8703 automóvil/turismo (default leve)
2026-08,LightVehicles,leve,CHANGAN,M60 11 PASAJEROS,ICE,5,Aduana PY datos abiertos,NCM 8703 automóvil/turismo (default leve)
2026-08,LightVehicles,leve,CHANGAN,MD201 CABINA SIMPLE,ICE,5,Aduana PY datos abiertos,NCM 8704.31 GVW≤5t pickup/camioneta
2026-08,LightVehicles,leve,CHANGAN,NEW CS75 PLUS,ICE,5,Aduana PY datos abiertos,NCM 8703 automóvil/turismo (default leve)
2026-08,LightVehicles,leve,CHEVROLET,MONTANA LT,ICE,5,Aduana PY datos abiertos,NCM 8704.31 GVW≤5t pickup/camioneta
2026-08,LightVehicles,leve,CHEVROLET,SONIC RS FLEX AT TURBO,ICE,5,Aduana PY datos abiertos,NCM 8703 automóvil/turismo (default leve)
2026-08,LightVehicles,leve,CHEVROLET,TRACKER LTZ 1,ICE,5,Aduana PY datos abiertos,NCM 8703 automóvil/turismo (default leve)
2026-08,LightVehicles,leve,FIAT,STRADA ULTRA D/C 1,ICE,5,Aduana PY datos abiertos,NCM 8704.31 GVW≤5t pickup/camioneta
2026-08,LightVehicles,leve,FORD,RANGER 2,ICE,5,Aduana PY datos abiertos,NCM 8704.21 GVW≤5t pickup/camioneta
2026-08,LightVehicles,leve,GREATWALL,TANK 300,PHEV,5,Aduana PY datos abiertos,NCM 8703 automóvil/turismo (default leve)
2026-08,LightVehicles,leve,GREATWALL,TANK 500,PHEV,5,Aduana PY datos abiertos,NCM 8703 automóvil/turismo (default leve)
2026-08,LightVehicles,leve,HYUNDAI,NEW HB20S NAFT 1,ICE,5,Aduana PY datos abiertos,NCM 8703 automóvil/turismo (default leve)
2026-08,LightVehicles,leve,JAC,T8,ICE,5,Aduana PY datos abiertos,NCM 8704.21 GVW≤5t pickup/camioneta
2026-08,LightVehicles,leve,JEEP,COMPASS SERIE S 1,ICE,5,Aduana PY datos abiertos,NCM 8703 automóvil/turismo (default leve)
2026-08,LightVehicles,leve,MAHINDRA,S11,ICE,5,Aduana PY datos abiertos,NCM 8704.21 GVW≤5t pickup/camioneta
2026-08,LightVehicles,leve,MITSUBISHI,ECLIPSE CROSS,ICE,5,Aduana PY datos abiertos,NCM 8703 automóvil/turismo (default leve)
2026-08,LightVehicles,leve,NISSAN,QASHQAI ADVANCE,ICE,5,Aduana PY datos abiertos,NCM 8703 automóvil/turismo (default leve)
2026-08,LightVehicles,leve,SOUEAST,(sin modelo),ICE,5,Aduana PY datos abiertos,NCM 8703 automóvil/turismo (default leve)
2026-08,LightVehicles,pesado,HYUNDAI,(sin modelo),ICE,5,Aduana PY datos abiertos,NCM 8704.22 typically GVW>5t
2026-08,LightVehicles,pesado,ISUZU,NQR71L-LN5VAYN,ICE,5,Aduana PY datos abiertos,NCM 8704.22 typically GVW>5t
2026-08,LightVehicles,pesado,MERCEDES-BENZ,815,ICE,5,Aduana PY datos abiertos,NCM 8704.22 typically GVW>5t
2026-08,LightVehicles,recreativo,HDK,DEL3024G TARA SPRIT PLUS,ICE,5,Aduana PY datos abiertos,NCM 8703.10
2026-08,LightVehicles,leve,CAN-AM,COMMANDER MAX XT 64 1000R,ICE,4,Aduana PY datos abiertos,NCM 8704.31 GVW≤5t pickup/camioneta
2026-08,LightVehicles,leve,CHANGAN,HUNTER,PHEV,4,Aduana PY datos abiertos,8704 + pickup/camioneta keyword
2026-08,LightVehicles,leve,CHEVROLET,S10 CABINA DOBLE TRAIL BOSS,ICE,4,Aduana PY datos abiertos,NCM 8704.21 GVW≤5t pickup/camioneta
2026-08,LightVehicles,leve,CHEVROLET,S10 CABINA DOBLE Z71,ICE,4,Aduana PY datos abiertos,NCM 8704.21 GVW≤5t pickup/camioneta
2026-08,LightVehicles,leve,FIAT,FASTBACK ABARTH 1,ICE,4,Aduana PY datos abiertos,NCM 8703 automóvil/turismo (default leve)
2026-08,LightVehicles,leve,HYUNDAI,NEW HB20 HATCH NAFT,ICE,4,Aduana PY datos abiertos,NCM 8703 automóvil/turismo (default leve)
2026-08,LightVehicles,leve,MG,RX9 LUX,ICE,4,Aduana PY datos abiertos,NCM 8703 automóvil/turismo (default leve)
2026-08,LightVehicles,leve,MINI,(sin modelo),BEV,4,Aduana PY datos abiertos,NCM 8703 automóvil/turismo (default leve)
2026-08,LightVehicles,leve,MITSUBISHI,MONTERO SPORT GLS 4WD 2,ICE,4,Aduana PY datos abiertos,NCM 8703 automóvil/turismo (default leve)
2026-08,LightVehicles,leve,RENAULT,(sin modelo),ICE,4,Aduana PY datos abiertos,NCM 8704.31 GVW≤5t pickup/camioneta
2026-08,LightVehicles,recreativo,CAN-AM,OUTLANDER PRO HD5,ICE,4,Aduana PY datos abiertos,keyword ATV/UTV/carrito golf/snow
2026-08,LightVehicles,leve,BMW,218 GRAN COUPE,ICE,3,Aduana PY datos abiertos,NCM 8703 automóvil/turismo (default leve)
2026-08,LightVehicles,leve,CHEVROLET,MONTANA PREMIER,ICE,3,Aduana PY datos abiertos,NCM 8704.31 GVW≤5t pickup/camioneta
2026-08,LightVehicles,leve,FORD,F-150 RAPTOR DC,ICE,3,Aduana PY datos abiertos,NCM 8704.31 GVW≤5t pickup/camioneta
2026-08,LightVehicles,leve,HYUNDAI,NEW GRAND I10,ICE,3,Aduana PY datos abiertos,NCM 8703 automóvil/turismo (default leve)
2026-08,LightVehicles,leve,HYUNDAI,NEW GRAND I10 HATCHBACK 5 PTAS 5P,ICE,3,Aduana PY datos abiertos,NCM 8703 automóvil/turismo (default leve)
2026-08,LightVehicles,leve,JAC,LD123,ICE,3,Aduana PY datos abiertos,NCM 8704.21 GVW≤5t pickup/camioneta
2026-08,LightVehicles,leve,JAC,X200 CABINA SIMPLE,ICE,3,Aduana PY datos abiertos,NCM 8704.21 GVW≤5t pickup/camioneta
2026-08,LightVehicles,leve,JEEP,RENEGADE ALTITUDE 1,ICE,3,Aduana PY datos abiertos,NCM 8703 automóvil/turismo (default leve)
2026-08,LightVehicles,leve,JEEP,RENEGADE SAHARA 1,ICE,3,Aduana PY datos abiertos,NCM 8703 automóvil/turismo (default leve)
2026-08,LightVehicles,leve,KAIYI,(sin modelo),PHEV,3,Aduana PY datos abiertos,NCM 8703 automóvil/turismo (default leve)
2026-08,LightVehicles,leve,MERCEDES-BENZ,GLA 200 D CON,ICE,3,Aduana PY datos abiertos,NCM 8703 automóvil/turismo (default leve)
2026-08,LightVehicles,leve,MERCEDES-BENZ,GLC 220 D 4MATIC COUPE CON,ICE,3,Aduana PY datos abiertos,NCM 8703 automóvil/turismo (default leve)
2026-08,LightVehicles,leve,PEUGEOT,LANDTREK ACTIVE 1,ICE,3,Aduana PY datos abiertos,NCM 8704.21 GVW≤5t pickup/camioneta
2026-08,LightVehicles,leve,PORSCHE,CAYENNE,PHEV,3,Aduana PY datos abiertos,NCM 8703 automóvil/turismo (default leve)
2026-08,LightVehicles,leve,SUBARU,CROSSTREK,OTHERS,3,Aduana PY datos abiertos,NCM 8703 automóvil/turismo (default leve)
2026-08,LightVehicles,leve,TOYOTA,SEQUOIA,HEV,3,Aduana PY datos abiertos,NCM 8703 automóvil/turismo (default leve)
2026-08,LightVehicles,leve,TOYOTA,TUNDRA,HEV,3,Aduana PY datos abiertos,NCM 8703 automóvil/turismo (default leve)
2026-08,LightVehicles,leve,VOLKSWAGEN,2026,ICE,3,Aduana PY datos abiertos,NCM 8703 automóvil/turismo (default leve)
2026-08,LightVehicles,leve,VOLVO,EX40,BEV,3,Aduana PY datos abiertos,NCM 8703 automóvil/turismo (default leve)
2026-08,LightVehicles,pesado,FAW,TIGER 3,ICE,3,Aduana PY datos abiertos,NCM 8704.22 typically GVW>5t
2026-08,LightVehicles,pesado,JAC,G15EA,ICE,3,Aduana PY datos abiertos,NCM 8704.22 typically GVW>5t
2026-08,LightVehicles,pesado,MERCEDES-BENZ,2027,ICE,3,Aduana PY datos abiertos,NCM 8704.22 typically GVW>5t
2026-08,LightVehicles,pesado,TATA,LPT407/34EX2TT LHD EUROII CLB,ICE,3,Aduana PY datos abiertos,NCM 8704.22 typically GVW>5t
2026-08,LightVehicles,pesado,VOLKSWAGEN,9,ICE,3,Aduana PY datos abiertos,NCM 8704.22 typically GVW>5t
2026-08,LightVehicles,recreativo,BORCART,ET-L4+2,ICE,3,Aduana PY datos abiertos,NCM 8703.10
2026-08,LightVehicles,recreativo,SHINING,F4,ICE,3,Aduana PY datos abiertos,NCM 8703.10
2026-08,LightVehicles,leve,AUDI,Q5 SPORTBACK 2,ICE,2,Aduana PY datos abiertos,NCM 8703 automóvil/turismo (default leve)
2026-08,LightVehicles,leve,AUDI,Q7 3,ICE,2,Aduana PY datos abiertos,NCM 8703 automóvil/turismo (default leve)
2026-08,LightVehicles,leve,AUDI,Q8 3,ICE,2,Aduana PY datos abiertos,NCM 8703 automóvil/turismo (default leve)
2026-08,LightVehicles,leve,AVATR,07,PHEV,2,Aduana PY datos abiertos,NCM 8703 automóvil/turismo (default leve)
2026-08,LightVehicles,leve,BMW,X1 XDRIVE25E,PHEV,2,Aduana PY datos abiertos,NCM 8703 automóvil/turismo (default leve)
2026-08,LightVehicles,leve,BMW,X2 XDRIVE20I,ICE,2,Aduana PY datos abiertos,NCM 8703 automóvil/turismo (default leve)
2026-08,LightVehicles,leve,CAN-AM,DEFENDER,ICE,2,Aduana PY datos abiertos,NCM 8704.31 GVW≤5t pickup/camioneta
2026-08,LightVehicles,leve,CHANGAN,M60 FURGON,ICE,2,Aduana PY datos abiertos,NCM 8704.31 GVW≤5t pickup/camioneta
2026-08,LightVehicles,leve,CHEVROLET,MONTANA LTZ,ICE,2,Aduana PY datos abiertos,NCM 8704.31 GVW≤5t pickup/camioneta
2026-08,LightVehicles,leve,CHEVROLET,ONIX RS HATCHBACK FLEX AT TURBO,ICE,2,Aduana PY datos abiertos,NCM 8703 automóvil/turismo (default leve)
2026-08,LightVehicles,leve,CHEVROLET,S10 CABINA DOBLE WORK TRUCK,ICE,2,Aduana PY datos abiertos,NCM 8704.21 GVW≤5t pickup/camioneta
2026-08,LightVehicles,leve,CHEVROLET,TRACKER LITE 1,ICE,2,Aduana PY datos abiertos,NCM 8703 automóvil/turismo (default leve)
2026-08,LightVehicles,leve,FIAT,STRADA ENDURANCE C/P 1,ICE,2,Aduana PY datos abiertos,NCM 8704.31 GVW≤5t pickup/camioneta
2026-08,LightVehicles,leve,FIAT,TORO FREEDOM D/C 1,ICE,2,Aduana PY datos abiertos,NCM 8704.31 GVW≤5t pickup/camioneta
2026-08,LightVehicles,leve,FORD,EVEREST 2,ICE,2,Aduana PY datos abiertos,NCM 8703 automóvil/turismo (default leve)
2026-08,LightVehicles,leve,FORD,F150 RAPTOR DC,ICE,2,Aduana PY datos abiertos,NCM 8704.31 GVW≤5t pickup/camioneta
2026-08,LightVehicles,leve,HONDA,PILOT 5DR ELITE 10A,ICE,2,Aduana PY datos abiertos,NCM 8703 automóvil/turismo (default leve)
2026-08,LightVehicles,leve,HONDA,SXS1000S4XDS,ICE,2,Aduana PY datos abiertos,NCM 8703 automóvil/turismo (default leve)
2026-08,LightVehicles,leve,HYUNDAI,NEW CRETA PLATINUM,ICE,2,Aduana PY datos abiertos,NCM 8703 automóvil/turismo (default leve)
2026-08,LightVehicles,leve,HYUNDAI,NEW GRAND I10 HATCHBACK NAFT,ICE,2,Aduana PY datos abiertos,NCM 8703 automóvil/turismo (default leve)
2026-08,LightVehicles,leve,LAND ROVER,RANGE ROVER 3,PHEV,2,Aduana PY datos abiertos,NCM 8703 automóvil/turismo (default leve)
2026-08,LightVehicles,leve,LAND ROVER,RANGE ROVER SPORT 3,PHEV,2,Aduana PY datos abiertos,NCM 8703 automóvil/turismo (default leve)
2026-08,LightVehicles,leve,MITSUBISHI,DESTINATOR ULTIMATE,ICE,2,Aduana PY datos abiertos,NCM 8703 automóvil/turismo (default leve)
2026-08,LightVehicles,leve,MITSUBISHI,MONTERO SPORT GLS 2WD 2,ICE,2,Aduana PY datos abiertos,NCM 8703 automóvil/turismo (default leve)
2026-08,LightVehicles,leve,RAM,RAMPAGE LARAMIE 2,ICE,2,Aduana PY datos abiertos,NCM 8704.21 GVW≤5t pickup/camioneta
2026-08,LightVehicles,leve,RAM,RAMPAGE REBEL 2,ICE,2,Aduana PY datos abiertos,NCM 8704.21 GVW≤5t pickup/camioneta
2026-08,LightVehicles,leve,SOUEAST,S06,ICE,2,Aduana PY datos abiertos,NCM 8703 automóvil/turismo (default leve)
2026-08,LightVehicles,leve,TOYOTA,(sin modelo),HEV,2,Aduana PY datos abiertos,NCM 8703 automóvil/turismo (default leve)
2026-08,LightVehicles,leve,TOYOTA,LAND CRUISER,HEV,2,Aduana PY datos abiertos,NCM 8703 automóvil/turismo (default leve)
2026-08,LightVehicles,leve,TOYOTA,TACOMA,ICE,2,Aduana PY datos abiertos,NCM 8704.31 GVW≤5t pickup/camioneta
2026-08,LightVehicles,leve,VOLVO,EC40,BEV,2,Aduana PY datos abiertos,NCM 8703 automóvil/turismo (default leve)
2026-08,LightVehicles,leve,WULING,G105-3,BEV,2,Aduana PY datos abiertos,8704.60 electric goods vehicle (treated leve unless heavy)
2026-08,LightVehicles,pesado,IVECO,(sin modelo),ICE,2,Aduana PY datos abiertos,NCM 8704.22 typically GVW>5t
2026-08,LightVehicles,recreativo,CAN-AM,OUTL MAX XTP 1000R GY SAS INT 26,ICE,2,Aduana PY datos abiertos,keyword ATV/UTV/carrito golf/snow
2026-08,LightVehicles,recreativo,HDK,DEL3024G2Z TARA - ROADSTER,ICE,2,Aduana PY datos abiertos,NCM 8703.10
2026-08,LightVehicles,leve,ALPINE,A110 S,ICE,1,Aduana PY datos abiertos,NCM 8703 automóvil/turismo (default leve)
2026-08,LightVehicles,leve,AUDI,A3 1,ICE,1,Aduana PY datos abiertos,NCM 8703 automóvil/turismo (default leve)
2026-08,LightVehicles,leve,BMW,420I CABRIO,ICE,1,Aduana PY datos abiertos,NCM 8703 automóvil/turismo (default leve)
2026-08,LightVehicles,leve,BMW,530E,PHEV,1,Aduana PY datos abiertos,NCM 8703 automóvil/turismo (default leve)
2026-08,LightVehicles,leve,BMW,ALPINA B8,ICE,1,Aduana PY datos abiertos,NCM 8703 automóvil/turismo (default leve)
2026-08,LightVehicles,leve,BMW,IX1 EDRIVE20,BEV,1,Aduana PY datos abiertos,NCM 8703 automóvil/turismo (default leve)
2026-08,LightVehicles,leve,BMW,X2 M35I XDRIVE,ICE,1,Aduana PY datos abiertos,NCM 8703 automóvil/turismo (default leve)
2026-08,LightVehicles,leve,BMW,X3 20D XDRIVE,ICE,1,Aduana PY datos abiertos,NCM 8703 automóvil/turismo (default leve)
2026-08,LightVehicles,leve,BMW,X5 XDRIVE30D,ICE,1,Aduana PY datos abiertos,NCM 8703 automóvil/turismo (default leve)
2026-08,LightVehicles,leve,CADILLAC,SCALADE ESV,ICE,1,Aduana PY datos abiertos,NCM 8703 automóvil/turismo (default leve)
2026-08,LightVehicles,leve,CHANGAN,NEW CS15 DCT,ICE,1,Aduana PY datos abiertos,NCM 8703 automóvil/turismo (default leve)
2026-08,LightVehicles,leve,CHEVROLET,MONTANA CD LTZ 1,ICE,1,Aduana PY datos abiertos,NCM 8704.31 GVW≤5t pickup/camioneta
2026-08,LightVehicles,leve,DODGE,RAM,ICE,1,Aduana PY datos abiertos,8704 + pickup/camioneta keyword
2026-08,LightVehicles,leve,DONGFENG,MAGE,ICE,1,Aduana PY datos abiertos,NCM 8703 automóvil/turismo (default leve)
2026-08,LightVehicles,leve,DONGFENG,MAGE HEV,HEV,1,Aduana PY datos abiertos,NCM 8703 automóvil/turismo (default leve)
2026-08,LightVehicles,leve,DONGFENG,MAGE PHEV,PHEV,1,Aduana PY datos abiertos,NCM 8703 automóvil/turismo (default leve)
2026-08,LightVehicles,leve,DONGFENG,VIGO 470 E2+,BEV,1,Aduana PY datos abiertos,NCM 8703 automóvil/turismo (default leve)
2026-08,LightVehicles,leve,DRR,(sin modelo),ICE,1,Aduana PY datos abiertos,NCM 8703 automóvil/turismo (default leve)
2026-08,LightVehicles,leve,FIAT,BURSTNER A530 ACTIVE,ICE,1,Aduana PY datos abiertos,NCM 8703 automóvil/turismo (default leve)
2026-08,LightVehicles,leve,FIAT,FASTBACK AUDACE MILD,ICE,1,Aduana PY datos abiertos,NCM 8703 automóvil/turismo (default leve)
2026-08,LightVehicles,leve,FIAT,STRADA VOLCANO D/C 1,ICE,1,Aduana PY datos abiertos,NCM 8704.31 GVW≤5t pickup/camioneta
2026-08,LightVehicles,leve,FORD,BRONCO,ICE,1,Aduana PY datos abiertos,NCM 8703 automóvil/turismo (default leve)
2026-08,LightVehicles,leve,FORD,BRONCO BADLANDS 2,ICE,1,Aduana PY datos abiertos,NCM 8703 automóvil/turismo (default leve)
2026-08,LightVehicles,leve,FORD,F150 RAPTOR,ICE,1,Aduana PY datos abiertos,NCM 8704.31 GVW≤5t pickup/camioneta
2026-08,LightVehicles,leve,FOTON,TUNLAND V7 LUXURY,ICE,1,Aduana PY datos abiertos,NCM 8704.21 GVW≤5t pickup/camioneta
2026-08,LightVehicles,leve,FOTON,TUNLAND V9 ULTIMATE CON,ICE,1,Aduana PY datos abiertos,NCM 8704.21 GVW≤5t pickup/camioneta
2026-08,LightVehicles,leve,HYUNDAI,NEW HB20 HACHT NAFT,ICE,1,Aduana PY datos abiertos,NCM 8703 automóvil/turismo (default leve)
2026-08,LightVehicles,leve,JAC,X200 DOBLE CABINA,ICE,1,Aduana PY datos abiertos,NCM 8704.21 GVW≤5t pickup/camioneta
2026-08,LightVehicles,leve,JAECOO,(sin modelo),HEV,1,Aduana PY datos abiertos,NCM 8703 automóvil/turismo (default leve)
2026-08,LightVehicles,leve,JEEP,COMPASS SPORT 1,ICE,1,Aduana PY datos abiertos,NCM 8703 automóvil/turismo (default leve)
2026-08,LightVehicles,leve,KGM,TIVOLI,ICE,1,Aduana PY datos abiertos,NCM 8703 automóvil/turismo (default leve)
2026-08,LightVehicles,leve,KIA,K3 CROSS,ICE,1,Aduana PY datos abiertos,NCM 8703 automóvil/turismo (default leve)
2026-08,LightVehicles,leve,LAND ROVER,DEFENDER,PHEV,1,Aduana PY datos abiertos,NCM 8703 automóvil/turismo (default leve)
2026-08,LightVehicles,leve,LAND ROVER,RANGE ROVER EVOQUE 1,ICE,1,Aduana PY datos abiertos,NCM 8703 automóvil/turismo (default leve)
2026-08,LightVehicles,leve,LAND ROVER,RANGE ROVER SPORT,PHEV,1,Aduana PY datos abiertos,NCM 8703 automóvil/turismo (default leve)
2026-08,LightVehicles,leve,LEXUS,UX300H,HEV,1,Aduana PY datos abiertos,NCM 8703 automóvil/turismo (default leve)
2026-08,LightVehicles,leve,MASSIMO,M210,ICE,1,Aduana PY datos abiertos,NCM 8703 automóvil/turismo (default leve)
2026-08,LightVehicles,leve,MERCEDES-BENZ,560 SEL,ICE,1,Aduana PY datos abiertos,NCM 8703 automóvil/turismo (default leve)
2026-08,LightVehicles,leve,MERCEDES-BENZ,GLA 200 CON,ICE,1,Aduana PY datos abiertos,NCM 8703 automóvil/turismo (default leve)
2026-08,LightVehicles,leve,MERCEDES-BENZ,GLC 200 4MATIC COUPE CON,ICE,1,Aduana PY datos abiertos,NCM 8703 automóvil/turismo (default leve)
2026-08,LightVehicles,leve,OMODA,E5,ICE,1,Aduana PY datos abiertos,passenger van/minibus (Hiace/Staria/…) counts as leve
2026-08,LightVehicles,leve,PEUGEOT,208 RALLY 4 AN0,ICE,1,Aduana PY datos abiertos,NCM 8703 automóvil/turismo (default leve)
2026-08,LightVehicles,leve,PEUGEOT,PEUGEOT 208 R4 GRAVEL,ICE,1,Aduana PY datos abiertos,NCM 8703 automóvil/turismo (default leve)
2026-08,LightVehicles,leve,PORSCHE,MACAN T,ICE,1,Aduana PY datos abiertos,NCM 8703 automóvil/turismo (default leve)
2026-08,LightVehicles,leve,RAM,RAMPAGE BIGHORN 2,ICE,1,Aduana PY datos abiertos,NCM 8704.21 GVW≤5t pickup/camioneta
2026-08,LightVehicles,leve,TOYOTA,CORALLA AXIO,ICE,1,Aduana PY datos abiertos,NCM 8703 automóvil/turismo (default leve)
2026-08,LightVehicles,leve,TOYOTA,GR YARIS RALLY 2 TURBO,ICE,1,Aduana PY datos abiertos,NCM 8703 automóvil/turismo (default leve)
2026-08,LightVehicles,leve,TOYOTA,LAND CRUISER PRADO,HEV,1,Aduana PY datos abiertos,NCM 8703 automóvil/turismo (default leve)
2026-08,LightVehicles,leve,TOYOTA,LC300 GR SPORT,ICE,1,Aduana PY datos abiertos,NCM 8703 automóvil/turismo (default leve)
2026-08,LightVehicles,leve,TOYOTA,LC300 GR SPORT V6 3,ICE,1,Aduana PY datos abiertos,NCM 8703 automóvil/turismo (default leve)
2026-08,LightVehicles,leve,VOLKSWAGEN,SONG PLUS,PHEV,1,Aduana PY datos abiertos,NCM 8703 automóvil/turismo (default leve)
2026-08,LightVehicles,pesado,FAW,TIGER 5,ICE,1,Aduana PY datos abiertos,NCM 8704.22 typically GVW>5t
2026-08,LightVehicles,pesado,ISUZU,FRR90SL-NAN,ICE,1,Aduana PY datos abiertos,NCM 8704.22 typically GVW>5t
2026-08,LightVehicles,pesado,IVECO,TECTOR 27-320,ICE,1,Aduana PY datos abiertos,NCM 8704.23 typically GVW>5t
2026-08,LightVehicles,pesado,JAC,LE112,ICE,1,Aduana PY datos abiertos,NCM 8704.22 typically GVW>5t
2026-08,LightVehicles,pesado,JAC,LE112 CARGO BOX 7,ICE,1,Aduana PY datos abiertos,NCM 8704.22 typically GVW>5t
2026-08,LightVehicles,pesado,MERCEDES-BENZ,1120,ICE,1,Aduana PY datos abiertos,NCM 8704.22 typically GVW>5t
2026-08,LightVehicles,pesado,MERCEDES-BENZ,1217,ICE,1,Aduana PY datos abiertos,NCM 8704.22 typically GVW>5t
2026-08,LightVehicles,pesado,MERCEDES-BENZ,1218,ICE,1,Aduana PY datos abiertos,NCM 8704.22 typically GVW>5t
2026-08,LightVehicles,pesado,MERCEDES-BENZ,1314,ICE,1,Aduana PY datos abiertos,NCM 8704.22 typically GVW>5t
2026-08,LightVehicles,pesado,MERCEDES-BENZ,812,ICE,1,Aduana PY datos abiertos,NCM 8704.22 typically GVW>5t
2026-08,LightVehicles,pesado,MERCEDES-BENZ,817,ICE,1,Aduana PY datos abiertos,NCM 8704.22 typically GVW>5t
2026-08,LightVehicles,pesado,MERCEDES-BENZ,970,ICE,1,Aduana PY datos abiertos,NCM 8704.22 typically GVW>5t
2026-08,LightVehicles,pesado,MERCEDES-BENZ,AROCS,ICE,1,Aduana PY datos abiertos,NCM 8704.22 typically GVW>5t
2026-08,LightVehicles,pesado,SCANIA,114,ICE,1,Aduana PY datos abiertos,NCM 8704.22 typically GVW>5t
2026-08,LightVehicles,pesado,SCANIA,93M/310,ICE,1,Aduana PY datos abiertos,NCM 8704.22 typically GVW>5t
2026-08,LightVehicles,pesado,SCANIA,P94-310,ICE,1,Aduana PY datos abiertos,NCM 8704.22 typically GVW>5t
2026-08,LightVehicles,pesado,SCANIA,P94/220,ICE,1,Aduana PY datos abiertos,NCM 8704.22 typically GVW>5t
2026-08,LightVehicles,pesado,TAT,LPT407/34EX2TT LHD EUROII CLB,ICE,1,Aduana PY datos abiertos,NCM 8704.22 typically GVW>5t
2026-08,LightVehicles,pesado,VOLVO,FM460 A/O,ICE,1,Aduana PY datos abiertos,NCM 8704.23 typically GVW>5t
2026-08,LightVehicles,recreativo,CAN-AM,SSV MAV R X RC 999 T GN HB SAS INT 26,ICE,1,Aduana PY datos abiertos,keyword ATV/UTV/carrito golf/snow
2026-08,LightVehicles,recreativo,CAN-AM,SSV MAV R X RS 999 T BE HB SAS CE 26,ICE,1,Aduana PY datos abiertos,keyword ATV/UTV/carrito golf/snow
2026-08,LightVehicles,recreativo,HDK,(sin modelo),ICE,1,Aduana PY datos abiertos,NCM 8703.10
2026-08,LightVehicles,recreativo,HDK,DEL2062G2Z TARA SPRIT PLUS,ICE,1,Aduana PY datos abiertos,NCM 8703.10
2026-08,LightVehicles,recreativo,HDK,DEL2065D CARRIER 8,ICE,1,Aduana PY datos abiertos,NCM 8703.10
2026-08,LightVehicles,recreativo,HDK,DEL3022G2Z CLASSIC 4,ICE,1,Aduana PY datos abiertos,NCM 8703.10
2026-08,LightVehicles,recreativo,HDK,DEL3024G TARA - ROADSTER,ICE,1,Aduana PY datos abiertos,NCM 8703.10
2026-08,LightVehicles,recreativo,HDK,DEL3024G2Z MAVERICK6,ICE,1,Aduana PY datos abiertos,NCM 8703.10
2026-08,LightVehicles,recreativo,HDK,DEL3042G2Z CARRIER6,ICE,1,Aduana PY datos abiertos,NCM 8703.10
2026-08,LightVehicles,recreativo,HDK,DEL3062G2Z CARRIER 8,ICE,1,Aduana PY datos abiertos,NCM 8703.10
2026-08,LightVehicles,recreativo,SHINING,(sin modelo),ICE,1,Aduana PY datos abiertos,NCM 8703.10
2026-08,LightVehicles,recreativo,SHINING,F 2+2 SEASTS,ICE,1,Aduana PY datos abiertos,NCM 8703.10
2026-08,LightVehicles,recreativo,SHINING,F-2,ICE,1,Aduana PY datos abiertos,NCM 8703.10
2026-08,LightVehicles,recreativo,SHINING,F4+2,ICE,1,Aduana PY datos abiertos,NCM 8703.10
2026-09,Whole,leve,TOYOTA,VITZ,ICE,7419,Aduana PY datos abiertos,NCM 8703 automóvil/turismo (default leve)
2026-09,Whole,leve,TOYOTA,RACTIS,ICE,4128,Aduana PY datos abiertos,NCM 8703 automóvil/turismo (default leve)
2026-09,Whole,leve,KIA,SPORTAGE,ICE,3685,Aduana PY datos abiertos,NCM 8703 automóvil/turismo (default leve)
2026-09,Whole,leve,TOYOTA,AURIS,ICE,1877,Aduana PY datos abiertos,NCM 8703 automóvil/turismo (default leve)
2026-09,Whole,leve,TOYOTA,(sin modelo),ICE,1506,Aduana PY datos abiertos,NCM 8703 automóvil/turismo (default leve)
2026-09,Whole,leve,TOYOTA,SIENTA,ICE,1505,Aduana PY datos abiertos,NCM 8703 automóvil/turismo (default leve)
2026-09,Whole,leve,TOYOTA,VOXY,ICE,1331,Aduana PY datos abiertos,passenger van/minibus (Hiace/Staria/…) counts as leve
2026-09,Whole,leve,TOYOTA,ALLION,ICE,1324,Aduana PY datos abiertos,NCM 8703 automóvil/turismo (default leve)
2026-09,Whole,leve,TOYOTA,IST,ICE,1191,Aduana PY datos abiertos,NCM 8703 automóvil/turismo (default leve)
2026-09,Whole,leve,TOYOTA,WISH,ICE,1191,Aduana PY datos abiertos,NCM 8703 automóvil/turismo (default leve)
2026-09,Whole,leve,TOYOTA,PREMIO,ICE,1178,Aduana PY datos abiertos,NCM 8703 automóvil/turismo (default leve)
2026-09,Whole,leve,TOYOTA,NOAH,ICE,729,Aduana PY datos abiertos,passenger van/minibus (Hiace/Staria/…) counts as leve
2026-09,Whole,leve,TOYOTA,COROLLA,ICE,626,Aduana PY datos abiertos,NCM 8703 automóvil/turismo (default leve)
2026-09,Whole,leve,TOYOTA,COROLLA CROSS,HEV,538,Aduana PY datos abiertos,NCM 8703 automóvil/turismo (default leve)
2026-09,Whole,leve,HYUNDAI,SANTA FE,ICE,455,Aduana PY datos abiertos,NCM 8703 automóvil/turismo (default leve)
2026-09,Whole,leve,HYUNDAI,TUCSON,ICE,420,Aduana PY datos abiertos,NCM 8703 automóvil/turismo (default leve)
2026-09,Whole,leve,TOYOTA,FUNCARGO,ICE,309,Aduana PY datos abiertos,NCM 8703 automóvil/turismo (default leve)
2026-09,Whole,leve,TOYOTA,RUSH,ICE,273,Aduana PY datos abiertos,NCM 8703 automóvil/turismo (default leve)
2026-09,Whole,leve,CHEVROLET,(sin modelo),ICE,261,Aduana PY datos abiertos,NCM 8703 automóvil/turismo (default leve)
2026-09,Whole,leve,HYUNDAI,(sin modelo),ICE,249,Aduana PY datos abiertos,NCM 8703 automóvil/turismo (default leve)
2026-09,Whole,leve,KIA,K5,ICE,224,Aduana PY datos abiertos,NCM 8703 automóvil/turismo (default leve)
2026-09,Whole,leve,TOYOTA,AQUA,HEV,210,Aduana PY datos abiertos,NCM 8703 automóvil/turismo (default leve)
2026-09,Whole,leve,KENTON,(sin modelo),ICE,207,Aduana PY datos abiertos,NCM 8703 automóvil/turismo (default leve)
2026-09,Whole,leve,TOYOTA,COROLLA AXIO,ICE,168,Aduana PY datos abiertos,NCM 8703 automóvil/turismo (default leve)
2026-09,Whole,leve,KIA,SOLUTO,ICE,164,Aduana PY datos abiertos,NCM 8703 automóvil/turismo (default leve)
2026-09,Whole,leve,TOYOTA,ALLEX,ICE,162,Aduana PY datos abiertos,NCM 8703 automóvil/turismo (default leve)
2026-09,Whole,leve,KIA,SONET,ICE,155,Aduana PY datos abiertos,NCM 8703 automóvil/turismo (default leve)
2026-09,Whole,leve,TOYOTA,CROWN ATHLETE,ICE,154,Aduana PY datos abiertos,NCM 8703 automóvil/turismo (default leve)
2026-09,Whole,leve,KIA,(sin modelo),ICE,147,Aduana PY datos abiertos,NCM 8703 automóvil/turismo (default leve)
2026-09,Whole,leve,TOYOTA,COROLLA,HEV,140,Aduana PY datos abiertos,NCM 8703 automóvil/turismo (default leve)
2026-09,Whole,leve,CHERY,(sin modelo),ICE,136,Aduana PY datos abiertos,NCM 8703 automóvil/turismo (default leve)
2026-09,Whole,leve,NISSAN,(sin modelo),ICE,136,Aduana PY datos abiertos,NCM 8703 automóvil/turismo (default leve)
2026-09,Whole,leve,HYUNDAI,NEW HB20,ICE,130,Aduana PY datos abiertos,NCM 8703 automóvil/turismo (default leve)
2026-09,Whole,leve,HYUNDAI,NEW HB20S,ICE,130,Aduana PY datos abiertos,NCM 8703 automóvil/turismo (default leve)
2026-09,Whole,leve,SUBARU,IMPREZA,ICE,128,Aduana PY datos abiertos,NCM 8703 automóvil/turismo (default leve)
2026-09,Whole,leve,KIA,SORENTO,ICE,126,Aduana PY datos abiertos,NCM 8703 automóvil/turismo (default leve)
2026-09,Whole,leve,SUBARU,TREZIA,ICE,119,Aduana PY datos abiertos,NCM 8703 automóvil/turismo (default leve)
2026-09,Whole,leve,TOYOTA,BELTA,ICE,119,Aduana PY datos abiertos,NCM 8703 automóvil/turismo (default leve)
2026-09,Whole,leve,VOLKSWAGEN,TERA 1,ICE,117,Aduana PY datos abiertos,NCM 8703 automóvil/turismo (default leve)
2026-09,Whole,recreativo,ZYCAR,(sin modelo),ICE,112,Aduana PY datos abiertos,NCM 8703.10
2026-09,Whole,leve,MAZDA,DEMIO,ICE,105,Aduana PY datos abiertos,NCM 8703 automóvil/turismo (default leve)
2026-09,Whole,leve,CHERY,T2,ICE,96,Aduana PY datos abiertos,NCM 8703 automóvil/turismo (default leve)
2026-09,Whole,leve,SUBARU,(sin modelo),ICE,91,Aduana PY datos abiertos,NCM 8703 automóvil/turismo (default leve)
2026-09,Whole,leve,BMW,320D,ICE,84,Aduana PY datos abiertos,NCM 8703 automóvil/turismo (default leve)
2026-09,Whole,leve,GAC,EMZOOM GS 1,ICE,84,Aduana PY datos abiertos,NCM 8703 automóvil/turismo (default leve)
2026-09,Whole,leve,VOLKSWAGEN,T-CROSS 1,ICE,81,Aduana PY datos abiertos,NCM 8703 automóvil/turismo (default leve)
2026-09,Whole,leve,FORD,MUSTANG,ICE,77,Aduana PY datos abiertos,NCM 8703 automóvil/turismo (default leve)
2026-09,Whole,leve,TOYOTA,HILUX,ICE,70,Aduana PY datos abiertos,NCM 8703 automóvil/turismo (default leve)
2026-09,Whole,leve,GAC,EMZOOM GL 1,ICE,68,Aduana PY datos abiertos,NCM 8703 automóvil/turismo (default leve)
2026-09,Whole,leve,TOYOTA,LAND CRUISER PRADO,ICE,68,Aduana PY datos abiertos,NCM 8703 automóvil/turismo (default leve)
2026-09,Whole,leve,TOYOTA,FORTUNER,ICE,65,Aduana PY datos abiertos,NCM 8703 automóvil/turismo (default leve)
2026-09,Whole,leve,HYUNDAI,NEW CRETA,ICE,64,Aduana PY datos abiertos,NCM 8703 automóvil/turismo (default leve)
2026-09,Whole,leve,ICAUR,V27,PHEV,64,Aduana PY datos abiertos,NCM 8703 automóvil/turismo (default leve)
2026-09,Whole,leve,BMW,(sin modelo),ICE,63,Aduana PY datos abiertos,NCM 8703 automóvil/turismo (default leve)
2026-09,Whole,leve,DAIHATSU,MOVE,ICE,63,Aduana PY datos abiertos,NCM 8703 automóvil/turismo (default leve)
2026-09,Whole,leve,SUZUKI,SWIFT,ICE,63,Aduana PY datos abiertos,NCM 8703 automóvil/turismo (default leve)
2026-09,Whole,leve,TOYOTA,CROWN,ICE,63,Aduana PY datos abiertos,NCM 8703 automóvil/turismo (default leve)
2026-09,Whole,leve,ICAUR,V23,BEV,61,Aduana PY datos abiertos,NCM 8703 automóvil/turismo (default leve)
2026-09,Whole,leve,MG,ZX CVT PLUS,ICE,56,Aduana PY datos abiertos,NCM 8703 automóvil/turismo (default leve)
2026-09,Whole,leve,TOYOTA,CROWN ROYAL SALOON,ICE,56,Aduana PY datos abiertos,NCM 8703 automóvil/turismo (default leve)
2026-09,Whole,leve,SOUEAST,S06,PHEV,55,Aduana PY datos abiertos,NCM 8703 automóvil/turismo (default leve)
2026-09,Whole,leve,VOLVO,EX30,BEV,55,Aduana PY datos abiertos,NCM 8703 automóvil/turismo (default leve)
2026-09,Whole,leve,TOYOTA,RAV4,HEV,53,Aduana PY datos abiertos,NCM 8703 automóvil/turismo (default leve)
2026-09,Whole,leve,JETOUR,(sin modelo),ICE,52,Aduana PY datos abiertos,NCM 8703 automóvil/turismo (default leve)
2026-09,Whole,leve,SOUEAST,S08,PHEV,50,Aduana PY datos abiertos,NCM 8703 automóvil/turismo (default leve)
2026-09,Whole,leve,DODGE,CHALLENGER,ICE,49,Aduana PY datos abiertos,NCM 8703 automóvil/turismo (default leve)
2026-09,Whole,leve,KIA,CARNIVAL,ICE,49,Aduana PY datos abiertos,passenger van/minibus (Hiace/Staria/…) counts as leve
2026-09,Whole,leve,MAZDA,(sin modelo),ICE,49,Aduana PY datos abiertos,NCM 8703 automóvil/turismo (default leve)
2026-09,Whole,leve,TOYOTA,IQ,ICE,49,Aduana PY datos abiertos,NCM 8703 automóvil/turismo (default leve)
2026-09,Whole,leve,TOYOTA,PASSO,ICE,49,Aduana PY datos abiertos,NCM 8703 automóvil/turismo (default leve)
2026-09,Whole,leve,TOYOTA,SIENTA,HEV,49,Aduana PY datos abiertos,NCM 8703 automóvil/turismo (default leve)
2026-09,Whole,leve,HYUNDAI,NEW GRAND I10 HATCHBACK 5 PTAS 5P,ICE,44,Aduana PY datos abiertos,NCM 8703 automóvil/turismo (default leve)
2026-09,Whole,leve,KIA,SELTOS,ICE,44,Aduana PY datos abiertos,NCM 8703 automóvil/turismo (default leve)
2026-09,Whole,leve,TOYOTA,(sin modelo),HEV,44,Aduana PY datos abiertos,NCM 8703 automóvil/turismo (default leve)
2026-09,Whole,leve,KIA,K3,ICE,42,Aduana PY datos abiertos,NCM 8703 automóvil/turismo (default leve)
2026-09,Whole,leve,NISSAN,FAIRLADY Z,ICE,42,Aduana PY datos abiertos,NCM 8703 automóvil/turismo (default leve)
2026-09,Whole,leve,TOYOTA,AURIS,HEV,42,Aduana PY datos abiertos,NCM 8703 automóvil/turismo (default leve)
2026-09,Whole,leve,TOYOTA,HIACE,ICE,42,Aduana PY datos abiertos,passenger van/minibus (Hiace/Staria/…) counts as leve
2026-09,Whole,leve,HYUNDAI,NEW CRETA COMFORT,ICE,40,Aduana PY datos abiertos,NCM 8703 automóvil/turismo (default leve)
2026-09,Whole,leve,CHERY,T4 PRO 1,HEV,39,Aduana PY datos abiertos,NCM 8703 automóvil/turismo (default leve)
2026-09,Whole,leve,FIAT,FASTBACK ABARTH 1,ICE,39,Aduana PY datos abiertos,NCM 8703 automóvil/turismo (default leve)
2026-09,Whole,leve,CITROEN,(sin modelo),ICE,38,Aduana PY datos abiertos,NCM 8703 automóvil/turismo (default leve)
2026-09,Whole,leve,HYUNDAI,ALL NEW TUCSON,ICE,38,Aduana PY datos abiertos,NCM 8703 automóvil/turismo (default leve)
2026-09,Whole,leve,GAC,S7 ULTRA 1,PHEV,36,Aduana PY datos abiertos,NCM 8703 automóvil/turismo (default leve)
2026-09,Whole,leve,MERCEDES-BENZ,(sin modelo),ICE,36,Aduana PY datos abiertos,NCM 8703 automóvil/turismo (default leve)
2026-09,Whole,leve,AUDI,TT,ICE,35,Aduana PY datos abiertos,NCM 8703 automóvil/turismo (default leve)
2026-09,Whole,leve,GEELY,CITYRAY,ICE,35,Aduana PY datos abiertos,NCM 8703 automóvil/turismo (default leve)
2026-09,Whole,leve,TOYOTA,AVENSIS,ICE,35,Aduana PY datos abiertos,NCM 8703 automóvil/turismo (default leve)
2026-09,Whole,leve,TOYOTA,MARK X,ICE,35,Aduana PY datos abiertos,NCM 8703 automóvil/turismo (default leve)
2026-09,Whole,leve,TOYOTA,YARIS,ICE,35,Aduana PY datos abiertos,NCM 8703 automóvil/turismo (default leve)
2026-09,Whole,leve,NISSAN,X-TRAIL E-POWER,HEV,34,Aduana PY datos abiertos,NCM 8703 automóvil/turismo (default leve)
2026-09,Whole,leve,GEELY,COOLRAY GS,ICE,33,Aduana PY datos abiertos,NCM 8703 automóvil/turismo (default leve)
2026-09,Whole,leve,OMODA,A C5 CVT NAFTERO,ICE,33,Aduana PY datos abiertos,NCM 8703 automóvil/turismo (default leve)
2026-09,Whole,leve,BYD,TI 7,PHEV,30,Aduana PY datos abiertos,NCM 8703 automóvil/turismo (default leve)
2026-09,Whole,leve,CHERY,T9 PRO 1,PHEV,30,Aduana PY datos abiertos,NCM 8703 automóvil/turismo (default leve)
2026-09,Whole,leve,GAC,EMZOOM GB 1,ICE,30,Aduana PY datos abiertos,NCM 8703 automóvil/turismo (default leve)
2026-09,Whole,leve,GEELY,COOLRAY GF,ICE,30,Aduana PY datos abiertos,NCM 8703 automóvil/turismo (default leve)
2026-09,Whole,leve,JMEV,EV2,BEV,30,Aduana PY datos abiertos,NCM 8703 automóvil/turismo (default leve)
2026-09,Whole,leve,JMEV,EV3,BEV,30,Aduana PY datos abiertos,NCM 8703 automóvil/turismo (default leve)
2026-09,Whole,leve,HYUNDAI,ALL NEW TUCSON,HEV,29,Aduana PY datos abiertos,NCM 8703 automóvil/turismo (default leve)
2026-09,Whole,leve,VOLKSWAGEN,GOLF,ICE,29,Aduana PY datos abiertos,NCM 8703 automóvil/turismo (default leve)
2026-09,Whole,leve,CHANGAN,DEEPAL S05,PHEV,28,Aduana PY datos abiertos,NCM 8703 automóvil/turismo (default leve)
2026-09,Whole,leve,DAIHATSU,BEGO,ICE,28,Aduana PY datos abiertos,NCM 8703 automóvil/turismo (default leve)
2026-09,Whole,leve,HYUNDAI,AVANTE,ICE,28,Aduana PY datos abiertos,NCM 8703 automóvil/turismo (default leve)
2026-09,Whole,leve,HYUNDAI,I30,ICE,28,Aduana PY datos abiertos,NCM 8703 automóvil/turismo (default leve)
2026-09,Whole,leve,NISSAN,NOTE,ICE,28,Aduana PY datos abiertos,NCM 8703 automóvil/turismo (default leve)
2026-09,Whole,leve,SUBARU,IMPREZA WRX STI,ICE,28,Aduana PY datos abiertos,NCM 8703 automóvil/turismo (default leve)
2026-09,Whole,leve,TOYOTA,PRIUS,HEV,28,Aduana PY datos abiertos,NCM 8703 automóvil/turismo (default leve)
2026-09,Whole,leve,DFSK,(sin modelo),ICE,27,Aduana PY datos abiertos,NCM 8703 automóvil/turismo (default leve)
2026-09,Whole,leve,FIAT,PULSE DRIVE 1,ICE,27,Aduana PY datos abiertos,NCM 8703 automóvil/turismo (default leve)
2026-09,Whole,leve,FORD,EVEREST 2,ICE,27,Aduana PY datos abiertos,NCM 8703 automóvil/turismo (default leve)
2026-09,Whole,leve,JAECOO,JAECOO 5,HEV,27,Aduana PY datos abiertos,NCM 8703 automóvil/turismo (default leve)
2026-09,Whole,leve,PEUGEOT,(sin modelo),ICE,27,Aduana PY datos abiertos,NCM 8703 automóvil/turismo (default leve)
2026-09,Whole,leve,CHANGAN,(sin modelo),ICE,26,Aduana PY datos abiertos,NCM 8703 automóvil/turismo (default leve)
2026-09,Whole,leve,HYUNDAI,NEW GRAND I10 HATCHBACK,ICE,26,Aduana PY datos abiertos,NCM 8703 automóvil/turismo (default leve)
2026-09,Whole,leve,NISSAN,NEW KICKS 220T ADVANCE 6 DCT - FLEX,ICE,26,Aduana PY datos abiertos,NCM 8703 automóvil/turismo (default leve)
2026-09,Whole,leve,RENAULT,(sin modelo),ICE,26,Aduana PY datos abiertos,NCM 8703 automóvil/turismo (default leve)
2026-09,Whole,leve,MERCEDES-BENZ,2027,ICE,25,Aduana PY datos abiertos,NCM 8703 automóvil/turismo (default leve)
2026-09,Whole,leve,HONDA,(sin modelo),ICE,24,Aduana PY datos abiertos,NCM 8703 automóvil/turismo (default leve)
2026-09,Whole,leve,MG,ZX MT STD,ICE,24,Aduana PY datos abiertos,NCM 8703 automóvil/turismo (default leve)
2026-09,Whole,leve,BAIC,(sin modelo),ICE,23,Aduana PY datos abiertos,NCM 8703 automóvil/turismo (default leve)
2026-09,Whole,leve,VOLKSWAGEN,(sin modelo),ICE,23,Aduana PY datos abiertos,NCM 8703 automóvil/turismo (default leve)
2026-09,Whole,leve,BMW,X3,ICE,22,Aduana PY datos abiertos,NCM 8703 automóvil/turismo (default leve)
2026-09,Whole,leve,BMW,Z4,ICE,21,Aduana PY datos abiertos,NCM 8703 automóvil/turismo (default leve)
2026-09,Whole,leve,CHEVROLET,CAMARO,ICE,21,Aduana PY datos abiertos,NCM 8703 automóvil/turismo (default leve)
2026-09,Whole,leve,FORD,MUSTANG GT,ICE,21,Aduana PY datos abiertos,NCM 8703 automóvil/turismo (default leve)
2026-09,Whole,leve,HYUNDAI,ELO,ICE,21,Aduana PY datos abiertos,NCM 8703 automóvil/turismo (default leve)
2026-09,Whole,leve,HYUNDAI,GRAND STAREX,ICE,21,Aduana PY datos abiertos,NCM 8703 automóvil/turismo (default leve)
2026-09,Whole,leve,HYUNDAI,MAXCRUZ,ICE,21,Aduana PY datos abiertos,NCM 8703 automóvil/turismo (default leve)
2026-09,Whole,leve,HYUNDAI,VENUE,ICE,21,Aduana PY datos abiertos,NCM 8703 automóvil/turismo (default leve)
2026-09,Whole,leve,JEEP,WRANGLER SPORT,ICE,21,Aduana PY datos abiertos,NCM 8703 automóvil/turismo (default leve)
2026-09,Whole,leve,MERCEDES-BENZ,C 300,ICE,21,Aduana PY datos abiertos,NCM 8703 automóvil/turismo (default leve)
2026-09,Whole,leve,MERCEDES-BENZ,C200,ICE,21,Aduana PY datos abiertos,NCM 8703 automóvil/turismo (default leve)
2026-09,Whole,leve,MERCEDES-BENZ,C250,ICE,21,Aduana PY datos abiertos,NCM 8703 automóvil/turismo (default leve)
2026-09,Whole,leve,MERCEDES-BENZ,C300,ICE,21,Aduana PY datos abiertos,NCM 8703 automóvil/turismo (default leve)
2026-09,Whole,leve,TOYOTA,COROLLA FIELDER,HEV,21,Aduana PY datos abiertos,NCM 8703 automóvil/turismo (default leve)
2026-09,Whole,leve,TOYOTA,COROLLA FIELDER,ICE,21,Aduana PY datos abiertos,NCM 8703 automóvil/turismo (default leve)
2026-09,Whole,leve,TOYOTA,GRAND HIACE,ICE,21,Aduana PY datos abiertos,passenger van/minibus (Hiace/Staria/…) counts as leve
2026-09,Whole,leve,TOYOTA,HIACE REGIUS,ICE,21,Aduana PY datos abiertos,passenger van/minibus (Hiace/Staria/…) counts as leve
2026-09,Whole,leve,TOYOTA,REGIUS,ICE,21,Aduana PY datos abiertos,NCM 8703 automóvil/turismo (default leve)
2026-09,Whole,leve,HYUNDAI,NEW HB20S VISION,ICE,20,Aduana PY datos abiertos,NCM 8703 automóvil/turismo (default leve)
2026-09,Whole,leve,MG,ZS LUX,HEV,20,Aduana PY datos abiertos,NCM 8703 automóvil/turismo (default leve)
2026-09,Whole,leve,HYUNDAI,NEW HB20 HATCH,ICE,19,Aduana PY datos abiertos,NCM 8703 automóvil/turismo (default leve)
2026-09,Whole,leve,CHANGAN,NEW CS35 MAX,ICE,18,Aduana PY datos abiertos,NCM 8703 automóvil/turismo (default leve)
2026-09,Whole,leve,CHERY,T8 PRO 1,ICE,18,Aduana PY datos abiertos,NCM 8703 automóvil/turismo (default leve)
2026-09,Whole,leve,ICAUR,03T LUXURY 1,PHEV,18,Aduana PY datos abiertos,NCM 8703 automóvil/turismo (default leve)
2026-09,Whole,leve,NISSAN,QASHQAI SENSE,ICE,18,Aduana PY datos abiertos,NCM 8703 automóvil/turismo (default leve)
2026-09,Whole,leve,CHEVROLET,SPARK EUV,BEV,16,Aduana PY datos abiertos,NCM 8703 automóvil/turismo (default leve)
2026-09,Whole,leve,GAC,AION UT PREMIO EV AT,BEV,16,Aduana PY datos abiertos,NCM 8703 automóvil/turismo (default leve)
2026-09,Whole,leve,GAC,GS8 GX,HEV,16,Aduana PY datos abiertos,NCM 8703 automóvil/turismo (default leve)
2026-09,Whole,leve,HYUNDAI,NEW CRETA PLATINUM,ICE,16,Aduana PY datos abiertos,NCM 8703 automóvil/turismo (default leve)
2026-09,Whole,leve,CHANGAN,NEW CS55 PLUS ELITE,ICE,15,Aduana PY datos abiertos,NCM 8703 automóvil/turismo (default leve)
2026-09,Whole,leve,FORD,(sin modelo),ICE,15,Aduana PY datos abiertos,NCM 8703 automóvil/turismo (default leve)
2026-09,Whole,leve,GEELY,COOLRAY GF NAFT,ICE,15,Aduana PY datos abiertos,NCM 8703 automóvil/turismo (default leve)
2026-09,Whole,leve,AUDI,(sin modelo),ICE,14,Aduana PY datos abiertos,NCM 8703 automóvil/turismo (default leve)
2026-09,Whole,leve,BMW,320 D,ICE,14,Aduana PY datos abiertos,NCM 8703 automóvil/turismo (default leve)
2026-09,Whole,leve,BMW,320I,ICE,14,Aduana PY datos abiertos,NCM 8703 automóvil/turismo (default leve)
2026-09,Whole,leve,BMW,X1,ICE,14,Aduana PY datos abiertos,NCM 8703 automóvil/turismo (default leve)
2026-09,Whole,leve,DODGE,(sin modelo),ICE,14,Aduana PY datos abiertos,NCM 8703 automóvil/turismo (default leve)
2026-09,Whole,leve,FERRARI,CALIFORNIA,ICE,14,Aduana PY datos abiertos,NCM 8703 automóvil/turismo (default leve)
2026-09,Whole,leve,GAC,AION UT ELITE EV AT,BEV,14,Aduana PY datos abiertos,NCM 8703 automóvil/turismo (default leve)
2026-09,Whole,leve,GEELY,COOLRAY GS+ NAFT,ICE,14,Aduana PY datos abiertos,NCM 8703 automóvil/turismo (default leve)
2026-09,Whole,leve,HYUNDAI,ACCENT,ICE,14,Aduana PY datos abiertos,NCM 8703 automóvil/turismo (default leve)
2026-09,Whole,leve,HYUNDAI,SPORTAGE,ICE,14,Aduana PY datos abiertos,NCM 8703 automóvil/turismo (default leve)
2026-09,Whole,leve,LYNK CO,06,PHEV,14,Aduana PY datos abiertos,NCM 8703 automóvil/turismo (default leve)
2026-09,Whole,leve,MAZDA,CX-5,ICE,14,Aduana PY datos abiertos,NCM 8703 automóvil/turismo (default leve)
2026-09,Whole,leve,MERCEDES-BENZ,C 250,ICE,14,Aduana PY datos abiertos,NCM 8703 automóvil/turismo (default leve)
2026-09,Whole,leve,MERCEDES-BENZ,E300,ICE,14,Aduana PY datos abiertos,NCM 8703 automóvil/turismo (default leve)
2026-09,Whole,leve,MERCEDES-BENZ,GLC 300,ICE,14,Aduana PY datos abiertos,NCM 8703 automóvil/turismo (default leve)
2026-09,Whole,leve,MERCEDES-BENZ,SL500,ICE,14,Aduana PY datos abiertos,NCM 8703 automóvil/turismo (default leve)
2026-09,Whole,leve,NISSAN,370Z,ICE,14,Aduana PY datos abiertos,NCM 8703 automóvil/turismo (default leve)
2026-09,Whole,leve,NISSAN,MARCH,ICE,14,Aduana PY datos abiertos,NCM 8703 automóvil/turismo (default leve)
2026-09,Whole,leve,NISSAN,SKYLINE,ICE,14,Aduana PY datos abiertos,NCM 8703 automóvil/turismo (default leve)
2026-09,Whole,leve,SOUEAST,S S07 LITE 1,ICE,14,Aduana PY datos abiertos,NCM 8703 automóvil/turismo (default leve)
2026-09,Whole,leve,SUBARU,IMPREZA WRX,ICE,14,Aduana PY datos abiertos,NCM 8703 automóvil/turismo (default leve)
2026-09,Whole,leve,SUBARU,WRX S4,ICE,14,Aduana PY datos abiertos,NCM 8703 automóvil/turismo (default leve)
2026-09,Whole,leve,SUBARU,WRX STI,ICE,14,Aduana PY datos abiertos,NCM 8703 automóvil/turismo (default leve)
2026-09,Whole,leve,SUZUKI,(sin modelo),ICE,14,Aduana PY datos abiertos,NCM 8703 automóvil/turismo (default leve)
2026-09,Whole,leve,TESLA,(sin modelo),BEV,14,Aduana PY datos abiertos,NCM 8703 automóvil/turismo (default leve)
2026-09,Whole,leve,TOYOTA,ALLION NAFTERO,ICE,14,Aduana PY datos abiertos,NCM 8703 automóvil/turismo (default leve)
2026-09,Whole,leve,TOYOTA,GRANVIA,ICE,14,Aduana PY datos abiertos,NCM 8703 automóvil/turismo (default leve)
2026-09,Whole,leve,TOYOTA,GT86,ICE,14,Aduana PY datos abiertos,NCM 8703 automóvil/turismo (default leve)
2026-09,Whole,leve,TOYOTA,HIACE SUPER GL,ICE,14,Aduana PY datos abiertos,passenger van/minibus (Hiace/Staria/…) counts as leve
2026-09,Whole,leve,TOYOTA,NOAH,HEV,14,Aduana PY datos abiertos,passenger van/minibus (Hiace/Staria/…) counts as leve
2026-09,Whole,leve,TOYOTA,SCION XA,ICE,14,Aduana PY datos abiertos,NCM 8703 automóvil/turismo (default leve)
2026-09,Whole,leve,TOYOTA,TOURING HIACE,ICE,14,Aduana PY datos abiertos,passenger van/minibus (Hiace/Staria/…) counts as leve
2026-09,Whole,leve,HONDA,CR-V,HEV,13,Aduana PY datos abiertos,NCM 8703 automóvil/turismo (default leve)
2026-09,Whole,leve,VOLVO,XC60,PHEV,13,Aduana PY datos abiertos,NCM 8703 automóvil/turismo (default leve)
2026-09,Whole,leve,BMW,X5 XDRIVE50E,PHEV,12,Aduana PY datos abiertos,NCM 8703 automóvil/turismo (default leve)
2026-09,Whole,leve,CHANGAN,DEEPAL S07,PHEV,12,Aduana PY datos abiertos,NCM 8703 automóvil/turismo (default leve)
2026-09,Whole,leve,CHEVROLET,ONIX ACTIV HATCHBACK FLEX AT TURBO,ICE,12,Aduana PY datos abiertos,NCM 8703 automóvil/turismo (default leve)
2026-09,Whole,leve,FIAT,MOBI LIKE 1,ICE,12,Aduana PY datos abiertos,NCM 8703 automóvil/turismo (default leve)
2026-09,Whole,leve,GEELY,CITYRAY GF NAFT,ICE,12,Aduana PY datos abiertos,NCM 8703 automóvil/turismo (default leve)
2026-09,Whole,leve,GEELY,COOLRAY GK NAFT,ICE,12,Aduana PY datos abiertos,NCM 8703 automóvil/turismo (default leve)
2026-09,Whole,leve,GEELY,EX2,BEV,12,Aduana PY datos abiertos,NCM 8703 automóvil/turismo (default leve)
2026-09,Whole,leve,GEELY,EX5,PHEV,12,Aduana PY datos abiertos,NCM 8703 automóvil/turismo (default leve)
2026-09,Whole,leve,OMODA,OMODA E5,BEV,12,Aduana PY datos abiertos,NCM 8703 automóvil/turismo (default leve)
2026-09,Whole,leve,TOYOTA,4RUNNER,HEV,12,Aduana PY datos abiertos,NCM 8703 automóvil/turismo (default leve)
2026-09,Whole,recreativo,BARMON,LT-A827,ICE,12,Aduana PY datos abiertos,NCM 8703.10
2026-09,Whole,leve,FORD,BRONCO BADLANDS 2,ICE,11,Aduana PY datos abiertos,NCM 8703 automóvil/turismo (default leve)
2026-09,Whole,leve,HONDA,ZR-V,HEV,11,Aduana PY datos abiertos,NCM 8703 automóvil/turismo (default leve)
2026-09,Whole,leve,MG,HS,PHEV,11,Aduana PY datos abiertos,NCM 8703 automóvil/turismo (default leve)
2026-09,Whole,leve,HYUNDAI,NEW HB20 SENSE,ICE,10,Aduana PY datos abiertos,NCM 8703 automóvil/turismo (default leve)
2026-09,Whole,leve,HYUNDAI,NEW HB20S SENSE,ICE,10,Aduana PY datos abiertos,NCM 8703 automóvil/turismo (default leve)
2026-09,Whole,leve,HYUNDAI,NEW SANTA FE,HEV,10,Aduana PY datos abiertos,NCM 8703 automóvil/turismo (default leve)
2026-09,Whole,leve,HYUNDAI,STARIA P/11 PASAJEROS,HEV,10,Aduana PY datos abiertos,passenger van/minibus (Hiace/Staria/…) counts as leve
2026-09,Whole,recreativo,CLUB CAR,(sin modelo),ICE,10,Aduana PY datos abiertos,NCM 8703.10
2026-09,Whole,leve,BMW,X1 SDRIVE18I,ICE,9,Aduana PY datos abiertos,NCM 8703 automóvil/turismo (default leve)
2026-09,Whole,leve,CHANGAN,NEW CS75 PLUS,ICE,9,Aduana PY datos abiertos,NCM 8703 automóvil/turismo (default leve)
2026-09,Whole,leve,GEELY,COOLRAY LITE GS,ICE,9,Aduana PY datos abiertos,NCM 8703 automóvil/turismo (default leve)
2026-09,Whole,leve,NISSAN,NEW KICKS 220T EXCLUSIVE 6 DCT - FLEX FLEX,ICE,9,Aduana PY datos abiertos,NCM 8703 automóvil/turismo (default leve)
2026-09,Whole,leve,TOYOTA,4RUNNER,ICE,9,Aduana PY datos abiertos,NCM 8703 automóvil/turismo (default leve)
2026-09,Whole,leve,TOYOTA,LAND CRUISER,ICE,9,Aduana PY datos abiertos,NCM 8703 automóvil/turismo (default leve)
2026-09,Whole,recreativo,KAYO,(sin modelo),ICE,9,Aduana PY datos abiertos,keyword ATV/UTV/carrito golf/snow
2026-09,Whole,leve,CHANGAN,UNI-T ELITE,ICE,8,Aduana PY datos abiertos,NCM 8703 automóvil/turismo (default leve)
2026-09,Whole,leve,CHEVROLET,SONIC PREMIER 1,ICE,8,Aduana PY datos abiertos,NCM 8703 automóvil/turismo (default leve)
2026-09,Whole,leve,CHEVROLET,SPARK EV,BEV,8,Aduana PY datos abiertos,NCM 8703 automóvil/turismo (default leve)
2026-09,Whole,leve,CHEVROLET,TRACKER LITE FLEX AT TURBO,ICE,8,Aduana PY datos abiertos,NCM 8703 automóvil/turismo (default leve)
2026-09,Whole,leve,CHEVROLET,TRACKER LTZ FLEX AT TURBO,ICE,8,Aduana PY datos abiertos,NCM 8703 automóvil/turismo (default leve)
2026-09,Whole,leve,FIAT,ARGO DRIVE 1,ICE,8,Aduana PY datos abiertos,NCM 8703 automóvil/turismo (default leve)
2026-09,Whole,leve,JETOUR,T1 PHEV,PHEV,8,Aduana PY datos abiertos,NCM 8703 automóvil/turismo (default leve)
2026-09,Whole,leve,KIA,CARENS,ICE,8,Aduana PY datos abiertos,NCM 8703 automóvil/turismo (default leve)
2026-09,Whole,leve,LYNK CO,08,PHEV,8,Aduana PY datos abiertos,NCM 8703 automóvil/turismo (default leve)
2026-09,Whole,leve,TOYOTA,LAND CRUISER PRADO,HEV,8,Aduana PY datos abiertos,NCM 8703 automóvil/turismo (default leve)
2026-09,Whole,leve,VOLVO,XC90,PHEV,8,Aduana PY datos abiertos,NCM 8703 automóvil/turismo (default leve)
2026-09,Whole,leve,ASTON MARTIN,RAPIDE,ICE,7,Aduana PY datos abiertos,NCM 8703 automóvil/turismo (default leve)
2026-09,Whole,leve,AUDI,A3,ICE,7,Aduana PY datos abiertos,NCM 8703 automóvil/turismo (default leve)
2026-09,Whole,leve,AUDI,A6 TDI,ICE,7,Aduana PY datos abiertos,NCM 8703 automóvil/turismo (default leve)
2026-09,Whole,leve,AUDI,Q7,ICE,7,Aduana PY datos abiertos,NCM 8703 automóvil/turismo (default leve)
2026-09,Whole,leve,BMW,128I,ICE,7,Aduana PY datos abiertos,NCM 8703 automóvil/turismo (default leve)
2026-09,Whole,leve,BMW,218 GRAN COUPE,ICE,7,Aduana PY datos abiertos,NCM 8703 automóvil/turismo (default leve)
2026-09,Whole,leve,BMW,325I,ICE,7,Aduana PY datos abiertos,NCM 8703 automóvil/turismo (default leve)
2026-09,Whole,leve,BMW,328I,ICE,7,Aduana PY datos abiertos,NCM 8703 automóvil/turismo (default leve)
2026-09,Whole,leve,BMW,330I,ICE,7,Aduana PY datos abiertos,NCM 8703 automóvil/turismo (default leve)
2026-09,Whole,leve,BMW,420D,ICE,7,Aduana PY datos abiertos,NCM 8703 automóvil/turismo (default leve)
2026-09,Whole,leve,BMW,428I,ICE,7,Aduana PY datos abiertos,NCM 8703 automóvil/turismo (default leve)
2026-09,Whole,leve,BMW,520D,ICE,7,Aduana PY datos abiertos,NCM 8703 automóvil/turismo (default leve)
2026-09,Whole,leve,BMW,520D GT,ICE,7,Aduana PY datos abiertos,NCM 8703 automóvil/turismo (default leve)
2026-09,Whole,leve,BMW,M2,ICE,7,Aduana PY datos abiertos,NCM 8703 automóvil/turismo (default leve)
2026-09,Whole,leve,BMW,M3,ICE,7,Aduana PY datos abiertos,NCM 8703 automóvil/turismo (default leve)
2026-09,Whole,leve,BMW,M340I,ICE,7,Aduana PY datos abiertos,NCM 8703 automóvil/turismo (default leve)
2026-09,Whole,leve,BMW,M5 A/O,ICE,7,Aduana PY datos abiertos,NCM 8703 automóvil/turismo (default leve)
2026-09,Whole,leve,BMW,X3 20,ICE,7,Aduana PY datos abiertos,NCM 8703 automóvil/turismo (default leve)
2026-09,Whole,leve,BMW,X4,ICE,7,Aduana PY datos abiertos,NCM 8703 automóvil/turismo (default leve)
2026-09,Whole,leve,BMW,X4 M40IX,ICE,7,Aduana PY datos abiertos,NCM 8703 automóvil/turismo (default leve)
2026-09,Whole,leve,BMW,X4 XDRIVE20D,ICE,7,Aduana PY datos abiertos,NCM 8703 automóvil/turismo (default leve)
2026-09,Whole,leve,BMW,X5,ICE,7,Aduana PY datos abiertos,NCM 8703 automóvil/turismo (default leve)
2026-09,Whole,leve,BMW,X6 M50D,ICE,7,Aduana PY datos abiertos,NCM 8703 automóvil/turismo (default leve)
2026-09,Whole,leve,CADILLAC,PROFESIONAL,ICE,7,Aduana PY datos abiertos,NCM 8703 automóvil/turismo (default leve)
2026-09,Whole,leve,CHEVROLET,CORVETTE,ICE,7,Aduana PY datos abiertos,NCM 8703 automóvil/turismo (default leve)
2026-09,Whole,leve,CHEVROLET,CRUZE,ICE,7,Aduana PY datos abiertos,NCM 8703 automóvil/turismo (default leve)
2026-09,Whole,leve,DAIHATSU,COPEN,ICE,7,Aduana PY datos abiertos,NCM 8703 automóvil/turismo (default leve)
2026-09,Whole,leve,DAIHATSU,MOVE CUSTOM,ICE,7,Aduana PY datos abiertos,NCM 8703 automóvil/turismo (default leve)
2026-09,Whole,leve,DODGE,CHALLENGER A/O,ICE,7,Aduana PY datos abiertos,NCM 8703 automóvil/turismo (default leve)
2026-09,Whole,leve,DODGE,CHALLENGER R/T,ICE,7,Aduana PY datos abiertos,NCM 8703 automóvil/turismo (default leve)
2026-09,Whole,leve,DODGE,DURANGO CITADEL,ICE,7,Aduana PY datos abiertos,NCM 8703 automóvil/turismo (default leve)
2026-09,Whole,leve,FIAT,500,ICE,7,Aduana PY datos abiertos,NCM 8703 automóvil/turismo (default leve)
2026-09,Whole,leve,FORD,BRONCO,ICE,7,Aduana PY datos abiertos,NCM 8703 automóvil/turismo (default leve)
2026-09,Whole,leve,FORD,BRONCO SPORT 2,ICE,7,Aduana PY datos abiertos,NCM 8703 automóvil/turismo (default leve)
2026-09,Whole,leve,FORD,MUSTANG ECOBOOST,ICE,7,Aduana PY datos abiertos,NCM 8703 automóvil/turismo (default leve)
2026-09,Whole,leve,FORD,THUNDERBIRD,ICE,7,Aduana PY datos abiertos,NCM 8703 automóvil/turismo (default leve)
2026-09,Whole,leve,FORD,TRANSIT CONNECT,ICE,7,Aduana PY datos abiertos,passenger van/minibus (Hiace/Staria/…) counts as leve
2026-09,Whole,leve,GENESIS,(sin modelo),ICE,7,Aduana PY datos abiertos,NCM 8703 automóvil/turismo (default leve)
2026-09,Whole,leve,GMC,HUMMER EV,BEV,7,Aduana PY datos abiertos,NCM 8703 automóvil/turismo (default leve)
2026-09,Whole,leve,HONDA,INTEGRA DC5,ICE,7,Aduana PY datos abiertos,NCM 8703 automóvil/turismo (default leve)
2026-09,Whole,leve,HONDA,RANCHER,ICE,7,Aduana PY datos abiertos,NCM 8703 automóvil/turismo (default leve)
2026-09,Whole,leve,HONDA,TRX420FM1,ICE,7,Aduana PY datos abiertos,NCM 8703 automóvil/turismo (default leve)
2026-09,Whole,leve,HUMMER,AM GENERAL M998,ICE,7,Aduana PY datos abiertos,NCM 8703 automóvil/turismo (default leve)
2026-09,Whole,leve,HYUNDAI,PALISADE,ICE,7,Aduana PY datos abiertos,NCM 8703 automóvil/turismo (default leve)
2026-09,Whole,leve,HYUNDAI,SONATA,ICE,7,Aduana PY datos abiertos,NCM 8703 automóvil/turismo (default leve)
2026-09,Whole,leve,JEEP,(sin modelo),ICE,7,Aduana PY datos abiertos,NCM 8703 automóvil/turismo (default leve)
2026-09,Whole,leve,JEEP,ELO,ICE,7,Aduana PY datos abiertos,NCM 8703 automóvil/turismo (default leve)
2026-09,Whole,leve,JEEP,RENEGADE LONGITUDE,ICE,7,Aduana PY datos abiertos,NCM 8703 automóvil/turismo (default leve)
2026-09,Whole,leve,JEEP,WILLYS CJ2,ICE,7,Aduana PY datos abiertos,NCM 8703 automóvil/turismo (default leve)
2026-09,Whole,leve,JEEP,WRANGLER,ICE,7,Aduana PY datos abiertos,NCM 8703 automóvil/turismo (default leve)
2026-09,Whole,leve,JEEP,WRANGLER RUBICON,ICE,7,Aduana PY datos abiertos,NCM 8703 automóvil/turismo (default leve)
2026-09,Whole,leve,JEEP,WRANGLER SAHARA,ICE,7,Aduana PY datos abiertos,NCM 8703 automóvil/turismo (default leve)
2026-09,Whole,leve,JEEP,WRANGLER UNLIMITED RUBICON,PHEV,7,Aduana PY datos abiertos,NCM 8703 automóvil/turismo (default leve)
2026-09,Whole,leve,JEEP,WRANGLER UNLIMITED SPORT,ICE,7,Aduana PY datos abiertos,NCM 8703 automóvil/turismo (default leve)
2026-09,Whole,leve,KIA,K5,HEV,7,Aduana PY datos abiertos,NCM 8703 automóvil/turismo (default leve)
2026-09,Whole,leve,KIA,K5 PLATEADO,ICE,7,Aduana PY datos abiertos,NCM 8703 automóvil/turismo (default leve)
2026-09,Whole,leve,KIA,PRIDE,ICE,7,Aduana PY datos abiertos,NCM 8703 automóvil/turismo (default leve)
2026-09,Whole,leve,KIA,SANTA FE,ICE,7,Aduana PY datos abiertos,NCM 8703 automóvil/turismo (default leve)
2026-09,Whole,leve,KIA,STONIC,ICE,7,Aduana PY datos abiertos,NCM 8703 automóvil/turismo (default leve)
2026-09,Whole,leve,MAZDA,CX-3,ICE,7,Aduana PY datos abiertos,NCM 8703 automóvil/turismo (default leve)
2026-09,Whole,leve,MERCEDES-BENZ,A35 AMG,ICE,7,Aduana PY datos abiertos,NCM 8703 automóvil/turismo (default leve)
2026-09,Whole,leve,MERCEDES-BENZ,A45 AMG,ICE,7,Aduana PY datos abiertos,NCM 8703 automóvil/turismo (default leve)
2026-09,Whole,leve,MERCEDES-BENZ,B200 CDI,ICE,7,Aduana PY datos abiertos,NCM 8703 automóvil/turismo (default leve)
2026-09,Whole,leve,MERCEDES-BENZ,C200CGI,ICE,7,Aduana PY datos abiertos,NCM 8703 automóvil/turismo (default leve)
2026-09,Whole,leve,MERCEDES-BENZ,C220 CDI,ICE,7,Aduana PY datos abiertos,NCM 8703 automóvil/turismo (default leve)
2026-09,Whole,leve,MERCEDES-BENZ,C220D,ICE,7,Aduana PY datos abiertos,NCM 8703 automóvil/turismo (default leve)
2026-09,Whole,leve,MERCEDES-BENZ,C250 A/O,ICE,7,Aduana PY datos abiertos,NCM 8703 automóvil/turismo (default leve)
2026-09,Whole,leve,MERCEDES-BENZ,C43,ICE,7,Aduana PY datos abiertos,NCM 8703 automóvil/turismo (default leve)
2026-09,Whole,leve,MERCEDES-BENZ,CLA250,ICE,7,Aduana PY datos abiertos,NCM 8703 automóvil/turismo (default leve)
2026-09,Whole,leve,MERCEDES-BENZ,CLK 350,ICE,7,Aduana PY datos abiertos,NCM 8703 automóvil/turismo (default leve)
2026-09,Whole,leve,MERCEDES-BENZ,CLS63 AMG 4MATIC,ICE,7,Aduana PY datos abiertos,NCM 8703 automóvil/turismo (default leve)
2026-09,Whole,leve,MERCEDES-BENZ,E 350,ICE,7,Aduana PY datos abiertos,NCM 8703 automóvil/turismo (default leve)
2026-09,Whole,leve,MERCEDES-BENZ,E 350 BLUETEC,ICE,7,Aduana PY datos abiertos,NCM 8703 automóvil/turismo (default leve)
2026-09,Whole,leve,MERCEDES-BENZ,E200 CABRIOLET,ICE,7,Aduana PY datos abiertos,NCM 8703 automóvil/turismo (default leve)
2026-09,Whole,leve,MERCEDES-BENZ,E220 CDI,ICE,7,Aduana PY datos abiertos,NCM 8703 automóvil/turismo (default leve)
2026-09,Whole,leve,MERCEDES-BENZ,E220D,ICE,7,Aduana PY datos abiertos,NCM 8703 automóvil/turismo (default leve)
2026-09,Whole,leve,MERCEDES-BENZ,E220D A/O,ICE,7,Aduana PY datos abiertos,NCM 8703 automóvil/turismo (default leve)
2026-09,Whole,leve,MERCEDES-BENZ,E320 CABRIOLET,ICE,7,Aduana PY datos abiertos,NCM 8703 automóvil/turismo (default leve)
2026-09,Whole,leve,MERCEDES-BENZ,E350 BLUETEC A/O,ICE,7,Aduana PY datos abiertos,NCM 8703 automóvil/turismo (default leve)
2026-09,Whole,leve,MERCEDES-BENZ,ELO,ICE,7,Aduana PY datos abiertos,NCM 8703 automóvil/turismo (default leve)
2026-09,Whole,leve,MERCEDES-BENZ,GLE 350D,ICE,7,Aduana PY datos abiertos,NCM 8703 automóvil/turismo (default leve)
2026-09,Whole,leve,MERCEDES-BENZ,GLE 450,ICE,7,Aduana PY datos abiertos,NCM 8703 automóvil/turismo (default leve)
2026-09,Whole,leve,MERCEDES-BENZ,ML280 CDI,ICE,7,Aduana PY datos abiertos,NCM 8703 automóvil/turismo (default leve)
2026-09,Whole,leve,MERCEDES-BENZ,ML350,ICE,7,Aduana PY datos abiertos,NCM 8703 automóvil/turismo (default leve)
2026-09,Whole,leve,MERCEDES-BENZ,S 55,ICE,7,Aduana PY datos abiertos,NCM 8703 automóvil/turismo (default leve)
2026-09,Whole,leve,MERCEDES-BENZ,S550,ICE,7,Aduana PY datos abiertos,NCM 8703 automóvil/turismo (default leve)
2026-09,Whole,leve,MERCEDES-BENZ,SLK350,ICE,7,Aduana PY datos abiertos,NCM 8703 automóvil/turismo (default leve)
2026-09,Whole,leve,MG,S5 EV COM,BEV,7,Aduana PY datos abiertos,NCM 8703 automóvil/turismo (default leve)
2026-09,Whole,leve,MINI,(sin modelo),BEV,7,Aduana PY datos abiertos,NCM 8703 automóvil/turismo (default leve)
2026-09,Whole,leve,MINI,COOPER D PACEMAN,ICE,7,Aduana PY datos abiertos,NCM 8703 automóvil/turismo (default leve)
2026-09,Whole,leve,MITSUBISHI,(sin modelo),ICE,7,Aduana PY datos abiertos,NCM 8703 automóvil/turismo (default leve)
2026-09,Whole,leve,MITSUBISHI,DELICA,ICE,7,Aduana PY datos abiertos,NCM 8703 automóvil/turismo (default leve)
2026-09,Whole,leve,MITSUBISHI,LANCER,ICE,7,Aduana PY datos abiertos,NCM 8703 automóvil/turismo (default leve)
2026-09,Whole,leve,MITSUBISHI,LANCER EVOLUTION VII,ICE,7,Aduana PY datos abiertos,NCM 8703 automóvil/turismo (default leve)
2026-09,Whole,leve,MITSUBISHI,MONTERO SPORT GLS 2WD 2,ICE,7,Aduana PY datos abiertos,NCM 8703 automóvil/turismo (default leve)
2026-09,Whole,leve,MITSUBISHI,MONTERO SPORT GLS 4WD 2,ICE,7,Aduana PY datos abiertos,NCM 8703 automóvil/turismo (default leve)
2026-09,Whole,leve,MITSUBISHI,PAJERO,ICE,7,Aduana PY datos abiertos,NCM 8703 automóvil/turismo (default leve)
2026-09,Whole,leve,NISSAN,ELO,ICE,7,Aduana PY datos abiertos,NCM 8703 automóvil/turismo (default leve)
2026-09,Whole,leve,NISSAN,FAIRLADY,ICE,7,Aduana PY datos abiertos,NCM 8703 automóvil/turismo (default leve)
2026-09,Whole,leve,NISSAN,NOTE NISMO,ICE,7,Aduana PY datos abiertos,NCM 8703 automóvil/turismo (default leve)
2026-09,Whole,leve,NISSAN,QASHQAI ADVANCE,ICE,7,Aduana PY datos abiertos,NCM 8703 automóvil/turismo (default leve)
2026-09,Whole,leve,NISSAN,SKYLINE 350GT,ICE,7,Aduana PY datos abiertos,NCM 8703 automóvil/turismo (default leve)
2026-09,Whole,leve,NISSAN,VERSA,ICE,7,Aduana PY datos abiertos,NCM 8703 automóvil/turismo (default leve)
2026-09,Whole,leve,NISSAN,X TRAIL,ICE,7,Aduana PY datos abiertos,NCM 8703 automóvil/turismo (default leve)
2026-09,Whole,leve,OLDSMOBILE,TORONADO,ICE,7,Aduana PY datos abiertos,NCM 8703 automóvil/turismo (default leve)
2026-09,Whole,leve,PEUGEOT,208 GTI,ICE,7,Aduana PY datos abiertos,NCM 8703 automóvil/turismo (default leve)
2026-09,Whole,leve,PORSCHE,718 CAYMAN GTS,ICE,7,Aduana PY datos abiertos,NCM 8703 automóvil/turismo (default leve)
2026-09,Whole,leve,PORSCHE,911,ICE,7,Aduana PY datos abiertos,NCM 8703 automóvil/turismo (default leve)
2026-09,Whole,leve,PORSCHE,911 CARRERA,ICE,7,Aduana PY datos abiertos,NCM 8703 automóvil/turismo (default leve)
2026-09,Whole,leve,PORSCHE,911 TARGA 4,ICE,7,Aduana PY datos abiertos,NCM 8703 automóvil/turismo (default leve)
2026-09,Whole,leve,PORSCHE,MACAN S,ICE,7,Aduana PY datos abiertos,NCM 8703 automóvil/turismo (default leve)
2026-09,Whole,leve,RANGE ROVER,EVOQUE D200,ICE,7,Aduana PY datos abiertos,NCM 8703 automóvil/turismo (default leve)
2026-09,Whole,leve,RENAULT,LAGUNA,ICE,7,Aduana PY datos abiertos,NCM 8703 automóvil/turismo (default leve)
2026-09,Whole,leve,RENAULT,LUTECIA,ICE,7,Aduana PY datos abiertos,NCM 8703 automóvil/turismo (default leve)
2026-09,Whole,leve,SCION,FR-S,ICE,7,Aduana PY datos abiertos,NCM 8703 automóvil/turismo (default leve)
2026-09,Whole,leve,SSANGYONG,(sin modelo),ICE,7,Aduana PY datos abiertos,NCM 8703 automóvil/turismo (default leve)
2026-09,Whole,leve,SSANGYONG,KORANDO,ICE,7,Aduana PY datos abiertos,NCM 8703 automóvil/turismo (default leve)
2026-09,Whole,leve,SUBARU,BRZ,ICE,7,Aduana PY datos abiertos,NCM 8703 automóvil/turismo (default leve)
2026-09,Whole,leve,SUBARU,BRZ A/O,ICE,7,Aduana PY datos abiertos,NCM 8703 automóvil/turismo (default leve)
2026-09,Whole,leve,SUBARU,FORESTER,ICE,7,Aduana PY datos abiertos,NCM 8703 automóvil/turismo (default leve)
2026-09,Whole,leve,SUBARU,IMPREZA ANESIS,ICE,7,Aduana PY datos abiertos,NCM 8703 automóvil/turismo (default leve)
2026-09,Whole,leve,SUBARU,IMPREZA WRX S4,ICE,7,Aduana PY datos abiertos,NCM 8703 automóvil/turismo (default leve)
2026-09,Whole,leve,SUBARU,STELLA,ICE,7,Aduana PY datos abiertos,NCM 8703 automóvil/turismo (default leve)
2026-09,Whole,leve,SUZUKI,JIMNY,ICE,7,Aduana PY datos abiertos,NCM 8703 automóvil/turismo (default leve)
2026-09,Whole,leve,TOYOTA,2024,ICE,7,Aduana PY datos abiertos,NCM 8703 automóvil/turismo (default leve)
2026-09,Whole,leve,TOYOTA,ALLIION,ICE,7,Aduana PY datos abiertos,NCM 8703 automóvil/turismo (default leve)
2026-09,Whole,leve,TOYOTA,ALPHARD,ICE,7,Aduana PY datos abiertos,passenger van/minibus (Hiace/Staria/…) counts as leve
2026-09,Whole,leve,TOYOTA,BZ3X,BEV,7,Aduana PY datos abiertos,NCM 8703 automóvil/turismo (default leve)
2026-09,Whole,leve,TOYOTA,CAMRY,HEV,7,Aduana PY datos abiertos,NCM 8703 automóvil/turismo (default leve)
2026-09,Whole,leve,TOYOTA,CARINA,ICE,7,Aduana PY datos abiertos,NCM 8703 automóvil/turismo (default leve)
2026-09,Whole,leve,TOYOTA,CELICA,ICE,7,Aduana PY datos abiertos,NCM 8703 automóvil/turismo (default leve)
2026-09,Whole,leve,TOYOTA,CENTURY,ICE,7,Aduana PY datos abiertos,NCM 8703 automóvil/turismo (default leve)
2026-09,Whole,leve,TOYOTA,COROLLA AXIO,HEV,7,Aduana PY datos abiertos,NCM 8703 automóvil/turismo (default leve)
2026-09,Whole,leve,TOYOTA,COROLLA CROSS,ICE,7,Aduana PY datos abiertos,NCM 8703 automóvil/turismo (default leve)
2026-09,Whole,leve,TOYOTA,CROWN ATHLETE S I-FOUR,ICE,7,Aduana PY datos abiertos,NCM 8703 automóvil/turismo (default leve)
2026-09,Whole,leve,TOYOTA,ELO,ICE,7,Aduana PY datos abiertos,NCM 8703 automóvil/turismo (default leve)
2026-09,Whole,leve,TOYOTA,ESQUIRE,ICE,7,Aduana PY datos abiertos,NCM 8703 automóvil/turismo (default leve)
2026-09,Whole,leve,TOYOTA,FJ CRUISER,ICE,7,Aduana PY datos abiertos,NCM 8703 automóvil/turismo (default leve)
2026-09,Whole,leve,TOYOTA,FUNCARCO,ICE,7,Aduana PY datos abiertos,NCM 8703 automóvil/turismo (default leve)
2026-09,Whole,leve,TOYOTA,HIACE GRAND CABIN G,ICE,7,Aduana PY datos abiertos,passenger van/minibus (Hiace/Staria/…) counts as leve
2026-09,Whole,leve,TOYOTA,HILIX SURF,ICE,7,Aduana PY datos abiertos,NCM 8703 automóvil/turismo (default leve)
2026-09,Whole,leve,TOYOTA,ISIS PLATANA,ICE,7,Aduana PY datos abiertos,NCM 8703 automóvil/turismo (default leve)
2026-09,Whole,leve,TOYOTA,LEVIN,ICE,7,Aduana PY datos abiertos,NCM 8703 automóvil/turismo (default leve)
2026-09,Whole,leve,TOYOTA,LITEACE,ICE,7,Aduana PY datos abiertos,NCM 8703 automóvil/turismo (default leve)
2026-09,Whole,leve,TOYOTA,RAIZE,ICE,7,Aduana PY datos abiertos,NCM 8703 automóvil/turismo (default leve)
2026-09,Whole,leve,TOYOTA,RAV4,ICE,7,Aduana PY datos abiertos,NCM 8703 automóvil/turismo (default leve)
2026-09,Whole,leve,TOYOTA,REGIUSACE,ICE,7,Aduana PY datos abiertos,NCM 8703 automóvil/turismo (default leve)
2026-09,Whole,leve,TOYOTA,RUNX,ICE,7,Aduana PY datos abiertos,NCM 8703 automóvil/turismo (default leve)
2026-09,Whole,leve,TOYOTA,SIENTAS,ICE,7,Aduana PY datos abiertos,NCM 8703 automóvil/turismo (default leve)
2026-09,Whole,leve,TOYOTA,SPORTAGE,ICE,7,Aduana PY datos abiertos,NCM 8703 automóvil/turismo (default leve)
2026-09,Whole,leve,TOYOTA,TOWNACE,ICE,7,Aduana PY datos abiertos,NCM 8703 automóvil/turismo (default leve)
2026-09,Whole,leve,TOYOTA,VELLFIRE,ICE,7,Aduana PY datos abiertos,passenger van/minibus (Hiace/Staria/…) counts as leve
2026-09,Whole,leve,TOYOTA,VERSO A/O,ICE,7,Aduana PY datos abiertos,NCM 8703 automóvil/turismo (default leve)
2026-09,Whole,leve,VOLKSWAGEN,GOLF 2,ICE,7,Aduana PY datos abiertos,NCM 8703 automóvil/turismo (default leve)
2026-09,Whole,leve,VOLKSWAGEN,PASSAT,ICE,7,Aduana PY datos abiertos,NCM 8703 automóvil/turismo (default leve)
2026-09,Whole,leve,VOLKSWAGEN,TIGUAN,ICE,7,Aduana PY datos abiertos,NCM 8703 automóvil/turismo (default leve)
2026-09,Whole,recreativo,CLUB CAR,PRO0995,ICE,7,Aduana PY datos abiertos,NCM 8703.10
2026-09,Whole,recreativo,FIAT,DUCATO LMC LIBERTY,ICE,7,Aduana PY datos abiertos,NCM 8703.10
2026-09,Whole,leve,CHERY,(sin modelo),PHEV,6,Aduana PY datos abiertos,NCM 8703 automóvil/turismo (default leve)
2026-09,Whole,leve,CHERY,T7 PRO 1,PHEV,6,Aduana PY datos abiertos,NCM 8703 automóvil/turismo (default leve)
2026-09,Whole,leve,CHEVROLET,CAPTIVA EV,BEV,6,Aduana PY datos abiertos,NCM 8703 automóvil/turismo (default leve)
2026-09,Whole,leve,CHEVROLET,CAPTIVA PREMIER EV AT,BEV,6,Aduana PY datos abiertos,NCM 8703 automóvil/turismo (default leve)
2026-09,Whole,leve,CHEVROLET,ONIX LT HATCHBACK FLEX MT,ICE,6,Aduana PY datos abiertos,NCM 8703 automóvil/turismo (default leve)
2026-09,Whole,leve,CHEVROLET,SONIC PREMIER FLEX AT TURBO,ICE,6,Aduana PY datos abiertos,NCM 8703 automóvil/turismo (default leve)
2026-09,Whole,leve,CHEVROLET,TRACKER LITE 1,ICE,6,Aduana PY datos abiertos,NCM 8703 automóvil/turismo (default leve)
2026-09,Whole,leve,FORD,EXPLORER PLATINUM 2,ICE,6,Aduana PY datos abiertos,NCM 8703 automóvil/turismo (default leve)
2026-09,Whole,leve,GEELY,COOLRAY GK,ICE,6,Aduana PY datos abiertos,NCM 8703 automóvil/turismo (default leve)
2026-09,Whole,leve,JETOUR,G700 PHEV,PHEV,6,Aduana PY datos abiertos,NCM 8703 automóvil/turismo (default leve)
2026-09,Whole,leve,NISSAN,X-TERRA PREMIUM,ICE,6,Aduana PY datos abiertos,NCM 8703 automóvil/turismo (default leve)
2026-09,Whole,leve,CHANGAN,NEW CS15 DCT,ICE,5,Aduana PY datos abiertos,NCM 8703 automóvil/turismo (default leve)
2026-09,Whole,leve,CHERY,T8 PRO 1,PHEV,5,Aduana PY datos abiertos,NCM 8703 automóvil/turismo (default leve)
2026-09,Whole,leve,HYUNDAI,NEW KONA,HEV,5,Aduana PY datos abiertos,NCM 8703 automóvil/turismo (default leve)
2026-09,Whole,leve,JEEP,GRAND CHEROKEE LIMITED,ICE,5,Aduana PY datos abiertos,NCM 8703 automóvil/turismo (default leve)
2026-09,Whole,leve,LEAPMOTOR,C10 REEV,PHEV,5,Aduana PY datos abiertos,NCM 8703 automóvil/turismo (default leve)
2026-09,Whole,leve,LEXUS,(sin modelo),HEV,5,Aduana PY datos abiertos,NCM 8703 automóvil/turismo (default leve)
2026-09,Whole,leve,LYNK CO,01,PHEV,5,Aduana PY datos abiertos,NCM 8703 automóvil/turismo (default leve)
2026-09,Whole,leve,MASERATI,GRECALE MODENA,OTHERS,5,Aduana PY datos abiertos,NCM 8703 automóvil/turismo (default leve)
2026-09,Whole,leve,MINI,(sin modelo),ICE,5,Aduana PY datos abiertos,NCM 8703 automóvil/turismo (default leve)
2026-09,Whole,recreativo,VENTURA,(sin modelo),ICE,5,Aduana PY datos abiertos,keyword ATV/UTV/carrito golf/snow
2026-09,Whole,leve,AUDI,Q2 1,ICE,4,Aduana PY datos abiertos,NCM 8703 automóvil/turismo (default leve)
2026-09,Whole,leve,AUDI,Q3 1,ICE,4,Aduana PY datos abiertos,NCM 8703 automóvil/turismo (default leve)
2026-09,Whole,leve,AUDI,Q5 2,ICE,4,Aduana PY datos abiertos,NCM 8703 automóvil/turismo (default leve)
2026-09,Whole,leve,BYD,QIN,PHEV,4,Aduana PY datos abiertos,NCM 8703 automóvil/turismo (default leve)
2026-09,Whole,leve,CHANGAN,UNI-K,ICE,4,Aduana PY datos abiertos,NCM 8703 automóvil/turismo (default leve)
2026-09,Whole,leve,CHEVROLET,SONIC RS FLEX AT TURBO,ICE,4,Aduana PY datos abiertos,NCM 8703 automóvil/turismo (default leve)
2026-09,Whole,leve,GEELY,COOLRAY GS NAFT,ICE,4,Aduana PY datos abiertos,NCM 8703 automóvil/turismo (default leve)
2026-09,Whole,leve,JAC,REFINE RF8,PHEV,4,Aduana PY datos abiertos,NCM 8703 automóvil/turismo (default leve)
2026-09,Whole,leve,NISSAN,QASHQAI ADVANCE PLUS,ICE,4,Aduana PY datos abiertos,NCM 8703 automóvil/turismo (default leve)
2026-09,Whole,leve,AVATR,07,PHEV,3,Aduana PY datos abiertos,NCM 8703 automóvil/turismo (default leve)
2026-09,Whole,leve,AVATR,11,BEV,3,Aduana PY datos abiertos,NCM 8703 automóvil/turismo (default leve)
2026-09,Whole,leve,BMW,X1 XDRIVE25E,PHEV,3,Aduana PY datos abiertos,NCM 8703 automóvil/turismo (default leve)
2026-09,Whole,leve,CADILLAC,(sin modelo),ICE,3,Aduana PY datos abiertos,NCM 8703 automóvil/turismo (default leve)
2026-09,Whole,leve,CHANGAN,M60 MINIBUS 11 PASAJEROS,ICE,3,Aduana PY datos abiertos,NCM 8703 automóvil/turismo (default leve)
2026-09,Whole,leve,CHANGAN,NEW CS15 MT,ICE,3,Aduana PY datos abiertos,NCM 8703 automóvil/turismo (default leve)
2026-09,Whole,leve,CHANGAN,NEW CS55 PLUS LUXURY,ICE,3,Aduana PY datos abiertos,NCM 8703 automóvil/turismo (default leve)
2026-09,Whole,leve,CHEVROLET,2027,ICE,3,Aduana PY datos abiertos,NCM 8703 automóvil/turismo (default leve)
2026-09,Whole,leve,CHEVROLET,TRACKER LTZ 1,ICE,3,Aduana PY datos abiertos,NCM 8703 automóvil/turismo (default leve)
2026-09,Whole,leve,GEELY,CITYRAY GK NAFT,ICE,3,Aduana PY datos abiertos,NCM 8703 automóvil/turismo (default leve)
2026-09,Whole,leve,KAIYI,KYX7,PHEV,3,Aduana PY datos abiertos,NCM 8703 automóvil/turismo (default leve)
2026-09,Whole,leve,KAIYI,KYX7 STD,ICE,3,Aduana PY datos abiertos,NCM 8703 automóvil/turismo (default leve)
2026-09,Whole,leve,MITSUBISHI,MONTERO SPORT GLS SAM 4WD 2,ICE,3,Aduana PY datos abiertos,NCM 8703 automóvil/turismo (default leve)
2026-09,Whole,leve,RENAULT,KOLEOS,HEV,3,Aduana PY datos abiertos,NCM 8703 automóvil/turismo (default leve)
2026-09,Whole,leve,AUDI,Q7 3,ICE,2,Aduana PY datos abiertos,NCM 8703 automóvil/turismo (default leve)
2026-09,Whole,leve,BMW,M4 COMPETITION M XDRIVE COUPE,ICE,2,Aduana PY datos abiertos,NCM 8703 automóvil/turismo (default leve)
2026-09,Whole,leve,BMW,X3 20D XDRIVE,ICE,2,Aduana PY datos abiertos,NCM 8703 automóvil/turismo (default leve)
2026-09,Whole,leve,BMW,X3 30E XDRIVE,PHEV,2,Aduana PY datos abiertos,NCM 8703 automóvil/turismo (default leve)
2026-09,Whole,leve,BMW,X6 XDRIVE40I M SPORT,ICE,2,Aduana PY datos abiertos,NCM 8703 automóvil/turismo (default leve)
2026-09,Whole,leve,BYD,YUAN UP,BEV,2,Aduana PY datos abiertos,NCM 8703 automóvil/turismo (default leve)
2026-09,Whole,leve,CHANGAN,DEEPAL G318,PHEV,2,Aduana PY datos abiertos,NCM 8703 automóvil/turismo (default leve)
2026-09,Whole,leve,CHANGAN,M60 MINIBUS 11 PAS,ICE,2,Aduana PY datos abiertos,NCM 8703 automóvil/turismo (default leve)
2026-09,Whole,leve,CHEVROLET,ONIX RS HATCHBACK FLEX AT TURBO,ICE,2,Aduana PY datos abiertos,NCM 8703 automóvil/turismo (default leve)
2026-09,Whole,leve,CHEVROLET,SONIC RS 1,ICE,2,Aduana PY datos abiertos,NCM 8703 automóvil/turismo (default leve)
2026-09,Whole,leve,FORD,TERRITORY 1,ICE,2,Aduana PY datos abiertos,NCM 8703 automóvil/turismo (default leve)
2026-09,Whole,leve,HYUNDAI,NEW PALISADE,HEV,2,Aduana PY datos abiertos,NCM 8703 automóvil/turismo (default leve)
2026-09,Whole,leve,JAC,JS4 1,ICE,2,Aduana PY datos abiertos,NCM 8703 automóvil/turismo (default leve)
2026-09,Whole,leve,JETOUR,T2,PHEV,2,Aduana PY datos abiertos,NCM 8703 automóvil/turismo (default leve)
2026-09,Whole,leve,KAIYI,(sin modelo),ICE,2,Aduana PY datos abiertos,NCM 8703 automóvil/turismo (default leve)
2026-09,Whole,leve,LAND ROVER,DEFENDER,ICE,2,Aduana PY datos abiertos,NCM 8703 automóvil/turismo (default leve)
2026-09,Whole,leve,LAND ROVER,RANGE ROVER 3,PHEV,2,Aduana PY datos abiertos,NCM 8703 automóvil/turismo (default leve)
2026-09,Whole,leve,LAND ROVER,RANGE ROVER EVOQUE 1,ICE,2,Aduana PY datos abiertos,NCM 8703 automóvil/turismo (default leve)
2026-09,Whole,leve,LEXUS,RX350H,HEV,2,Aduana PY datos abiertos,NCM 8703 automóvil/turismo (default leve)
2026-09,Whole,leve,MAXUS,(sin modelo),ICE,2,Aduana PY datos abiertos,NCM 8703 automóvil/turismo (default leve)
2026-09,Whole,leve,MERCEDES-BENZ,GLC300,ICE,2,Aduana PY datos abiertos,NCM 8703 automóvil/turismo (default leve)
2026-09,Whole,leve,MITSUBISHI,NEW OUTLANDER 2WD,ICE,2,Aduana PY datos abiertos,NCM 8703 automóvil/turismo (default leve)
2026-09,Whole,leve,PORSCHE,CAYENNE,PHEV,2,Aduana PY datos abiertos,NCM 8703 automóvil/turismo (default leve)
2026-09,Whole,leve,TOYOTA,LAND CRUISER,HEV,2,Aduana PY datos abiertos,NCM 8703 automóvil/turismo (default leve)
2026-09,Whole,leve,AUDI,Q8 3,ICE,1,Aduana PY datos abiertos,NCM 8703 automóvil/turismo (default leve)
2026-09,Whole,leve,AUDI,SQ5 3,ICE,1,Aduana PY datos abiertos,NCM 8703 automóvil/turismo (default leve)
2026-09,Whole,leve,BMW,(sin modelo),PHEV,1,Aduana PY datos abiertos,NCM 8703 automóvil/turismo (default leve)
2026-09,Whole,leve,BMW,BMW7000AHEV - NRO,BEV,1,Aduana PY datos abiertos,NCM 8703 automóvil/turismo (default leve)
2026-09,Whole,leve,BMW,IX1 EDRIVE20,BEV,1,Aduana PY datos abiertos,NCM 8703 automóvil/turismo (default leve)
2026-09,Whole,leve,BMW,IX2 XDRIVE30,BEV,1,Aduana PY datos abiertos,NCM 8703 automóvil/turismo (default leve)
2026-09,Whole,leve,BMW,M5 LIMOUSINE,PHEV,1,Aduana PY datos abiertos,NCM 8703 automóvil/turismo (default leve)
2026-09,Whole,leve,BMW,X5,PHEV,1,Aduana PY datos abiertos,NCM 8703 automóvil/turismo (default leve)
2026-09,Whole,leve,BMW,X5 XDRIVE30D,ICE,1,Aduana PY datos abiertos,NCM 8703 automóvil/turismo (default leve)
2026-09,Whole,leve,BYD,SEAGULL,BEV,1,Aduana PY datos abiertos,NCM 8703 automóvil/turismo (default leve)
2026-09,Whole,leve,CHANGAN,Q05 506 MAX,BEV,1,Aduana PY datos abiertos,NCM 8703 automóvil/turismo (default leve)
2026-09,Whole,leve,CHANGAN,QIYUAN Q05,BEV,1,Aduana PY datos abiertos,NCM 8703 automóvil/turismo (default leve)
2026-09,Whole,leve,DODGE,CHALLENGE,ICE,1,Aduana PY datos abiertos,NCM 8703 automóvil/turismo (default leve)
2026-09,Whole,leve,DODGE,CHALLENGER RT,ICE,1,Aduana PY datos abiertos,NCM 8703 automóvil/turismo (default leve)
2026-09,Whole,leve,FIAT,FASTBACK AUDACE MILD,ICE,1,Aduana PY datos abiertos,NCM 8703 automóvil/turismo (default leve)
2026-09,Whole,leve,HYUNDAI,NEW GRAND I10,ICE,1,Aduana PY datos abiertos,NCM 8703 automóvil/turismo (default leve)
2026-09,Whole,leve,HYUNDAI,NEW HB20 VISION,ICE,1,Aduana PY datos abiertos,NCM 8703 automóvil/turismo (default leve)
2026-09,Whole,leve,JEEP,WRANGLER 4-DOOR RUBICON,ICE,1,Aduana PY datos abiertos,NCM 8703 automóvil/turismo (default leve)
2026-09,Whole,leve,LAMBORGHINI,(sin modelo),ICE,1,Aduana PY datos abiertos,NCM 8703 automóvil/turismo (default leve)
2026-09,Whole,leve,LAND ROVER,(sin modelo),ICE,1,Aduana PY datos abiertos,NCM 8703 automóvil/turismo (default leve)
2026-09,Whole,leve,LAND ROVER,RANGE ROVER SPORT 3,PHEV,1,Aduana PY datos abiertos,NCM 8703 automóvil/turismo (default leve)
2026-09,Whole,leve,LEXUS,RX500H,HEV,1,Aduana PY datos abiertos,NCM 8703 automóvil/turismo (default leve)
2026-09,Whole,leve,LYNK CO,900,PHEV,1,Aduana PY datos abiertos,NCM 8703 automóvil/turismo (default leve)
2026-09,Whole,leve,MASERATI,GRAN TURISMO,ICE,1,Aduana PY datos abiertos,NCM 8703 automóvil/turismo (default leve)
2026-09,Whole,leve,MAXUS,G10 MINIBUS 7 ASIENTOS AT,ICE,1,Aduana PY datos abiertos,NCM 8703 automóvil/turismo (default leve)
2026-09,Whole,leve,MERCEDES-BENZ,AMG A35,ICE,1,Aduana PY datos abiertos,NCM 8703 automóvil/turismo (default leve)
2026-09,Whole,leve,MERCEDES-BENZ,GLA 200,ICE,1,Aduana PY datos abiertos,NCM 8703 automóvil/turismo (default leve)
2026-09,Whole,leve,MERCEDES-BENZ,GLA250,ICE,1,Aduana PY datos abiertos,NCM 8703 automóvil/turismo (default leve)
2026-09,Whole,leve,MERCEDES-BENZ,GLC 200 4MATIC,ICE,1,Aduana PY datos abiertos,NCM 8703 automóvil/turismo (default leve)
2026-09,Whole,leve,MERCEDES-BENZ,GLC 220 D 4MATIC COUPE,ICE,1,Aduana PY datos abiertos,NCM 8703 automóvil/turismo (default leve)
2026-09,Whole,leve,MITSUBISHI,MONTERO SPORT GLS 4WD 24DIT 8AT,ICE,1,Aduana PY datos abiertos,NCM 8703 automóvil/turismo (default leve)
2026-09,Whole,leve,NISSAN,QASHQAI EXCLUSIVE,ICE,1,Aduana PY datos abiertos,NCM 8703 automóvil/turismo (default leve)
2026-09,Whole,leve,PEUGEOT,(sin modelo),HEV,1,Aduana PY datos abiertos,NCM 8703 automóvil/turismo (default leve)
2026-09,Whole,leve,PEUGEOT,(sin modelo),OTHERS,1,Aduana PY datos abiertos,NCM 8703 automóvil/turismo (default leve)
2026-09,Whole,leve,PORSCHE,(sin modelo),ICE,1,Aduana PY datos abiertos,NCM 8703 automóvil/turismo (default leve)
2026-09,Whole,leve,PORSCHE,356C,ICE,1,Aduana PY datos abiertos,NCM 8703 automóvil/turismo (default leve)
2026-09,Whole,leve,PORSCHE,911 TURBO,ICE,1,Aduana PY datos abiertos,NCM 8703 automóvil/turismo (default leve)
2026-09,Whole,leve,PORSCHE,CAYENNE,ICE,1,Aduana PY datos abiertos,NCM 8703 automóvil/turismo (default leve)
2026-09,Whole,leve,PORSCHE,CAYENNE S,PHEV,1,Aduana PY datos abiertos,NCM 8703 automóvil/turismo (default leve)
2026-09,Whole,leve,PORSCHE,CAYENNE TURBO,BEV,1,Aduana PY datos abiertos,NCM 8703 automóvil/turismo (default leve)
2026-09,Whole,leve,PORSCHE,MACAN T,ICE,1,Aduana PY datos abiertos,NCM 8703 automóvil/turismo (default leve)
2026-09,Whole,leve,TOYOTA,GR YARIS RALLY 2,ICE,1,Aduana PY datos abiertos,NCM 8703 automóvil/turismo (default leve)
2026-09,Whole,leve,TOYOTA,TUNDRA,HEV,1,Aduana PY datos abiertos,NCM 8703 automóvil/turismo (default leve)
2026-09,Whole,leve,VOLKSWAGEN,GTI,ICE,1,Aduana PY datos abiertos,NCM 8703 automóvil/turismo (default leve)
2026-09,Whole,leve,VOLKSWAGEN,ID,BEV,1,Aduana PY datos abiertos,NCM 8703 automóvil/turismo (default leve)
2026-09,Whole,recreativo,SIN MARCA,(sin modelo),ICE,1,Aduana PY datos abiertos,keyword ATV/UTV/carrito golf/snow
