marca_before,marca_after,modelo_before,modelo_after,powertrain,lines,units,first_period,last_period,example_despacho,example_item,example_mercaderia
TOYOTA,TOYOTA,(sin modelo),ALLION,ICE,11875,11875,2022-01,2026-09,22DA000000000525,11,UN VEHICULO USADO TIPO AUTOMOVIL MARCA TOYOTA MODELO ALLION A¿O 2002 MOVIDO A GASOLINA
TOYOTA,TOYOTA,(sin modelo),PREMIO,ICE,11332,11332,2022-01,2026-09,22DA000000000525,2,UN VEHICULO USADO TIPO AUTOMOVIL MARCA TOYOTA MODELO PREMIO A¿O 2010 MOVIDO A GASOLINA
TOYOTA,TOYOTA,(sin modelo),WISH,ICE,5440,5440,2022-01,2026-09,22DA000000000022,2,UN STATION WAGON USADO MARCA TOYOTA MODELO WISH A¿O 2004
TOYOTA,TOYOTA,(sin modelo),FUNCARGO,ICE,2875,2875,2022-01,2026-09,22DA000000001636,8,"UNA UNIDAD DE STATION WAGON USADO, MARCA TOYOTA MODELO FUNCARGO A¿O 2005.-"
TOYOTA,TOYOTA,(sin modelo),RUSH,ICE,2452,2452,2022-01,2026-09,22DA000000000525,7,UN VEHICULO USADO TIPO STATION WAGON MARCA TOYOTA MODELO RUSH A¿O 2006 MOVIDO A GASOLINA
MITSUBISHI,MITSUBISHI,(sin modelo),CANTER,ICE,2429,2429,2022-01,2026-09,22DA000000001516,1,UNA UNIDAD CAMION USADO MARCA: MITSUBISHI MODELO: CANTER A¿O: 2002. DIESEL.
HYUNDAI,HYUNDAI,NEW HB20 HATCH 1,NEW HB20 HATCH,ICE,2287,2287,2023-03,2026-08,23DA000000178712,1,"VEHICULOS AUTOMOVILES PARA EL TRANSPORTE DE PERSONAS, MARCA: HYUNDAI, MODELO: NEW HB20 HATCH 1.0 FLEX MEC."
NISSAN,NISSAN,(sin modelo),KICKS,ICE,2202,2202,2022-01,2026-04,22DA000000006067,4,"VEHICULO CON CAPACIDAD DE TRANSPORTE DE PERSONAS, DE LOS TIPOS DENOMINADOS ""FLEX FUEL"" EN: 01-UN AUTOMOVIL MARCA NISSAN MODELO KICKS A¿O DE FABRICACION 2021 MODELO A¿O 2022 CON SUS ACCESORIOS NORMALES"
HYUNDAI,HYUNDAI,(sin modelo),SANTA FE,ICE,2092,2092,2022-01,2026-09,22DA000000000473,2,UN VEHIUCLO USADO TIPO STATION WAGON MARCA HYUNDAI MODELO SANTA FE A¿O 2007 MOVIDO A DIESEL
VOLKSWAGEN,VOLKSWAGEN,(sin modelo),AMAROK,ICE,2071,2071,2022-01,2026-09,22DA000000000021,2,"EN 1 UNIDAD DE VEHICULO, MARCA VOLKSWAGEN, A¿O 2022, MOD. AMAROK 2.0 COMFORTLINE DC 4X4 MECANICO, COLOR: BLANCO CANDY.-"
HYUNDAI,HYUNDAI,HB20 CON,HB20,ICE,1969,1969,2022-02,2025-10,22DA000000037230,3,"01) UNA UNIDAD AUTOMOVIL MARCA: HYUNDAI MODELO: HB20 CON MOTOR FLEX, TRANSMISION MECANICA, MODELO A¿O: 2022, CON SUS ACCESORIOS CORRESPONDIENTES.-"
VOLKSWAGEN,VOLKSWAGEN,T-CROSS 1,T-CROSS,ICE,1957,1957,2022-07,2026-09,22DA000000203113,5,"1.-UNIDAD DE VEHICULO, MARCA VOLKSWAGEN, MODELO T-CROSS 1.0 TRENDLINE TF AT, A¿O DE FABRICACION 2022, A¿O MODELO 2022, CON SUS ACCESORIOS CORRESPONDIENTES.-"
HYUNDAI,HYUNDAI,(sin modelo),TUCSON,ICE,1940,1940,2022-01,2026-09,22DA000000000525,9,UN VEHICULO USADO TIPO STATION WAGON MARCA HYUNDAI MODELO TUCSON A¿O 2006 MOVIDO A DIESEL
ISUZU,ISUZU,(sin modelo),D-MAX,ICE,1573,1573,2022-03,2026-07,22DA000000079141,8,"VEHICULOS AUTOMOVILES PARA EL TRANSPORTE DE MERCANCIAS, CAMIONETA . MARCA: ISUZU, D-MAX, 4X4, DOBLE CABINA, MOTOR 3,0 MECANICO -SEMI FULL"
NISSAN,NISSAN,(sin modelo),ATLAS,ICE,1478,1478,2022-01,2026-09,22DA000000000818,1,UN CAMON USADO MARCA NISSAN MODELO ATLAS A¿O 1992
VOLKSWAGEN,VOLKSWAGEN,(sin modelo),GOL,ICE,1368,1368,2022-01,2022-08,22DA000000021471,6,"EN 1 UNIDAD DE VEHICULO, MARCA VOLKSWAGEN, A¿O 2022, MOD. NUEVO GOL 1.6 GPII TRENDLINE TF MT, COLOR: GRIS PLATINO.-"
CHEVROLET,CHEVROLET,(sin modelo),TRACKER LTZ,ICE,1338,1338,2022-01,2026-09,22DA000000011321,4,CAMIONETA PARA EL TRANSPORTE DE PERSONAS MARCA CHEVROLET TRACKER LTZ FLEX CON SUS ACCESORIOS CORRESPONDIENTES
FIAT,FIAT,FIORINO ENDURANCE 1,FIORINO ENDURANCE,ICE,1336,1336,2022-01,2026-08,22DA000000292347,10,"(1) UNA UNIDAD, CAMIONETA FURGON, MARCA FIAT, MODELO FIORINO ENDURANCE 1.4 FLEX, A¿O DE FABRICACION 2021, MODELO DEL A¿O 2022, CON SUS ACCESORIOS CORRESPONDIENTES.-"
TOYOTA,TOYOTA,(sin modelo),RAIZE,ICE,1247,1247,2022-02,2026-08,22DA000000292468,5,"CAMIONETA DE LA MARCA TOYOTA RAIZE AUT. NAFTERO DE 1198 C.C. A251LA-GBXF, A¿O DE FABRICACION 2021 MODELO A¿O 2022 CON SUS ACCESORIOS CORRESPOENDINETES"
HYUNDAI,HYUNDAI,HB20 HATCH 1,HB20 HATCH,ICE,1233,1233,2022-01,2025-08,22DA000000020432,7,"VEHICULOS AUTOMOVILES PARA EL TRANSPORTE DE PERSONAS, MARCA: HYUNDAI, MODELO: HB20 HATCH 1.0 FLEX MEC."
VOLKSWAGEN,VOLKSWAGEN,SAVEIRO ROBUST SC 1,SAVEIRO ROBUST SC,ICE,1168,1168,2022-07,2026-09,22DA000000203856,6,"1.-UNIDAD DE VEHICULO, MARCA VOLKSWAGEN, MODELO SAVEIRO ROBUST SC 1.6 TF MT, A¿O DE FABRICACION 2022, A¿O MODELO 2023, CON SUS ACCESORIOS CORRESPONDIENTES.-"
CHEVROLET,CHEVROLET,(sin modelo),S10 Z71,ICE,1136,1136,2022-01,2026-09,22DA000000016979,6,CAMIONETA PARA EL TRANSPORTE DE CARGA MARCA CHEVROLET S10 Z71 4X4 D-C CON SUS ACCESORIOS CORRESPONDIENTES
TOYOTA,TOYOTA,(sin modelo),BELTA,ICE,1127,1127,2022-01,2026-09,22DA000000005256,10,01- UNA UNIDAD DE AUTOMOVIL USADO MARCA TOYOTA MODELO BELTA A¿O 2006
FIAT,FIAT,STRADA ENDURANCE C/P 1,STRADA ENDURANCE C/P,ICE,1090,1090,2024-02,2026-09,24DA000000086889,1,-DE PESO TOTAL CON CARGA M¿XIMA INFERIOR O IGUAL 5T EN:UNA CAMIONETA MARCA FIAT MODELO STRADA ENDURANCE C/P 1.3L M/T FLEX A¿O DE FABRICACION 2023 MOD A¿O 2024 CON SUS ACCESORIOS NORMALES.-
FORD,FORD,RANGER 2,RANGER,ICE,1051,1051,2023-09,2026-09,23DA000000744447,2,UNA UNIDAD CAMIONETA MARCA FORD MODELO RANGER 2.0 D 4X4 6MT XLS CC A¿O MODELO 2024.-
TOYOTA,TOYOTA,(sin modelo),ALLEX,ICE,1013,1013,2022-01,2026-09,22DA000000001755,4,01) UNA UNIDAD DE VEHICULO USADO TOYOTA ALLEX 2002
FIAT,FIAT,PULSE DRIVE 1,PULSE DRIVE,ICE,939,939,2022-04,2026-09,22DA000000089063,42,"(1) UNA UNIDAD AUTOMOVIL, MARCA FIAT, MODELO PULSE DRIVE 1.3 CVT FLEX, A¿O DE FABRICACION 2022, MODELO DEL A¿O 2023, CON SUS ACCESORIOS CORRESPONDIENTES.-"
VOLKSWAGEN,VOLKSWAGEN,POLO TRACK 1,POLO TRACK,ICE,937,937,2023-07,2026-08,23DA000000287843,2,"1.-UNIDAD DE AUTOMOVIL, MARCA VOLKSWAGEN, MODELO POLO TRACK 1.0 TF MT, A¿O DE FABRICACION 2023, A¿O MODELO 2024, CON SUS ACCESORIOS CORRESPONDIENTES.-"
SUZUKI,SUZUKI,(sin modelo),JIMNY,ICE,918,918,2023-11,2026-08,23DA000000849111,3,1 UNA UNIDAD STATION WAGON USADO MARCA SUZUKI MODELO JIMNY A¿O 2006 COLOR DE 650CC
VOLKSWAGEN,VOLKSWAGEN,SAVEIRO ROBUST DC 1,SAVEIRO ROBUST DC,ICE,905,905,2022-07,2026-09,22DA000000203856,4,"1.-UNIDAD DE VEHICULO, MARCA VOLKSWAGEN, MODELO SAVEIRO ROBUST DC 1.6 TF MT, A¿O DE FABRICACION 2022, A¿O MODELO 2023, CON SUS ACCESORIOS CORRESPONDIENTES.-"
CHEVROLET,CHEVROLET,(sin modelo),S10 WT,ICE,873,873,2024-07,2026-09,24DA000000286742,4,"1 UNID. CAMIONETA DE CARGA CABINA DOBLE, MARCA CHEVROLET, MOD. S10 WT, 1481KS, 4X4, MOTOR DIESEL; 2.8L, 4 CIL., A¿O DE FABRICACION 2024, MOD. A¿O 2025, C/ ACC. NORMALES Y OPCIONALES.-"
HYUNDAI,HYUNDAI,CRETA CON,CRETA,ICE,849,849,2022-05,2025-06,22DA000000104019,2,"01) UNA UNIDAD CAMIONETA ST WAGON MARCA: HYUNDAI, MODELO: CRETA CON MOTOR FLEX, TRANSMISION AUTOMATICA 4X2, A¿O FABRICACION: 2022, MODELO A¿O: 2023, CON SUS ACCESORIOS CORRESPONDIENTES.-"
HYUNDAI,HYUNDAI,NEW CRETA COMFORT NAFTERO 1,NEW CRETA COMFORT NAFTERO,ICE,811,811,2025-03,2026-07,25DA000000111620,4,"VEHICULOS AUTOMOVILES PARA EL TRANSPORTE DE PERSONAS, MARCA HYUNDAI, MODELO: NEW CRETA COMFORT NAFTERO 1.5CC AT., CON SUS ACCESORIOS CORRESPONDIENTES"
CHEVROLET,CHEVROLET,(sin modelo),S10 LS,ICE,798,798,2022-01,2025-07,22DA000000015731,2,"1 UNID. CAMIONETA DE CARGA CABINA DOBLE, MARCA CHEVROLET, MOD. S10 LS 148DKN 4X4, MOTOR DIESEL; 2.8L, 4 CIL., A¿O DE FAB. 2022, MOD. A¿O 2022, C/ACC. NORMALES Y OPCIONALES.-"
FORD,FORD,RANGER 3,RANGER,ICE,773,773,2023-09,2026-09,23DA000000745616,4,UNA UNIDAD CAMIONETA MARCA FORD MODELO RANGER 3.0 D AWD AT LTD+ CC A¿O MODELO 2024
HYUNDAI,HYUNDAI,NEW HB20S 1,NEW HB20S,ICE,765,765,2023-07,2026-07,23DA000000295683,5,"VEHICULOS AUTOMOVILES PARA EL TRANSPORTE DE PERSONAS, MARCA: HYUNDAI, MODELO: NEW HB20S 1.6 NAFT. AUT."
RENAULT,RENAULT,KWID ZEN 1,KWID ZEN,ICE,761,761,2022-04,2025-11,22DA000000085744,6,1)UNA UNIDAD AUTOMOVIL OKM;MARCA RENAULT;MODELO KWID ZEN 1.0
VOLKSWAGEN,VOLKSWAGEN,TERA 1,TERA,ICE,755,755,2025-07,2026-09,25DA000000311558,2,"1.-UNIDAD DE VEHICULO, MARCA VOLKSWAGEN, MODELO TERA 1.0 HIGHLINE TF AT, A¿O DE FABRICACION 2025, A¿O MODELO 2026, CON SUS ACCESORIOS CORRESPONDIENTES.-"
FIAT,FIAT,STRADA VOLCANO D/C 1,STRADA VOLCANO D/C,ICE,706,706,2024-05,2026-09,24DA000000189192,8,DE PESO TOTAL CON CARGA M¿XIMA INFERIOR O IGUAL 5T EN: UNA CAMIONETA MARCA FIAT MODELO STRADA VOLCANO D/C 1.3L CVT FLEX A¿O DE FAB 2024 MODELO A¿O 2025 CON SUS ACCESORIOS NORMALES
CHEVROLET,CHEVROLET,(sin modelo),ONIX JOY,ICE,693,693,2022-03,2022-12,22DA000000040093,3,"1 UNID. AUTOMOVIL MARCA CHEVROLET, MOD. ONIX JOY, 5D48UN,PASAJERO, 5 LUGARES, 5 PUERTAS,MOTOR FLEX E100, 4CIL. 1.0L, A¿O DE FABRICACION. 2022, MOD. A¿O 2022, C/ACC. NORMALES Y OPCIONALES"
FIAT,FIAT,STRADA FREEDOM D/C 1,STRADA FREEDOM D/C,ICE,687,687,2024-02,2026-09,24DA000000085812,1,-DE PESO TOTAL CON CARGA M¿XIMA INFERIOR O IGUAL 5T EN:UNA CAMIONETA MARCA FIAT MODELO STRADA FREEDOM D/C 1.3L M/T FLEX A¿O DE FABRICACION 2023 MOD A¿O 2024 CON SUS ACCESORIOS NORMALES.-
JETOUR,JETOUR,(sin modelo),DASHING,ICE,657,657,2023-05,2026-07,23DA000000222753,1,LOS DEMAS AUTOMOVILES MARCA JETOUR DASHING 1.6T
MAZDA,MAZDA,(sin modelo),CX-5,ICE,627,627,2022-02,2026-06,22DA000000035183,1,UNA UNIDAD DE VEHICULO USADO TIPO STATION WAGON MARCA MAZDA MODELO CX-5 A¿O 2013 MOVIDO A DISEL
JETOUR,JETOUR,(sin modelo),X70,ICE,609,609,2023-01,2026-07,23DA000000013773,2,LOS DEMAS AUTOMOVILES MARCA JETOUR X70 1.5T 8AT-3
PEUGEOT,PEUGEOT,(sin modelo),2008 ACTIVE,ICE,604,604,2022-09,2026-09,22DA000000334116,1,STATION WAGON PARA EL TRANSPORTE DE PERSONAS MARCA PEUGEOT MODELO 2008¿ ACTIVE 1.2 PURETECH 100 MT6 CON SUS ACCESORIOS CORRESPONDIENTES
CHEVROLET,CHEVROLET,(sin modelo),S10 HIGH COUNTRY,ICE,601,601,2022-01,2026-09,22DA000000016979,3,CAMIONETA PARA EL TRANSPORTE DE CARGA MARCA CHEVROLET S10 HIGH COUNTRY 4X4 D-C CON SUS ACCESORIOS CORRESPONDIENTES
CITROEN,CITROEN,(sin modelo),C4 CACTUS FEEL,ICE,584,584,2022-05,2026-01,22DA000000107652,4,STATION WAGON CITROEN C4 CACTUS FEEL 1.6 BVA FLEX CON SUS ACCESORIOS CORRESPONDIENTES
CHEVROLET,CHEVROLET,(sin modelo),S10 LTZ,ICE,574,574,2022-01,2026-09,22DA000000008525,6,CAMIONETA PARA EL TRANSPORTE DE CARGA MARCA CHEVROLET S10 LTZ 4X4 D-C CON SUS ACCESORIOS CORRESPONDIENTES
MAZDA,MAZDA,(sin modelo),CX-30,ICE,568,568,2022-09,2026-07,22DA000000298518,1,"VEHICULO DE LA MARCA MAZDA CX-30 AUT. DE 2.000 C.C.,5WGN A¿O DE FABRICACION 2022 MODELO A¿O 2023 CON SUS ACCESORIOS CORRESPONDIENTES."
JEEP,JEEP,COMPASS SPORT 1,COMPASS SPORT,ICE,564,564,2024-06,2026-08,24DA000000243705,29,QUE UTILICEN INDISTINTAMENTE LOS SIGUIENTES COMBUSTIBLES: GASOLINA (NAFTA) O ALCOHOL EN:UN VEHICULO MARCA JEEP MODELO COMPASS SPORT 1.3T4 FLEX AT6 A¿O 2024 MOD A¿O 2025 CON SUS ACCESORIOS NORMALES.-
VOLKSWAGEN,VOLKSWAGEN,(sin modelo),TAOS,ICE,558,558,2022-01,2026-09,22DA000000005813,2,"EN 1 UNIDAD DE VEHICULO, MARCA VOLKSWAGEN, A¿O 2022, TIPO: SUV, MOD. TAOS 1.4 FLEX COMFORTLINE, COLOR: PLATA PIRITA.-"
CHEVROLET,CHEVROLET,(sin modelo),ONIX LS,ICE,539,539,2022-04,2025-12,22DA000000120646,1,CHEVROLET ONIX LS 1.0 FLEX MT
CHEVROLET,CHEVROLET,(sin modelo),MONTANA LTZ,ICE,528,528,2023-03,2026-09,23DA000000070796,3,"1 UNID. CAMIONETA DE CARGA CABINA DOBLE, MARCA CHEVROLET, MOD. MONTANA LTZ, 5N43BP, MOTOR FLEX E100* 3 CIL, 1.2L TURBO, A¿O DE FAB. 2023 , MOD. A¿O 2023, C/ACC, NORMALES Y OPCIONALES.-"
CHEVROLET,CHEVROLET,(sin modelo),ONIX LT HB,ICE,519,519,2025-09,2026-09,25DA000000454383,1,"1 UNID. AUTOMOVIL MARCA CHEVROLET, MOD. ONIX LT HB, 5B48HTR7H, PASAJERO, 5 LUG., 5 PTAS.,MOTOR FLEX E100 3 CIL. 1.0L TURBO, ANIO DE FABRICACION 2025, MOD. ANIO 2026, C/ACC. NORMALES Y OPCIONALES.-"
CHEVROLET,CHEVROLET,(sin modelo),TRAILBLAZER HIGH COUNTRY,ICE,504,504,2024-07,2026-09,24DA000000292980,4,"1 UNID.VEHICULO STATION WAGON MARCA CHEVROLET, MOD.TRAILBLAZER HIGH COUNTRY 4X4, 156PKS, 7 PASAJEROS, 5 PUERTAS, MOTOR DIESEL 2.8L * 4 CIL, A¿O DE FAB.2024,MOD.A¿O 2025, CON ACC. NORMALES Y OPCIONALES"
VOLKSWAGEN,VOLKSWAGEN,NIVUS 1,NIVUS,ICE,502,502,2022-08,2026-08,22DA000000250285,8,"1.- UNIDAD DE VEHICULO, MARCA VOLKSWAGEN, MODELO NIVUS 1.0 HIGHLINE TF AT, A¿O DE FABRICACION 2022, A¿O MODELO 2022, CON SUS ACCESORIOS CORRESPONDIENTES.-"
PEUGEOT,PEUGEOT,2008 ACTIVE 1,2008 ACTIVE,ICE,493,493,2022-01,2024-10,22DA000000005175,5,STATION WAGON PARA EL TRANSPORTE DE PERSONAS MARCA PEUGEOT MODELO 2008 ACTIVE 1.6 FLEX 115HP AT6 CON SUS ACCESORIOS CORRESPONDIENTES
MITSUBISHI,MITSUBISHI,(sin modelo),CANTER GUTS,ICE,477,477,2022-01,2026-09,22DA000000008256,1,1 UNA UNIDAD DE CAMIONETA USADA MARCA MITSUBISHI MODELO CANTER GUTS A¿O 2003 COLOR BLANCO
JEEP,JEEP,(sin modelo),COMPASS SPORT,ICE,475,475,2022-01,2025-02,22DA000000012963,3,"VEHICULO CON CAPACIDAD DE TRANSPORTE DE PERSONAS DE LOS TIPOS DENOMINADOS ""FLEX"" EN:01-UN VEHICULO MARCA JEEP MODELO COMPASS SPORT A¿O DE FABRICACION 2021 MODELO A¿O 2022 CON SUS ACCESORIOS"
FORD,FORD,TERRITORY 1,TERRITORY,ICE,453,453,2023-03,2026-09,23DA000000066062,1,UNA UNIDAD STATION WAGON MARCA FORD MODELO TERRITORY 1.5L 2WD AT TREND A¿O MODELO 2023
CHEVROLET,CHEVROLET,(sin modelo),TRAILBLAZER PREMIER,ICE,448,448,2022-01,2025-03,22DA000000014205,1,"1 UNID. VEHICULO STATION WAGON MARCA CHEVROLET, MOD. TRAILBLAZER PREMIER 4X4 156YKN, 7 PASAJEROS, 5 PUERTAS, MOTOR 2.8L DIESEL, A¿O DE FABRICACION 2021, MOD. A¿O 2022, CON ACC. NORMALES Y OPCIONALES."
FIAT,FIAT,ARGO TREKKING 1,ARGO TREKKING,ICE,447,447,2022-01,2026-08,22DA000000292347,24,"(1) UNA UNIDAD, AUTOMOVIL, MARCA FIAT, MODELO ARGO TREKKING 1.3 FLEX, A¿O DE FABRICACION 2021, MODELO DEL A¿O 2022, CON SUS ACCESORIOS CORRESPONDIENTES.-"
SUBARU,SUBARU,(sin modelo),IMPREZA,ICE,445,445,2022-01,2026-09,22DA000000001755,1,01) UNA UNIDAD DE VEHICULO USADO SUBARU IMPREZA 2008
JETOUR,JETOUR,(sin modelo),X70PLUS,ICE,435,435,2023-11,2026-08,23DA000000814692,1,LOS DEMAS AUTOMOVILES MARCA JETOUR X70PLUS 1.5T
FORD,FORD,RANGER RAPTOR DC 3,RANGER RAPTOR DC,ICE,430,430,2023-07,2026-09,23DA000000320881,3,UNA UNIDAD CAMIONETA MARCA FORD MODELO RANGER RAPTOR DC 3.0L AT A¿O MODELO 2023
NISSAN,NISSAN,KICKS SENSE CVT 1,KICKS SENSE CVT,ICE,428,428,2024-07,2025-03,24DA000000296625,2,"DE LOS TIPOS DENOMINADOS ""FLEX FUEL"" EN: 01-UN AUTOMOVIL MARCA NISSAN MODELO KICKS SENSE CVT 1.6 FLEX A¿O DE FABRICACION 2024 MODELO A¿O 2025 CON SUS ACCESORIOS NORMALES"
AUDI,AUDI,Q5 2,Q5,ICE,392,392,2022-01,2026-09,22DA000000010290,1,"1.- UNIDAD DE VEHICULO, MARCA AUDI, TIPO SUV, MODELO Q5 2.0 TDI, A¿O FABRICACION 2021, A¿O MODELO 2022, CON SUS ACCESORIOS CORRESPONDIENTES. -"
CHEVROLET,CHEVROLET,(sin modelo),SILVERADO,ICE,392,392,2022-01,2026-09,22DA000000003335,1,01) UNA UNIDAD PICKUP USADO MARCA CHEVROLET MODELO SILVERADO A¿O 2019
HYUNDAI,HYUNDAI,NEW GRAND I10 CON,NEW GRAND I10,ICE,389,389,2024-07,2025-04,24DA000000282535,1,"01) UNA UNIDAD AUTOMOVIL MARCA: HYUNDAI MODELO: NEW GRAND I10 CON MOTOR NAFTERO, TRANSMISION AUTOMATICA, A¿O FABRICACION: 2024, MODELO A¿O: 2025, CON SUS ACCESORIOS CORRESPONDIENTES.-"
JETOUR,JETOUR,(sin modelo),X50 LUXURY,ICE,389,389,2025-11,2026-09,25DA000000558290,15,LOS DEMAS AUTOMOVILES MARCA JETOUR X50 LUXURY
FIAT,FIAT,STRADA ENDURANCE CP 1,STRADA ENDURANCE CP,ICE,368,368,2022-01,2023-05,22DA000000292347,8,"(1) UNA UNIDAD, CAMIONETA PICK UP, MARCA FIAT, MODELO STRADA ENDURANCE CP 1.4 FLEX, A¿O DE FABRICACION 2021, MODELO DEL A¿O 2022, CON SUS ACCESORIOS CORRESPONDIENTES.-"
NISSAN,NISSAN,KICKS PLAY SENSE CVT 1,KICKS PLAY SENSE CVT,ICE,366,366,2025-04,2025-11,25DA000000186491,2,"DE LOS TIPOS DENOMINADOS ""FLEX FUEL"" EN: 01-UN AUTOMOVIL MARCA NISSAN MODELO KICKS PLAY SENSE CVT 1.6 FLEX A¿O DE FABRICACION 2025 MODELO A¿O 2026 CON SUS ACCESORIOS NORMALES"
VOLKSWAGEN,VOLKSWAGEN,SAVEIRO EXTREME DC 1,SAVEIRO EXTREME DC,ICE,362,362,2023-12,2026-09,23DA000000889288,7,"1.- UNIDAD DE VEHICULO DE LA MARCA VOLKSWAGEN, MODELO SAVEIRO EXTREME DC 1.6 MT, A¿O FABRICACION 2023, MODELO A¿O 2024, CON SUS ACCESORIOS NORMALES Y OPCIONALES."
KIA,KIA,(sin modelo),K5,ICE,352,352,2022-01,2026-09,22DA000000006996,1,1 UNA UNIDAD DE AUTOMOVIL USADO MARCA KIA MODELO K5 A¿O 2013 COLOR PERLA
CHEVROLET,CHEVROLET,(sin modelo),S10 LT,ICE,339,339,2022-01,2024-05,22DA000000008525,2,CAMIONETA PARA EL TRANSPORTE DE CARGA MARCA CHEVROLET S10 LT 4X4 D-C CON SUS ACCESORIOS CORRESPONDIENTES
AUDI,AUDI,Q3 1,Q3,ICE,335,335,2022-02,2026-09,22DA000000288533,1,"1) UNIDAD VEHICULO DE LA MARCA AUDI TIPO SUV MODELO Q3 1.4 TFSI, A¿O DE FABRICACION 2021; MODELO A¿O 2022, CON SUS ACCESORIOS NORMALES Y OPCIONALES.-"
TOYOTA,TOYOTA,(sin modelo),GRAND HIACE,ICE,333,333,2022-01,2026-08,22DA000000006277,8,01) UN STATION WAGON USADO MARCA: TOYOTA MODELO: GRAND HIACE A¿O: 2001 MOVIDO A DIESEL.-
KIA,KIA,(sin modelo),SONET,ICE,331,331,2022-04,2024-03,22DA000000118996,5,"(1) UNA UNID. VEHICULO MARCA KIA, MOD. SONET, A¿O DE FABRICACION 2021, MOD. A¿O 2022 MOTOR A GASOLINA, CON SUS CORRESPONDIENTES ACCESORIOS."
CITROEN,CITROEN,(sin modelo),C3 AIRCROSS,ICE,322,322,2024-04,2026-09,24DA000000169199,1,"AUTOMOVIL CITROEN C3 AIRCROSS 1.0 T FEEL PACK CVT, CON SUS ACCESORIOS CORRESPONDIENTES"
FIAT,FIAT,STRADA ULTRA D/C 1,STRADA ULTRA D/C,ICE,315,315,2024-05,2026-09,24DA000000181195,8,-DE PESO TOTAL CON CARGA M¿XIMA INFERIOR O IGUAL 5T EN:UNA CAMIONETA MARCA FIAT MODELO STRADA ULTRA D/C 1.0L T CVT FLEX A¿O DE FABRICACION 2024 MOD A¿O 2025 CON SUS ACCESORIOS NORMALES.-
TOYOTA,TOYOTA,(sin modelo),ETIOS HB XLS,ICE,313,313,2022-01,2023-08,22DA000000008228,10,"AUTOMOVIL DE LA MARCA TOYOTA ETIOS HB XLS AUT. FLEX DE 1.496 C.C. NGK12L-AHPGGG, A¿O DE FABRICACION 2021 MODELO A¿O 2022 CON SUS ACCESORIOS CORRESPONDIENTES.-"
CITROEN,CITROEN,(sin modelo),C3,ICE,312,312,2022-10,2026-08,22DA000000399619,2,AUTOMOVIL PARA EL TRANSPORTE DE PERSONAS CITROEN C3 1.6 VTI AT6 III FEEL PACK CON SUS ACESORIOS CORRESPONDIENTES
CITROEN,CITROEN,(sin modelo),C4 CACTUS LIVE,ICE,298,298,2022-05,2024-12,22DA000000107652,1,STATION WAGON CITROEN C4 CACTUS LIVE 1.6 BVA FLEX CON SUS ACCESORIOS CORRESPONDIENTES
DFSK,DFSK,(sin modelo),SERES 500,ICE,297,297,2023-08,2026-04,23DA000000665090,5,"AUTOMOVILES PARA TURISMO Y DEMAS VEHICULOS CONCEBIDOS PRINCIPALMENTE PARA EL TRANSPORTE DE PERSONAS EXCEPTO LOS DE LA PARTIDA 87.02),INCLUIDOS LOS DEL TIPO FAMILIAR,EN 1 UNIDAD AUTOMOVIL SERES 500"
CHEVROLET,CHEVROLET,TRACKER LTZ 1,TRACKER LTZ,ICE,295,295,2022-01,2026-09,22DA000000021481,1,"AUTOMOVIL TIPO STATION WAGON, MODELO TRACKER LTZ 1.2 TB AT, MOTOR FLEX FUEL E100, ANO 2022, CON AIRE ACONDICIONADO Y DEMAS ACCESORIOS.-"
CHEVROLET,CHEVROLET,(sin modelo),SILVERADO LTZ,ICE,291,291,2022-03,2025-12,22DA000000068410,5,CAMIONETA CHEVROLET SILVERADO LTZ 4X4 3.0T DIESEL
HONDA,HONDA,(sin modelo),HR-V,ICE,291,291,2023-12,2026-09,23DA000000886459,11,"QUE UTILICEN INDISTINTAMENTE LOS SIGUIENTES COMBUSTIBLES: GASOLINA (NAFTA) O ALCOHOL, DE LOS TIPOS DENOMINADOS ""FLEX FUEL"". CRI.TEC.LEG.: R.G.I.1Y6. SE TRATA DE: 1 UNIDAD AUTOMOVIL TIPO SUV MOD. HR-V"
CITROEN,CITROEN,(sin modelo),BASALT,ICE,291,291,2025-08,2026-09,25DA000000419928,2,AUTOMOVIL CITROEN BASALT 10 T CVT 120 FLEX FEEL CON SUS ACCESORIOS CORRESPONDIENTES
CHEVROLET,CHEVROLET,(sin modelo),TRACKER LS,ICE,284,284,2022-01,2024-03,22DA000000011321,1,CAMIONETA PARA EL TRANSPORTE DE PERSONAS MARCA CHEVROLET TRACKER LS FLEX CON SUS ACCESORIOS CORRESPONDIENTES
CHEVROLET,CHEVROLET,(sin modelo),TRACKER PREMIER,ICE,283,283,2022-01,2026-09,22DA000000011321,7,CAMIONETA PARA EL TRANSPORTE DE PERSONAS MARCA CHEVROLET TRACKER PREMIER FLEX CON SUS ACCESORIOS CORRESPONDIENTES
HYUNDAI,HYUNDAI,HB20S CON,HB20S,ICE,281,281,2022-02,2025-06,22DA000000037019,9,"01) UNA UNIDAD AUTOMOVIL MARCA: HYUNDAI MODELO: HB20S CON MOTOR FLEX, TRANSMISION AUTOMATICA, MODELO A¿O: 2022, CON SUS ACCESORIOS CORRESPONDIENTES.-"
TOYOTA,TOYOTA,(sin modelo),HIACE,ICE,277,277,2022-01,2026-09,22DA000000018538,3,1 UNA UNIDAD DE STATION WAGON USADO MARCA TOYOTA MODELO HIACE A¿O 2003 COLOR BLANCO
CHEVROLET,CHEVROLET,ONIX HB LS 1,ONIX HB LS,ICE,276,276,2022-04,2025-05,22DA000000038711,7,"AUTOMOVIL, MODELO ONIX HB LS 1.0, MOTOR FLEX FUEL E100, ANO 2022, CON AIRE ACONDICIONADO Y DEMAS ACCESORIOS"
NISSAN,NISSAN,KICKS ADVANCE CVT 1,KICKS ADVANCE CVT,ICE,272,272,2024-08,2025-03,24DA000000385156,5,"DE LOS TIPOS DENOMINADOS ""FLEX FUEL"" EN: 01-UN AUTOMOVIL MARCA NISSAN MODELO KICKS ADVANCE CVT 1.6 FLEX A¿O DE FABRICACION 2024 MODELO A¿O 2025 CON SUS ACCESORIOS NORMALES"
CHERY,CHERY,(sin modelo),T7 PRO,ICE,266,266,2025-06,2026-09,25DA000000265480,45,"DE CILINDRADA SUPERIOR A 1.000 CM3. PERO INFERIOR O IGUAL A 1500CC EN:UN VEHICULO MARCA CHERY MODELO ""T7 PRO 1.5T CVT PREMIUM"" CVT COMFORT AO DE FAB 2025 MODELO AO 2026 CON SUS ACCESORIOS NORMALES."
MITSUBISHI,MITSUBISHI,(sin modelo),L200 TRITON SPORT,ICE,265,265,2024-12,2026-09,24DA000000565264,1,UNA UNIDAD DE CAMIONETA DOBLE CABINA USADA MARCA MITSUBISHI MODELO L200 TRITON SPORT A¿O 2018
FIAT,FIAT,STRADA RANCH D/C 1,STRADA RANCH D/C,ICE,258,258,2024-02,2026-09,24DA000000086360,4,-DE PESO TOTAL CON CARGA M¿XIMA INFERIOR O IGUAL 5T EN:UNA CAMIONETA MARCA FIAT MODELO STRADA RANCH D/C 1.0L CVT FLEX A¿O DE FABRICACION 2023 MOD A¿O 2024 CON SUS ACCESORIOS NORMALES.-
PEUGEOT,PEUGEOT,(sin modelo),2008 ALLURE,ICE,254,254,2022-10,2026-09,22DA000000402655,9,STATION WAGON PARA EL TRANSPORTE DE PERSONAS PEUGEOT 2008 ALLURE 1.6 FLEX AT6 CON SUS ACCESORIOS CORRESPONDIENTES
CHERY,CHERY,T8 PRO 1,T8 PRO,ICE,254,254,2022-11,2026-09,22DA000000441860,2,UNA UNIDAD STATION WAGON MARCA CHERY MODELO T8 PRO 1.6T LUXURY CVT A¿O MODELO 2023
TOYOTA,TOYOTA,(sin modelo),PLATZ,ICE,253,253,2022-01,2026-09,22DA000000012130,10,1- UNA UNIDAD DE AUTOMOVIL USADO DE LA MARCA TOYOTA MODELO PLATZ A¿O 2004
KENTON,KENTON,(sin modelo),VOLKANO 125,ICE,252,252,2026-07,2026-09,26DA000000366262,2,CUACICLON KENTON VOLKANO 125 AZUL
CHEVROLET,CHEVROLET,S10 CD WORK 2,S10 CD WORK,ICE,247,247,2024-06,2026-09,24DA000000229625,6,"LOS DEM¿S; EN: CAMIONETA DE CARGA PICK-UP, MODELO S10 CD WORK 2.8 4X4,DOBLE CABINA,4X4, DIESEL, ANO FABRICACION 2024, ANO MODELO 2025, CON AIRE ACONDICIONADO Y DEMAS ACCESORIOS"
AUDI,AUDI,Q7 3,Q7,ICE,243,243,2022-01,2026-09,22DA000000019018,1,"1 (UNA) UNIDAD DE STATION WAGON MARCA AUDI, MODELO Q7 3.0 TDI SLINE PLUS, CHASSIS WAUZZZ4M4ND007111"
CITROEN,CITROEN,C4 CACTUS 1,C4 CACTUS,ICE,240,240,2022-01,2022-11,22DA000000013231,4,STATION WAGON PARA EL TRANSPORTE DE PERSONAS MARCA CITROEN MODELO C4 CACTUS 1.6 BVA6 THP FLEX SHINE CON SUS ACCESORIOS CORRESPONDIENTES
HYUNDAI,HYUNDAI,SANTA FE CON,SANTA FE,ICE,238,238,2022-05,2025-04,22DA000000130660,26,"01) UNA UNIDAD CAMIONETA ST WAGON MARCA: HYUNDAI, MODELO: SANTA FE CON MOTOR DIESEL, TRANSMISION AUTOMATICA 4X2, A¿O FABRICACION: 2022, MODELO A¿O: 2022, CON SUS ACCESORIOS CORRESPONDIENTES.-"
TOYOTA,TOYOTA,(sin modelo),DYNA,ICE,230,230,2022-01,2026-06,22DA000000006277,5,01) UNA CAMIONETA USADA MARCA: TOYOTA MODELO: DYNA A¿O: 2000 MOVIDO A DIESEL.-
CHEVROLET,CHEVROLET,S10 CD LTZ 2,S10 CD LTZ,ICE,228,228,2022-01,2026-09,22DA000000009586,5,"CAMIONETA DE CARGA PICK-UP, MODELO S10 CD LTZ 2.8 4X4 AT, DOBLE CABINA, 4X4, DIESEL, ANO DE FABRICACION 2021, ANO MODELO 2022, CON AIRE ACONDICIONADO Y DEMAS ACCESORIOS."
TOYOTA,TOYOTA,(sin modelo),CROWN ATHLETE,ICE,227,227,2023-06,2026-09,23DA000000267303,3,UN AUTOMOVIL USADO MARCA TOYOTA MODELO CROWN ATHLETE A¿O 2008
CHEVROLET,CHEVROLET,S10 CD Z71 2,S10 CD Z71,ICE,225,225,2022-01,2026-09,22DA000000013877,4,"LOS DEMAS; EN: CAMIONETA DE CARGA PICK-UP, MODELO S10 CD Z71 2.8 4X4 AT, DOBLE CABINA, 4 X 4, DIESEL, ANO 2022, CON AIRE ACONDICIONADO Y DEMAS ACCESORIOS.-"
CHEVROLET,CHEVROLET,(sin modelo),TRACKER LITE,ICE,223,223,2024-05,2026-09,24DA000000217201,1,CHEVROLET TRACKER LITE 1.2 FLEX TURBO AT
CHERY,CHERY,T7 PRO 1,T7 PRO,ICE,218,218,2022-11,2025-12,22DA000000439361,2,UNA UNIDAD STATION WAGON MARCA CHERY MODELO T7 PRO 1.5T LUXURY CVT A¿O MODELO 2023
FIAT,FIAT,MOBI LIKE 1,MOBI LIKE,ICE,217,217,2024-08,2026-09,24DA000000374718,7,"QUE UTILICEN INDISTINTAMENTE LOS SIGUIENTES COMBUSTIBLES: ,FLEX EN:UN AUTOM¿VIL MARCA FIAT MODELO MOBI LIKE 1.0L M/T FLEX A¿O DE FAB 2024 MODELO A¿O 2025 CON SUS ACCESORIOS NORMALES"
FIAT,FIAT,FASTBACK LIMITED 1,FASTBACK LIMITED,ICE,208,208,2024-03,2025-12,24DA000000118246,3,"QUE UTILICEN INDISTINTAMENTE LOS SIGUIENTES COMBUSTIBLES: ,FLEX EN:UN AUTOMOVIL MARCA FIAT MODELO FASTBACK LIMITED 1.3L A/T FLEX A¿O DE FAB 2023 MODELO A¿O 2024 CON SUS ACCESORIOS NORMALES"
CHERY,CHERY,T4 PRO 1,T4 PRO,HEV,207,207,2025-11,2026-09,25DA000000566536,10,VEHICULO CON CAPACIDAD DE TRANSPORTE DE PERSONAS EN: 01-UN AUTOMOVIL MARCA CHERY MODELO T4 PRO 1.5L AT HEV COMFORT 2WD (HIBRIDO)2WD AO DE FABRICACION 2025 MODELO AO 2026 CON SUS ACCESORIOS NORMALES
TOYOTA,TOYOTA,(sin modelo),CALDINA,ICE,206,206,2022-01,2026-07,22DA000000002296,10,01) UNIDAD ST. WAGON USADO MARCA TOYOTA MODELO CALDINA A¿O 2.006 NAFTERO.-
CHERY,CHERY,HIMLA 2,HIMLA,ICE,205,205,2026-04,2026-09,26DA000000165794,9,DE PESO TOTAL CON CARGA MXIMA INFERIOR O IGUAL A 5T EN: UNA CAMIONETA MARCA CHERY MODELO HIMLA 2.3L T M/T D COMFORT 4WD AO 2026 MOD AO 2027 CON SUS ACCESORIOS NORMALES.-
FIAT,FIAT,ARGO DRIVE 1,ARGO DRIVE,ICE,202,202,2025-05,2026-09,25DA000000235960,6,"QUE UTILICEN INDISTINTAMENTE LOS SIGUIENTES COMBUSTIBLES: ,FLEX EN:UN AUTOM¿VIL MARCA FIAT MODELO ARGO DRIVE 1.0L M/T FLEX A¿O DE FAB 2025 MODELO A¿O 2026 CON SUS ACCESORIOS NORMALES"
HINO,HINO,(sin modelo),DUTRO,ICE,201,201,2022-03,2026-09,22DA000000040810,9,UN CAMION CON CARROCERIA BARANDA USADO MARCA HINO MODELO DUTRO A¿O 2010
NISSAN,NISSAN,(sin modelo),VERSA,ICE,198,198,2022-01,2023-12,22DA000000017032,6,"VEHICULO CON CAPACIDAD DE TRANSPORTE DE PERSONAS, DE LOS TIPOS DENOMINADOS ""FLEX FLUEL"" EN: 01-UNA VEHICULO MARCA NISSAN MODELO VERSA A¿O FABRICACION 2021 MODELO A¿O 2022 CON SUS ACCESORIOS NORMALES."
SINOTRUK,SINOTRUK,(sin modelo),HOWO TX,ICE,193,193,2022-07,2026-09,22DA000000199957,3,"1.-UNID. CAMION TUMBA SINOTRUK HOWO TX 6X4, CON SUS CORRESP.ACCESORIOS(DESARMADOS)"
CHERY,CHERY,(sin modelo),T4 PRO,ICE,192,192,2025-12,2026-09,25DA000000622022,74,DE CILINDRADA SUPERIOR A 1.000 CM3. PERO INFERIOR O IGUAL A 1500CC EN:UN VEHICULO MARCA CHERY T4 PRO 1.5L A/T G COMFORT 2WD AO DE FAB 2025 MODELO AO 2026 CON SUS ACCESORIOS NORMALES.
TOYOTA,TOYOTA,(sin modelo),ETIOS H/B,ICE,191,191,2022-01,2023-08,22DA000000008228,8,"AUTOMOVIL DE LA MARCA TOYOTA ETIOS H/B 1.3 FLEX AUT, NGK11L-AHPRGG, A¿O DE FABRICACION 2021 MODELO A¿O 2022 CON SUS ACCESORIOS CORRESPONDIENTES.-"
CHEVROLET,CHEVROLET,(sin modelo),TRACKER RS,ICE,188,188,2023-04,2026-09,23DA000000054060,5,CHEVROLET TRACKER RS 1.2 FLEX TURBO AT
SUZUKI,SUZUKI,(sin modelo),SWIFT,ICE,187,187,2022-01,2026-09,22DA000000016265,5,UN AUTOMOVIL USADO MARCA SUZUKI MODELO SWIFT A¿O 2.009.-
MERCEDES-BENZ,MERCEDES-BENZ,(sin modelo),814,ICE,187,187,2022-01,2026-07,22DA000000001848,2,UNA UNIDAD DE CAMION USADO MARCA: MERCEDES BENZ MODELO:814 A¿O: 1996 COLOR BLANCO
CITROEN,CITROEN,(sin modelo),C4 CACTUS SHINE,ICE,187,187,2022-05,2026-01,22DA000000107652,8,STATION WAGON CITROEN C4 CACTUS SHINE 1.6 BVA FLEX CON SUS ACCESORIOS CORRESPONDIENTES
CHERY,CHERY,T8 PRO 1,T8 PRO,PHEV,187,187,2023-04,2026-09,23DA000000051987,4,UNA UNIDAD STATION WAGON MARCA CHERY MODELO T8 PRO 1.5TCI PHEV A¿O MODELO 2024
CHEVROLET,CHEVROLET,S10 CD HC 2,S10 CD HC,ICE,183,183,2022-01,2026-08,22DA000000240114,3,"LOS DEMAS; EN: CAMIONETA DE CARGA PICK-UP, MODELO S10 CD HC 2.8 4X4 AT, DOBLE CABINA, 4 X 4, DIESEL, ANO 2022, CON AIRE ACONDICIONADO Y DEMAS ACCESORIOS.-"
VOLKSWAGEN,VOLKSWAGEN,(sin modelo),T-CROSS,ICE,181,181,2022-01,2025-09,22DA000000021644,1,"EN 1 UNIDAD DE VEHICULO, MARCA VOLKSWAGEN, A¿O 2022, MOD. T-CROSS 1.0 COMFORTLINE TF AT, COLOR: BLANCO PURO.-"
MINI,MINI,(sin modelo),COOPER,ICE,180,180,2022-02,2026-04,22DA000000061255,9,"UNA UNIDAD DE AUTOMOVIL USADO, MARCA MINI MODELO COOPER A¿O 2007.-"
JEEP,JEEP,(sin modelo),RENEGADE SPORT,ICE,179,179,2022-01,2025-02,22DA000000012963,12,"VEHICULO CON CAPACIDAD DE TRANSPORTE DE PERSONAS DE LOS TIPOS DENOMINADOS ""FLEX"" EN:01-UN VEHICULO MARCA JEEP MODELO RENEGADE SPORT A¿O DE FABRICACION 2021 MODELO A¿O 2022 CON SUS ACCESORIOS"
HYUNDAI,HYUNDAI,(sin modelo),ACCENT,ICE,176,176,2022-01,2026-09,22DA000000003920,1,UN VEHICULO USADO TIPO AUTOMOVIL MARCA HYUNDAI MODELO ACCENT A¿O 2011 MOVIDO A GASOLINA
CHEVROLET,CHEVROLET,(sin modelo),ONIX RS,ICE,175,175,2022-01,2026-09,22DA000000019545,9,"1 UNID. AUTOMOVIL MARCA CHEVROLET, MOD. ONIX RS 5D48HN, PASAJERO, 5 LUG., 5 PTAS., MOTOR FLEX E100 3 CIL. 1.0L TURBO,A¿O DE FABRICACION 2021,MOD. A¿O 2022,C/ACC. NORMALES Y OPCIONALES"
PEUGEOT,PEUGEOT,(sin modelo),PARTNER,ICE,174,174,2022-12,2026-01,22DA000000348641,4,FURGONETA PARA EL TRANSPORTE DE CARGAS PEUGEOT PARTNER 1.6 HDI CON SUS ACCESORIOS CORRESPONDIENTES
PEUGEOT,PEUGEOT,LANDTREK 1,LANDTREK,ICE,173,173,2022-02,2024-11,22DA000000237672,4,CAMIONETA PARA EL TRANSPORTE DE PERSONAS MARCA PEUGEOT MODELO LANDTREK 1.9 HDI 4X4 YUN10 CON SUS ACCESORIOS CORRESPONDIENTES
TOYOTA,TOYOTA,(sin modelo),REGIUS,ICE,172,172,2022-01,2026-07,22DA000000012123,1,UN STATION WAGON USADO MARCA TOYOTA MODELO REGIUS A¿O 2000
JEEP,JEEP,(sin modelo),COMMANDER OVERLAND,ICE,171,171,2022-06,2025-02,22DA000000113931,33,"VEHICULO CON CAPACIDAD DE TRANSPORTE DE PERSONAS DE LOS TIPOS DENOMINADOS ""FLEX"" EN:01-UN VEHICULO MARCA JEEP MODELO COMMANDER OVERLAND A¿O DE FABRICACION 2022 MODELO A¿O 2023 CON SUS ACC. NORMALES"
VOLKSWAGEN,VOLKSWAGEN,POLO HIGHLINE 1,POLO HIGHLINE,ICE,171,171,2023-09,2026-08,23DA000000743738,1,"1.-UNIDAD DE AUTOMOVIL, MARCA VOLKSWAGEN, MODELO POLO HIGHLINE 1.0 TF AT, A¿O DE FABRICACION 2023, A¿O MODELO 2024, CON SUS ACCESORIOS CORRESPONDIENTES.-"
HYUNDAI,HYUNDAI,NEW CRETA PLATINUM NAFTERO 1,NEW CRETA PLATINUM NAFTERO,ICE,171,171,2025-03,2026-07,25DA000000111620,7,"VEHICULOS AUTOMOVILES PARA EL TRANSPORTE DE PERSONAS, MARCA HYUNDAI, MODELO: NEW CRETA PLATINUM NAFTERO 1.5CC AT., CON SUS ACCESORIOS CORRESPONDIENTES"
FIAT,FIAT,MOBI TREKKING 1,MOBI TREKKING,ICE,170,170,2022-01,2026-01,22DA000000022489,24,"(1) UNA UNIDAD, AUTOMOVIL, MARCA FIAT, MODELO MOBI TREKKING 1.0 FLEX, A¿O DE FABRICACION 2021, MODELO DEL A¿O 2022, CON SUS ACCESORIOS CORRESPONDIENTES.-"
VOLKSWAGEN,VOLKSWAGEN,NUEVO GOL 1,NUEVO GOL,ICE,169,169,2022-07,2022-10,22DA000000203483,1,"1.-UNIDAD DE AUTOMOVIL, MARCA VOLKSWAGEN, MODELO NUEVO GOL 1.6 GPII TRENDLINE TF MT, A¿O DE FABRICACION 2022, A¿O MODELO 2023, CON SUS ACCESORIOS CORRESPONDIENTES.-"
HYUNDAI,HYUNDAI,(sin modelo),GRAND STAREX,ICE,168,168,2022-01,2026-09,22DA000000006270,1,UN VEHICULO USADO TIPO STATION WAGON MARCA HYUNDAI MODELO GRAND STAREX A¿O 2010 MOVIDO A DIESEL
CHEVROLET,CHEVROLET,S10 CS WORK 2,S10 CS WORK,ICE,168,168,2024-06,2026-09,24DA000000229622,5,"LOS DEMAS; EN: CAMIONETA DE CARGA PICK-UP, MODELO S10 CS WORK 2.8 4X4, CABINA SIMPLE, 4X4, DIESEL, ANO FABRICACION 2024, ANO MODELO 2025, CON AIRE ACONDICIONADO Y DEMAS ACCESORIOS.-"
RENAULT,RENAULT,KWID INTENS 1,KWID INTENS,ICE,165,165,2022-04,2025-11,22DA000000085745,3,1)UNA UNIDAD AUTOMOVIL OKM;MARCA RENAULT;MODELO KWID INTENS 1.0
FIAT,FIAT,PULSE S-DESIGN 1,PULSE S-DESIGN,ICE,165,165,2024-03,2025-06,24DA000000120989,5,"QUE UTILICEN INDISTINTAMENTE LOS SIGUIENTES COMBUSTIBLES: ,FLEX EN:UN AUTOMOVIL MARCA FIAT MODELO PULSE S-DESIGN 1.3L CVT FLEX A¿O DE FAB 2023 MODELO A¿O 2024 CON SUS ACCESORIOS NORMALES"
MG,MG,2026,ZS COM,ICE,165,165,2025-07,2025-11,25DA000000354414,2,"1 UNID CAMIONETA, MARCA: MG, TIPO MG ZS COM, AO DE FABRICACION: 2025, AO MODELO: 2026 CON SUS ACCESORIOS NORMALES Y CORRESPONDIENTES.-"
NISSAN,NISSAN,(sin modelo),KAIT SENSE,ICE,165,165,2026-03,2026-09,26DA000000117027,9,"DE LOS TIPOS DENOMINADOS ""FLEX FUEL"" EN: 01-UN AUTOMOVIL MARCA NISSAN MODELO KAIT SENSE CVT - FLEX A¿O DE FABRICACION 2026 MODELO A¿O 2027 CON SUS ACCESORIOS NORMALES"
JEEP,JEEP,(sin modelo),COMPASS LONGITUDE,ICE,163,163,2022-01,2024-04,22DA000000012963,38,"VEHICULO CON CAPACIDAD DE TRANSPORTE DE PERSONAS DE LOS TIPOS DENOMINADOS ""FLEX"" EN:01-UN VEHICULO MARCA JEEP MODELO COMPASS LONGITUDE A¿O DE FABRICACION 2021 MODELO A¿O 2022 CON SUS ACCESORIOS"
RAM,RAM,RAMPAGE LARAMIE 2,RAMPAGE LARAMIE,ICE,161,161,2024-02,2026-08,24DA000000080834,1,VEHICULO CON CAPACIDAD DE TRANSPORTE DE MERCANCIAS EN: 01-UNA CAMIONETA MARCA RAM MODELO RAMPAGE LARAMIE 2.0 DS DOBLE CABINA 4X4 A¿O DE FABRICACION 2023 MODELO A¿O 2024 CON SUS ACCESORIOS NORMALES.
VOLKSWAGEN,VOLKSWAGEN,(sin modelo),VOYAGE,ICE,159,159,2022-01,2022-07,22DA000000022788,1,"EN 1 UNIDAD DE VEHICULO, MARCA VOLKSWAGEN, A¿O 2022, MOD. VOYAGE 1.6 TRENDLINE TF MT, COLOR: PLATA SIRIUS.-"
MERCEDES-BENZ,MERCEDES-BENZ,(sin modelo),ATEGO 815,ICE,159,159,2022-01,2026-09,22DA000000002665,1,UNA UNIDAD DE CAMION USADO MARCA MERCEDES BENZ MODELO ATEGO 815 A¿O 2005.-
FORD,FORD,2022,RANGER RAPTOR DC,ICE,159,159,2022-01,2022-08,22DA000000007072,1,UNA UNIDAD CAMIONETA MARCA FORD MODELO RANGER RAPTOR DC 2L AT A¿O MODELO 2022
CHEVROLET,CHEVROLET,ONIX JOY HB 1,ONIX JOY HB,ICE,159,159,2022-02,2022-11,22DA000000254377,9,"AUTOMOVIL, MODELO ONIX JOY HB 1.0, MOTOR FLEX FUEL E100, ANO 2022, CON AIRE ACONDICIONADO Y DEMAS ACCESORIOS.-"
CHEVROLET,CHEVROLET,(sin modelo),MONTANA PREMIER II,ICE,159,159,2023-03,2026-08,23DA000000070796,8,"1 UNID. CAMIONETA DE CARGA CABINA DOBLE, MARCA CHEVROLET, MOD. MONTANA PREMIER II, 5Y43BP, MOTOR FLEX E100* 3 CIL, 1.2L TURBO, A¿O DE FAB. 2023 , MOD. A¿O 2023, C/ACC, NORMALES Y OPCIONALES.-"
NISSAN,NISSAN,(sin modelo),X-TRAIL,ICE,158,158,2022-01,2026-09,22DA000000015529,1,VEHICULO CON CAPACIDAD DE TRANSPORTE DE PERSONAS EN: 01-UN VEHICULO MARCA NISSAN MODELO X-TRAIL A¿O DE FABRICACION 2021 MODELO A¿O 2022 CON SUS ACCESORIOS NORMALES.
MG,MG,(sin modelo),ZS COM,ICE,158,158,2026-02,2026-05,26DA000000081883,2,"1 UNID CAMIONETA, MARCA MG, TIPO ZS COM, ANO DE FABRICACION 2026, MODELO ANO 2027, CON SUS ACCESORIOS NORMALES Y CORRESPONDIENTES.-"
TOYOTA,TOYOTA,(sin modelo),GRANVIA,ICE,152,152,2022-01,2026-08,22DA000000005061,2,UN VEHICULO USADO TIPO STATION WAGON MARCA TOYOTA MODELO GRANVIA A¿O 2002 MOVIDO A DIESEL
MAZDA,MAZDA,2027,BT-50 DBL-CAB,ICE,152,152,2026-04,2026-09,26DA000000190693,10,VEHICULO CON CAPACIDAD DE TRANSPORTE DE MERCANCIAS EN: 01-UNA CAMIONETA MARCA MAZDA MODELO BT-50 DBL-CAB (DIESEL-ENG 1900) 6AT 4X4 A¿O DE FABRICACION 2026 A¿O MODELO 2027 CON SUS ACCESORIOS NORMALES
VOLKSWAGEN,VOLKSWAGEN,GOL HATCHBACK LAST EDITION 1,GOL HATCHBACK LAST EDITION,ICE,150,150,2022-11,2023-03,22DA000000425512,5,"1.-UNIDAD DE AUTOMOVIL, MARCA VOLKSWAGEN, MODELO GOL HATCHBACK LAST EDITION 1.6 TF MT, A¿O DE FABRICACION 2022, A¿O MODELO 2023, CON SUS ACCESORIOS CORRESPONDIENTES.-"
ISUZU,ISUZU,(sin modelo),MU-X,ICE,148,148,2022-07,2026-06,22DA000000173088,47,"01) UNA UNIDAD CAMIONETA ST WAGON CON MOTOR DIESEL, TRANSMISION AUTOMATICA 4X4, MARCA: ISUZU - MU-X, A¿O FABRICACION: 2022, MODELO A¿O: 2023, CON SUS ACCESORIOS CORRESPONDIENTES.-"
CHEVROLET,CHEVROLET,S10 CS LS 2,S10 CS LS,ICE,147,147,2022-01,2024-04,22DA000000009586,1,"CAMIONETA DE CARGA PICK-UP, MODELO S10 CS LS 2.8 4X4, CABINA SIMPLE, DIESEL, ANO DE FABRICACION 2021, ANO MODELO 2022, CON AIRE ACONDICIONADO Y DEMAS ACCESORIOS"
FIAT,FIAT,STRADA ENDURANCE 1,STRADA ENDURANCE,ICE,147,147,2022-01,2023-08,22DA000000022489,21,"(1) UNA UNIDAD, CAMIONETA PICK UP, MARCA FIAT, MODELO STRADA ENDURANCE 1.4 CP FLEX, A¿O DE FABRICACION 2021, MODELO DEL A¿O 2022, CON SUS ACCESORIOS CORRESPONDIENTES.-"
PEUGEOT,PEUGEOT,2008 ALLURE 1,2008 ALLURE,ICE,145,145,2022-01,2024-10,22DA000000009932,11,STATION WAGON PARA EL TRANSPORTE DE PERSONAS MARCA PEUGEOT MODELO 2008 ALLURE 1.2 PURETECH 130 AT6 CON SUS ACCESORIOS CORRESPONDIENTES
TOYOTA,TOYOTA,(sin modelo),HIACE REGIUS,ICE,144,144,2022-01,2026-08,22DA000000000581,3,UN VEHICULO USADO TIPO STATION WAGON MARCA TOYOTA MODELO HIACE REGIUS A¿O 1998 MOVIDO A GASOLINA
NISSAN,NISSAN,(sin modelo),DATSUN,ICE,142,142,2022-01,2026-07,22DA000000008363,9,01- UNA UNIDAD DE CAMIONETA DOBLE CABINA USADO MARCA NISSAN MODELO DATSUN A¿O 1997
CHERY,CHERY,T7 PRO 1,T7 PRO,PHEV,142,142,2025-10,2026-09,25DA000000518195,9,VEHICULO CON CAPACIDAD DE TRANSPORTE DE PERSONAS EN: 01-UN AUTOMOVIL MARCA CHERY MODELO T7 PRO 1.5 T A/T G PHEV LUXURY (HIBRIDO ENCHUFABLE)2WD AO DE FABRICACION 2025 MODELO AO 2026 CON SUS ACCESORIOS
TOYOTA,TOYOTA,(sin modelo),TOWNACE,ICE,141,141,2022-01,2026-07,22DA000000002070,4,UN VEHICULO USADO TIPO STATION WAGON MARCA TOYOTA MODELO TOWNACE A¿O 2000 MOVIDO A DIESEL
GAC,GAC,GS3 GB 1,GS3 GB,ICE,141,141,2024-04,2026-03,24DA000000145475,8,"LOS DEMAS; EN: AUTOMOVIL TIPO STATION WAGON, MODELO GS3 GB 1.5, 4X2, NAFTERO, ANO FABRICACION 2023, ANO MODELO 2024, CON AIRE ACONDICIONADO Y DEMAS ACCESORIOS.-"
NISSAN,NISSAN,(sin modelo),QASHQAI,ICE,139,139,2022-07,2026-07,22DA000000282666,1,01) UN STATION WAGON USADO MARCA: NISSAN MODELO: QASHQAI A¿O: 2007 MOVIDO A GASOLINA
RAM,RAM,RAMPAGE R/T 2,RAMPAGE R/T,ICE,136,136,2024-02,2026-08,24DA000000065191,3,VEHICULO CON CAPACIDAD DE TRANSPORTE DE MERCANCIAS EN: 01-UNA CAMIONETA MARCA RAM MODELO RAMPAGE R/T 2.0 GME DOBLE CABINA 4X4 A¿O DE FABRICACION 2023 MODELO A¿O 2024 CON SUS ACCESORIOS NORMALES.
PEUGEOT,PEUGEOT,2008 ACTIVE ENTRY 1,2008 ACTIVE ENTRY,ICE,134,134,2022-01,2022-06,22DA000000005721,3,STATION WAGON PARA EL TRANSPORTE DE PERSONAS MARCA PEUGEOT MODELO 2008 ACTIVE ENTRY 1.6 FLEX 115HP AT6 CON SUS ACCESORIOS CORRESPONDIENTES
VOLKSWAGEN,VOLKSWAGEN,(sin modelo),SAVEIRO ROBUST DC,ICE,133,133,2022-01,2022-06,22DA000000027007,4,"EN 1 UNIDAD DE VEHICULO, MARCA VOLKSWAGEN, A¿O 2022, MOD. SAVEIRO ROBUST DC 1.6 TF MT, COLOR: PLATA SIRIUS.-"
CITROEN,CITROEN,C3 1,C3,ICE,133,133,2022-04,2025-04,22DA000000055706,9,AUTOMOVIL PARA EL TRANSPORTE DE PERSONAS MARCA CITROEN MODELO C3 1.6HDI 90 BVM5 SHINE CON SUS ACCESORIOS CORRESPONDIENTES
CHEVROLET,CHEVROLET,TRAILBLAZER HC 2,TRAILBLAZER HC,ICE,133,133,2024-07,2026-08,24DA000000273841,6,"LOS DEM¿S; EN: AUTOMOVIL TIPO STATION WAGON MODELO TRAILBLAZER HC 2.8 4X4 AT, ANO FABRICACION 2024, ANO MODELO 2025, CON AIRE ACONDICONADO Y DEMAS ACCESORIOS."
IVECO,IVECO,(sin modelo),DAILY 30,ICE,131,131,2024-07,2026-05,24DA000000312663,1,"(01) UNIDAD DE FURGON, DAILY 30 - 160 VAN, ANIO DE FABRICACION 2.024, CON SUS ACCESORIOS CORRESPONDIENTES.-"
FIAT,FIAT,PULSE IMPETUS 1,PULSE IMPETUS,ICE,130,130,2022-04,2024-10,22DA000000089063,36,"(1) UNA UNIDAD AUTOMOVIL, MARCA FIAT, MODELO PULSE IMPETUS 1.0 T3 CVT FLEX, A¿O DE FABRICACION 2022, MODELO DEL A¿O 2023, CON SUS ACCESORIOS CORRESPONDIENTES.-"
CHEVROLET,CHEVROLET,(sin modelo),MONTANA RS,ICE,130,130,2023-08,2026-08,23DA000000662874,3,"1 UNID. CAMIONETA DE CARGA CABINA DOBLE, MARCA CHEVROLET, MOD. MONTANA RS, 5D43BR, MOTOR FLEX E100* 3 CIL, 1.2L TURBO, A¿O DE FAB. 2023, MOD. A¿O 2024, C/ACC, NORMALES Y OPCIONALES.-"
SUZUKI,SUZUKI,(sin modelo),IGNIS GL,ICE,130,130,2024-07,2024-12,24DA000000301798,2,"AUTOMOVILES PARA TURISMO Y DEMAS VEHICULOS AUTOMOVILES CONCEBIDOS PRINCIPALMENTE PARA EL TRANSPORTE DE PERSONAS (EXCEPTO LOS DE LA PARTIDA 87.02),EN 1 UNIDAD AUTOMOVIL SUZUKI IGNIS GL AT"
CHEVROLET,CHEVROLET,S10 CD LT 2,S10 CD LT,ICE,129,129,2022-01,2024-02,22DA000000009586,4,"CAMIONETA DE CARGA PICK-UP, MODELO S10 CD LT 2.8 4X4, DOBLE CABINA, 4X4, DIESEL, ANO DE FABRICACION 2021, ANO MODELO 2022, CON AIRE ACONDICIONADO Y DEMAS ACCESORIOS."
HYUNDAI,HYUNDAI,(sin modelo),PORTER II,ICE,129,129,2022-01,2026-09,22DA000000011489,1,UN VEHICULO USADO TIPO CAMIONETA MARCA HYUNDAI MODELO PORTER II A¿O 2011 MOVIDO A DIESEL
GAC,GAC,GS3 GS 1,GS3 GS,ICE,128,128,2023-12,2025-10,23DA000000874499,9,"LOS DEM¿S; EN: AUTOMOVIL TIPO STATION WAGON, MODELO GS3 GS 1.5 MT, 4X2, NAFTERO, ANO FABRICACI¿N 2023, ANO MODELO 2024, CON AIRE ACONDICIONADO Y DEM¿S ACCESORIOS.-"
CHEVROLET,CHEVROLET,TRACKER LS 1,TRACKER LS,ICE,127,127,2022-01,2024-02,22DA000000024984,3,"AUTOMOVIL TIPO STATION WAGON, MODELO TRACKER LS 1.2 TB AT, MOTOR FLEX FUEL E100, ANO 2022, CON AIRE ACONDICIONADO Y DEMAS ACCESORIOS.-"
TOYOTA,TOYOTA,(sin modelo),TOYOACE,ICE,125,125,2022-01,2026-06,22DA000000006277,6,01) UN CAMION FRIGORIFICO USADO MARCA: TOYOTA MODELO: TOYOACE A¿O: 2008 MOVIDO A DIESEL.-
PEUGEOT,PEUGEOT,208 ALLURE 1,208 ALLURE,ICE,125,125,2022-02,2024-08,22DA000000059583,3,AUTOMOVIL PARA EL TRANSPORTE DE PERSONAS MARCA PEUGEOT MODELO 208 ALLURE 1.6 FLEX 115 AT6 CON SUS ACCESORIOS CORRESPONDIENTES
MAZDA,MAZDA,2025,BT-50 DBL-CAB,ICE,125,125,2024-07,2025-05,24DA000000302605,1,VEHICULO CON CAPACIDAD DE TRANSPORTE DE MERCANCIAS EN: 01-UNA CAMIONETA MARCA MAZDA MODELO BT-50 DBL-CAB (DIESEL-ENG 1900) 6AT 4X4 A¿O DE FABRICACION 2024 A¿O MODELO 2025 CON SUS ACCESORIOS NORMALES.
VOLKSWAGEN,VOLKSWAGEN,(sin modelo),TIGUAN,ICE,123,123,2022-07,2026-09,22DA000000208973,3,UNA UNIDAD DE STATION WAGON USADO MARCA VOLKSWAGEN MODELO TIGUAN A¿O 2008 COLOR PLOMO
GAC,GAC,EMZOOM GS 1,EMZOOM GS,ICE,120,120,2024-01,2026-09,24DA000000032434,5,"LOS DEM¿S; EN: AUTOMOVIL TIPO STATION WAGON, MODELO EMZOOM GS 1.5T AT, 4X2, NAFTERO, ANO FABRICACI¿N 2023, ANO MODELO 2024, CON AIRE ACONDICIONADO Y DEM¿S ACCESORIOS.-"
VOLKSWAGEN,VOLKSWAGEN,(sin modelo),SAVEIRO ROBUST SC,ICE,118,118,2022-01,2023-12,22DA000000027007,9,"EN 1 UNIDAD DE VEHICULO, MARCA VOLKSWAGEN, A¿O 2022, MOD. SAVEIRO ROBUST SC 1.6 TF MT, COLOR: ROJO FLASH.-"
MAZDA,MAZDA,(sin modelo),DEMIO,ICE,118,118,2022-02,2026-09,22DA000000290905,4,01) UNA UNIDAD DE VEHICULO USADO MAZDA DEMIO 2007
PEUGEOT,PEUGEOT,3008 ACTIVE PACK 2,3008 ACTIVE PACK,ICE,117,117,2022-01,2023-03,22DA000000009932,37,STATION WAGON PARA EL TRANSPORTE DE PERSONAS MARCA PEUGEOT MODELO 3008 ACTIVE PACK 2.0 HDI EAT8 S-T CON SUS ACCESORIOS CORRESPONDIENTES
FIAT,FIAT,STRADA FREEDOM CD 1,STRADA FREEDOM CD,ICE,117,117,2022-05,2023-12,22DA000000119292,17,"1)UNIDAD DE VEHICULO MARCA FIAT MODELO:STRADA FREEDOM CD 1.3 ,FLEX, COLOR:PLATA,CON CHASSIS N: 9BD281B3CPYX22589 Y MOTOR N: 463510128110334, A¿O FABRICACION:2022,MODELO A¿O 2023.-"
HONDA,HONDA,(sin modelo),WR-V,ICE,117,117,2024-06,2026-09,24DA000000256203,5,"CON CAPACIDAD PARA EL TRANSPORTE DE PERSONAS SENTADAS INF. O IGUAL A 6, INCL. EL CONDUCTOR. LOS DEMAS. CRI.TEC.LEG.: R.G.I.1 Y 6. SE TRATA DE: 1 UNIDAD VEHICULO TIPO SUV MOD. WR-V FAB. A¿O 2024"
TOYOTA,TOYOTA,(sin modelo),IQ,ICE,116,116,2022-03,2026-09,22DA000000047379,5,01- UNA UNIDAD DE AUTOMOVIL USADO MARCA TOYOTA MODELO IQ A¿O 2009
PEUGEOT,PEUGEOT,(sin modelo),3008 ACTIVE PACK,ICE,116,116,2023-03,2025-04,23DA000000082653,1,STATION WAGON PARA EL TRANSPORTE DE PERSONAS PEUGEOT 3008 ACTIVE PACK 1.6 THP 165 ST CON SUS ACCESORIOS CORRESPONDIENTES
FIAT,FIAT,FASTBACK ABARTH 1,FASTBACK ABARTH,ICE,116,116,2024-08,2026-09,24DA000000368566,1,"QUE UTILICEN INDISTINTAMENTE LOS SIGUIENTES COMBUSTIBLES: ,FLEX EN:UN AUTOMOVIL MARCA FIAT MODELO FASTBACK ABARTH 1.3L T CVT FLEX A¿O DE FABRICACION 2024 MODELO A¿O 2025 CON SUS ACCESORIOS NORMALES"
AUDI,AUDI,Q2 1,Q2,ICE,114,114,2022-04,2026-09,22DA000000130363,3,"1) UNIDAD VEHICULO DE LA MARCA AUDI TIPO CAMIONETA MODELO Q2 1.4 TFSI S LINEI, A¿O DE FABRICACION 2022; MODELO A¿O 2022, CON SUS ACCESORIOS NORMALES Y OPCIONALES.-"
NISSAN,NISSAN,KICKS PLAY ADVANCE CVT 1,KICKS PLAY ADVANCE CVT,ICE,113,113,2025-04,2025-11,25DA000000186491,5,"DE LOS TIPOS DENOMINADOS ""FLEX FUEL"" EN: 01-UN AUTOMOVIL MARCA NISSAN MODELO KICKS PLAY ADVANCE CVT 1.6 FLEX A¿O DE FABRICACION 2025 MODELO A¿O 2026 CON SUS ACCESORIOS NORMALES"
KIA,KIA,(sin modelo),BONGO III,ICE,112,112,2022-03,2026-06,22DA000000248061,2,UN VEHICULO USADO TIPO CAMIONETA MARCA KIA MODELO BONGO III A¿O 2011 MOVIDO A DIESEL
MITSUBISHI,MITSUBISHI,(sin modelo),L200 D DC,ICE,112,112,2022-07,2024-10,22DA000000191093,1,1)UNA UNIDAD PICK UP OKM;MARCA MITSUBISHI;MODELO L200 D DC 4WD MT GLX
RENAULT,RENAULT,(sin modelo),KANGOO EXPRESS,ICE,112,112,2023-10,2025-12,23DA000000774247,1,FURGONETA PARA EL TRANSPORTE DE MERCANCIAS 0KM MARCA RENAULT KANGOO EXPRESS
GAC,GAC,EMZOOM GL 1,EMZOOM GL,ICE,112,112,2023-12,2026-09,23DA000000887781,17,"LOS DEM¿S; EN: AUTOMOVIL TIPO STATION WAGON, MODELO EMZOOM GL 1.5T AT, 4X2, NAFTERO, ANO FABRICACI¿N 2023, ANO MODELO 2024, CON AIRE ACONDICIONADO Y DEM¿S ACCESORIOS.-"
CHEVROLET,CHEVROLET,S10 CD LS 2,S10 CD LS,ICE,111,111,2022-03,2024-04,22DA000000072492,1,"CAMIONETA DE CARGA PICK-UP, MODELO S10 CD LS 2.8 4X4, DOBLE CABINA, 4X4, DIESEL, ANO 2022, CON AIRE ACONDICIONADO Y DEMAS ACCESORIOS"
MITSUBISHI,MITSUBISHI,MONTERO SPORT 2,MONTERO SPORT,ICE,110,110,2022-07,2025-02,22DA000000166019,1,1)UNA UNIDAD STATION WAGON OKM;MARCA MITSUBISHI;MODELO MONTERO SPORT 2.4D 4WD 8AT GLS
HYUNDAI,HYUNDAI,TUCSON LIMITED 1,TUCSON LIMITED,ICE,110,110,2025-05,2025-09,25DA000000225116,7,VEHICULOS AUTOMOVILES PARA EL TRANSPORTE DE PERSONAS MARCA HYUNDAI MODELO TUCSON LIMITED 1.6CC TURBO AT GASOLINA .CON SUS ACCESORIOS CORRESPONDIENTES
CHEVROLET,CHEVROLET,(sin modelo),ONIX LTZ,ICE,108,108,2022-01,2024-11,22DA000000019545,1,"1 UNID. AUTOMOVIL MARCA CHEVROLET, MOD. ONIX LTZ 5N48HN, PASAJERO, 5 LUG., 5 PTAS., MOTOR FLEX E100 3 CIL. 1.0L TURBO,A¿O DE FABRICACION 2021,MOD. A¿O 2022,C/ACC. NORMALES Y OPCIONALES"
PEUGEOT,PEUGEOT,(sin modelo),2008 STYLE,ICE,108,108,2022-10,2024-03,22DA000000395126,3,STATION WAGON PARA EL TRANSPORTE DE PERSONAS PEUGEOT 2008 STYLE 1.6 FLEX AT6 CON SUS ACCESORIOS CORRESPONDIENTES
RAM,RAM,RAMPAGE BIGHORN 2,RAMPAGE BIGHORN,ICE,108,108,2024-02,2026-08,24DA000000079717,6,VEHICULO CON CAPACIDAD DE TRANSPORTE DE MERCANCIAS EN: 01-UNA CAMIONETA MARCA RAM MODELO RAMPAGE BIGHORN 2.0 DIESEL DOBLE CABINA 4X4 A¿O DE FABRICACION 2023 MODELO A¿O 2024 CON SUS ACCESORIOS NORMALES
CHEVROLET,CHEVROLET,(sin modelo),ONIX LS HB,ICE,108,108,2024-12,2025-09,24DA000000571144,4,"1 UNID. AUTOMOVIL MARCA CHEVROLET, MOD. ONIX LS HB , 5A48AS, PASAJERO, 5 LUG., 5 PTAS., MOTOR FLEX E100 3 CIL. 1.0L, ANIO DE FABRICACION 2024, MOD. ANIO 2025, C/ACC. NORMALES Y OPCIONALES."
FORD,FORD,EVEREST 2,EVEREST,ICE,107,107,2025-08,2026-09,25DA000000413478,1,UNA UNIDAD STATION WAGON MARCA FORD MODELO EVEREST 2.3L 4X4 LTD A¿O MODELO 2025
CHEVROLET,CHEVROLET,TRACKER PREMIER 1,TRACKER PREMIER,ICE,106,106,2022-01,2026-06,22DA000000021481,7,"AUTOMOVIL TIPO STATION WAGON, MODELO TRACKER PREMIER 1.2 TB AT, MOTOR FLEX FUEL E100, ANO 2022, CON AIRE ACONDICIONADO Y DEMAS ACCESORIOS.-"
FORD,FORD,BRONCO SPORT 2,BRONCO SPORT,ICE,105,105,2022-06,2026-09,22DA000000175941,1,UNA UNIDAD STATION WAGON MARCA FORD MODELO BRONCO SPORT 2.0 AT 4X4 WILDTRACK A¿O MODELO 2022
CHEVROLET,CHEVROLET,(sin modelo),SILVERADO LTZ Z71,ICE,105,105,2023-06,2023-10,23DA000000244904,2,"1 UNID. CAMIONETA DE CARGA CABINA DOBLE, MARCA CHEVROLET, MOD. SILVERADO LTZ Z71 3.0 TURBO DIESEL, 4X4, CK10543N, A¿O DE FABRICACION 2.023, MOD. A¿O 2.023, C/ACCESORIOS NORMALES Y OPCIONALES.-"
CHEVROLET,CHEVROLET,(sin modelo),TRAILBLAZER HC,ICE,105,105,2025-03,2026-09,25DA000000112287,1,STATION WAGON CHEVROLET TRAILBLAZER HC 4X4 2.8 DIESEL A/T
CHERY,CHERY,(sin modelo),M7 PRO,ICE,104,104,2026-01,2026-09,26DA000000040061,29,DE CILINDRADA SUPERIOR A 1.000 CM3. PERO INFERIOR O IGUAL A 1500CC EN:UN VEHICULO MARCA CHERY M7 PRO 1.5 T A/T G COMFORT 2WD AO DE FAB 2025 MODELO AO 2026 CON SUS ACCESORIOS NORMALES.
PEUGEOT,PEUGEOT,208 ACTIVE 1,208 ACTIVE,ICE,103,103,2022-01,2024-07,22DA000000021112,5,AUTOMOVIL PARA EL TRANSPORTE DE PERSONAS MARCA PEUGEOT MODELO 208 ACTIVE 1.6 FLEX 115 AT6 CON SUS ACCESORIOS CORRESPONDIENTES
KIA,KIA,(sin modelo),K3,ICE,103,103,2022-02,2026-09,22DA000000288053,5,01) UN AUTOMOVIL USADO MARCA: KIA MODELO: K3 A¿O: 2016 MOVIDO A GASOLINA
PEUGEOT,PEUGEOT,PARTNER 1,PARTNER,ICE,102,102,2022-02,2023-09,22DA000000258217,6,FURGONETA PARA EL TRANSPORTE DE CARGAS MARCA PEUGEOT MODELO PARTNER 1.6 HDI CON SUS ACCESORIOS CORRESPONDIENTES
BAIC,BAIC,(sin modelo),X55,ICE,102,102,2023-01,2026-09,23DA000000006505,8,"1.-UNIDAD CAMIONETA STATION WAGON, MARCA: BAIC X55, CON SUS CORRESP.ACCESORIOS"
CHEVROLET,CHEVROLET,MONTANA CD LTZ 1,MONTANA CD LTZ,ICE,101,101,2023-03,2026-09,23DA000000074174,1,"LOS DEMAS; EN: CAMIONETA DE CARGA MODELO MONTANA CD LTZ 1.2 TB AT, MOTOR FLEX FUEL E100, ANO 2023, CON AIRE ACONDICIONADO Y DEMAS ACCESORIOS.-"
RENAULT,RENAULT,NUEVO KWID ZEN 1,NUEVO KWID ZEN,ICE,100,100,2022-05,2023-07,22DA000000126075,5,1)UNA UNIDAD AUTOMOVIL OKM;MARCA RENAULT;MODELO NUEVO KWID ZEN 1.0
PEUGEOT,PEUGEOT,208 GRIFFE 1,208 GRIFFE,ICE,98,98,2022-01,2023-06,22DA000000021112,9,AUTOMOVIL PARA EL TRANSPORTE DE PERSONAS MARCA PEUGEOT MODELO 208 GRIFFE 1.6 FLEX 115 AT6 CON SUS ACCESORIOS CORRESPONDIENTES
FIAT,FIAT,STRADA RANCH DC 1,STRADA RANCH DC,ICE,98,98,2022-05,2023-01,22DA000000128029,8,"(1) UNA UNIDAD CAMIONETA PICK UP, MARCA FIAT, MODELO STRADA RANCH DC 1.3 CVT FLEX, A¿O DE FABRICACION 2022, MODELO DEL A¿O 2023, CON SUS ACCESORIOS CORRESPONDIENTES.-"
SUZUKI,SUZUKI,(sin modelo),CELERIO GL,ICE,98,98,2025-03,2026-08,25DA000000126686,34,1 UNIDAD SUZUKI CELERIO GL MT
MITSUBISHI FUSO,MITSUBISHI FUSO,2027,CANTER,ICE,98,98,2026-05,2026-09,26DA000000249324,10,"1 UNID CAMION CHASSIS/CABINA, MARCA MITSUBISHI FUSO,TIPO: CANTER 4.3 TON AO DE FABRICACION: 2026, AO MODELO: 2027, CON SUS ACCESORIOS NORMALES Y CORRESPONDIENTES."
MAZDA,MAZDA,(sin modelo),CX-60,ICE,96,96,2023-06,2026-07,23DA000000266195,45,VEHICULO CON CAPACIDAD DE TRANSPORTE DE PERSONAS EN: 01-UN VEHICULO MARCA MAZDA MODELO CX-60 A¿O DE FABRICACION 2023 MODELO A¿O 2024 CON SUS ACCESORIOS NORMALES.
CHEVROLET,CHEVROLET,(sin modelo),ONIX PLUS JOY,ICE,95,95,2022-03,2023-01,22DA000000042544,9,"1 UNID. AUTOMOVIL MARCA CHEVROLET, MOD. ONIX PLUS JOY, 5L69UN PASAJERO, 5 LUGARES, 4 PUERTAS, MOTOR FLEX E100, 4 CIL. 1.0L, A¿O DE FABRICACION 2022, MOD. A¿O 2022, C/ACC. NORMALES Y OPCIONALES.-"
CITROEN,CITROEN,(sin modelo),BERLINGO HDI 69,ICE,94,94,2023-06,2025-02,23DA000000228292,7,FURGONETA PARA EL TRANSPORTE DE MERCANCIAS CITROEN BERLINGO HDI 69 CON SUS ACCESORIOS CORRESPONDIENTE
CHEVROLET,CHEVROLET,(sin modelo),ONIX RS HB,ICE,93,93,2024-12,2026-09,24DA000000568254,8,"1 UNID. AUTOMOVIL MARCA CHEVROLET, MOD. ONIX RS HB , 5D48HS, PASAJERO, 5 LUG., 5 PTAS.,MOTOR FLEX E100 3 CIL. 1.0L TURBO, ANIO DE FABRICACION 2024, MOD. ANIO 2025, C/ACC. NORMALES Y OPCIONALES.-"
CHEVROLET,CHEVROLET,TRAILBLAZER PREMIER 2,TRAILBLAZER PREMIER,ICE,92,92,2022-01,2024-04,22DA000000013877,6,"LOS DEMAS; EN: AUTOMOVIL TIPO STATION WAGON, MODELO TRAILBLAZER PREMIER 2.8 4X4 AT, ANO 2022, CON AIRE ACONDICIONADO Y DEMAS ACCESORIOS.-"
VOLKSWAGEN,VOLKSWAGEN,POLO COMFORTLINE 1,POLO COMFORTLINE,ICE,92,92,2023-08,2026-02,23DA000000568453,1,"1.-UNIDAD DE AUTOMOVIL, MARCA VOLKSWAGEN, MODELO POLO COMFORTLINE 1.0 TF AT, A¿O DE FABRICACION 2023, A¿O MODELO 2024, CON SUS ACCESORIOS CORRESPONDIENTES.-"
MERCEDES-BENZ,MERCEDES-BENZ,(sin modelo),ATEGO 818,ICE,91,91,2022-01,2026-08,22DA000000014118,1,UNA UNIDAD DE CAMION USADO MARCA MERCEDES BENZ MODELO ATEGO 818 A¿O 1998.-
CHEVROLET,CHEVROLET,(sin modelo),ONIX PREMIER,ICE,90,90,2022-01,2026-07,22DA000000027009,8,"1 UNID. AUTOMOVIL MARCA CHEVROLET, MOD. ONIX PREMIER 5Y48HN, PASAJERO, 5 LUG., 4 PTAS., MOTOR FLEX E100 3 CIL. 1.0L TURBO,A¿O DE FABRICACION 2022,MOD. A¿O 2022,C/ACC. NORMALES Y OPCIONALES"
AUDI,AUDI,Q8 3,Q8,ICE,90,90,2022-02,2026-09,22DA000000289183,2,"1) UNIDAD VEHICULO DE LA MARCA AUDI TIPO SUV MODELO Q8 3.0 TDI, A¿O DE FABRICACION 2021; MODELO A¿O 2022, CON SUS ACCESORIOS NORMALES Y OPCIONALES.-"
TOYOTA,TOYOTA,(sin modelo),LITEACE,ICE,89,89,2022-01,2026-07,22DA000000004612,1,UN VEHICULO USADO TIPO STATION WAGON MARCA TOYOTA MODELO LITEACE A¿O 1996 MOVIDO A DIESEL
CHEVROLET,CHEVROLET,(sin modelo),MONTANA,ICE,89,89,2023-07,2025-06,23DA000000291683,4,"1 UNID. CAMIONETA DE CARGA, CABINA DOBLE, MARCA CHEVROLET, MOD. MONTANA 5A43BP, MOTOR FLEX E100 3 CIL, 1.2L TURBO, A¿O DE FAB. 2023, MOD. A¿O 2023, C/ACC. NORMALES Y OPCIONALES.-"
SUZUKI,SUZUKI,SWIFT VERSION 1,SWIFT VERSION,ICE,87,87,2022-03,2022-08,22DA000000039185,2,01) UNIDAD DE VEHICULO TIPO AUTOMOVIL DE LA MARCA SUZUKI MODELO SWIFT VERSION 1.2 GL M/T A¿O DE FABRICACION 2021 MODELO A¿O 2022 CON SUS ACCESORIOS NORMALES Y CORRESPONDIENTES.-
VOLKSWAGEN,VOLKSWAGEN,GOL 1,GOL,ICE,87,87,2022-07,2022-11,22DA000000203111,2,"1.-UNIDAD DE AUTOMOVIL, MARCA VOLKSWAGEN, MODELO GOL 1.6 TF HATCHBACK TRENDLINE AT, A¿O DE FABRICACION 2022, A¿O MODELO 2022, CON SUS ACCESORIOS CORRESPONDIENTES.-"
MAZDA,MAZDA,2026,BT-50 DBL-CAB,ICE,87,87,2025-05,2026-01,25DA000000199473,8,VEHICULO CON CAPACIDAD DE TRANSPORTE DE MERCANCIAS EN: 01-UNA CAMIONETA MARCA MAZDA MODELO BT-50 DBL-CAB (DIESEL-ENG 3000) 6AT 4X4 A¿O DE FABRICACION 2025 A¿O MODELO 2026 CON SUS ACCESORIOS NORMALES
SCANIA,SCANIA,(sin modelo),P94,ICE,86,86,2022-01,2026-07,22DA000000001693,2,UNA UNIDAD CAMION USADO MARCA SCANIA MODELO P94 A¿O 2001
PEUGEOT,PEUGEOT,(sin modelo),2008 GT,ICE,86,86,2024-10,2026-09,24DA000000439880,1,STATION WAGON PEUGEOT 2008 GT 1.0 T CVT CON SUS ACCESORIOS CORRESPONDIENTES
CHEVROLET,CHEVROLET,TRACKER LITE 1,TRACKER LITE,ICE,85,85,2024-05,2026-09,24DA000000192849,6,"AUTOMOVIL TIPO STATION WAGON, MODELO TRACKER LITE 1.2 TB AT, MOTOR FLEX FUEL E100, ANO FABRICACION 2024, ANO MODELO 2025, CON AIRE ACONDICIONADO Y DEMAS ACCESORIOS-"
SUZUKI,SUZUKI,S-PRESSO 1,S-PRESSO,ICE,82,82,2022-01,2022-11,22DA000000015948,4,01) UNIDAD DE VEHICULO TIPO AUTOMOVIL DE LA MARCA SUZUKI MODELO S-PRESSO 1.0 GL M/T A¿O DE FABRICACION 2021 MODELO A¿O 2022 CON SUS ACCESORIOS NORMALES Y CORRESPONDIENTES.-
JMC,JMC,(sin modelo),NEW BOARDING CS,ICE,82,82,2022-05,2022-12,22DA000000098164,15,1 UNIDAD DE PICKUP MARCA JMC NEW BOARDING CS 4X2 E1 DE 2800 C.C. CON CARROCERIA
CHEVROLET,CHEVROLET,SILVERADO Z71 3,SILVERADO Z71,ICE,82,82,2023-07,2026-01,23DA000000317475,17,"CAMIONETA DE CARGA TIPO PICK-UP, MODELO SILVERADO Z71 3.0 4X4 AT, DIESEL, A¿O 2023, CON AIRE ACONDICIONADO Y DEMAS ACCESORIOS."
NISSAN,NISSAN,(sin modelo),FAIRLADY Z,ICE,81,81,2022-05,2026-09,22DA000000161189,1,1 UNA UNIDAD DE AUTOMOVIL USADO MARCA NISSAN MODELO FAIRLADY Z A¿O 2006 COLOR BLANCO
RENAULT,RENAULT,(sin modelo),OROCH ZEN,ICE,81,81,2024-02,2026-09,24DA000000061313,3,CAMIONETA PARA EL TRANSPORTE DE PERSONAS 0KM MARCA RENAULT OROCH ZEN 1.6 MT E3
RENAULT,RENAULT,(sin modelo),DUSTER INTENS,ICE,81,81,2024-04,2025-08,24DA000000145560,1,STATION WAGON 0KM MARCA RENAULT DUSTER INTENS 1.6 CVT PH2
CHEVROLET,CHEVROLET,(sin modelo),TRACKER,ICE,80,80,2023-04,2024-02,23DA000000061675,2,CHEVROLET TRACKER 1.2 FLEX TURBO AT
JEEP,JEEP,(sin modelo),RENEGADE LONGITUDE,ICE,79,79,2022-01,2024-07,22DA000000012963,23,"VEHICULO CON CAPACIDAD DE TRANSPORTE DE PERSONAS DE LOS TIPOS DENOMINADOS ""FLEX"" EN:01-UN VEHICULO MARCA JEEP MODELO RENEGADE LONGITUDE A¿O DE FABRICACION 2021 MODELO A¿O 2022 CON SUS ACCESORIOS"
CHEVROLET,CHEVROLET,ONIX HB LT 1,ONIX HB LT,ICE,79,79,2022-07,2026-08,22DA000000280385,4,"AUTOMOVIL MODELO ONIX HB LT 1.0, MOTOR FLEX FUEL E100, ANO FABRICACION 2022, ANO MODELO 2023, CON AIRE ACONDICIONADO Y DEMAS ACCESORIOS.-"
PEUGEOT,PEUGEOT,(sin modelo),208 STYLE,ICE,79,79,2023-04,2025-10,23DA000000062883,2,AUTOMOVIL PEUGEOT 208 STYLE 1.0 MT5 CON SUS ACCESORIOS CORRESPONDIENTES
TOYOTA,TOYOTA,(sin modelo),RUNX,ICE,77,77,2022-01,2025-09,22DA000000005156,1,"UNA UNID. AUTOMOVIL USADO, MARCA TOYOTA, MODELO: RUNX A¿O: 2005, COLOR: AZUL.-"
GAC,GAC,GS3 1,GS3,ICE,77,77,2022-01,2025-01,22DA000000019390,10,"LOS DEMAS; EN: AUTOMOVIL TIPO STATION WAGON, MODELO GS3 1.5L 6AT GS, 4X2, NAFTERO, ANO DE FABRICACION 2021, ANO MODELO 2022, CON AIRE ACONDICIONADO Y DEMAS ACCESORIOS.-"
FIAT,FIAT,FASTBACK AUDACE 1,FASTBACK AUDACE,ICE,77,77,2024-05,2025-01,24DA000000179996,6,"QUE UTILICEN INDISTINTAMENTE LOS SIGUIENTES COMBUSTIBLES: ,FLEX EN:UN AUTOMOVIL MARCA FIAT MODELO FASTBACK AUDACE 1.0 T CVT FLEX A¿O DE FAB 2024 MODELO A¿O 2025 CON SUS ACCESORIOS NORMALES"
ISUZU,ISUZU,(sin modelo),TRAVIZ,ICE,77,77,2024-07,2026-04,24DA000000293519,17,"VEHICULOS PARA EL TRANSPORTE DE MERCANCIAS , CAMION MARCA : ISUZU TRAVIZ 1,5 TON. C/CHASIS"
GEELY,GEELY,AT 1,AT,ICE,77,77,2025-06,2026-02,25DA000000283218,23,VEHICULOS AUTOMOVILES PARA EL TRASNPORTE DE PERSONAS MARCA GEELY MODELO AT 1.5 GF NAFTA CITYRAY GF
FORD,FORD,2022,TERRITORY,ICE,75,75,2022-02,2022-11,22DA000000029747,7,UNA UNIDAD STATION WAGON MARCA FORD MODELO TERRITORY 2WD AT TREND A¿O MODELO 2022
FIAT,FIAT,STRADA FREEDOM CP 1,STRADA FREEDOM CP,ICE,75,75,2022-02,2023-01,22DA000000084556,31,"(1) UNA UNIDAD, CAMIONETA PICK UP, MARCA FIAT, MODELO STRADA FREEDOM CP 1.3 FLEX, A¿O DE FABRICACION 2022, MODELO DEL A¿O 2022, CON SUS ACCESORIOS CORRESPONDIENTES."
FORD,FORD,(sin modelo),MUSTANG,ICE,75,75,2022-03,2026-09,22DA000000042065,1,1) UNA UNIDAD DE AUTOMOVIL USADO MARCA FORD MODELO MUSTANG A¿O 2007
FIAT,FIAT,TORO FREEDOM D/C 1,TORO FREEDOM D/C,ICE,75,75,2024-12,2026-08,24DA000000610998,171,DE PESO TOTAL CON CARGA MXIMA INFERIOR O IGUAL 5T EN:UNA CAMIONETA MARCA FIAT MODELO TORO FREEDOM D/C 1.3 FLEX AO DE FABRICACION 2024 MOD AO 2025 CON SUS ACCESORIOS NORMALES.-
FIAT,FIAT,STRADA FREEDOM 1,STRADA FREEDOM,ICE,74,74,2022-01,2023-01,22DA000000022489,13,"(1) UNA UNIDAD, CAMIONETA PICK UP, MARCA FIAT, MODELO STRADA FREEDOM 1.3 CD FLEX, A¿O DE FABRICACION 2021, MODELO DEL A¿O 2022, CON SUS ACCESORIOS CORRESPONDIENTES.-"
MG,MG,2025,ONE,ICE,74,74,2024-09,2025-05,24DA000000388353,3,"1 UNID CAMIONETA, MARCA: MG, TIPO: MG ONE, A¿O DE FABRICACION: 2024, A¿O MODELO: 2025, CON SUS ACCESORIOS NORMALES Y CORRESPONDIENTES"
TOYOTA,TOYOTA,(sin modelo),AXIO,ICE,72,72,2022-01,2025-09,22DA000000017327,5,"UNA UNID. AUTOMOVIL USADO, MARCA TOYOTA, MODELO: AXIO A¿O: 2006, COLOR: AZUL.-"
CHEVROLET,CHEVROLET,ONIX JOY SD 1,ONIX JOY SD,ICE,72,72,2022-03,2022-11,22DA000000059034,2,"AUTOMOVIL, MODELO ONIX JOY SD 1.0, MOTOR FLEX FUEL E100, ANO 2022, CON AIRE ACONDICIONADO Y DEMAS ACCESORIOS.-"
JEEP,JEEP,(sin modelo),WRANGLER,ICE,72,72,2022-04,2026-09,22DA000000089638,1,( 1 ) UNA UNIDAD STATION WAGON MARCA JEEP MODELO WRANGLER A¿O 2011 MOVIDO A NAFTA COLOR GRIS A¿O 2011 ( USADO )
HYUNDAI,HYUNDAI,ALL NEW TUCSON 1,ALL NEW TUCSON,HEV,72,72,2025-03,2026-02,25DA000000139094,4,LOS DEMAS VEHICULOS AUTOMOVILES PARA EL TRANSPORTE DE PERSONAS. MARCA HYUNDAI. MODELO ALL NEW TUCSON 1.6 TURBO AT HEV 4X2 LIMITED
ISUZU,ISUZU,(sin modelo),MUX,ICE,71,71,2022-05,2026-04,22DA000000142640,17,"VEHICULOS AUTOMOVILES PARA EL TRANSPORTE DE MERCANCIAS, CAMIONETA . MARCA: ISUZU, MUX, 4X4, MOTOR 3.0, AUT"
JEEP,JEEP,(sin modelo),RENEGADE BASE,ICE,70,70,2022-01,2022-02,22DA000000012963,37,"VEHICULO CON CAPACIDAD DE TRANSPORTE DE PERSONAS DE LOS TIPOS DENOMINADOS ""FLEX"" EN:01-UN VEHICULO MARCA JEEP MODELO RENEGADE BASE A¿O DE FABRICACION 2021 MODELO A¿O 2022 CON SUS ACCESORIOS"
FIAT,FIAT,STRADA FREEDOM DC 1,STRADA FREEDOM DC,ICE,69,69,2022-04,2023-01,22DA000000089063,18,"(1) UNA UNIDAD CAMIONETA PICK UP, MARCA FIAT, MODELO STRADA FREEDOM DC 1.3 FLEX, A¿O DE FABRICACION 2022, MODELO DEL A¿O 2023, CON SUS ACCESORIOS CORRESPONDIENTES.-"
MERCEDES-BENZ,MERCEDES-BENZ,(sin modelo),C220 CDI,ICE,67,67,2022-01,2026-09,22DA000000002665,4,UNA UNIDAD DE AUTOMOVIL USADO MARCA MERCEDES BENZ MODELO C220 CDI A¿O 1998.-
SUZUKI,SUZUKI,VITARA VERSION 1,VITARA VERSION,ICE,67,67,2022-01,2022-10,22DA000000021659,1,01) UNIDAD DE VEHICULO TIPO STATION WAGON DE LA MARCA SUZUKI MODELO VITARA VERSION 1.6 GLX AUT C/TECHO CORREDIZO A¿O DE FABRICACION 2021 MODELO A¿O 2022 CON SUS ACCESORIOS NORMALES Y CORRESPONDIENTES.
SINOTRUK,SINOTRUK,(sin modelo),HOWO 7,ICE,67,67,2022-01,2023-06,22DA000000002919,1,"1- UNID. DE CAMION TUMBA SINOTRUK HOWO 7 6X4, CON SUS CORRESP. ACCESORIOS"
SUBARU,SUBARU,(sin modelo),TREZIA,ICE,67,67,2022-02,2026-08,22DA000000291640,4,01) UNA UNIDAD DE VEHICULO USADO SUBARU TREZIA 2010
MINI,MINI,(sin modelo),COUNTRYMAN C,ICE,67,67,2024-04,2026-09,24DA000000143049,2,VEHICULO CON CAPACIDAD DE TRANSPORTE DE PERSONAS EN: 01-UN AUTOMOVIL MARCA MINI MODELO COUNTRYMAN C A¿O DE FABRICACION 2023 MODELO A¿O 2024 CON SUS ACCESORIOS NORMALES
SUZUKI,SUZUKI,(sin modelo),DZIRE GL,ICE,67,67,2026-07,2026-08,26DA000000376992,2,1 UNIDAD SUZUKI DZIRE GL MT
JEEP,JEEP,(sin modelo),GRAND CHEROKEE LIMITED,ICE,66,66,2022-03,2024-01,22DA000000046485,1,VEHICULO CON CAPACIDAD DE TRANSPORTE DE PERSONAS INFERIOR O IGUAL A 6 PERSONAS EN: 01-UN VEHICULO MARCA JEEP MODELO GRAND CHEROKEE LIMITED A¿O DE FABRICACION 2021 MODELO A¿O 2021 CON SUS ACCESORIOS NO
HYUNDAI,HYUNDAI,PALISADE CON,PALISADE,ICE,66,66,2023-02,2025-02,23DA000000133698,15,"01) UNA UNIDAD CAMIONETA ST WAGON MARCA: HYUNDAI, MODELO: PALISADE CON MOTOR DIESEL, TRANSMISION AUTOMATICA 4X4, A¿O FABRICACION: 2022, MODELO A¿O: 2023, CON SUS ACCESORIOS CORRESPONDIENTES.-"
PEUGEOT,PEUGEOT,(sin modelo),3008 GT LINE,ICE,66,66,2023-03,2026-02,23DA000000082653,17,STATION WAGON PARA EL TRANSPORTE DE PERSONAS PEUGEOT 3008 GT LINE 1.6 THP EAT6 165 CON SUS ACCESORIOS CORRESPONDIENTES
NISSAN,NISSAN,(sin modelo),KAIT ADVANCE,ICE,66,66,2026-03,2026-08,26DA000000116492,5,"DE LOS TIPOS DENOMINADOS ""FLEX FUEL"" EN: 01-UN AUTOMOVIL MARCA NISSAN MODELO KAIT ADVANCE CVT - FLEX A¿O DE FABRICACION 2026 MODELO A¿O 2027 CON SUS ACCESORIOS NORMALES"
CHEVROLET,CHEVROLET,(sin modelo),ONIX ACTIV HB,ICE,66,66,2026-08,2026-09,26DA000000402137,4,"1 UNID. AUTOMOVIL MARCA CHEVROLET, MOD. ONIX ACTIV HB, 5K48HVR7V, PASAJERO,5 LUGARES, 5 PTAS, MOTOR FLEX E100, 3 CIL. 1.0L TURBO, ANIO DE FABRICACION 2026, MOD. ANIO 2027, C/ACC.NORMALES Y OPCIONALES."
VOLKSWAGEN,VOLKSWAGEN,(sin modelo),TOUAREG,ICE,65,65,2022-01,2024-06,22DA000000005950,2,"1 UNID. VEHICULO STATION WAGON MARCA VOLSWAGEN, MOD. TOUAREG, A¿O DE FABRICACION 2011, MOD. A¿O 2011, C/ACC. NORMALES Y OPCIONALES.-"
DODGE,DODGE,(sin modelo),CHALLENGER,ICE,65,65,2022-02,2026-09,22DA000000029864,2,01) UN AUTOMOVIL USADO MARCA: DODGE MODELO: CHALLENGER A¿O: 2014 MOVIDO A GASOLINA
VOLKSWAGEN,VOLKSWAGEN,VIRTUS 1,VIRTUS,ICE,65,65,2022-07,2023-09,22DA000000203866,4,"1.-UNIDAD DE AUTOMOVIL, MARCA VOLKSWAGEN, MODELO VIRTUS 1.6 TF AT, A¿O DE FABRICACION 2022, A¿O MODELO 2022, CON SUS ACCESORIOS CORRESPONDIENTES.-"
CHEVROLET,CHEVROLET,(sin modelo),NOVA MONTANA LTZ,ICE,65,65,2023-03,2025-09,23DA000000065404,1,CAMIONETA PARA EL TRANSPORTE DE PERSONAS MARCA CHEVROLET NOVA MONTANA LTZ FLEX CON SUS ACCESORIOS CORRESPONDIENTES
MERCEDES-BENZ,MERCEDES-BENZ,2026,GLC 220 D 4MATIC,ICE,65,65,2025-08,2026-06,25DA000000379340,1,"1 UNID CAMIONETA, MARCA: MERCEDES BENZ, TIPO: GLC 220 D 4MATIC COUPE, AO DE FABRICACION: 2025, AO MODELO: 2026 CON SUS ACCESORIOS NORMALES Y CORRESPONDIENTES"
HYUNDAI,HYUNDAI,(sin modelo),NEW GRAND I10,ICE,64,64,2024-06,2026-09,24DA000000260589,1,"VEHICULOS AUTOMOVILES PARA EL TRANSPORTE DE PERSONAS, MARCA: HYUNDAI , MOD.: NEW GRAND I10, SEDAN , MOTOR 1.2 C.C. NAFT. MEC. GL"
SUBARU,SUBARU,FORESTER 2,FORESTER,HEV,63,63,2022-03,2026-06,22DA000000058126,1,"(1) UNA UNIDAD, CAMIONETA RURAL, HIBRIDO, MARCA SUBARU, MODELO FORESTER 2.0I-L ES HEV SKEDL9L E3 UI, A¿O DE FACBRICACION 2021, MODELO DEL A¿O 2022, CON SUS ACCESORIOS CORRESPONDIENTES.-"
MG,MG,2025,RX5,ICE,63,63,2024-08,2025-04,24DA000000355036,2,"1 UNID CAMIONETA, MARCA: MG, TIPO: MG RX5, A¿O DE FABRICACION: 2024, A¿O MODELO: 2025, CON SUS ACCESORIOS NORMALES Y CORRESPONDIENTES"
CHEVROLET,CHEVROLET,(sin modelo),S10 CD Z71,ICE,63,63,2026-03,2026-09,26DA000000110834,2,CAMIONETA CHEVROLET S10 CD Z71 2.8 4X4 AT CON SUS ACCESOSRIOS CORRESPONDIENTES
HYUNDAI,HYUNDAI,HB20S EVOLUTION FLEX 1,HB20S EVOLUTION FLEX,ICE,62,62,2022-01,2023-01,22DA000000023284,1,"VEHICULOS AUTOMOVILES PARA EL TRANSPORTE DE PERSONAS, MARCA: HYUNDAI, MODELO: HB20S EVOLUTION FLEX 1.6, MEC."
TOYOTA,TOYOTA,(sin modelo),CROWN,ICE,62,62,2022-03,2026-07,22DA000000052852,1,01) UNA UNIDAD DE VEHICULO USADO TOYOTA CROWN 2005
CHEVROLET,CHEVROLET,(sin modelo),S10 MIDNIGHT,ICE,62,62,2023-05,2026-07,23DA000000196306,5,CAMIONETA PARA EL TRANSPORTE DE CARGA MARCA CHEVROLET S10 MIDNIGHT 4X4 D-C CON SUS ACCESORIOS CORRESPONDIENTES
NISSAN,NISSAN,KICKS EXCLUSIVE CVT 1,KICKS EXCLUSIVE CVT,ICE,62,62,2024-07,2025-02,24DA000000302063,1,"DE LOS TIPOS DENOMINADOS ""FLEX FUEL"" EN: 01-UN AUTOMOVIL MARCA NISSAN MODELO KICKS EXCLUSIVE CVT 1.6 FLEX A¿O DE FABRICACION 2024 MODELO A¿O 2025 CON SUS ACCESORIOS NORMALES"
KENTON,KENTON,(sin modelo),VOLKANO 250 OFF-ROAD,ICE,62,62,2026-07,2026-07,26DA000000366262,101,CUACICLON KENTON VOLKANO 250 OFF-ROAD AZ
FIAT,FIAT,STRADA VOLCANO 1,STRADA VOLCANO,ICE,60,60,2022-01,2023-08,22DA000000022489,23,"(1) UNA UNIDAD, CAMIONETA PICK UP, MARCA FIAT, MODELO STRADA VOLCANO 1.3 CD FLEX, A¿O DE FABRICACION 2021, MODELO DEL A¿O 2022, CON SUS ACCESORIOS CORRESPONDIENTES.-"
TOYOTA,TOYOTA,(sin modelo),HIACE PANEL,ICE,60,60,2022-03,2026-08,22DA000000081528,67,"FURGONETA DE LA MARCA TOYOTA HIACE PANEL VAN MEC. DIESEL DE 2.986 C.C., LH200L-RBMDE, A¿O DE FABRICACION 2021 MODELO A¿O 2022 CON SUS ACCESORIOS CORRESPONDIENTES"
GREATWALL,GREATWALL,(sin modelo),POER,ICE,60,60,2023-09,2026-08,23DA000000727375,1,01- UNA UNIDAD DE CAMIONETA USADA MARCA GREAT WALL MODELO POER A¿O 2022
FORD,FORD,EXPLORER PLATINUM 2,EXPLORER PLATINUM,ICE,60,60,2025-01,2026-09,25DA000000006112,1,UNA UNIDAD STATION WAGON MARCA FORD MODELO EXPLORER PLATINUM 2.3L A¿O MODELO 2025
CHERY,CHERY,T4 PRO 1,T4 PRO,ICE,60,60,2025-10,2025-12,25DA000000496359,20,DE CILINDRADA SUPERIOR A 1.000 CM3. PERO INFERIOR O IGUAL A 1500CC EN:UN VEHICULO MARCA CHERY MODELO T4 PRO 1.5L CVT COMFORT 2WD AO DE FAB 2025 MODELO AO 2026 CON SUS ACCESORIOS NORMALES.
RENAULT,RENAULT,(sin modelo),OROCH INT OUT,ICE,59,59,2023-09,2026-05,23DA000000760742,1,CAMIONETA PARA EL TRANSPORTE DE PERSONAS 0KM MARCA RENAULT OROCH INT OUT 1.3 MT 4X4 E3
MITSUBISHI,MITSUBISHI,(sin modelo),L200 TRITON SPORT GLS,ICE,59,59,2023-10,2025-12,23DA000000764293,2,UNA UNIDAD CAMIONETA DOBLE CABINA 4X4 MARCA MITSUBISHI MODELO L200 TRITON SPORT GLS HPE 6 AT A¿O 2023 DIESEL
RAM,RAM,RAMPAGE REBEL 2,RAMPAGE REBEL,ICE,59,59,2025-06,2026-08,25DA000000286709,32,VEHICULO CON CAPACIDAD DE TRANSPORTE DE MERCANCIAS EN: 01-UNA CAMIONETA MARCA RAM MODELO RAMPAGE REBEL 2.2 DOBLE CABINA 4X4 AO DE FABRICACION 2025 MODELO AO 2026 CON SUS ACCESORIOS NORMALES.
TOYOTA,TOYOTA,(sin modelo),MARK X,ICE,58,58,2022-01,2026-08,22DA000000007653,5,01 UN AUTOMOVIL MARCA TOYOTA MODELO MARK X A¿O DE FABRICACION 2006 MOVIDO A GASOLINA COLOR PERLA
MERCEDES-BENZ,MERCEDES-BENZ,2024,GLE 300 D 4MATIC,ICE,58,58,2023-11,2024-09,23DA000000813460,2,"1 UNID CAMIONETA, MARCA: MERCEDES BENZ, TIPO: GLE 300 D 4MATIC, A¿O DE FABRICACION: 2023, A¿O MODELO: 2024 CON SUS ACCESORIOS NORMALES Y CORRESPONDIENTES.-"
JETOUR,JETOUR,(sin modelo),X90PLUS,ICE,57,57,2023-01,2025-07,23DA000000032002,6,AUTOMOVIL MARCA JETOUR X90PLUS
FIAT,FIAT,PULSE ABARTH 1,PULSE ABARTH,ICE,57,57,2024-05,2026-07,24DA000000204907,5,"QUE UTILICEN INDISTINTAMENTE LOS SIGUIENTES COMBUSTIBLES: ,FLEX EN:UN AUTOMOVIL MARCA FIAT MODELO PULSE ABARTH 1.3L T FLEX A¿O DE FAB 2024 MODELO A¿O 2025 CON SUS ACCESORIOS NORMALES"
NISSAN,NISSAN,(sin modelo),CONDOR,ICE,56,56,2022-01,2026-04,22DA000000021006,9,"UNA UNIDAD DE CAMION CON CARROCERIA BARANDA BAJA, USADO, MARCA NISSAN MODELO CONDOR A¿O 1994 CILINDRADA 4.200 C.C.-"
AUDI,AUDI,Q7 2,Q7,ICE,56,56,2022-04,2025-04,22DA000000156615,1,"1 (UNA) UNIDAD DE STATION WAGON MARCA AUDI, MODELO Q7 2.0 TFSI PREMIUM, CHASSIS WAUZZZ4M1ND013450"
HYUNDAI,HYUNDAI,(sin modelo),I30,ICE,56,56,2022-06,2026-06,22DA000000132254,3,1 UNA UNIDAD DE AUTOMOVIL USADO MARCA HYUNDAI MODELO I30 A¿O 2014 COLOR BLANCO
VOLKSWAGEN,VOLKSWAGEN,(sin modelo),TERAMONT,ICE,56,56,2024-01,2026-08,24DA000000029565,3,"EN 1 UNIDAD DE VEHICULO, MARCA: VOLKSWAGEN, A¿O: 2023, MOD. TERAMONT 3.6 V6 PREMIUM 3H, COLOR: PLATA PIRITA.-"
HYUNDAI,HYUNDAI,(sin modelo),CRETA,ICE,56,56,2026-03,2026-03,26DA000000131388,4,"VEHICULOS AUTOMOVILES PARA EL TRANSPORTE DE PERSONAS MARCA HYUNDAI, CRETA, CON SUS ACCESORIOS CORRESPONDIENTES"
MG,MG,(sin modelo),ZS STD PLUS,ICE,56,56,2026-04,2026-04,26DA000000168336,1,"1) UNID CAMIONETA, MARCA MG, TIPO: ZS STD PLUS, ANO DE FABRICACION 2026, MODELO ANO 2027, CON SUS ACCESORIOS NORMALES Y CORRESPONDIENTES.-"
ISUZU,ISUZU,(sin modelo),ELF,ICE,55,55,2022-01,2026-06,22DA000000013865,4,UN CAMION USADO MARCA ISUZU MODELO ELF A¿O 1995
CHEVROLET,CHEVROLET,(sin modelo),ONIX PLUS PREMIER,ICE,55,55,2022-02,2025-09,22DA000000036798,8,"1 UNID. AUTOMOVIL MARCA CHEVROLET, MOD. ONIX PLUS PREMIER 5Y69HN, PASAJERO, 5 LUG., 4 PTAS., MOTOR FLEX E100 3 CIL. 1.0L TURBO,A¿O DE FABRICACION 2022,MOD. A¿O 2022,C/ACC. NORMALES Y OPCIONALES.-"
RENAULT,RENAULT,KWID OUTSIDER 1,KWID OUTSIDER,ICE,55,55,2022-04,2025-11,22DA000000085745,4,1)UNA UNIDAD AUTOMOVIL OKM;MARCA RENAULT;MODELO KWID OUTSIDER 1.0
MITSUBISHI,MITSUBISHI,(sin modelo),L200 TRITON SPORT GLX,ICE,55,55,2022-05,2025-12,22DA000000160850,1,UNA UNIDAD CAMIONETA DOBLE CABINA 4X4 MARCA MITSUBISHI MODELO L200 TRITON SPORT GLX 4X4 A¿O DE FABRICACION 2021 A¿O MODELO 2022 DIESEL
CHEVROLET,CHEVROLET,(sin modelo),"TRACKER LITE,5X76DTR8H",ICE,55,55,2025-08,2026-01,25DA000000377887,7,"1 UNID. VEHICULO SUV MARCA CHEVROLET, MOD.TRACKER LITE,5X76DTR8H, PASAJERO 5 LUG. 5 PUERTAS,MOTOR FLEX E100 * 3 CIL. 1.0L TURBO,ANIO DE FAB 2025, MOD.ANIO 2026,C/ACC. NORMALES Y OPCIONALES.-"
MERCEDES-BENZ,MERCEDES-BENZ,2022,GLE 300 D 4MATIC,ICE,54,54,2022-06,2023-03,22DA000000177618,1,"1 UNID CAMIONETA, MARCA: MERCEDES BENZ, TIPO: GLE 300 D 4MATIC, A¿O MODELO: 2022, CON SUS ACCESORIOS NORMALES Y CORRESPONDIENTES.-"
MG,MG,2025,ZS,ICE,54,54,2024-08,2025-02,24DA000000355036,1,"1 UNID CAMIONETA, MARCA: MG, TIPO: MG ZS, A¿O DE FABRICACION: 2024, A¿O MODELO: 2025, CON SUS ACCESORIOS NORMALES Y CORRESPONDIENTES"
DFSK,DFSK,(sin modelo),K05S,ICE,54,54,2024-10,2025-09,24DA000000470874,1,1 UNIDAD MINI BUS K05S
CHEVROLET,CHEVROLET,(sin modelo),CRUZE,ICE,53,53,2022-01,2025-08,22DA000000007857,1,01) UNA UNIDAD DE AUTOMOVIL USADO MARCA CHEVROLET MODELO CRUZE A¿O 2014
MERCEDES-BENZ,MERCEDES-BENZ,(sin modelo),815,ICE,53,53,2022-01,2026-06,22DA000000013759,1,UNA UNIDAD CAMION USADO MARCA MERCEDES BENZ MODELO 815 A¿O 1998
VOLKSWAGEN,VOLKSWAGEN,TOUAREG 3,TOUAREG,ICE,53,53,2022-05,2023-10,22DA000000107685,1,"1.- UNIDAD DE VEHICULO, MARCA VOLKSWAGEN, TIPO CAMIONETA, SUV, MODELO TOUAREG 3.0 V6 TDI HIGHLINE, A¿O FABRICACION 2022, A¿O MODELO 2022, CON SUS ACCESORIOS CORRESPONDIENTES. -"
RENAULT,RENAULT,(sin modelo),MASTER L2H2,ICE,53,53,2023-10,2026-07,23DA000000800965,1,FURGONETA PARA EL TRANSPORTE DE MERCANCIAS 0KM MARCA RENAULT MASTER L2H2 2.3 PLUS
MERCEDES-BENZ,MERCEDES-BENZ,2025,GLC 220 D 4MATIC,ICE,53,53,2024-10,2025-10,24DA000000460038,2,"1 UNID CAMIONETA, MARCA MERCEDES BENZ, TIPO GLC 220 D 4MATIC , AO DE FABRICACION 2024, AO MODELO 2025, CON SUS ACCESORIOS NORMALES Y CORRESPONDIENTES.-"
NISSAN,NISSAN,(sin modelo),KAIT ADVANCE PLUS,ICE,53,53,2026-03,2026-05,26DA000000122599,1,"DE LOS TIPOS DENOMINADOS ""FLEX FUEL"" EN: 01-UN AUTOMOVIL MARCA NISSAN MODELO KAIT ADVANCE PLUS CVT - FLEX A¿O DE FABRICACION 2026 MODELO A¿O 2027 CON SUS ACCESORIOS NORMALES"
DAIHATSU,DAIHATSU,(sin modelo),BEGO,ICE,52,52,2022-01,2026-02,22DA000000003060,4,UN VEHICULO USADO TIPO STATION WAGON MARCA DAIHATSU MODELO BEGO A¿O 2009 MOVIDO A GASOLINA
MITSUBISHI,MITSUBISHI,(sin modelo),PAJERO,ICE,52,52,2022-03,2026-05,22DA000000069478,2,"UNA UNIDAD DE STATION WAGON USADO, MARCA MITSUBISHI MODELO PAJERO A¿O 1994.-"
CITROEN,CITROEN,C5 AIRCROSS 1,C5 AIRCROSS,ICE,52,52,2022-03,2025-03,22DA000000074184,1,STATION WAGON PARA EL TRANSPORTE DE PERSONAS MARCA CITROEN MODELO C5 AIRCROSS 1.6 THP FEEL PACK CON SUS ACCESORIOS CORRESPONDIENTES
BMW,BMW,(sin modelo),320D,ICE,52,52,2022-06,2026-09,22DA000000170401,1,01) UN AUTOMOVIL USADO MARCA. BMW MODELO. 320D A¿O. 2000 MOVIDO A DIESEL.
GAC,GAC,GS4 MAX GL 1,GS4 MAX GL,ICE,52,52,2025-12,2026-06,25DA000000630627,5,"AUTOMOVIL TIPO STATION WAGON, MODELO GS4 MAX GL 1.5 TB AT, 4X2, NAFTERO, ANO FABRICACION 2025, ANO MODELO 2026, CON AIRE ACONDICIONADO Y DEMAS ACCESORIOS.-"
MITSUBISHI,MITSUBISHI,MONTERO SPORT GLS AT 2,MONTERO SPORT GLS AT,ICE,51,51,2022-03,2023-06,22DA000000058395,3,UNA UNIDAD STATION WAGON MARCA MITSUBISHI MODELO MONTERO SPORT GLS AT 2.4 D 4X4 A¿O DE FABRICACION 2021 A¿O MODELO 2022 DIESEL
CHEVROLET,CHEVROLET,(sin modelo),NOVA MONTANA,ICE,51,51,2023-03,2026-07,23DA000000069089,1,CAMIONETA PARA EL TRANSPORTE DE PERSONAS MARCA CHEVROLET NOVA MONTANA FLEX CON SUS ACCESORIOS CORRESPONDIENTES
CHEVROLET,CHEVROLET,MONTANA CD LS 1,MONTANA CD LS,ICE,51,51,2023-03,2025-06,23DA000000074174,8,"LOS DEMAS; EN: CAMIONETA DE CARGA MODELO MONTANA CD LS 1.2 TB, MOTOR FLEX FUEL E100, ANO 2023, CON AIRE ACONDICIONADO Y DEMAS ACCESORIOS.-"
GAC,GAC,EMZOOM GB 1,EMZOOM GB,ICE,51,51,2023-12,2026-09,23DA000000887781,15,"LOS DEM¿S; EN: AUTOMOVIL TIPO STATION WAGON, MODELO EMZOOM GB 1.5T AT, 4X2, NAFTERO, ANO FABRICACI¿N 2023, ANO MODELO 2024, CON AIRE ACONDICIONADO Y DEM¿S ACCESORIOS.-"
LAND ROVER,LAND ROVER,RANGE ROVER SPORT 3,RANGE ROVER SPORT,PHEV,51,51,2024-02,2026-09,24DA000000051840,2,UNA UNIDAD STATION WAGON MARCA LAND ROVER MODELO RANGE ROVER SPORT 3.0 LITRE T/C PETROL PHEV AWD 5 DOOR AUTO 460PS DYNAMIC HSE A¿O MODELO 2024.
STAR,STAR,(sin modelo),JKC1020-CBU,ICE,50,50,2023-08,2023-08,23DA000000547487,2,LOS DEMAS EN: 1)UND AUTOMOVIL MINI TRUCK CABINA SIMPLE MOD. JKC1020-CBU A¿O FAB. 2023/A¿O MOD. 2023 P/TRANSP. DE MERCAD. DE PESO TOTAL C/CARGA MAX. INF. O IGUAL A 5TON MOTOR GASOLINA
MITSUBISHI,MITSUBISHI,(sin modelo),MIRAGE GLS,ICE,50,50,2023-11,2024-10,23DA000000817944,5,UNA UNIDAD AUTOMOVIL MARCA MITSUBISHI MODELO MIRAGE GLS CVT A¿O 2023
JETOUR,JETOUR,(sin modelo),X50,ICE,50,50,2025-11,2026-09,25DA000000558295,1,LOS DEMAS AUTOMOVILES MARCA JETOUR X50 MT 1.5
GEELY,GEELY,(sin modelo),COOLRAY FL,ICE,50,50,2026-01,2026-02,26DA000000042028,79,"VEHICULOS AUTOMOVILES PARA EL TRANSPORTE DE PERSONAS, CAMIONETA MARCA: GEELY , MOD.: COOLRAY FL NAFT. 1.5 AUT. GF"
SUZUKI,SUZUKI,JIMNY VERSION 1,JIMNY VERSION,ICE,49,49,2022-01,2022-05,22DA000000019541,6,01) UNIDAD DE VEHICULO TIPO STATION WAGON DE LA MARCA SUZUKI MODELO JIMNY VERSION 1.5 GLX A/T A¿O DE FABRICACION 2021 MODELO A¿O 2022 CON SUS ACCESORIOS NORMALES Y CORRESPONDIENTES.-
RENAULT,RENAULT,NUEVO KWID INTENS 1,NUEVO KWID INTENS,ICE,49,49,2022-05,2023-07,22DA000000126075,1,1)UNA UNIDAD AUTOMOVIL OKM;MARCA RENAULT;MODELO NUEVO KWID INTENS 1.0
NISSAN,NISSAN,(sin modelo),VERSA SENSE PLUS,ICE,49,49,2024-10,2025-09,24DA000000451810,4,QUE UTILICEN INDISTINTAMENTE LOS SIGUIENTES COMBUSTIBLES: GASOLINA O ALCOHOL EN:UN AUTOM¿VIL MARCA NISSAN MODELO VERSA SENSE PLUS CVT - FLEX¿A¿O DE FAB 2024 MOD A¿O 2025 CON SUS ACCESORIOS NORMALES
TOYOTA,TOYOTA,(sin modelo),RAUM,ICE,48,48,2022-01,2026-09,22DA000000003821,9,UNA UNIDAD DE VEHICULO USADO TIPO STATION WAGON MARCA TOYOTA MODELO RAUM A¿O 2004 MOVIDO A GASOLINA
VOLKSWAGEN,VOLKSWAGEN,TERAMONT 3,TERAMONT,ICE,48,48,2022-01,2023-10,22DA000000012877,1,"1.-UNIDAD DE VEHICULO, MARCA VOLKSWAGEN, TIPO SUV, MODELO TERAMONT 3.6 V6 PREMIUM 3H, A¿O FABRICACION 2021, A¿O MODELO 2021, CON SUS ACCESORIOS CORRESPONDIENTES. -"
LAND ROVER,LAND ROVER,RANGE ROVER SPORT 3,RANGE ROVER SPORT,ICE,48,48,2023-11,2026-03,23DA000000833646,1,UNA UNIDAD STATION WAGON MARCA LAND ROVER MODELO RANGE ROVER SPORT 3.0 LITRE T/C PETROL MHEV AWD 5 DOOR AUTO 400PS DYNAMIC HSE A¿O MODELO 2024.
MERCEDES-BENZ,MERCEDES-BENZ,2025,GLE 450 D 4MATIC,ICE,48,48,2024-12,2026-02,24DA000000583413,2,"1 UNID CAMIONETA, MARCA MERCEDES BENZ, TIPO GLE 450 D 4MATIC COUPE, AO DE FABRICACION 2024, AO MODELO 2025 CON SUS ACCESORIOS NORMALES Y CORRESPONDIENTES"
HYUNDAI,HYUNDAI,NEW TUCSON LIMITED 1,NEW TUCSON LIMITED,ICE,48,48,2025-08,2025-09,25DA000000415102,2,"VEHICULOS AUTOMOVILES PARA EL TRANSPORTE DE PERSONAS, CAMIONETA MARCA: HYUNDAI, MOD: NEW TUCSON LIMITED 1.6CC TURBO AT GASOLINA CON SUS ACCESORIOS CORRESPONDIENTES"
FAW,FAW,TIGER 3,TIGER,ICE,48,48,2026-04,2026-09,26DA000000195609,1,"1 UNID. CAMION MARCA: FAW MODELO: TIGER 3.4 AO DE FABRICACION 2025, MODELO ANO 2026, CON SUS ACCESORIOS NORMALES Y CORRESPONDIENTES.-"
CHEVROLET,CHEVROLET,(sin modelo),"TRAILBLAZER HIGH COUNTRY 4X4,156PKVR6E",ICE,48,48,2026-07,2026-09,26DA000000354679,5,"1 UNID.VEHICULO SUV MARCA CHEVROLET, MOD.TRAILBLAZER HIGH COUNTRY 4X4,156PKVR6E, 7 PASAJEROS, 5 PUERTAS, MOTOR DIESEL *4CIL 2.8L, ANIO DE FAB. 2026, MOD. ANIO 2027, CON ACC. NORMALES Y OPCIONALES.-"
CHEVROLET,CHEVROLET,ONIX HB RS 1,ONIX HB RS,ICE,47,47,2022-04,2026-06,22DA000000038711,10,"AUTOMOVIL, MODELO ONIX HB RS 1.0 TB AT, MOTOR FLEX FUEL E100, ANO 2022, CON AIRE ACONDICIONADO Y DEMAS ACCESORIOS"
CHEVROLET,CHEVROLET,(sin modelo),NOVA MONTANA PREMIER II,ICE,47,47,2023-03,2026-07,23DA000000065404,7,CAMIONETA PARA EL TRANSPORTE DE PERSONAS MARCA CHEVROLET NOVA MONTANA PREMIER II FLEX CON SUS ACCESORIOS CORRESPONDIENTES
MERCEDES-BENZ,MERCEDES-BENZ,2024,GLC 220 D 4MATIC,ICE,47,47,2023-10,2024-06,23DA000000763197,1,"01 UNID. CAMIONETA, MARCA: MERCEDES BENZ, TIPO: GLC 220 D 4MATIC COUPE, A¿O DE FABRICACION: 2023, A¿O MODELO: 2024, CON SUS ACCESORIOS NORMALES Y CORRESPONDIENTES.-"
MITSUBISHI,MITSUBISHI,(sin modelo),FUSO CANTER GUTS,ICE,46,46,2022-03,2026-08,22DA000000052873,7,1 UNA UNIDAD DE CAMION FURGON FRIGORIFICO USADO MARCA MITSUBISHI MODELO FUSO CANTER GUTS A¿O 2007 COLOR BLANCO
RENAULT,RENAULT,NUEVA OROCH INT OUT 1,NUEVA OROCH INT OUT,ICE,46,46,2022-07,2024-05,22DA000000221053,5,1)UNA UNIDAD PICK UP OKM;MARCA RENAULT;MODELO NUEVA OROCH INT OUT 1.3 MT 4X4 E3
RENAULT,RENAULT,NUEVA OROCH ZEN 1,NUEVA OROCH ZEN,ICE,46,46,2022-08,2024-08,22DA000000267729,3,1)UNA UNIDAD PICK UP OKM;MARCA RENAULT;MODELO NUEVA OROCH ZEN 1.6 MT E3
MAZDA,MAZDA,(sin modelo),CX-90,ICE,46,46,2024-02,2025-04,24DA000000075239,33,CON CAPACIDAD PARA EL TRANSPORTE DE PERSONAS SENTADAS INFERIOR O IGUAL A 6 EN:UN VEHICULO MARCA MAZDA MODELO CX-90 A¿O DE FABRICACION 2023 MODELO A¿O 2024 CON SUS ACCESORIOS NORMALES
RENAULT,RENAULT,KARDIAN PREMIERE EDITION 1,KARDIAN PREMIERE EDITION,ICE,46,46,2024-05,2025-11,24DA000000221584,3,LOS DEMAS AUTOMOVILES 0 KM MARCA RENAULT MODELO KARDIAN PREMIERE EDITION 1.0 DCT
MERCEDES-BENZ,MERCEDES-BENZ,2025,GLE 300 D 4MATIC,ICE,46,46,2024-12,2026-02,24DA000000600756,2,"1 UNID CAMIONETAS, MARCA MERCEDES BENZ, TIPO GLE 300 D 4MATIC, AO DE FABRICACION 2024, AO MODELO 2025 CON SUS ACCESORIOS NORMALES Y CORRESPONDIENTES"
JEEP,JEEP,COMMANDER LIMITED 1,COMMANDER LIMITED,ICE,46,46,2024-12,2026-06,24DA000000612198,8,"VEHICULO CON CAPACIDAD DE TRANSPORTE DE PERSONAS DE LOS TIPOS DENOMINADOS ""FLEX"" EN:01-UN VEHICULO MARCA JEEP MODELO COMMANDER LIMITED 1.3 FLEX AO DE FABRICACION 2024 MODELO AO 2025 CON SUS ACC. NORM"
KAWASAKI,KAWASAKI,2025,BRUTE FORCE 450,ICE,46,46,2025-01,2026-02,25DA000000007391,37,1 UNID. CUADRICICLO MARCA KAWASAKI MODELO BRUTE FORCE 450 A¿O FABRICACION 2024 A¿O MODELO 2025
MG,MG,2025,ONE TROPHY,ICE,46,46,2025-03,2025-09,25DA000000098391,1,"1 UNID CAMIONETA, MARCA MG, TIPO,MG ONE TROPHY, AO DE FABRICACION 2024, AO MODELO 2025, CON SUS ACCESORIOS NORMALES Y CORRESPONDIENTES.-"
JEEP,JEEP,RENEGADE ALTITUDE 1,RENEGADE ALTITUDE,ICE,46,46,2025-10,2026-08,25DA000000521096,133,QUE UTILICEN INDISTINTAMENTE LOS SIGUIENTES COMBUSTIBLES: GASOLINA (NAFTA) O ALCOHOL EN:UN VEHICULO MARCA JEEP MODELO RENEGADE ALTITUDE 1.3 FLEX A¿O 2025 MOD A¿O 2026 CON SUS ACCESORIOS NORMALES.-
SUBARU,SUBARU,(sin modelo),IMPREZA WRX,ICE,45,45,2022-02,2026-09,22DA000000032415,2,UN AUTOMOVIL USADO MARCA SUBARU MODELO IMPREZA WRX A¿O 2011
CHEVROLET,CHEVROLET,(sin modelo),TRUCKER LTZ,ICE,45,45,2022-05,2022-09,22DA000000107444,5,CHEVROLET TRUCKER LTZ 1.2 FLEX TURBO AT
EZGO,EZGO,(sin modelo),RXV ADVB2 PLATFORM,ICE,45,45,2024-03,2025-05,24DA000000103215,14,CON 1 UNIDAD DE CARRO DE GOLF Y SUS ACCESORIOS - 10002913 / RXV ADVB2 PLATFORM SERIAL 5815777 YEAR 2024 VIN/PIN EZGCFBCPJR5815777 10002918G01 /F/A RXV ADVB2 SHTL 2+2 ELEC
MITSUBISHI FUSO,MITSUBISHI FUSO,2025,FE85CHZL,ICE,45,45,2024-07,2025-11,24DA000000314617,2,"1 UNID CAMION, MARCA: MITSUBISHI FUSO, TIPO: FE85CHZL, A¿O DE FABRICACION: 2024, A¿O MODELO: 2025, CON SUS ACCESORIOS NORMALES Y CORRESPONDIENTES.-"
FIAT,FIAT,TORO ENDURANCE D/C 1,TORO ENDURANCE D/C,ICE,45,45,2024-12,2026-03,24DA000000610998,194,DE PESO TOTAL CON CARGA MXIMA INFERIOR O IGUAL 5T EN:UNA CAMIONETA MARCA FIAT MODELO TORO ENDURANCE D/C 1.3 FLEX AO DE FABRICACION 2024 MOD AO 2025 CON SUS ACCESORIOS NORMALES.-
GEELY,GEELY,COOLRAY FL NAFT 1,COOLRAY FL NAFT,ICE,45,45,2025-12,2025-12,25DA000000628325,42,VEHICULOS AUTOMOVILES PARA EL TRASNPORTE DE PERSONAS MARCA GEELY MODELO COOLRAY FL NAFT 1.5 AUT GF
MERCEDES-BENZ,MERCEDES-BENZ,(sin modelo),914,ICE,44,44,2022-02,2026-02,22DA000000037372,1,UNA UNIDAD DE CAMION USADO MARCA: MERCEDES BENZ MODELO: 914 A¿O: 1996
MERCEDES-BENZ,MERCEDES-BENZ,(sin modelo),1117,ICE,44,44,2022-02,2026-09,22DA000000038275,2,UNA UNIDAD CHASSIS CON MOTOR Y CABINA MARCA: MERCEDES BENZ MODELO: 1117 A¿O: 1998. DIESEL.
CHEVROLET,CHEVROLET,(sin modelo),SILVERADO Z71,ICE,44,44,2024-06,2026-09,24DA000000246502,1,CAMIONETA CHEVROLET SILVERADO Z71 4X4 3.0T DIESEL
MITSUBISHI FUSO,MITSUBISHI FUSO,2025,FE71CB8L,ICE,44,44,2024-07,2025-12,24DA000000276121,1,"1 UNID CAMION, MARCA: MITSUBISHI FUSO, TIPO: FE71CB8L, A¿O DE FABRICACION: 2024, A¿O MODELO: 2025, CON SUS ACCESORIOS NORMALES Y CORRESPONDIENTES.-"
GREATWALL,GREATWALL,(sin modelo),WINGLE,ICE,44,44,2025-12,2026-08,25DA000000652195,3,NEW WINGLE 4X4
CHEVROLET,CHEVROLET,(sin modelo),S10 CD,ICE,44,44,2026-03,2026-09,26DA000000156427,5,CAMIONETA S10 CD¿ 2.8 4X4 WORK TRUCK MT CON SUS ACCESORIOS CORRESPONDIENTES
GAC,GAC,S7 ULTRA 1,S7 ULTRA,PHEV,44,44,2026-05,2026-09,26DA000000237551,12,"AUTOMOVIL TIPO STATION WAGON, MODELO S7 ULTRA 1.5 TB AWD PHEV AT, 4X4, HIBRIDO, ANO FABRICACION 2026, ANO MODELO 2027, CON AIRE ACONDICIONADO Y DEMAS ACCESORIOS.-"
RENAULT,RENAULT,(sin modelo),DUSTER ICONIC,ICE,43,43,2023-07,2025-03,23DA000000308681,2,1)UNA UNIDAD STATION WAGON NUEVA DUSTER ICONIC CVT 1.3 TCE
PEUGEOT,PEUGEOT,LANDTREK ACTIVE 1,LANDTREK ACTIVE,ICE,43,43,2024-12,2026-08,24DA000000582765,7,CAMIONETA PARA EL TRANSPORTE DE PERSONAS MARCA PEUGEOT MODELO LANDTREK ACTIVE 1.9 DIESEL 4X4 MT6 CON SUS ACCESORIOS CORRESPONDIENTES
CHEVROLET,CHEVROLET,(sin modelo),"TRACKER LITE,5X76DVR8J",ICE,43,43,2026-07,2026-08,26DA000000355229,1,"1 UNID. VEHICULO SUV MARCA CHEVROLET, MOD.TRACKER LITE,5X76DVR8J, PASAJERO 5 LUG. 5 PUERTAS,MOTOR FLEX E100 * 3 CIL. 1.0L TURBO,ANIO DE FAB 2026, MOD.ANIO 2027,C/ACC. NORMALES Y OPCIONALES.-"
DAIHATSU,DAIHATSU,(sin modelo),TERIOS KID,ICE,42,42,2022-01,2026-08,22DA000000002977,7,UNA UNIDAD DE VEHICULO USADO TIPO STATION WAGON MARCA DAIHATSU MODELO TERIOS KID A¿O 2001 MOVIDO A GASOLINA
NISSAN,NISSAN,(sin modelo),JUKE,ICE,42,42,2022-02,2026-06,22DA000000286597,3,UN STATION WAGON USADO MARCA NISSAN MODELO JUKE A¿O 2.011.-
PEUGEOT,PEUGEOT,(sin modelo),208 ALLURE,ICE,42,42,2023-01,2025-02,23DA000000022588,1,AUTOMOVIL PEUGEOT 208 ALLURE 1.6 FLEX 115 AT6 CON SUS ACCESORIOS CORRESPONDIENTES
JEEP,JEEP,COMPASS SERIE S 1,COMPASS SERIE S,ICE,42,42,2026-03,2026-08,26DA000000117966,19,QUE UTILICEN INDISTINTAMENTE LOS SIGUIENTES COMBUSTIBLES: GASOLINA (NAFTA) O ALCOHOL EN:UN VEHICULO MARCA JEEP MODELO COMPASS SERIE S 1.3 FLEX A¿O 2026 MOD A¿O 2026 CON SUS ACCESORIOS NORMALES.-
RAM,RAM,DAKOTA BIGHORN 2,DAKOTA BIGHORN,ICE,42,42,2026-07,2026-08,26DA000000339333,4,DE PESO TOTAL CON CARGA M¿XIMA INFERIOR O IGUAL A 5T EN: UNA CAMIONETA MARCA RAM MODELO DAKOTA BIGHORN 2.2 AT8 4X4 A¿O DE FABRICACION 2026 MOD A¿O 2027 CON SUS ACCESORIOS NORMALES.-
JEEP,JEEP,COMPASS LIMITED 1,COMPASS LIMITED,ICE,41,41,2024-06,2025-07,24DA000000243705,68,QUE UTILICEN INDISTINTAMENTE LOS SIGUIENTES COMBUSTIBLES: GASOLINA (NAFTA) O ALCOHOL EN:UN VEHICULO MARCA JEEP MODELO COMPASS LIMITED 1.3T4 FLEX AT6 A¿O 2024 MOD A¿O 2025 CON SUS ACCESORIOS NORMALES.-
JAC,JAC,JS4 1,JS4,ICE,41,41,2024-11,2026-09,24DA000000522664,4,LOS DEMAS AUTOMOVILES MARCA JAC MODELO JS4 1.5T+CVT ADVANCE ADAS
LEXUS,LEXUS,(sin modelo),NX350H,HEV,41,41,2025-09,2026-09,25DA000000469948,5,SUV DE LA MARCA LEXUS NX350H HIBRIDO ECVT 4X4 2487 CC (ELECTRICO/NAFTA ) AAZH25L-AWXLB ANO DE FABRICACION 2025 MODELO ANO 2026 CON SUS ACCESORIOS CORRESPONDIENTES
LEXUS,LEXUS,(sin modelo),LBXH,HEV,41,41,2025-09,2026-09,25DA000000469948,1,SUV DE LA MARCA LEXUS LBXH HIBRIDO AUT (ELECTRICO/NAFTA ) 4X2 DE 1490 CC MAYH10L-AWXMB ANO DE FABRICACION 2025 MODELO ANO 2026 CON SUS ACCESORIOS CORRESPONDIENTES
SUZUKI,SUZUKI,BALENO 1,BALENO,ICE,40,40,2022-01,2023-08,22DA000000019534,2,01) UNIDAD DE VEHICULO TIPO AUTOMOVIL DE LA MARCA SUZUKI MODELO BALENO 1.4 GLX A/T A¿O DE FABRICACION 2021 MODELO A¿O 2022 CON SUS ACCESORIOS NORMALES Y CORRESPONDIENTES.-
NISSAN,NISSAN,(sin modelo),MARCH,ICE,40,40,2022-01,2026-09,22DA000000020269,9,UN VEHICULO USADO TIPO AUTOMOVIL MARCA NISSAN MODELO MARCH A¿O 2012 MOVIDO A GASOLINA
SEGWAY,SEGWAY,(sin modelo),SNARLER,ICE,40,40,2022-07,2024-10,22DA000000189413,1,"1) UNA UNIDAD CUATRICICLO DE LA MARCA SEGWAY, MODELO; SNARLER AT6 SE SGW570F-A1 , COLOR; NEGRO/VERDE, MOTOR N. 199MS 2A100233, CHASSIS N. H0MAAPX39N8000550, 570 CC , MODELO A¿O Y FABRICACION 2022"
FORD,FORD,2023,TERRITORY,ICE,40,40,2022-10,2023-12,22DA000000399033,1,UNA UNIDAD STATION WAGON MARCA FORD MODELO TERRITORY 2WD AT TITANIUM A¿O MODELO 2023
MITSUBISHI,MITSUBISHI,MONTERO SPORT GLS 2WD 2,MONTERO SPORT GLS 2WD,ICE,40,40,2025-03,2026-09,25DA000000111955,1,UNA UNIDAD STATION WAGON MARCA MITSUBISHI MODELO MONTERO SPORT GLS 2WD 2.4DIT 8AT P.W7P A¿O DE FABRICACION 2024 A¿O MODELO 2025 DIESEL.
MERCEDES-BENZ,MERCEDES-BENZ,2025,SPRINTER F 3665 414,ICE,40,40,2025-03,2026-01,25DA000000139624,5,"1 UNID FURGON, MARCA MERCEDES BENZ, TIPO SPRINTER F 3665 414 CDI , AO DE FABRICACION 2024, AO MODELO 2025 CON SUS ACCESORIOS NORMALES Y CORRESPONDIENTES.-"
JETOUR,JETOUR,(sin modelo),T1 LUXURY,ICE,40,40,2025-10,2026-07,25DA000000498372,1,LOS DEMAS VEHICULOS MARCA JETOUR T1 LUXURY
MG,MG,2026,ZS HEV,HEV,40,40,2025-12,2026-01,25DA000000623487,2,"1 UNID CAMIONETAS MARCA MG TIPO MG ZS HEV AO DE FABRICACION 2025, AO MODELO 2026, CON SUS ACCESORIOS NORMALES Y CORRESPONDIENTES.-"
BAIC,BAIC,(sin modelo),X35 LUXURY,ICE,39,39,2022-02,2024-02,22DA000000284997,2,"1.-UNID. CAMIONETA STATION WAGON BAIC X35 LUXURY, CON SUS CORRESP.ACCESORIOS"
MERCEDES-BENZ,MERCEDES-BENZ,(sin modelo),C250,ICE,39,39,2022-03,2026-01,22DA000000064431,1,UN AUTOMOVIL USADO MARCA MERCEDES BENZ MODELO C250 A¿O 2.007.-
PEUGEOT,PEUGEOT,(sin modelo),208 GRIFFE,ICE,39,39,2023-01,2024-10,23DA000000022588,7,AUTOMOVIL PEUGEOT 208 GRIFFE 1.6 FLEX 115 AT6 CON SUS ACCESORIOS CORRESPONDIENTES
HONDA,HONDA,(sin modelo),BR-V TOURING,ICE,39,39,2024-01,2024-03,24DA000000027067,1,DE CILINDRADA SUPERIOR A 1.000 CM3. PERO INF. O IGUAL A 1.500 CM3. LOS DEMAS. LOS DEMAS. CRI.TEC.LEG.: R.G.I. 1 Y 6. SE TRATA DE: 1 UNIDAD VEHICULO AUTOMOVIL TIPO SUV MOD. BR-V TOURING CVT
MG,MG,2025,RX5 TROPHY,ICE,39,39,2024-08,2025-09,24DA000000355036,3,"1 UNID CAMIONETA, MARCA: MG, TIPO: MG RX5 TROPHY, A¿O DE FABRICACION: 2024, A¿O MODELO: 2025, CON SUS ACCESORIOS NORMALES Y CORRESPONDIENTES"
MERCEDES-BENZ,MERCEDES-BENZ,2026,GLE 300 D 4MATIC,ICE,39,39,2025-12,2026-05,25DA000000624682,3,"1 UNID CAMIONETA, MARCA MERCEDES BENZ,TIPO GLE 300 D 4MATIC , AO DE FABRICACION 2025,AO MODELO 2026, CON SUS ACCESORIOS NORMALES Y CORRESPONDIENTES.-"
CHEVROLET,CHEVROLET,(sin modelo),S10 CD WORK,ICE,39,39,2025-12,2026-09,25DA000000624794,1,CAMIONETA CHEVROLET S10 CD WORK 2.8 4X4 CON SUS ACCESORIOS CORRESPONDIENTES
NISSAN,NISSAN,(sin modelo),KAIT EXCLUSIVE,ICE,39,39,2026-03,2026-09,26DA000000116492,6,"DE LOS TIPOS DENOMINADOS ""FLEX FUEL"" EN: 01-UN AUTOMOVIL MARCA NISSAN MODELO KAIT EXCLUSIVE CVT - FLEX A¿O DE FABRICACION 2026 MODELO A¿O 2027 CON SUS ACCESORIOS NORMALES"
KENTON,KENTON,(sin modelo),QUEST 200,ICE,39,39,2026-09,2026-09,26DA000000502285,179,CUACICLON KENTON QUEST 200 NEGRO
MERCEDES-BENZ,MERCEDES-BENZ,2022,GLE 400 D 4MATIC,ICE,38,38,2022-02,2023-03,22DA000000285289,2,"1 UNID CAMIONETA, MARCA: MERCEDES BENZ, TIPO: GLE 400 D 4MATIC, A¿O DE FABRICACION: 2021, MODELO: 2022, CON SUS ACCESORIOS NORMALES Y CORRESPONDIENTES,."
LAND ROVER,LAND ROVER,RANGE ROVER EVOQUE 2,RANGE ROVER EVOQUE,ICE,38,38,2022-03,2026-05,22DA000000063757,1,UNA UNIDAD STATION WAGON MARCA LAND ROVER MODELO RANGE ROVER EVOQUE 2.0L T/C DIESEL AWD 5 DOOR AUTO 199PS R DYNAMIC SE A¿O MODELO 2022
VOLKSWAGEN,VOLKSWAGEN,TIGUAN LIFE 1,TIGUAN LIFE,ICE,38,38,2022-05,2023-05,22DA000000105399,1,"1.-UNIDAD DE VEHICULO, MARCA VOLKSWAGEN, TIPO SUV, MODELO TIGUAN LIFE 1.4 TSI, A¿O FABRICACION 2022, A¿O MODELO 2022, CON SUS ACCESORIOS CORRESPONDIENTES. -"
MERCEDES-BENZ,MERCEDES-BENZ,2025,ATEGO 1725/48,ICE,38,38,2024-08,2025-06,24DA000000355012,1,"1 UNID CAMION, MARCA: MERCEDES BENZ, TIPO: ATEGO 1725/48, A¿O DE FABRICACION: 2024, MODELO: 2025, CON SUS ACCESORIOS NORMALES Y CORRESPONDIENTES.-"
CHEVROLET,CHEVROLET,(sin modelo),SONIC PREMIER,ICE,38,38,2026-06,2026-09,26DA000000283438,1,"1 UNID.VEHICULO SUV MARCA CHEVROLET, MOD. SONIC PREMIER, 5P58DVR8E, PASAJERO, 5 LUG. 5 PTAS, MOTOR FLEX E100 * 3 CIL. 1.0L TURBO, ANIO DE FAB. 2026, MOD.ANIO 2027, C/ACC. NORMALES Y OPCIONALES.-"
CHEVROLET,CHEVROLET,(sin modelo),CAMARO,ICE,37,37,2022-02,2026-08,22DA000000091783,10,UN VEHICULO USADO MARCA CHEVROLET MODELO CAMARO A¿O 2011
MERCEDES-BENZ,MERCEDES-BENZ,2024,GLE 450 D 4MATIC,ICE,37,37,2023-11,2024-08,23DA000000813460,1,"1 UNID CAMIONETA, MARCA: MERCEDES BENZ, TIPO: GLE 450 D 4MATIC COUPE, A¿O DE FABRICACION: 2023, A¿O MODELO: 2024 CON SUS ACCESORIOS NORMALES Y CORRESPONDIENTES.-"
TOYOTA,TOYOTA,(sin modelo),RAV 4,HEV,37,37,2025-04,2026-09,25DA000000149398,3,UNA UNIDAD VEHICULO NUEVO TOYOTA RAV 4 A¿O:2025
MINI,MINI,(sin modelo),COOPER COUNTRYMAN,ICE,36,36,2022-01,2023-10,22DA000000005921,1,VEHICULO CON CAPACIDAD DE TRANSPORTE DE PERSONAS EN: 01-UN AUTOMOVIL MARCA MINI MODELO COOPER COUNTRYMAN A¿O DE FABRICACION 2021 MODELO A¿O 2022 CON SUS ACCESORIOS NORMALES
CHEVROLET,CHEVROLET,(sin modelo),ONIX PLUS LTZ,ICE,36,36,2022-02,2025-12,22DA000000036798,3,"1 UNID. AUTOMOVIL MARCA CHEVROLET, MOD. ONIX PLUS LTZ 5N69HN, PASAJERO, 5 LUG., 4 PTAS., MOTOR FLEX E100 3 CIL. 1.0L TURBO,A¿O DE FABRICACION 2021,MOD. A¿O 2022,C/ACC. NORMALES Y OPCIONALES.-"
KAWASAKI,KAWASAKI,2023,BRUTE FORCE 300,ICE,36,36,2022-12,2023-02,22DA000000375438,9,1 UNID. CUADRICICLO MARCA KAWASAKI MODELO BRUTE FORCE 300 A¿O FABRICACION 2022 A¿O MODELO 2023
PEUGEOT,PEUGEOT,(sin modelo),208 MCA ALLURE,ICE,36,36,2024-12,2026-09,24DA000000597571,1,"AUTOMOVIL PEUGEOT 208 MCA ALLURE 1.6 FLEX 115 AT6, CON SUS ACCESORIOS CORRESPONDIENTE"
XIAOMI,XIAOMI,(sin modelo),YU7 MAX,BEV,36,36,2026-03,2026-03,26DA000000159094,1,"AUTOMOVILES, PROPULSADOS CON MOTOR ELECTRICO EXCLUSIVO EN; 01 UNIDAD AUTOMOVIL MARCA XIAOMI MOD. YU7 MAX, AO 2.025 DE ORIGEN CHINO.-"
GAC,GAC,GS8 2,GS8,ICE,35,35,2022-01,2026-05,22DA000000019390,8,"LOS DEMAS; EN: AUTOMOVIL TIPO STATION WAGON, MODELO GS8 2.0T AT GL 4WD, 4X4, NAFTERO, ANO DE FABRICACION 2021, ANO MODELO 2022, CON AIRE ACONDICIONADO Y DEMAS ACCESORIOS.-"
MERCEDES-BENZ,MERCEDES-BENZ,(sin modelo),817,ICE,35,35,2022-01,2025-12,22DA000000003626,1,1(UNA) UNIDAD DE CAMION USADO MARCA: MERCEDES BENZ MODELO: 817 A¿O: 1994
VOLKSWAGEN,VOLKSWAGEN,(sin modelo),GOLF,ICE,35,35,2022-03,2026-07,22DA000000248061,5,UN VEHICULO USADO TIPO AUTOMOVIL MARCA VOLKSWAGEN MODELO GOLF A¿O 2009 MOVIDO A GASOLINA
CHEVROLET,CHEVROLET,(sin modelo),"TRACKER LS,5A76BP",ICE,35,35,2022-07,2023-02,22DA000000210487,5,"1 UNID. VEHICULO STATION WAGON MARCA CHEVROLET, MOD. TRACKER LS,5A76BP, PASAJERO, 5 LUG. 5 PUERTAS, MOTOR FLEX E100 3CIL. 1.2L TURBO, A¿O DE FAB. 2022, MOD. A¿O 2023, C/ACC. NORMALES Y OPCIONALES."
RENAULT,RENAULT,(sin modelo),MASTER L1H1,ICE,35,35,2023-09,2026-09,23DA000000730330,1,FURGONETA PARA EL TRANSPORTE DE MERCANCIAS 0KM MARCA RENAULT MASTER L1H1 2.3 PLUS
MITSUBISHI,MITSUBISHI,MONTERO SPORT GLS 4WD 2,MONTERO SPORT GLS 4WD,ICE,35,35,2025-03,2026-09,25DA000000128492,3,CAMIONETA PARA EL TRANSPORTE DE PERSONAS 0KM MARCA MITSUBISHI MODELO MONTERO SPORT GLS 4WD 2.4DIT 8AT P.W 7P
VENTURA,VENTURA,(sin modelo),ATV,ICE,35,35,2026-05,2026-06,26DA000000228598,1,"LOS DEMAS VEHICULOS UNICAMENTE CON MOTOR DE ENCENDIDO POR CHISPA, DE CILINDRADA INF.O IGUAL A 1.000 CM3,EN: (1) UNID.VEHICULO CUADRICICLO ATV PARA EL TRANSPORTE DE PERSONAS,COMPLETO,CON SUS ACCESORIOS"
VOLKSWAGEN,VOLKSWAGEN,(sin modelo),SAVEIRO DC CROSS,ICE,34,34,2022-01,2022-06,22DA000000027007,8,"EN 1 UNIDAD DE VEHICULO, MARCA VOLKSWAGEN, A¿O 2022, MOD. SAVEIRO DC CROSS 1.6L TF GPII MT, COLOR: NEGRO NINJA.-"
HYUNDAI,HYUNDAI,(sin modelo),AVANTE,ICE,34,34,2022-06,2026-09,22DA000000182654,1,01) UN AUTOMOVIL USADO MARCA HYUNDAI MODELO AVANTE A¿O 2014.-
PEUGEOT,PEUGEOT,2008 STYLE 1,2008 STYLE,ICE,34,34,2022-08,2022-10,22DA000000218330,1,STATION WAGON PARA EL TRANSPORTE DE PERSONAS MARCA PEUGEOT MODELO 2008 STYLE 1.6 FLEX AT6 CON SUS ACCESORIOS CORRESPONDIENTES
RENAULT,RENAULT,CLIO V INTENS 1,CLIO V INTENS,ICE,34,34,2023-01,2024-11,23DA000000002524,3,1)UNA UNIDAD VEHICULO 0KM ;MARCA RENAULT; MODELO CLIO V INTENS 1.0
JETOUR,JETOUR,(sin modelo),X70PLUS WCBS,ICE,34,34,2023-01,2023-12,23DA000000032002,5,AUTOMOVIL MARCA JETOUR X70PLUS WCBS
MERCEDES-BENZ,MERCEDES-BENZ,2025,GLA 200 D,ICE,34,34,2024-05,2025-06,24DA000000180536,1,"1 UNID CAMIONETA, MARCA MERCEDES BENZ, TIPO GLA 200 D, AO DE FABRICACION 2024, AO MODELO 2025, CON SUS ACCESORIOS NORMALES Y CORRESPONDIENTES"
RENAULT,RENAULT,KARDIAN EVOLUTION 1,KARDIAN EVOLUTION,ICE,34,34,2024-05,2025-11,24DA000000221584,1,LOS DEMAS AUTOMOVILES 0 KM MARCA RENAULT MODELO KARDIAN EVOLUTION 1.0 DCT
JEEP,JEEP,COMPASS LONGITUDE 1,COMPASS LONGITUDE,ICE,34,34,2024-10,2024-12,24DA000000445963,8,QUE UTILICEN INDISTINTAMENTE LOS SIGUIENTES COMBUSTIBLES: GASOLINA (NAFTA) O ALCOHOL EN:UN VEHICULO MARCA JEEP MODELO COMPASS LONGITUDE 1.3 FLEX A¿O 2024 MOD A¿O 2025 CON SUS ACCESORIOS NORMALES.-
JETOUR,JETOUR,(sin modelo),T1,ICE,34,34,2025-06,2026-03,25DA000000290210,17,LOS DEMAS AUTOMOVILES MARCA JETOUR T1 1.5T 7DCT
MG,MG,(sin modelo),EHS PHEV LUX,PHEV,34,34,2026-03,2026-05,26DA000000121713,11,"1 UNID CAMIONETA, MARCA MG, TIPO EHS PHEV LUX ANO DE FABRICACION 2026, MODELO ANO 2027, CON SUS ACCESORIOS NORMALES Y CORRESPONDIENTES.-"
MERCEDES-BENZ,MERCEDES-BENZ,(sin modelo),C300,ICE,33,33,2022-01,2026-08,22DA000000020235,1,UNA UNIDAD DE AUTOMOVIL USADO MARCA: MERCEDES BENZ MODELO: C300 A¿O: 2019
CHEVROLET,CHEVROLET,SILVERADO CD LTZ 3,SILVERADO CD LTZ,ICE,33,33,2022-01,2023-10,22DA000000019510,3,"01 UNIDAD DE VEHICULO PICK-UP, CABINA DOBLE, DE LA MARCA: CHEVROLET, MODELO: SILVERADO CD LTZ 3.0 4X4 AT, A¿O: 2021"
TOYOTA,TOYOTA,(sin modelo),TACOMA,ICE,33,33,2022-01,2026-07,22DA000000023249,2,( 1 ) UNA UNIDAD CAMIONETA MARCA TOYOTA MODELO TACOMA A¿O 2017 ( USADO ) MOVIDO A NAFTA COLOR NEGRO
KAYO,KAYO,(sin modelo),A150,ICE,33,33,2022-02,2022-02,22DA000000083748,36,1 CUACICLON MODELO: A150 MARCA: KAYO COLOR: BLANCO/NARANJA A¿O: 2022 MOTOR: 1P56FMJ-21M023878 CHASIS: L6JAGKLA6N1000614
NISSAN,NISSAN,(sin modelo),FAIRLADY,ICE,33,33,2022-08,2026-09,22DA000000236993,1,1- UNA UNIDAD DE AUTOMOVIL USADO DE LA MARCA NISSAN MODELO FAIRLADY A¿O 2003
VOLKSWAGEN,VOLKSWAGEN,POLO TRENDLINE 1,POLO TRENDLINE,ICE,33,33,2023-08,2024-04,23DA000000655889,1,"1.-UNIDAD DE AUTOMOVIL, MARCA VOLKSWAGEN, MODELO POLO TRENDLINE 1.0 TF MT, A¿O DE FABRICACION 2023, A¿O MODELO 2024, CON SUS ACCESORIOS CORRESPONDIENTES.-"
VOLKSWAGEN,VOLKSWAGEN,(sin modelo),TIGUAN LIFE,ICE,33,33,2024-01,2025-03,24DA000000034674,6,"EN 01 UNIDAD DE VEHICULO, MARCA VOLKSWAGEN, A¿O 2024, MOD. TIGUAN LIFE 1.4 TSI, COLOR: PLATA PIRITA.-"
RAM,RAM,(sin modelo),RAMPAGE BIGHORN DS,ICE,33,33,2024-06,2024-06,24DA000000244251,18,-DE PESO TOTAL CON CARGA M¿XIMA INFERIOR O IGUAL A 5T EN: UNA CAMIONETA MARCA RAM MODELO RAMPAGE BIGHORN DS A¿O 2024 MOD A¿O 2025 CON SUS ACCESORIOS NORMALES.-.
FIAT,FIAT,TORO RANCH D/C 2,TORO RANCH D/C,ICE,33,33,2024-12,2026-07,24DA000000610998,200,DE PESO TOTAL CON CARGA MXIMA INFERIOR O IGUAL 5T EN:UNA CAMIONETA MARCA FIAT MODELO TORO RANCH D/C 2.0 DS AO DE FABRICACION 2024 MOD AO 2025 CON SUS ACCESORIOS NORMALES.-
MG,MG,2026,RX5 TROPHY,ICE,33,33,2025-06,2026-01,25DA000000293783,1,"1 UNID CAMIONETA, MARCA MG, TIPO MG RX5 TROPHY AO 2025 MODELO 2026 CON SUS ACCESORIOS CORRESPONDIENTES.-"
MG,MG,(sin modelo),ZS,ICE,33,33,2026-03,2026-04,26DA000000131738,5,"1 UNID CAMIONETA, MARCA MG, TIPO: ZS MT STD, ANO DE FABRICACION 2026, MODELO ANO 2027, CON SUS ACCESORIOS NORMALES Y CORRESPONDIENTES. -"
MG,MG,(sin modelo),ZS LUX HEV,HEV,33,33,2026-03,2026-05,26DA000000131741,2,"1 UNID CAMIONETA, MARCA MG, TIPO: ZS LUX HEV , ANO DE FABRICACION 2026, MODELO ANO 2027, CON SUS ACCESORIOS NORMALES Y CORRESPONDIENTES. -"
MERCEDES-BENZ,MERCEDES-BENZ,(sin modelo),1114,ICE,32,32,2022-01,2025-11,22DA000000023144,1,UNA UNIDAD CAMION USADO MARCA MERCEDES BENZ MODELO 1114 A¿O 1990
NISSAN,NISSAN,(sin modelo),NOTE,ICE,32,32,2022-03,2026-09,22DA000000074521,6,"01 UNIDAD DE AUTOMOVIL USADO MARCA:NISSAN MODELO:NOTE A¿O:2009, COLOR:GRIS, MOVIDO A GASOLINA.-"
MG,MG,MG ZS VERSION 1,MG ZS VERSION,ICE,32,32,2022-04,2022-06,22DA000000080545,1,01) UNIDAD DE VEHICULO TIPO STATION WAGON DE LA MARCA MORRIS GARAGE MODELO MG ZS VERSION 1.5L A/T STD A¿O DE FABRICACION 2022 MODELO A¿O 2022 CON SUS ACCESORIOS NORMALES Y OPCIONALES.-
MITSUBISHI,MITSUBISHI,(sin modelo),CANTER FUSO,ICE,32,32,2022-04,2026-06,22DA000000087767,2,01- UNA UNIDAD DE CAMION USADO MARCA MITSUBISHI MODELO CANTER FUSO A¿O 2008
JMC,JMC,(sin modelo),NEW BOARDING,ICE,32,32,2022-12,2023-02,22DA000000380369,5,"1)UNIDAD DE PICKUP MARCA JMC NEW BOARDING,CS 4X2 DE 2.800CC, CON CARROCERIA"
GAC,GAC,EMZOOM 1,EMZOOM,ICE,32,32,2024-12,2026-05,24DA000000605977,5,"LOS DEMAS; EN: AUTOMOVIL TIPO STATION WAGON, MODELO EMZOOM 1.5TG GL, 4X2, NAFTERO, ANO FABRICACION 2024, ANO MODELO 2025, CON AIRE ACONDICIONADO Y DEMAS ACCESORIOS.-"
MG,MG,2026,ZS STD PLUS,ICE,32,32,2025-11,2025-11,25DA000000559940,4,"1 UNID CAMIONETA, MARCA: MG, TIPO MG ZS STD PLUS, AO DE FABRICACION: 2025, AO MODELO: 2026 CON SUS ACCESORIOS NORMALES Y CORRESPONDIENTES.-"
MERCEDES-BENZ,MERCEDES-BENZ,(sin modelo),C200,ICE,31,31,2022-02,2026-08,22DA000000291236,9,UNA UNIDAD DE AUTOMOVIL USADO MARCA MERCEDES BENZ MODELO C200 A¿O 2009
CHEVROLET,CHEVROLET,ONIX HB LTZ 1,ONIX HB LTZ,ICE,31,31,2022-02,2025-09,22DA000000341026,1,"AUTOMOVIL MODELO ONIX HB LTZ 1.0 TB AT, MOTOR FLEX FUEL E100, ANO FABRICACION 2021, ANO MODELO 2022, CON AIRE ACONDICIONADO Y DEMAS ACCESORIOS.-"
FIAT,FIAT,STRADA VOLCANO DC 1,STRADA VOLCANO DC,ICE,31,31,2022-04,2023-01,22DA000000089063,33,"(1) UNA UNIDAD CAMIONETA PICK UP, MARCA FIAT, MODELO STRADA VOLCANO DC 1.3 MT FLEX, A¿O DE FABRICACION 2022, MODELO DEL A¿O 2023, CON SUS ACCESORIOS CORRESPONDIENTES.-"
RENAULT,RENAULT,(sin modelo),MASTER L3H2,ICE,31,31,2023-11,2026-08,23DA000000848663,2,FURGONETA PARA EL TRANSPORTE DE MERCANCIAS 0KM MARCA RENAULT MASTER L3H2 FURGON DIESEL
RENAULT,RENAULT,ARKANA INTENS 1,ARKANA INTENS,ICE,31,31,2023-12,2025-05,23DA000000883922,4,STATION WAGON 0KM MARCA RENAULT MODELO ARKANA INTENS 1.3T
MERCEDES-BENZ,MERCEDES-BENZ,2025,ACCELO 915/37,ICE,31,31,2024-02,2025-02,24DA000000051025,1,"1 UNID CAMION, MARCA MERCEDES BENZ, TIPO ACCELO 915/37, AO DE FABRICACION 2024, AO MODELO 2025, CON SUS ACCESORIOS NORMALES Y CORRESPONDIENTES.-"
SUZUKI,SUZUKI,(sin modelo),FRONX GLX,ICE,31,31,2024-12,2026-06,24DA000000566467,9,UNA UNIDAD VEHICULO FRONX GLX AT
HYUNDAI,HYUNDAI,NEW CRETA COMFORT CON,NEW CRETA COMFORT,ICE,31,31,2025-10,2025-10,25DA000000520289,1,"01) UNA UNIDAD CAMIONETA ST WAGON MARCA: HYUNDAI, MODELO: NEW CRETA COMFORT CON MOTOR NAFTERO, TRANSMISION AUTOMATICA 4X2, A¿O FABRICACION: 2025, MODELO A¿O: 2026, CON SUS ACCESORIOS CORRESPONDIENTES."
CHEVROLET,CHEVROLET,SONIC PREMIER 1,SONIC PREMIER,ICE,31,31,2026-06,2026-09,26DA000000281593,6,"AUTOMOVIL TIPO STATION WAGON, MODELO SONIC PREMIER 1.0 TB AT, MOTOR FLEX FUEL E100, ANO DE FABRICACION 2026, ANO MODELO 2027, CON AIRE ACONDICIONADO Y DEMAS ACCESORIOS"
FORD,FORD,BRONCO SPORT 1,BRONCO SPORT,ICE,30,30,2022-01,2023-11,22DA000000012300,9,UNA UNIDAD STATION WAGON MARCA FORD MODELO BRONCO SPORT 1.5L BIG BEND A¿O MODELO 2021
FIAT,FIAT,TORO ENDURANCE 1,TORO ENDURANCE,ICE,30,30,2022-01,2025-03,22DA000000011678,1,"(1) UNA UNIDAD CAMIONETA PICK UP, MARCA FIAT, MODELO TORO ENDURANCE 1.8 E TORQ 4X2 AT6 FLEX, A¿O DE FABRICACION 2021, MODELO DEL A¿O 2022, CON SUS ACCESORIOS CORRESPONDIENTES"
NISSAN,NISSAN,(sin modelo),TERRANO,ICE,30,30,2022-02,2026-09,22DA000000288049,7,01- UNA UNIDAD DE STATION WAGON USADO MARCA NISSAN MODELO TERRANO A¿O 1996
GEELY,GEELY,OKAVANGO 1,OKAVANGO,HEV,30,30,2023-02,2023-03,23DA000000123512,8,"VEHICULOS AUTOMOVILES PARA EL TRANSPORTE DE PERSONAS, CAMIONETA MARCA: GEELY , MOD: OKAVANGO 1,5 TD HIBRIDO 4X2 GK"
NISSAN,NISSAN,(sin modelo),KICKS X-PLAY,ICE,30,30,2023-10,2023-12,23DA000000786295,7,"VEHICULO DE TRANSPORTE DE PERSONAS, DE LOS TIPOS DENOMINADOS ""FLEX FUEL"" EN: 01-UN AUTOMOVIL MARCA NISSAN MODELO KICKS X-PLAY A¿O DE FABRICACION 2023 MODELO A¿O 2024 CON SUS ACCESORIOS NORMALES"
MITSUBISHI,MITSUBISHI,MONTERO SPORT GLS SAM 4WD 2,MONTERO SPORT GLS SAM 4WD,ICE,30,30,2025-03,2026-09,25DA000000111955,2,UNA UNIDAD STATION WAGON MARCA MITSUBISHI MODELO MONTERO SPORT GLS SAM 4WD 2.4DIT 8AT P.W7P A¿O DE FABRICACION 2024 A¿O MODELO 2025 DIESEL.
PEUGEOT,PEUGEOT,(sin modelo),3008 ALLURE,ICE,30,30,2025-05,2026-04,25DA000000234955,6,STATION WAGON PEUGEOT 3008 ALLURE 1.6 FLEX THP EAT6 CON SUS ACCESORIOS CORRESPONDIENTES
CHEVROLET,CHEVROLET,ONIX LT HB 1,ONIX LT HB,ICE,30,30,2025-08,2025-09,25DA000000421466,6,"AUTOMOVIL, MODELO ONIX LT HB 1.0 TB AT, MOTOR FLEX FUEL E100, ANO FABRICACION 2025, ANO MODELO 2026, CON AIRE ACONDICIONADO Y DEMAS ACCESORIOS.-"
SOUEAST,SOUEAST,(sin modelo),S09,ICE,30,30,2025-09,2026-08,25DA000000479204,4,LOS DEMAS AUTOMOVILES MARCA SOUEAST S09 1.6 2WD
MG,MG,2026,ZS,ICE,30,30,2025-10,2025-11,25DA000000546765,3,"1 UNID CAMIONETA, MARCA: MG, TIPO MG ZS MT STD, AO DE FABRICACION: 2025, AO MODELO: 2026 CON SUS ACCESORIOS NORMALES Y CORRESPONDIENTES."
MERCEDES-BENZ,MERCEDES-BENZ,2026,GLE 450 D 4MATIC,ICE,30,30,2025-12,2026-05,25DA000000624682,2,"1 UNID CAMIONETA, MARCA MERCEDES BENZ,TIPO GLE 450 D 4MATIC COUPE, AO DE FABRICACION 2025,AO MODELO 2026, CON SUS ACCESORIOS NORMALES Y CORRESPONDIENTES.-"
GAC,GAC,GS4 MAX GB 1,GS4 MAX GB,ICE,30,30,2026-03,2026-06,26DA000000138289,19,"LOS DEMAS; EN: AUTOMOVIL TIPO STATION WAGON, MODELO GS4 MAX GB 1.5 TB AT, 4X2, NAFTERO, ANO FABRICACION 2025, ANO MODELO 2026, CON AIRE ACONDICIONADO Y DEMAS ACCESORIOS.-"
CHEVROLET,CHEVROLET,(sin modelo),ONIX HB ACTIV,ICE,30,30,2026-09,2026-09,26DA000000468237,6,"ONIX HB ACTIV 1.0 TB AT, CON SUS ACCESORIOS CORRESPONDIENTES"
CHERY,CHERY,T9 PRO 1,T9 PRO,PHEV,30,30,2026-09,2026-09,26DA000000482548,3,VEHICULO CON CAPACIDAD DE TRANSPORTE DE PERSONAS EN: 01-UN AUTOMOVIL MARCA CHERY MODELO T9 PRO 1.5L T A/T G PHEV (HIBRIDO)¿4WD AO DE FABRICACION 2026 MODELO AO 2027 CON SUS ACCESORIOS NORMALES
JAC,JAC,(sin modelo),HFC1028K-W5000,ICE,29,29,2022-01,2022-01,22DA000000008095,8,LOS MEMAS VEHICULOS PARA EL TRANSPORTE DE MERCANCIAS DE PESO TOTAL CON CARGA MAXIMA INFERIOR O IGUAL A 5T EN: 1 UNIDAD CAMION MARCA JAC MODELO HFC1028K-W5000 A¿O DE FABRICACION 2.021 MODELO A¿O 2.022
NISSAN,NISSAN,(sin modelo),SUNNY,ICE,29,29,2022-02,2025-04,22DA000000071160,6,01) UN AUTOMOVIL USADO MARCA NISSAN MODELO SUNNY A¿O 2002.-
MERCEDES-BENZ,MERCEDES-BENZ,(sin modelo),1317,ICE,29,29,2022-03,2026-03,22DA000000039342,1,UNA UNIDAD CAMION USADO MARCA MERCEDES BENZ MODELO 1317 A¿O 1997
SUZUKI,SUZUKI,JIMNY 1,JIMNY,ICE,29,29,2022-05,2023-04,22DA000000111367,1,01) UNIDAD DE VEHICULO TIPO STATION WAGON DE LA MARCA SUZUKI MODELO JIMNY 1.5 GLX A/T A¿O DE FABRICACION 2022 MODELO A¿O 2023 CON SUS ACCESORIOS NORMALES Y CORRESPONDIENTES.-
JEEP,JEEP,(sin modelo),GRAND CHEROKEE L LIMITED,ICE,29,29,2023-02,2024-01,23DA000000111612,1,VEHICULO CON CAPACIDAD DE TRANSPORTE DE PERSONAS INFERIOR O IGUAL A 6 PERSONAS EN: 01-UN VEHICULO MARCA JEEP MODELO GRAND CHEROKEE L LIMITED A¿O DE FABRICACION 2022 MODELO A¿O 2023 CON SUS ACC. NORMAL
MERCEDES-BENZ,MERCEDES-BENZ,2024,ATEGO 1418/48,ICE,29,29,2023-02,2023-11,23DA000000122795,1,"1 UNID CAMION, MARCA: MERCEDES BENZ, TIPO: ATEGO 1418/48 4X2, A¿O DE FABRICACION: 2023, MODELO: 2024, CON SUS ACCESORIOS NORMALES Y CORRESPONDIENTES.-"
LAND ROVER,LAND ROVER,RANGE ROVER 3,RANGE ROVER,ICE,29,29,2023-06,2026-03,23DA000000247054,1,UNA UNIDAD STATION WAGON MARCA LAND ROVER MODELO RANGE ROVER 3.0 LITRE T/C DIESEL AWD 5 DOOR AUTO 350PS HSE A¿O MODELO 2023.
CHEVROLET,CHEVROLET,TRACKER RS 1,TRACKER RS,ICE,29,29,2023-07,2026-05,23DA000000275877,1,"AUTOMOVIL TIPO STATION WAGON, MODELO TRACKER RS 1.2 TB AT, MOTOR FLEX FUEL E100, ANO FABRICACI¿N 2023, ANO MODELO 2024, CON AIRE ACONDICIONADO Y DEM¿S ACCESORIOS.-"
BAIC,BAIC,(sin modelo),X35,ICE,29,29,2025-01,2026-09,25DA000000006698,3,"LOS DEMAS, EN: (01) UNA UNID. CAMIONETA STATION WAGON, MARCA: BAIC, VERSION: X35 1.5T CVT LUXURY, COLOR: PLATA; CON SUS ACCESORIOS CORRESPONDIENTES..."
MG,MG,2025,HS PHEV LUX,PHEV,29,29,2025-03,2025-09,25DA000000127937,5,"1 UNID CAMIONETA, MARCA MG, TIPO, MG HS PHEV LUX, AO DE FABRICACION 2024, AO MODELO 2025, CON SUS ACCESORIOS NORMALES Y CORRESPONDIENTES.-"
MITSUBISHI,MITSUBISHI,(sin modelo),L200 TRITON SPORT D,ICE,29,29,2025-05,2026-07,25DA000000215500,43,CAMIONETA PARA EL TRANSPORTE DE PERSONAS 0KM MARCA MITSUBISHI MODELO L200 TRITON SPORT D DC 4WD CVT GLS HPE
FORD,FORD,MAVERICK LARIAT DC 2,MAVERICK LARIAT DC,HEV,29,29,2025-08,2026-09,25DA000000412474,1,UNA UNIDAD CAMIONETA MARCA FORD MODELO MAVERICK LARIAT DC 2.5 HEV AWD A¿O MODELO 2025
SSANGYONG,KGM,(sin modelo),REXTON,ICE,28,28,2022-01,2026-03,22DA000000000473,3,UN VEHIUCLO USADO TIPO STATION WAGON MARCA SSABGYONG MODELO REXTON A¿O 2004 MOVIDO A DIESEL
KIA,KIA,(sin modelo),PRIDE,ICE,28,28,2022-01,2026-07,22DA000000248798,12,"UNA UNIDAD DE AUTOMOVIL USADO, MARCA KIA MODELO PRIDE A¿O 2009.-"
MERCEDES-BENZ,MERCEDES-BENZ,2023,GLC 220 D 4MATIC,ICE,28,28,2022-12,2023-09,22DA000000347447,1,"1 UNID CAMIONETA, MARCA: MERCEDES BENZ, TIPO: GLC 220 D 4MATIC, A¿O DE FABRICACION: 2022, A¿O MODELO: 2023, CON SUS ACCESORIOS NORMALES Y CORRESPONDIENTES.-"
PEUGEOT,PEUGEOT,208 STYLE 1,208 STYLE,ICE,28,28,2023-04,2024-08,23DA000000039244,7,"AUTOMOVIL PEUGEOT MODELO 208 STYLE 1.0 MT5 FLEX, CON SUS ACCESORIOS CORRESPONDIENTES"
JETOUR,JETOUR,(sin modelo),X70 GLS FL,ICE,28,28,2025-04,2026-09,25DA000000165428,1,LOS DEMAS AUTOMOVILES MARCA JETOUR X70 GLS FL
MERCEDES-BENZ,MERCEDES-BENZ,2026,GLA 200,ICE,28,28,2025-07,2026-03,25DA000000351885,1,"1 UNID CAMIONETA, MARCA: MERCEDES BENZ, TIPO: GLA 200 , AO DE FABRICACION: 2025 MODELO: 2026 CON SUS ACCESORIOS NORMALES Y CORRESPONDIENTES.-"
BMW,BMW,(sin modelo),320I,ICE,27,27,2022-01,2025-08,22DA000000002433,2,UNA UNIDAD DE AUTOMOVIL USADO MARCA BMW MODELO 320I A¿O 2005.-
MERCEDES-BENZ,MERCEDES-BENZ,(sin modelo),C220,ICE,27,27,2022-01,2026-09,22DA000000028305,5,UN VEHICULO USADO TIPO AUTOMOVIL MARCA MERCEDES BENZ MODELO C220 A¿O 2008 MOVIDO A DIESEL
BAIC,BAIC,(sin modelo),BJ40 PLUS,ICE,27,27,2022-06,2023-12,22DA000000174249,1,"1.-UNID. CAMIONETA STATION WAGON BAIC BJ40 PLUS, CON SUS CORRESP.ACCESORIOS"
MERCEDES-BENZ,MERCEDES-BENZ,(sin modelo),ATEGO 816,ICE,27,27,2022-06,2026-08,22DA000000178855,1,UNA UNIDAD DE CAMION USADO MARCA MERCEDES BENZ MODELO ATEGO 816 A¿O 2010 COLOR BLANCO
VOLKSWAGEN,VOLKSWAGEN,SAVEIRO DC CROSS 1,SAVEIRO DC CROSS,ICE,27,27,2022-07,2022-12,22DA000000203866,1,"1.-UNIDAD DE VEHICULO, MARCA VOLKSWAGEN, MODELO SAVEIRO DC CROSS 1.6L TF GPII MT, A¿O DE FABRICACION 2022, A¿O MODELO 2023, CON SUS ACCESORIOS CORRESPONDIENTES.-"
CHEVROLET,CHEVROLET,SILVERADO LTZ 3,SILVERADO LTZ,ICE,27,27,2022-07,2023-07,22DA000000223506,12,"LOS DEMAS; EN: CAMIONETA DE CARGA TIPO PICK-UP, MODELO SILVERADO LTZ 3.0 4X4 AT, DIESEL, ANO 2022, CON AIRE ACONDICIONADO Y DEMAS ACCESORIOS.-"
MERCEDES-BENZ,MERCEDES-BENZ,(sin modelo),SPRINTER,ICE,27,27,2022-09,2026-07,22DA000000300677,1,LOS DEMAS. EN: 1)UND FURGON MERCEDES SPRINTER A¿O 2003
VOLKSWAGEN,VOLKSWAGEN,SAVEIRO CROSS DC 1,SAVEIRO CROSS DC,ICE,27,27,2022-11,2023-12,22DA000000453495,3,"1.-UNIDAD DE VEHICULO, MARCA VOLKSWAGEN, MODELO SAVEIRO CROSS DC 1.6 MT, A¿O DE FABRICACION 2022, A¿O MODELO 2023, CON SUS ACCESORIOS CORRESPONDIENTES.-"
TOYOTA,TOYOTA,(sin modelo),HIACE SUPER GL,ICE,27,27,2023-08,2026-07,23DA000000667548,3,UN STATION WAGON USADO MARCA TOYOTA MODELO HIACE SUPER GL A¿O 2009
NISSAN,NISSAN,(sin modelo),VERSA EXCLUSIVE,ICE,27,27,2024-03,2025-09,24DA000000110206,1,QUE UTILICEN INDISTINTAMENTE LOS SIGUIENTES COMBUSTIBLES (NAFTA) O ALCOHOL EN:UN AUTOMOVIL MARCA NISSAN MODELO VERSA EXCLUSIVE CVT FLEX - A¿O DE FAB 2023 MOD A¿O 2024 CON SUS ACCESORIOS NORMALES
GEELY,GEELY,COORAY NAFT 1,COORAY NAFT,ICE,27,27,2025-04,2025-04,25DA000000194647,6,"VEHICULOS AUTOMOVILES PARA EL TRASNPORTE GEELY DE PERSONAS, CAMIONETA MARCA GEELY MOD COORAY NAFT 1,5 AUT"
VOLKSWAGEN,VOLKSWAGEN,(sin modelo),POLO,ICE,26,26,2022-01,2025-06,22DA000000028351,8,"EN 1 UNIDAD DE VEHICULO, MARCA VOLKSWAGEN, A¿O 2022, MOD. POLO 1.6 COMFORTLINE TF AT, COLOR: PLATA TUNGSTENO.-"
CHEVROLET,CHEVROLET,ONIX SD LTZ 1,ONIX SD LTZ,ICE,26,26,2022-02,2026-07,22DA000000341023,1,"AUTOMOVIL MODELO ONIX SD LTZ 1.0 TB AT, MOTOR FLEX FUEL E100, ANO 2022, CON AIRE ACONDICIONADO Y DEMAS ACCESORIOS.-"
SINOTRUK,SINOTRUK,(sin modelo),HOMAN H5,ICE,26,26,2022-04,2026-01,22DA000000088332,1,"1.-UNID. CAMION TUMBA SINOTRUK HOMAN H5, CON SUS CORERSP.ACCESORIOS"
MERCEDES-BENZ,MERCEDES-BENZ,(sin modelo),GLC300,ICE,26,26,2022-05,2025-10,22DA000000105517,1,01) UNA UNIDAD ST WAGON USADO MARCA MERCEDES BENZ MODELO GLC300 A¿O 2018 COLOR NEGRO
NISSAN,NISSAN,(sin modelo),LEAF,BEV,26,26,2022-05,2024-12,22DA000000153543,2,"01) UNA UNIDAD DE AUTOMOVIL USADO MARCA NISSAN MODELO LEAF A¿O 2.011 NAFTERO CON CHASSIS NRO.: ZE0-002460, COLOR PLATA.-"
MERCEDES-BENZ,MERCEDES-BENZ,2024,ATEGO 1725/48,ICE,26,26,2023-03,2023-09,23DA000000067215,1,"1 UNID CAMION, MARCA: MERCEDES BENZ, TIPO: ATEGO 1725/48, A¿O DE FABRICACION: 2023, MODELO: 2024, CON SUS ACCESORIOS NORMALES Y CORRESPONDIENTES.-"
CHEVROLET,CHEVROLET,MONTANA CD PREMIER 1,MONTANA CD PREMIER,ICE,26,26,2023-03,2024-08,23DA000000074174,6,"LOS DEMAS; EN: CAMIONETA DE CARGA MODELO MONTANA CD PREMIER 1.2 TB AT, MOTOR FLEX FUEL E100, ANO 2023, CON AIRE ACONDICIONADO Y DEMAS ACCESORIOS.-"
PEUGEOT,PEUGEOT,(sin modelo),2008 GT LINE,ICE,26,26,2023-05,2024-08,23DA000000200551,4,STATION WAGON PEUGEOT 2008 GT LINE 1.2 PURETECH 130 AT6 CON SUS ACCESORIOS CORRESPONDIENTES
VOLKSWAGEN,VOLKSWAGEN,2026,POLO HIGHLINE,ICE,26,26,2025-09,2026-08,25DA000000444111,9,"1.-UNIDAD DE AUTOMOVIL, MARCA VOLKSWAGEN, POLO HIGHLINE 1.0 TF AT, A¿O DE FABRICACION 2025, A¿O MODELO 2026, CON SUS ACCESORIOS CORRESPONDIENTES.-"
ICAUR,ICAUR,03T LUXURY 1,03T LUXURY,PHEV,26,26,2026-07,2026-09,26DA000000387278,6,VEHICULO CON CAPACIDAD DE TRANSPORTE DE PERSONAS EN: 01-UN AUTOMOVIL MARCA ICAUR MODELO 03T LUXURY 1.5L T A/T G 4WD REEV (RANGO EXTENDIDO) AO DE FABRICACION 2026 MODELO AO 2027 CON SUS ACCESORIOS NOR
BMW,BMW,(sin modelo),X5,ICE,25,25,2022-01,2026-03,22DA000000019849,1,UNA UNIDAD DE VEHICULO USADO MARCA BMW MODELO X5 A¿O 2012
FIAT,FIAT,TORO FREEDOM 1,TORO FREEDOM,ICE,25,25,2022-01,2024-06,22DA000000020558,11,"(1) UNA UNIDAD, CAMIONETA PICK UP, MARCA FIAT, MODELO TORO FREEDOM 1.3 4X2 AT6 FLEX, A¿O DE FABRICACION 2021, MODELO DEL A¿O 2022, CON SUS ACCESORIOS CORRESPONDIENTES.-"
TOYOTA,TOYOTA,(sin modelo),CARINA,ICE,25,25,2022-02,2025-07,22DA000000286665,8,1 UNA UNIDAD DE AUTOMOVIL USADO MARCA TOYOTA MODELO CARINA A¿O 1998 COLOR AZUL
DODGE,DODGE,(sin modelo),DURANGO GT,ICE,25,25,2022-03,2024-09,22DA000000091223,1,VEHICULO CON CAPACIDAD DE TRANSPORTE DE PERSONAS INFERIOR O IGUAL A 6 PERSONAS EN: 01-UN VEHICULO MARCA DODGE MODELO DURANGO GT 4WD WDEH75 A¿O DE FABRICACION 2021 MODELO A¿O 2021 CON SUS ACCESORIOS NO
TATA,TATA,(sin modelo),SUPER ACE MINT LHD,ICE,25,25,2022-03,2025-06,22DA000000062059,4,UNA UNIDAD CAMIONETA MARCA TATA MODELO SUPER ACE MINT LHD EIV-DLE (AC WITH LB) A¿O DE FABRICACION 2022 MODELO A¿O 2022 DIESEL
PEUGEOT,PEUGEOT,3008 GT LINE 1,3008 GT LINE,ICE,25,25,2022-04,2024-10,22DA000000076403,48,STATION WAGON PARA EL TRANSPORTE DE PERSONAS MARCA PEUGEOT MODELO 3008 GT LINE 1.6 THP 165 EAT6 CON SUS ACCESORIOS CORRESPONDIENTES
NISSAN,NISSAN,(sin modelo),VERSA SENSE,ICE,25,25,2024-03,2024-04,24DA000000110703,20,QUE UTILICEN INDISTINTAMENTE LOS SIGUIENTES COMBUSTIBLES: GASOLINA (NAFTA) O ALCOHOL EN:UN AUTOMOVIL MARCA NISSAN MODELO VERSA SENSE CVT - FLEX A¿O DE FAB 2023 MOD A¿O 2024 CON SUS ACCESORIOS NORMALES
SUZUKI,SUZUKI,(sin modelo),GRAND VITARA GL,ICE,25,25,2024-12,2024-12,24DA000000566056,8,1 UNIDAD VEHICULO SUZUKI GRAND VITARA GL AT
JEEP,JEEP,COMMANDER OVERLAND 2,COMMANDER OVERLAND,ICE,25,25,2024-12,2026-05,24DA000000575016,1,"VEHICULO CON CAPACIDAD DE TRANSPORTE DE PERSONAS DE LOS TIPOS DENOMINADOS ""FLEX"" EN:01-UN VEHICULO MARCA JEEP MODELO COMMANDER OVERLAND 2.0 DS AO DE FABRICACION 2024 MODELO AO 2025 CON SUS ACC. NORMA"
VOLKSWAGEN,VOLKSWAGEN,(sin modelo),POLO TRACK,ICE,25,25,2025-03,2025-10,25DA000000137806,2,"1.- UNIDAD DE VEHICULO DE LA MARCA VOLKSWAGEN, POLO TRACK 1.6 MT, A¿O FABRICACION 2025, MODELO A¿O 2025, CON SUS ACCESORIOS NORMALES Y OPCIONALES."
TOYOTA,TOYOTA,(sin modelo),GR YARIS,ICE,25,25,2025-08,2026-09,25DA000000376078,11,AUTOMOVIL DE LA MARCA TOYOTA GR YARIS MEC. NAFTERO DE 1.6L TURBO GXPA16L-AGFGZW A¿O DE FABRICACION 2025 MODELO A¿O 2026 CON SUS ACCESORIOS CORRESPONDIENTES
CHEVROLET,CHEVROLET,(sin modelo),ONIX HB LT,ICE,25,25,2025-10,2026-04,25DA000000494904,1,CHEVROLET ONIX HB LT 1.0
GREATWALL,GREATWALL,(sin modelo),POER FAMILY ELITE,ICE,25,25,2025-10,2026-04,25DA000000490682,1,POER FAMILY ELITE 4X4 AT DIE
SSANGYONG,KGM,(sin modelo),KORANDO,ICE,24,24,2022-01,2026-05,22DA000000005950,1,"1 UNID. VEHICULO STATION WAGON MARCA SSANGYONG, MOD. KORANDO, A¿O DE FABRICACION 2011, MOD. A¿O 2011, C/ACCESORIOS NORMALES Y OPCIONALES.-"
TOYOTA,TOYOTA,(sin modelo),TOURING HIACE,ICE,24,24,2022-01,2025-10,22DA000000013644,1,UNA UNIDAD DE VEHICULO USADO TIPO STATION WAGON MARCA TOYOTA MODELO TOURING HIACE A¿O 1999 MOVIDO A DIESEL
SCANIA,SCANIA,(sin modelo),P380,ICE,24,24,2022-01,2026-07,22DA000000005911,2,01) UN CAMION CON CHASIS MOTOR Y CABINA USADO MARCA: SCANIA MODELO: P380 A¿O. 2005 MOVIDO A DIESEL.-
BAIC,BAIC,(sin modelo),X25,ICE,24,24,2022-05,2022-06,22DA000000122140,1,"1- UNID. DE CAMIONETA STATION WAGON BAIC X25 1.5 AT ELITE, CON SUS CORRESP. ACCESORIOS"
JBC,JBC,(sin modelo),SY1040DVA,ICE,24,24,2022-11,2024-11,22DA000000432815,1,01) UN CAMION CON CHASIS MOTOR Y CABINA USADO MARCA: JBC MODELO: SY1040DVA A¿O 2011 MOVIDO A DIESEL
MERCEDES-BENZ,MERCEDES-BENZ,2025,GLC 200 4MATIC COUPE,ICE,24,24,2024-11,2025-11,24DA000000527900,1,"1 UNID CAMIONETA, MARCA: MERCEDES BENZ, TIPO: GLC 200 4MATIC COUPE, A¿O DE FABRICACION: 2024, A¿O MODELO 2025, CON SUS ACCESORIOS NORMALES Y CORRESPONDIENTES"
MG,MG,2026,ONE TROPHY,ICE,24,24,2025-06,2026-01,25DA000000277025,1,"1 UNID CAMIONETA, MARCA MG, TIPO,MG ONE TROPHY, AO DE FABRICACION 2025, AO MODELO 2026, CON SUS ACCESORIOS NORMALES Y CORRESPONDIENTES.-"
SEGWAY,SEGWAY,(sin modelo),AT6L PREMIUM,ICE,24,24,2025-10,2025-12,25DA000000490671,1,"UNA UNIDAD CUATRICICLO, DE LA MARCA; SEGWAY, MODELO; AT6L PREMIUM, COLOR; BLANCO ROJO, FARICACION Y MODELO A¿O 2025, CHASSIS N. H0MAAPXC9S8003248, MOTOR N. 199MS 5E110041"
CHERY,CHERY,(sin modelo),T4 PRO,HEV,24,24,2025-12,2026-05,25DA000000653835,15,VEHICULO CON CAPACIDAD DE TRANSPORTE DE PERSONAS EN: 01-UN AUTOMOVIL MARCA CHERY MODELO) T4 PRO 1.5L A/T G HEV LUXURY 2WD AO DE FABRICACION 2025 MODELO AO 2026 CON SUS ACCESORIOS NORMALES
MAXUS,MAXUS,(sin modelo),T90,ICE,24,24,2025-12,2026-03,25DA000000667059,6,T90
CHEVROLET,CHEVROLET,(sin modelo),S10 CD LTZ,ICE,24,24,2026-03,2026-07,26DA000000106376,2,CAMIONETA CHEVROLET S10 CD LTZ 2.8 4X4 AT CON SUS ACCESORIOS CORRESPONDIENTES
TOYOTA,TOYOTA,(sin modelo),CELICA,ICE,23,23,2022-05,2026-09,22DA000000109821,1,01) UNA UNIDAD DE VEHICULO USADO TOYOTA CELICA 2005
VOLKSWAGEN,VOLKSWAGEN,POLO 1,POLO,ICE,23,23,2022-08,2022-10,22DA000000231940,9,"1.-UNIDAD DE AUTOMOVIL, MARCA VOLKSWAGEN, MODELO POLO 1.6 COMFORTLINE TF MT, A¿O DE FABRICACION 2022, A¿O MODELO 2022, CON SUS ACCESORIOS CORRESPONDIENTES.-"
SCANIA,SCANIA,(sin modelo),P94-260,ICE,23,23,2022-08,2026-08,22DA000000256336,2,UNA UNIDAD CAMION GRUA USADO MARCA SCANIA MODELO P94-260 A¿O 2004
RENAULT,RENAULT,NUEVA OROCH INT 1,NUEVA OROCH INT,ICE,23,23,2023-01,2024-05,23DA000000027254,1,"1)UNA UNIDAD PICK UP 0KM; MARCA RENAULT , MODELO NUEVA OROCH INT 1.3 CVT E3"
JEEP,JEEP,RENEGADE LONGITUDE 1,RENEGADE LONGITUDE,ICE,23,23,2024-07,2026-03,24DA000000313906,9,"VEHICULO CON CAPACIDAD DE TRANSPORTE DE PERSONAS DE LOS TIPOS DENOMINADOS ""FLEX""EN: 01-UN VEHICULO MARCA JEEP MODELO RENEGADE LONGITUDE 1.3 FLEX A¿O DE FABRICACION 2024 MODELO A¿O 2025 CON SUS ACCES"
VENTURA,VENTURA,(sin modelo),500 PRO MAX,ICE,23,23,2025-06,2026-02,25DA000000287062,13,SE TRATA DE 1 (UNA) UNIDAD DE VENTURA 500 PRO MAX CON SUS ACCESORIOS CORRESPONDIENTES
FORD,FORD,MUSTANG GT COUPE 5,MUSTANG GT COUPE,ICE,23,23,2025-07,2026-07,25DA000000316853,1,UNA UNIDAD AUTOMOVIL MARCA FORD MODELO MUSTANG GT COUPE 5.0L TI-VCT A¿O MODELO 2025
MAHINDRA,MAHINDRA,(sin modelo),S6,ICE,23,23,2025-12,2026-08,25DA000000653332,7,"01) UNA UNIDAD CAMIONETA DOBLE CABINA, MARCA: MAHINDRA, S6 CON MOTOR DIESEL, TRANSMISION AUTOMATICA 4X4 LHD. A¿O FABRICACION: 2025, MODELO A¿O: 2026, CON SUS ACCESORIOS CORRESPONDIENTES.-"
NISSAN,NISSAN,(sin modelo),SENTRA,ICE,22,22,2022-01,2025-09,22DA000000015636,1,VEHICULO CON CAPACIDAD DE TRANSPORTE DE PERSONAS EN: 01-UNA VEHICULO MARCA NISSAN MODELO SENTRA A¿O DE FABRICACION 2021 MODELO A¿O 2022 CON SUS ACCESORIOS CORRESPONDIENTES.
FIAT,FIAT,TORO RANCH 2,TORO RANCH,ICE,22,22,2022-01,2025-03,22DA000000011678,3,"(1) UNA UNIDAD CAMIONETA PICK UP, MARCA FIAT, MODELO TORO RANCH 2.0 MULTIJET 4X4 AT9 DIESEL, A¿O DE FABRICACION 2021, MODELO DEL A¿O 2022, CON SUS ACCESORIOS CORRESPONDIENTES"
GEELY,GEELY,AZKARRA 1,AZKARRA,HEV,22,22,2022-04,2022-09,22DA000000271621,3,"VEHICULOS AUTOMOVILES PARA EL TRANSPORTE DE PERSONAS, CAMIONETA MARCA: GEELY , MOD: AZKARRA 1,5 HIBRIDO 4X4"
SCANIA,SCANIA,(sin modelo),124,ICE,22,22,2022-04,2025-10,22DA000000044218,1,UNA UNIDAD CAMION USADO MARCA: SCANIA MODELO: 124 - 400 A¿O: 1996
MERCEDES-BENZ,MERCEDES-BENZ,(sin modelo),E350,ICE,22,22,2023-03,2026-03,23DA000000079588,1,1 UNA UNIDAD AUTOMOVIL USADO MARCA MERCEDES BENZ MODELO E350 A¿O 2006 COLOR BEIGE.-
MITSUBISHI,MITSUBISHI,(sin modelo),LANCER,ICE,22,22,2023-12,2026-08,23DA000000894002,7,UN AUTOMOVIL USADO MARCA MITSUBISHI MODELO LANCER A¿O 2.007.-
HYUNDAI,HYUNDAI,TUCSON CON,TUCSON,ICE,22,22,2024-01,2025-06,24DA000000027271,4,"01) UNA UNIDAD CAMIONETA ST WAGON MARCA: HYUNDAI, MODELO: TUCSON CON MOTOR DIESEL, TRANSMISION AUTOMATICA 4X2, A¿O FABRICACION: 2014, MODELO A¿O: 2015, CON SUS ACCESORIOS CORRESPONDIENTES.-"
MITSUBISHI FUSO,MITSUBISHI FUSO,2025,FE84CE6L,ICE,22,22,2024-06,2025-02,24DA000000262710,1,"1 UNID CAMION, MARCA: MITSUBISHI FUSO, TIPO: FE84CE6L, A¿O DE FABRICACION: 2024, A¿O MODELO: 2025, CON SUS ACCESORIOS NORMALES Y CORRESPONDIENTES.-"
VENTURA,VENTURA,(sin modelo),M250,ICE,22,22,2024-08,2026-02,24DA000000367950,4,UNA UNIDAD DE CUADRICICLO NUEVO MARCA VENTURA MODELO VENTURA M250 A¿O 2024.-
RENAULT,RENAULT,(sin modelo),KWID ZEN,ICE,22,22,2026-04,2026-05,26DA000000182911,7,NUEVO KWID ZEN 1.0
PEUGEOT,PEUGEOT,2008 GT LINE 1,2008 GT LINE,ICE,21,21,2022-01,2023-05,22DA000000009932,24,STATION WAGON PARA EL TRANSPORTE DE PERSONAS MARCA PEUGEOT MODELO 2008 GT LINE 1.2PURETECH 130 AT6 CON SUS ACCESORIOS CORRESPONDIENTES
MERCEDES-BENZ,MERCEDES-BENZ,(sin modelo),ATEGO 817,ICE,21,21,2022-02,2026-06,22DA000000033115,1,UNA UNIDAD CAMION USADO MARCA: MERCEDES BENZ MODELO: ATEGO 817 A¿O: 2000
CITROEN,CITROEN,BERLINGO 1,BERLINGO,ICE,21,21,2022-03,2022-04,22DA000000096531,4,FURGONETA PARA EL TRANSPORTE DE PERSONAS MARCA CITROEN MODELO BERLINGO 1.6HDI 90 BVM5 CON SUS ACCESORIOS CORRESPONDIENTES
NISSAN,NISSAN,(sin modelo),350Z,ICE,21,21,2022-05,2026-08,22DA000000155525,1,1 UNA UNIDAD DE AUTOMOVIL USADO MARCA NISSAN MODELO 350Z A¿O 2003 COLOR ROJO
CHEVROLET,CHEVROLET,(sin modelo),CORVETTE,ICE,21,21,2022-08,2026-09,22DA000000199797,2,1 UNA UNIDAD AUTOMOVIL USADO MARCA CHEVROLET MODELO CORVETTE A¿O 1994 COLOR CELESTE.-
SCANIA,SCANIA,(sin modelo),P270,ICE,21,21,2022-08,2026-01,22DA000000229333,1,UNA UNIDAD CAMION USADO MARCA SCANIA MODELO P270 A¿O 2006
NISSAN,NISSAN,(sin modelo),SKYLINE,ICE,21,21,2022-10,2026-07,22DA000000389828,1,1 UNA UNIDAD DE AUTOMOVIL USADO MARCA NISSAN MODELO SKYLINE A¿O 1994 COLOR BLANCO NAFTERO
MERCEDES-BENZ,MERCEDES-BENZ,2023,GLA 200 D,ICE,21,21,2023-01,2024-01,23DA000000001411,1,"1 UNID CAMIONETA, MARCA: MERCEDES BENZ, TIPO: GLA 200 D, A¿O DE FABRICACION: 2022, A¿O MODELO: 2023 CON SUS ACCESORIOS NORMALES Y CORRESPONDIENTES.-"
MERCEDES-BENZ,MERCEDES-BENZ,2025,GLC 200 4MATIC,ICE,21,21,2024-10,2025-11,24DA000000447570,1,"1 UNID CAMIONETA, MARCA MERCEDES BENZ, TIPO GLC 200 4MATIC, AO DE FABRICACION 2024, AO MODELO 2025, CON SUS ACCESORIOS NORMALES Y CORRESPONDIENTES.-"
CHEVROLET,CHEVROLET,(sin modelo),"TRAILBLAZER HIGH COUNTRY 4X4,156PKTR6E",ICE,21,21,2025-12,2026-03,25DA000000671093,4,"1 UNID.VEHICULO SUV MARCA CHEVROLET, MOD.TRAILBLAZER HIGH COUNTRY 4X4,156PKTR6E, 7 PASAJEROS, 5 PUERTAS, MOTOR DIESEL *4CIL 2.8L, ANIO DE FAB. 2025, MOD. ANIO 2026, CON ACC. NORMALES Y OPCIONALES.-"
RENAULT,RENAULT,(sin modelo),KWID EVOLUTION,ICE,21,21,2026-09,2026-09,26DA000000479022,1,KWID EVOLUTION
NISSAN,NISSAN,(sin modelo),CABSTAR,ICE,20,20,2022-01,2025-08,22DA000000000926,2,UNA UNIDAD CAMION USADO MARCA NISSAN MODELO CABSTAR A¿O 2003
JEEP,JEEP,(sin modelo),WRANGLER RUBICON,ICE,20,20,2022-03,2026-09,22DA000000095723,10,01) UNA UNIDAD DE VEHICULO USADO JEEP WRANGLER RUBICON 2008
SUBARU,SUBARU,(sin modelo),IMPREZA STI,ICE,20,20,2022-05,2026-03,22DA000000147089,2,01 UJN AUTOMOVIL MARCA SUBARU MODELO IMPREZA STI A¿O DE FABRICACION 2005 COLOR PLATA
ISUZU,ISUZU,(sin modelo),D-MAX CAB,ICE,20,20,2022-07,2022-08,22DA000000206926,6,"VEHICULOS AUTOMOVILES PARA EL TRANSPORTE DE MERCANCIAS, CAMIONETA . MARCA: ISUZU, MOD. D-MAX CAB SIMPLE 4X4, MOTOR 3,0 MECANICO"
NISSAN,NISSAN,(sin modelo),SILVIA,ICE,20,20,2023-01,2026-08,23DA000000027286,1,01) UNA UNIDAD VEHICULO USADO NISSAN SILVIA A¿O 1999
PEUGEOT,PEUGEOT,(sin modelo),5008 GT-LINE,ICE,20,20,2023-06,2024-08,23DA000000236380,5,STATION WAGON PEUGEOT 5008 GT-LINE 1.6 THP EAT6 165 CON SUS ACCESORIOS CORRESPONDIENTES
CHEVROLET,CHEVROLET,MONTANA RS 1,MONTANA RS,ICE,20,20,2023-09,2024-07,23DA000000719845,3,"LOS DEMAS; EN: CAMIONETA DE CARGA, MODELO MONTANA RS 1.2 TB AT, MOTOR FLEX FUEL E100, ANO DE FABRICACION 2023, ANO MODELO 2024, CON AIRE ACONDICIONADO Y DEMAS ACCESORIOS.-"
NISSAN,NISSAN,(sin modelo),KICKS ADVANCE,ICE,20,20,2024-02,2024-08,24DA000000064620,9,"DE LOS TIPOS DENOMINADOS ""FLEX FUEL"" EN: 01-UN AUTOMOVIL MARCA NISSAN MODELO KICKS ADVANCE CVT - FLEX A¿O DE FABRICACION 2024 MODELO A¿O 2025 CON SUS ACCESORIOS NORMALES"
KGM,KGM,MUSSO GRAND CON,MUSSO GRAND,ICE,20,20,2024-05,2025-03,24DA000000215612,26,"01) UNA UNIDAD CAMIONETA DOBLE CABINA, MARCA: KGM, MODELO: MUSSO GRAND CON MOTOR DIESEL, TRANSMISION AUTOMATICA 4X4, A¿O FABRICACION: 2024, MODELO A¿O: 2025, CON SUS ACCESORIOS CORRESPONDIENTES.-"
VOLKSWAGEN,VOLKSWAGEN,2025,SAVEIRO ROBUST SC,ICE,20,20,2024-06,2024-08,24DA000000247683,9,"1.-UNIDAD DE VEHICULO, MARCA VOLKSWAGEN, MODELO SAVEIRO ROBUST¿SC¿1.6¿MT, A¿O DE FABRICACION 2024, A¿O MODELO 2025, CON SUS ACCESORIOS CORRESPONDIENTES.-"
BYD,BYD,(sin modelo),SEAGULL,BEV,20,20,2024-07,2026-03,24DA000000294857,3,"UNA UNIDAD DE VEHICULO NUEVO TIPO AUTOMOVIL MARCA BYD MODELO SEAGULL A¿O 2024, ELECTRICO"
MITSUBISHI FUSO,MITSUBISHI FUSO,2025,FE73CE6L,ICE,20,20,2024-07,2025-11,24DA000000307191,2,"1 UNID CAMION, MARCA: MITSUBISHI FUSO, TIPO: FE73CE6L, A¿O DE FABRICACION: 2024, A¿O MODELO: 2025, CON SUS ACCESORIOS NORMALES Y CORRESPONDIENTES.-"
JMC,JMC,(sin modelo),NHR.C.S.CAJA.STD JX1032DB,ICE,20,20,2024-11,2024-11,24DA000000553913,6,LOS DEMAS AUTOMOVILES PARA EL TRANSPORTE DE MERCANCIA MARCA JMC NHR.C.S.CAJA.STD JX1032DB
MINI,MINI,(sin modelo),ACEMAN E CHN,BEV,20,20,2025-01,2026-09,25DA000000014392,1,"LOS DEMAS VEHICULOS, PROPULSADOS UNICAMENTE CON MOTOR ELECTRICO: 01 UN AUTOMOVIL SUV TIPO STATION WAGON MARCA MINI MODELO ACEMAN E CHN A¿O DE FABRICACION 2024 MODELO A¿O 2025 CON SUS ACCES NORMALES"
SUZUKI,SUZUKI,(sin modelo),SWIFT GLX,ICE,20,20,2025-02,2025-02,25DA000000077798,2,1 UNIDAD SUZUKI SWIFT GLX MT
MERCEDES-BENZ,MERCEDES-BENZ,2026,916/39,ICE,20,20,2025-06,2025-12,25DA000000273170,1,"1 UNID CAMION, MARCA MERCEDES BENZ TIPO 916/39 AO DE FABRICACION 2025, AO MODELO 2026 CON SUS ACCESORIOS NORMALES Y CORRESPONDIENTES.-"
FIAT,FIAT,TORO ULTRA D/C 1,TORO ULTRA D/C,ICE,20,20,2025-10,2026-07,25DA000000521096,152,DE PESO TOTAL CON CARGA MXIMA INFERIOR O IGUAL 5T EN:UNA CAMIONETA MARCA FIAT MODELO TORO ULTRA D/C 1.3 FLEX AO DE FABRICACION 2025 MOD AO 2026 CON SUS ACCESORIOS NORMALES.-
KGM,KGM,(sin modelo),MUSSO EV,BEV,20,20,2026-02,2026-02,26DA000000078882,1,CAMIONETA PICK-UP ELECTRICA MUSSO EV
MERCEDES-BENZ,MERCEDES-BENZ,2027,ACCELO 916/39,ICE,20,20,2026-03,2026-08,26DA000000106736,1,"1 UNID CAMION, MARCA: MERCEDES BENZ, TIPO: ACCELO 916/39 4X2, AO DE FABRICACION: 2026, AO MODELO: 2027 CON SUS ACCESORIOS NORMALES Y CORRESPONDIENTES."
FAW,FAW,TIGER 5,TIGER,ICE,20,20,2026-04,2026-09,26DA000000214061,5,"1 UNID. CAMION MARCA: FAW MODELO: TIGER 5.9 AO DE FABRICACION 2025, MODELO ANO 2026, CON SUS ACCESORIOS NORMALES Y CORRESPONDIENTES.-"
CHANGAN,CHANGAN,(sin modelo),CS35 MAX,ICE,20,20,2026-09,2026-09,26DA000000508599,25,"EN 1 UNIDAD DE VEHICULO DE LA MARCA: CHANGAN, ANO: 2027, MODE: NEW CS35 MAX, COLOR: GRIS UNIVERSAL.-"
TOYOTA,TOYOTA,(sin modelo),CORONA PREMIO,ICE,19,19,2022-01,2024-10,22DA000000000581,2,UN VEHICULO USADO TIPO AUTOMOVIL MARCA TOYOTA MODELO CORONA PREMIO A¿O 1998 MOVIDO A DIESEL
TOYOTA,TOYOTA,(sin modelo),YARIS,ICE,19,19,2022-01,2026-08,22DA000000000926,3,UNA UNIDAD AUTOMOVIL USADO MARCA TOYOTA MODELO YARIS A¿O 2006
VOLKSWAGEN,VOLKSWAGEN,(sin modelo),VIRTUS,ICE,19,19,2022-01,2022-07,22DA000000022317,1,"EN 1 UNIDAD DE VEHICULO, MARCA VOLKSWAGEN, A¿O 2022, MOD. VIRTUS 1.6 TF MT, COLOR: PLATA TUNGSTENO.-"
MERCEDES-BENZ,MERCEDES-BENZ,(sin modelo),E300,ICE,19,19,2022-02,2026-05,22DA000000031005,1,UN AUTOMOVIL USADO MARCA MERCEDES BENZ MODELO E300 DIESEL A¿O 1.995.-
CHEVROLET,CHEVROLET,ONIX SD PREMIER 1,ONIX SD PREMIER,ICE,19,19,2022-02,2026-07,22DA000000341023,6,"AUTOMOVIL MODELO ONIX SD PREMIER 1.0 TB AT, MOTOR FLEX FUEL E100, ANO 2022, CON AIRE ACONDICIONADO Y DEMAS ACCESORIOS.-"
MERCEDES-BENZ,MERCEDES-BENZ,(sin modelo),GLA 200 D,ICE,19,19,2022-03,2024-06,22DA000000069874,1,1 UNIDAD CAMIONETA MARCA MERCEDES BENZ MODELO GLA 200 D A¿O DE DE FABRICACION 2021 MODELO A¿O 2022 CON SUS RESPECTIVOS ACCESORIOS
HYUNDAI,HYUNDAI,(sin modelo),MAXCRUZ,ICE,19,19,2022-03,2025-08,22DA000000242754,2,UN VEHICULO USADO TIPO STATION WAGON MARCA HYUNDAI MODELO MAXCRUZ A¿O 2014 MOVIDO A DIESEL
HYUNDAI,HYUNDAI,(sin modelo),PORTER,ICE,19,19,2022-03,2026-05,22DA000000051945,8,01) UNA UNIDAD DE CAMION USADO HYUNDAI PORTER A¿O 2015
RENAULT,RENAULT,CAPTUR INTENSE 1,CAPTUR INTENSE,ICE,19,19,2022-04,2023-07,22DA000000064597,2,1)UNA UNIDAD STATION WAGON OKM;MARCA RENAULT;MODELO CAPTUR INTENSE 1.3 TURBO CVT
CHEVROLET,CHEVROLET,(sin modelo),TRUCKER LS,ICE,19,19,2022-05,2022-09,22DA000000121292,4,CHEVROLET TRUCKER LS 1.2 FLEX TURBO AT
MERCEDES-BENZ,MERCEDES-BENZ,2023,ATEGO 1725/48,ICE,19,19,2022-05,2023-02,22DA000000131920,1,"01 UNID. CHASSIS C/MOTOR Y CABINA, MARCA MERCEDES BENZ, TIPO ATEGO 1725/48, A¿O DE FABRICACION 2022, MODELO 2023, CON SUS ACCESORIOS CORRESPONDIENTES.-"
BMW,BMW,(sin modelo),520D,ICE,19,19,2023-05,2026-07,23DA000000195270,5,UNA UNIDAD DE AUTOMOVIL MARCA BMW MODELO 520D A¿O 2011
MITSUBISHI FUSO,MITSUBISHI FUSO,2023,FE73CE6L,ICE,19,19,2023-05,2023-08,23DA000000190422,1,"1 UNID CAMION, MARCA: MITSUBISHI FUSO, TIPO: FE73CE6L, A¿O DE FABRICACION: 2022, A¿O MODELO: 2023, CON SUS ACCESORIOS NORMALES Y CORRESPONDIENTES.-"
SUBARU,SUBARU,(sin modelo),IMPREZA WRX STI,ICE,19,19,2023-07,2026-09,23DA000000292763,7,UN AUTOMOVIL USADO MARCA SUBARU MODELO IMPREZA WRX STI A¿O 2.004.-
BMW,BMW,(sin modelo),X6,ICE,19,19,2023-08,2026-06,23DA000000560223,2,AUTOMOVILES PARA TURISMO Y DEMAS EN 1 UNID) 2020 BMW X6
TOYOTA,TOYOTA,(sin modelo),CROWN ROYAL SALOON,ICE,19,19,2025-02,2026-09,25DA000000064726,3,UN AUTOMOVIL USADO MARCA TOYOTA MODELO CROWN ROYAL SALOON A¿O 2.011.-
MG,MG,2025,ONE DLX,ICE,19,19,2025-03,2025-09,25DA000000098391,9,"1 UNID CAMIONETA, MARCA MG, TIPO,MG ONE DLX AO DE FABRICACION 2024, AO MODELO 2025, CON SUS ACCESORIOS NORMALES Y CORRESPONDIENTES.-"
HYUNDAI,HYUNDAI,(sin modelo),ALL NEW TUCSON,ICE,19,19,2025-03,2025-03,25DA000000145096,20,VEHICULOS AUTOMOVILES PARA EL TRANSPORTE DE PERSONAS. MARCA HYUNDAI. MODELO. ALL NEW TUCSON 2.0 DIESEL AT DIESEL 4X2 GL..CON SUS ACCESORIOS CORRESPONDIENTES
MERCEDES-BENZ,MERCEDES-BENZ,2026,GLA 200 D,ICE,19,19,2025-07,2026-02,25DA000000345222,1,"1 UNID CAMIONETA, MARCA: MERCEDES BENZ, TIPO: GLA 200 D , AO DE FABRICACION: 2025 MODELO: 2026 CON SUS ACCESORIOS NORMALES Y CORRESPONDIENTES.-"
LEXUS,LEXUS,(sin modelo),LX700H,HEV,19,19,2025-09,2026-09,25DA000000469949,29,SUV DE LA MARCA LEXUS LX700H HIBRIDO (ELECTRICO/NAFTA ) 4X4 DE 3.5L VJH310L-GKVLZV ANO DE FABRICACION 2025 MODELO ANO 2026 CON SUS ACCESORIOS CORRESPONDIENTES
JAC,JAC,LD250 CARGO BOX 2,LD250 CARGO BOX,ICE,19,19,2026-02,2026-09,26DA000000071967,1,LOS DEMAS AUTOMOVILES PARA EL TRANSPORTE DE MERCANCIAS 0KM MARCA JAC MODELO LD250 CARGO BOX 2.5T
CHEVROLET,CHEVROLET,SONIC RS 1,SONIC RS,ICE,19,19,2026-06,2026-09,26DA000000281592,10,"AUTOMOVIL TIPO STATION WAGON, MODELO SONIC RS 1.0 TB AT, MOTOR FLEX FUEL E100, ANO FABRICACION 2026, ANO MODELO 2027, CON AIRE ACONDICIONADO Y DEMAS ACCESORIOS.-"
CHANGAN,CHANGAN,UNI-T AUTOMATICO C/ 1,UNI-T AUTOMATICO,ICE,18,18,2022-01,2022-06,22DA000000009914,33,"1) UNA UNID. DE VEHICULO MARCA CHANGAN MODELO: UNI-T AUTOMATICO C/ 1.494CC, COLOR:CELESTE METALIZADO CHASIS N: LS5A3DKEXNA990021, Y MOTOR N: JL473ZQ5*MN6AM064818, A¿O FABRICACION 2021,MODELO A¿O 2022"
TOYOTA,TOYOTA,(sin modelo),ISIS,ICE,18,18,2022-01,2025-10,22DA000000026722,8,"01) UNA UNIDAD DE STATION WAGON USADO MARCA TOYOTA MODELO ISIS A¿O 2.011 NAFTERO CON CHASIS NRO.: ZGM11-0010956, COLOR PERLA.-"
NISSAN,NISSAN,(sin modelo),ATLAS 150,ICE,18,18,2022-01,2026-08,22DA000000016630,9,01- UNA UNIDAD DE CAMION DOBLE CABINA USADO MARCA NISSAN MODELO ATLAS 150 A¿O 1993
TOYOTA,TOYOTA,(sin modelo),HIACE GRAND CABIN,ICE,18,18,2022-02,2026-02,22DA000000031551,4,UN STATION WAGON USADO MARCA TOYOTA MODELO HIACE GRAND CABIN A¿O 2.001.-
KAYO,KAYO,(sin modelo),A200,ICE,18,18,2022-02,2022-02,22DA000000083748,9,1 CUACICLON MODELO: A200 MARCA: KAYO COLOR: BLANCO/NARANJA A¿O: 2022 MOTOR: 165FML8M800403 CHASIS: L6JACMLA3N1000318
SINOTRUK,SINOTRUK,(sin modelo),H5,ICE,18,18,2022-02,2023-05,22DA000000082759,2,"1.-UNID. CAMION CHASIS CON MOTOR Y CABINA SINOTRUK H5 4X2, CON SUS CORRESP.ACCESORIOS"
CHEVROLET,CHEVROLET,ONIX HB PREMIER 1,ONIX HB PREMIER,ICE,18,18,2022-04,2023-09,22DA000000038711,9,"AUTOMOVIL, MODELO ONIX HB PREMIER 1.0 TB AT, MOTOR FLEX FUEL E100, ANO 2022, CON AIRE ACONDICIONADO Y DEMAS ACCESORIOS"
SCANIA,SCANIA,(sin modelo),P114,ICE,18,18,2022-04,2026-09,22DA000000093899,1,UNA UNIDAD CHASSIS CON MOTOR Y CABINA MARCA: SCANIA MODELO: P114 A¿O: 1997. DIESEL.
VOLKSWAGEN,VOLKSWAGEN,TIGUAN RLINE 2,TIGUAN RLINE,ICE,18,18,2022-08,2023-09,22DA000000250725,7,"1.-UNIDAD DE VEHICULO, MARCA VOLKSWAGEN, TIPO SUV, MODELO TIGUAN RLINE 2.0 TSI, A¿O FABRICACION 2022, A¿O MODELO 2022, CON SUS ACCESORIOS CORRESPONDIENTES.-"
NISSAN,NISSAN,(sin modelo),CARAVAN,ICE,18,18,2022-08,2026-07,22DA000000259732,2,01) UNA UNIDAD VEHICULO USADO NISSAN CARAVAN A¿O 2005
MITSUBISHI FUSO,MITSUBISHI FUSO,2024,FE71CB8L,ICE,18,18,2023-11,2024-06,23DA000000809140,1,"1 UNID CAMION, MARCA: MITSUBISHI FUSO, TIPO: FE71CB8L, A¿O DE FABRICACION: 2023, A¿O MODELO: 2024, CON SUS ACCESORIOS NORMALES Y CORRESPONDIENTES.-"
MERCEDES-BENZ,MERCEDES-BENZ,GLE 300 D 4MATIC CON,GLE 300 D 4MATIC,ICE,18,18,2024-05,2026-05,24DA000000206317,1,1) UNA UNIDAD VEHICULO MARCA MERCEDES BENZ MODELO: GLE 300 D 4MATIC CON VIN NO: W1NFB0KB1RB162717 Y MOTOR NO: 65482080153787 A¿O MODELO: 2024.---
GAC,GAC,GS8 GT 2,GS8 GT,ICE,18,18,2024-06,2026-06,24DA000000232125,6,"LOS DEMAS; EN: AUTOMOVIL TIPO STATION WAGON, MODELO GS8 GT 2.0 TB AT, 4X2, NAFTERO, ANO FABRICACION 2024, ANO MODELO 2024, CON AIRE ACONDICIONADO Y DEMAS ACCESORIOS."
XIAOMI,XIAOMI,(sin modelo),SU7 MAX,BEV,18,18,2024-09,2025-07,24DA000000429370,1,"LOS DEM¿S VEH¿CULOS, PROPULSADOS ¿NICAMENTE CON MOTOR ELECTRICO, EN: (1) UNIDAD DE XIAOMI SU7 MAX LNBSC1WK3RB020357 COLOR: NEGRO METAL A¿O 2.024"
IVECO,IVECO,(sin modelo),DAILY 30 160,ICE,18,18,2025-04,2025-05,25DA000000186376,1,"(01) UNIDAD DE FURGON, DAILY 30 160 VAN, ANIO DE FABRICACION 2.025, CON SUS ACCESORIOS CORRESPONDIENTES.-"
MG,MG,2025,RX5 DLX,ICE,18,18,2025-06,2025-09,25DA000000294236,2,"1 UNID CAMIONETA, MARCA MG, TIPO,MG RX5 DLX, AO DE FABRICACION 2024, AO MODELO 2025, CON SUS ACCESORIOS NORMALES Y CORRESPONDIENTES.-"
MINI,MINI,(sin modelo),COOPER S COUNTRYMAN,ICE,17,17,2022-01,2023-02,22DA000000005972,1,VEHICULO CON CAPACIDAD DE TRANSPORTE DE PERSONAS EN: 01-UN AUTOMOVIL MARCA MINI MODELO COOPER S COUNTRYMAN A¿O DE FABRICACION 2021 MODELO A¿O 2022 CON SUS ACCESORIOS NORMALES
FORD,FORD,(sin modelo),F150,ICE,17,17,2022-01,2025-10,22DA000000013143,1,"LOS DEMAS VEHICULOS PARA EL TRANSPORTE DE MERCANCIA, DE PESO TOTAL CON CARGA M¿XIMA INFERIOR O IGUAL A 5 T; EN UNA UNIDAD CAMIONETA NUEVA FORD MODELO F150 A¿O 2021 COLOR GRIS CHASSIS 1FTFW1E82MFB45444"
SCANIA,SCANIA,(sin modelo),P93,ICE,17,17,2022-01,2025-10,22DA000000021150,1,LAS DEMAS EN: 01- UNA UNIDAD CAMION MARCA SCANIA P93 - 230 A¿O 1990 COLOR BLANCO CHASIS NRO: XLEPH4X2Z04292351
RENAULT,RENAULT,KWID LIFE 1,KWID LIFE,ICE,17,17,2022-02,2022-02,22DA000000060419,1,1)UNA UNIDAD AUTOMOVIL OKM;MARCA RENAULT MODELO KWID LIFE 1.0 C/PACK CLIM
BMW,BMW,(sin modelo),X3,ICE,17,17,2022-02,2026-04,22DA000000287896,3,UNA UNIDAD DE VEHICULO USADO TIPO STATION WAGON MARCA BMW MODELO X3 A¿O 2007 MOVIDO A DIESEL
NISSAN,NISSAN,(sin modelo),VANETTE,ICE,17,17,2022-02,2025-12,22DA000000288035,9,"UNA UNIDAD DE CAMION CON CARROCERIA BARANDA BAJA, USADO, MARCA NISSAN MODELO VANETTE A¿O 2000 CILINDRADA 2.200 C.C.-"
TOYOTA,TOYOTA,(sin modelo),ISIS PLATANA,ICE,17,17,2022-03,2026-04,22DA000000038702,6,01- UNA UNIDAD DE STATION WAGON USADO MARCA TOYOTA MODELO ISIS PLATANA A¿O 2010
FORD,FORD,EXPLORER 4DR 4WD XLT 2,EXPLORER 4DR 4WD XLT,ICE,17,17,2022-03,2023-02,22DA000000054650,1,UNA UNIDAD STATION WAGON MARCA FORD MODELO EXPLORER 4DR 4WD XLT 2.3L ECOBOOST A¿O MODELO 2021
SCANIA,SCANIA,(sin modelo),114,ICE,17,17,2022-03,2025-05,22DA000000046764,1,UNA UNIDAD DE CAMION USADO MARCA SCANIA MODELO 114 A¿O 1998
MERCEDES-BENZ,MERCEDES-BENZ,(sin modelo),1217,ICE,17,17,2022-03,2025-10,22DA000000063024,3,"01 UNA UNIDAD DE CAMION USADO MARCA:MERCEDES BENZ MODELO:1217 A¿O:1997, COLOR BLANCO, MOVIDO A DIESEL."
VOLKSWAGEN,VOLKSWAGEN,(sin modelo),NIVUS,ICE,17,17,2022-06,2022-06,22DA000000105409,2,"EN 1 UNIDAD DE VEHICULO, MARCA VOLKSWAGEN A¿O 2022, MOD. NIVUS 1.0 COMFORTLINE TF AT, COLOR: BLANCO.-"
SUZUKI,SUZUKI,IGNIS 1,IGNIS,ICE,17,17,2022-06,2023-03,22DA000000171906,4,01) UNIDAD DE VEHICULO TIPO AUTOMOVIL DE LA MARCA SUZUKI MODELO IGNIS 1.2 GL A/T A¿O DE FABRICACION 2022 MODELO A¿O 2023 CON SUS ACCESORIOS NORMALES Y CORRESPONDIENTES.-
RENAULT,RENAULT,CAPTUR 1,CAPTUR,ICE,17,17,2023-04,2023-07,23DA000000057387,3,1)UNA UNIDAD STATION WAGON OKM;MARCA RENAULT;MODELO CAPTUR 1.3 TURBO CVT
AUDI,AUDI,(sin modelo),A4,ICE,17,17,2023-05,2025-10,23DA000000191483,1,1) -UN AUTOMOVIL USADO MARCA AUDI MODELO A4 A¿O 2015 COLOR GRIS
MITSUBISHI FUSO,MITSUBISHI FUSO,(sin modelo),CANTER,ICE,17,17,2023-08,2025-09,23DA000000518790,6,UNA UNIDAD DE VEHICULO USADO TIPO CAMION CON CAJA REFRIGERADO MARCA MITSUBISHI FUSO MODELO CANTER A¿O 2009 MOVIDO A DIESEL
TOYOTA,TOYOTA,(sin modelo),REGIUS ACE,ICE,17,17,2023-09,2026-08,23DA000000742643,3,UNA UNIDAD DE VEHICULO USADO TIPO STATION WAGON MARCA TOYOTA MODELO REGIUS ACE A¿O 2006 MOVIDO A DIESEL
CITROEN,CITROEN,(sin modelo),C5 AIRCROSS,ICE,17,17,2024-06,2025-05,24DA000000241130,2,STATION WAGON CITROEN C5 AIRCROSS 1.6 THP SHINE CON SUS ACCESORIOS CORRESPONDIENTES
JEEP,JEEP,RENEGADE SPORT 1,RENEGADE SPORT,ICE,17,17,2024-07,2024-12,24DA000000313906,19,"VEHICULO CON CAPACIDAD DE TRANSPORTE DE PERSONAS DE LOS TIPOS DENOMINADOS ""FLEX""EN: 01-UN VEHICULO MARCA JEEP MODELO RENEGADE SPORT 1.3 FLEX A¿O DE FABRICACION 2024 MODELO A¿O 2025 CON SUS ACCESORIOS"
PEUGEOT,PEUGEOT,(sin modelo),208 MCA ALLURE PACK,ICE,17,17,2024-11,2026-01,24DA000000515126,1,AUTOMOVIL PEUGEOT 208 MCA ALLURE PACK 1.6 FLEX 115 AT6 CON SUS ACCESORIOS CORRESPONDIENTES
VOLKSWAGEN,VOLKSWAGEN,(sin modelo),POLO HIGHLINE,ICE,17,17,2024-11,2026-04,24DA000000544202,5,"1.- UNIDAD DE AUTOMOVIL DE LA MARCA VOLKSWAGEN, POLO HIGHLINE 1.0 TF AT, A¿O FABRICACION 2024, MODELO A¿O 2025, CON SUS ACCESORIOS NORMALES Y OPCIONALES."
MG,MG,2026,EHS PHEV LUX,PHEV,17,17,2025-07,2025-10,25DA000000350410,1,"1 UNID CAMIONETA, MARCA: MG: TIPO: MG EHS PHEV LUX, AO DE FABRICACION: 2025, AO MODELO: 2026, CON SUS ACCESORIOS NORMAES Y CORRESPONDIENTES.-"
HYUNDAI,HYUNDAI,(sin modelo),STAREX,ICE,16,16,2022-01,2025-02,22DA000000000473,1,UN VEHIUCLO USADO TIPO STATION WAGON MARCA HYUNDAI MODELO STAREX A¿O 2006 MOVIDO A DIESEL
SUBARU,SUBARU,(sin modelo),LEGACY,ICE,16,16,2022-01,2026-04,22DA000000019065,9,"UNA UNIDAD DE AUTOMOVIL USADO, MARCA SUBARU MODELO LEGACY A¿O 2009.-"
SCANIA,SCANIA,(sin modelo),P230,ICE,16,16,2022-01,2026-09,22DA000000001693,1,UNA UNIDAD CAMION USADO MARCA SCANIA MODELO P230 A¿O 2008
KIA,KIA,(sin modelo),BONGO,ICE,16,16,2022-01,2026-05,22DA000000003872,1,01) UNA UNIDAD DE VEHICULO USADO KIA BONGO 2008
GREATWALL,GREATWALL,2022,H6,ICE,16,16,2022-02,2022-06,22DA000000058835,1,1 UNIDAD STATION WAGON MARCA HAVAL MODELO H6 A¿O DE FABRICACION 2021 A¿O MODELO 2022 CC 2000
BAIC,BAIC,(sin modelo),X55 LUXURY,ICE,16,16,2022-02,2023-11,22DA000000284997,10,"1.-UNID. CAMIONETA STATION WAGON BAIC X55 LUXURY, CON SUS CORRESP.ACCESORIOS"
GAC,GAC,GS4-ALL NEW 1,GS4-ALL NEW,ICE,16,16,2022-04,2022-12,22DA000000039795,11,"LOS DEMAS; EN: AUTOMOVIL TIPO STATION WAGON MODELO GS4-ALL NEW 1.5T 6AT GB, ANO FABRICACION 2021, ANO MODELO 2022, CON AIRE ACONDICIONADO Y DEMAS ACCESORIOS.-"
NISSAN,NISSAN,(sin modelo),ATLEON,ICE,16,16,2022-04,2026-02,22DA000000045446,2,UN CAMION USADO MARCA NISSAN MODELO ATLEON A¿O 1998 COLOR BLANCO
HYUNDAI,HYUNDAI,(sin modelo),PALISADE,ICE,16,16,2022-07,2026-01,22DA000000210286,1,UNA UNIDAD STATION WAGON USADO MARCA: HYUNDAI MODELO: PALISADE A¿O: 2021
VOLKSWAGEN,VOLKSWAGEN,VOYAGE 1,VOYAGE,ICE,16,16,2022-07,2023-02,22DA000000213220,2,"1.-UNIDAD DE AUTOMOVIL, MARCA VOLKSWAGEN, MODELO VOYAGE 1.6 TRENDLINE TF AT, A¿O DE FABRICACION 2022, A¿O MODELO 2022, CON SUS ACCESORIOS CORRESPONDIENTES.-"
MITSUBISHI,MITSUBISHI,(sin modelo),PAJERO MINI,ICE,16,16,2022-12,2025-01,22DA000000375263,1,UNA UNIDAD DE VEHICULO USADO TIPO STATION WAGON MARCA MITSUBISHI MODELO PAJERO MINI A¿O 2003 MOVIDO A GASOLINA
MERCEDES-BENZ,MERCEDES-BENZ,2024,GLA 200 D,ICE,16,16,2023-10,2024-04,23DA000000796845,2,"1 UNID CAMIONETA, MARCA: MERCEDES BENZ, TIPO: GLA 200 D, A¿O DE FABRICACION: 2023, A¿O MODELO: 2024, CON SUS ACCESORIOS NORMALES Y CORRESPONDIENTES.-"
MERCEDES-BENZ,MERCEDES-BENZ,GLA 200 D CON,GLA 200 D,ICE,16,16,2023-11,2026-08,23DA000000826091,3,1) UNA UNIDAD DE VEHICULO MARCA MERCEDES BENZ MODELO GLA 200 D CON VIN: W1N4N1CBXRJ550408 Y MOTOR NO: 654920V0389169 A¿O MODELO 2024.--
MITSUBISHI FUSO,MITSUBISHI FUSO,2024,FE85CHZL,ICE,16,16,2023-11,2024-04,23DA000000809140,3,"1 UNID CAMION, MARCA: MITSUBISHI FUSO, TIPO: FE85CHZL, A¿O DE FABRICACION: 2023, A¿O MODELO: 2024, CON SUS ACCESORIOS NORMALES Y CORRESPONDIENTES.-"
QUANTUM,QUANTUM,(sin modelo),NEXUS,BEV,16,16,2024-11,2025-03,24DA000000540720,9,01) UNA UNIDAD DE VEHICULO ELECTRICO MARCA QUANTUM MODELO NEXUS A¿O 2024 COLOR GRIS CHASIS NRO LXNAAGFE3RG000104.-
MINI,MINI,(sin modelo),ACEMAN SE CHN,BEV,16,16,2025-01,2026-09,25DA000000014392,4,"LOS DEMAS VEHICULOS, PROPULSADOS UNICAMENTE CON MOTOR ELECTRICO: 01 UN AUTOMOVIL SUV TIPO STATION WAGON MARCA MINI MODELO ACEMAN SE CHN A¿O DE FABRICACION 2024 MODELO A¿O 2025 CON SUS ACCES NORMALES"
FUSO,FUSO,2025,FAV1PH1LNJA,ICE,16,16,2025-01,2025-06,25DA000000011703,2,"1 UNID CAMION, MARCA: FUSO, TIPO: FAV1PH1LNJA, A¿O DE FABRICACION: 2024, A¿O MODELO: 2025 CON SUS ACCESORIOS NORMALES Y CORRESPONDIENTES.-"
MERCEDES-BENZ,MERCEDES-BENZ,2026,GLC 200 4MATIC COUPE,ICE,16,16,2025-08,2026-06,25DA000000409692,1,"1 UNID CAMIONETA, MARCA MERCEDES BENZ, TIPO GLC 200 4MATIC COUPE, AO DE FABRICACION 2025, AO MODELO 2026, CON SUS ACCESORIOS NORMALES Y CORRESPONDIENTES.-"
MITSUBISHI FUSO,MITSUBISHI FUSO,2025,(sin modelo),ICE,16,16,2025-09,2025-11,25DA000000450875,1,"1 UNID CAMION, MARCA: FUSO, TIPO: FE71CB8L, AO DE FABRICACION: 2024, AO MODELO: 2025 CON SUS ACCESORIOS NORMALES Y CORRESPONDIENTES.-"
MERCEDES-BENZ,MERCEDES-BENZ,2026,ATEGO 1418/48,ICE,16,16,2026-01,2026-01,26DA000000019846,1,"1 UNID CAMION, MARCA: MERCEDES BENZ, TIPO: ATEGO 1418/48 4X2, AO DE FABRICACION: 2025, AO MODELO: 2026 CON SUS ACCESORIOS NORMALES Y CORRESPONDIENTES.-"
MERCEDES-BENZ,MERCEDES-BENZ,2027,GLA 200 D,ICE,16,16,2026-06,2026-09,26DA000000298168,2,"1 UNID CAMIONETA, MARCA MERCEDES BENZ, TIPO GLA 200 D, AO DE FABRICACION 2026, AO MODELO 2027, CON SUS ACCESORIOS NORMALES Y CORRESPONDIENTES.-"
CHEVROLET,CHEVROLET,(sin modelo),SONIC,ICE,16,16,2026-06,2026-09,26DA000000328169,1,LOS DEMAS EN; 1 UNIDAD DE 2017 CHEVROLET SONIC
FORD,FORD,(sin modelo),TRANSIT,ICE,15,15,2022-01,2025-06,22DA000000001198,1,1 UNA UNIDAD CAMION USADO MARCA FORD MODELO TRANSIT A¿O 1998 COLOR BLANCO.-
FORD,FORD,(sin modelo),EXPLORER,ICE,15,15,2022-02,2026-07,22DA000000065264,1,01 UNA UNIDAD STATION WAGON - MODELO EXPLORER - A¿O 2013 - COLOR BLANCO
MAZDA,MAZDA,(sin modelo),AXELA,ICE,15,15,2022-02,2026-09,22DA000000286597,7,UN AUTOMOVIL USADO MARCA MAZDA MODELO AXELA A¿O 2.005.-
PORSCHE,PORSCHE,MACAN NAFTERO 2,MACAN NAFTERO,ICE,15,15,2022-02,2023-06,22DA000000289847,1,"1) UNIDAD VEHICULO DE LA MARCA PORSCHE TIPO CAMIONETA; MODELO MACAN NAFTERO 2.0, A¿O DE FABRICACION 2021; MODELO A¿O 2022 ; CON SUS ACCESORIOS NORMALES Y OPCIONALES.-"
AUDI,AUDI,(sin modelo),TT,ICE,15,15,2022-02,2026-09,22DA000000292008,2,UNA UNIDAD AUTOMOVIL USADO MARCA AUDI MODELO TT A¿O 2007
MERCEDES-BENZ,MERCEDES-BENZ,(sin modelo),1320,ICE,15,15,2022-02,2025-10,22DA000000340522,3,01) UN CAMION CON CHASIS MOTOR Y CABINA USADO MARCA. MERCEDES BENZ MODELO. 1320 A¿O 1993 MOVIDO A DIESEL.-
AUDI,AUDI,A4 2,A4,ICE,15,15,2022-03,2026-01,22DA000000048239,3,"1) UNIDAD VEHICULO DE LA MARCA AUDI TIPO AUTOMOVIL MODELO A4 2.0 TFSI, A¿O DE FABRICACION 2022; MODELO A¿O 2022, CON SUS ACCESORIOS NORMALES Y OPCIONALES.-"
JEEP,JEEP,(sin modelo),RENEGADE TRAILHAWK,ICE,15,15,2022-07,2023-09,22DA000000207555,116,VEHICULO CON CAPACIDAD DE TRANSPORTE DE PERSONAS DE LOS TIPOS DENOMINADOS ¿FLEX¿ EN: 01-UN VEHICULO MARCA JEEP MODELO RENEGADE TRAILHAWK A¿O DE FABRICACION 2022 MODELO A¿O 2023 CON SUS ACCESORIOS CORR
MERCEDES-BENZ,MERCEDES-BENZ,2022,GLE 300 D 4,ICE,15,15,2022-08,2023-04,22DA000000259030,1,"1 UNID CAMIONETA, MARCA: MERCEDES BENZ, TIPO: GLE 300 D 4 MATIC, A¿O MODELO: 2022, CON SUS ACCESORIOS NORMALES Y CORRESPONDIENTES.-"
MINI,MINI,(sin modelo),COOPER SE,BEV,15,15,2022-09,2023-10,22DA000000310537,1,LOS DEMAS VEHICULOS PROPULSADOS UNICAMENTE CON MOTOR ELECTRICO: 1 VEHICULO MARCA MINI MODELO COOPER SE HATCH A¿O 2023
JIM,JIM,JXW1033BSB 2,JXW1033BSB,ICE,15,15,2022-09,2022-09,22DA000000319186,19,1)UNIDAD DE CAMIONETA PICKUP DOBLE CABINA 4X4 MARCA JIM RE-MAX PLUS MOVIDO A DIESEL VERSION 6MT MODELO JXW1033BSB 2.500CC.
RENAULT,RENAULT,(sin modelo),KARDIAN PREMIERE EDITION,ICE,15,15,2024-07,2025-12,24DA000000310783,2,KARDIAN PREMIERE EDITION 1.0 DCT
MG,MG,2025,HS,PHEV,15,15,2024-11,2025-01,24DA000000553226,2,"1 UNID CAMIONETA, MARCA: MG, TIPO: MG HS HIBRIDO ENCHUFABLE, AO DE FABRICACION: 2024, AO MODELO: 2025, CON SUS ACCESORIOS NORMALES Y CORRESPONDIENTES"
JMC,JMC,(sin modelo),NHR.D.C.CAJA.STD JX1032DS,ICE,15,15,2024-11,2024-11,24DA000000553913,20,LOS DEMAS AUTOMOVILES PARA EL TRANSPORTE DE MERCANCIA MARCA JMC NHR.D.C.CAJA.STD JX1032DS
JMC,JMC,(sin modelo),NHR.D.C.CAJA JX1032DS,ICE,15,15,2024-11,2024-11,24DA000000551969,22,LOS DEMAS AUTOMOVILES PARA EL TRANSPORTE DE MERCANCIA MARCA JMC NHR.D.C.CAJA JX1032DS
SUZUKI,SUZUKI,(sin modelo),FRONX GL,ICE,15,15,2024-12,2025-02,24DA000000566467,11,UNA UNIDAD VEHICULO FRONX GL AT
JETOUR,JETOUR,(sin modelo),X70 GL FL,ICE,15,15,2025-05,2025-10,25DA000000223780,1,LOS DEMAS AUTOMOVILES MARCA JETOUR X70 GL FL
PEUGEOT,PEUGEOT,(sin modelo),208 MCA GT,ICE,15,15,2025-09,2026-09,25DA000000478962,1,AUTOMOVIL PEUGEOT 208 MCA GT 1.0 T 125 CVT FLEX BIO HYBRID CON SUS ACCESORIOS CORRESPONDIENTES
LEAPMOTOR,LEAPMOTOR,(sin modelo),C11 REEV 300 SMART,PHEV,15,15,2025-10,2025-10,25DA000000509419,16,LEAP MOTOR C11 REEV 300 SMART EDITION CON SUS ACCESORIOS CORRESPONDIENTES
BYD,BYD,(sin modelo),YUAN UP,BEV,15,15,2025-11,2026-06,25DA000000571956,17,UNA UNIDAD AUTOMOVIL MARCA BYD MODELO YUAN UP A¿O 2025 COLOR PERLA
MAXUS,MAXUS,(sin modelo),T60 D20 COMFORT,ICE,15,15,2025-12,2026-01,25DA000000648988,3,T60 D20 COMFORT 4X4
ISUZU,ISUZU,(sin modelo),MU-X UJQL603,ICE,15,15,2026-06,2026-06,26DA000000286099,53,"01) UNA UNIDAD CAMIONETA ST.WAGON CON MOTOR DIESEL 3.0, TRANSMISION AUTOMATICA 4X4, MARCA: ISUZU, MU-X UJQL603. ANIO FABRICACION: 2026, MODELO ANIO: 2027, CON SUS ACCESORIOS CORRESPONDIENTES."
MAHINDRA,MAHINDRA,S6 CON,S6,ICE,15,15,2026-06,2026-07,26DA000000312638,13,CAMIONETA CABINA SIMPLE MARCA MAHINDRA MOD S6 CON MOTOR DIESEL TRANSMISION MECANICA 4X4 AW CON SUS ACCESORIOS CORRESPONDIENTES
RAM,RAM,DAKOTA WARLOCK 2,DAKOTA WARLOCK,ICE,15,15,2026-07,2026-07,26DA000000340919,4,DE PESO TOTAL CON CARGA M¿XIMA INFERIOR O IGUAL A 5T EN: UNA CAMIONETA MARCA RAM MODELO DAKOTA WARLOCK 2.2 AT8 4X4 A¿O DE FABRICACION 2026 MOD A¿O 2027 CON SUS ACCESORIOS NORMALES.-
RAM,RAM,DAKOTA LARAMIE 2,DAKOTA LARAMIE,ICE,15,15,2026-07,2026-09,26DA000000383346,1,DE PESO TOTAL CON CARGA M¿XIMA INFERIOR O IGUAL A 5T EN: UNA CAMIONETA MARCA RAM MODELO DAKOTA LARAMIE 2.2 AT8 4X4 A¿O DE FABRICACION 2026 MOD A¿O 2027 CON SUS ACCESORIOS NORMALES.-
FOTON,FOTON,(sin modelo),BJ1044V9JD4-F,ICE,15,15,2026-08,2026-08,26DA000000410326,8,01) UNA UNIDAD VEHICULO MARCA: FOTON. MODELO BJ1044V9JD4-F TIPO: CHASIS CON MOTOR Y CABINA. CON MOTOR DIESEL ANO FABRICACION: 2026. MODELO ANO: 2026. CON SUS ACCESORIOS CORRESPONDIENTES
MERCEDES-BENZ,MERCEDES-BENZ,(sin modelo),E320,ICE,14,14,2022-01,2025-04,22DA000000005356,1,UN AUTOMOVIL USADO MARCA MERCEDES BENZ MODELO E320 A¿O 2008 COLOR PLATA
TOYOTA,TOYOTA,(sin modelo),REGIUSACE,ICE,14,14,2022-01,2025-09,22DA000000021959,1,1 UNA UNIDAD DE STATION WAGON USADO MARCA TOYOTA MODELO REGIUSACE A¿O 2007 COLOR PLATEADO
HONDA,HONDA,(sin modelo),CIVIC,ICE,14,14,2022-02,2026-07,22DA000000286510,1,VEHICULO USADO MARCA HONDA MODELO CIVIC A¿O 2006 VIN: 2HGFG11676H006236
TOYOTA,TOYOTA,(sin modelo),PROBOX,ICE,14,14,2022-03,2025-03,22DA000000046770,9,01 VEHICULO USADO TIPO STATION WAGON MARCA TOYOTA MODELO PROBOX A¿O 2004 MOVIDO A DIESEL
TOYOTA,TOYOTA,(sin modelo),SUCCEED,ICE,14,14,2022-04,2025-07,22DA000000087767,6,01- UNA UNIDAD DE STATION WAGON USADO MARCA TOYOTA SUCCEED A¿O 2011
TOYOTA,TOYOTA,(sin modelo),HIACE SUPER CUSTOM,ICE,14,14,2022-04,2026-09,22DA000000124316,4,UN STATION WAGON USADO MARCA TOYOTA MODELO HIACE SUPER CUSTOM A¿O 1.998.-
HYUNDAI,HYUNDAI,(sin modelo),VERACRUZ,ICE,14,14,2022-04,2025-10,22DA000000149802,1,UN VEHICULO USADO TIPO STATION WAGON MARCA HYUNDAI MODELO VERACRUZ A¿O 2009 MOVIDO A DIESEL
CHEVROLET,CHEVROLET,(sin modelo),TRUCKER PREMIER,ICE,14,14,2022-05,2023-04,22DA000000144348,8,CHEVROLET TRUCKER PREMIER 1.2 FLEX TURBO AT
RENAULT,RENAULT,NUEVA OROCH INTENSE OUT 1,NUEVA OROCH INTENSE OUT,ICE,14,14,2022-05,2024-07,22DA000000110578,5,1)UNA UNIDAD PICK UP OKM;MARCA RENAULT;MODELO NUEVA OROCH INTENSE OUT 1.3 CVT E3
CHANGAN,CHANGAN,NEW CS35 PLUS AUTOMATICO CON 1,NEW CS35 PLUS AUTOMATICO,ICE,14,14,2022-06,2022-06,22DA000000153952,8,"1)UNIDAD DE VEHICULO MARCA CHANGAN MODELO:NEW CS35 PLUS AUTOMATICO CON 1.494CC, COLOR: BLANCO CON CHASIS N: LS5A3DKR2PA962137 Y MOTOR N: JL473ZQ9*NM0AD034135, A¿O FABRICACION: 2022 MODELO A¿O 2023.-"
TOYOTA,TOYOTA,(sin modelo),C-HR,HEV,14,14,2022-08,2023-08,22DA000000261503,1,CAMIONETA DE LA MARCA TOYOTA C-HR CVT HIBRIDO (ELECTRICO/NAFTA) DE 1.798 C.C. ZYX10L-AHXEBW A¿O DE FABRICACION 2022 MODELO A¿O 2022 CON SUS ACCESORIOS CORRESPONDIENTES.
KIA,KIA,(sin modelo),CARENS,ICE,14,14,2022-09,2025-01,22DA000000308814,2,"(1) UNA UNID. VEHICULO MARCA KIA, MOD. CARENS, A¿O DE FABRICACION 2022, MOD. A¿O 2023 MOTOR DIESEL, CON SUS CORRESPONDIENTES ACCESORIOS"
DODGE,DODGE,(sin modelo),CHARGER,ICE,14,14,2022-09,2026-08,22DA000000324758,1,01) UN AUTOMOVIL USADO MARCA. DODGE MODELO. CHARGER A¿O: 2011 MOVIDO A GASOLINA
FORD,FORD,EXPLORER XLT 2,EXPLORER XLT,ICE,14,14,2022-10,2024-09,22DA000000419887,1,UNA UNIDAD STATION WAGON MARCA FORD MODELO EXPLORER XLT 2.3L A¿O MODELO 2022
HYUNDAI,HYUNDAI,(sin modelo),VELOSTER,ICE,14,14,2022-11,2026-09,22DA000000443840,2,UNA UNIDAD DE AUTOMOVIL USADO MARCA HYUNDAI MODELO VELOSTER A¿O 2012 COLOR GRIS
SUZUKI,SUZUKI,SWIFT 1,SWIFT,ICE,14,14,2022-11,2023-03,22DA000000467393,2,01) UNIDAD DE VEHICULO TIPO AUTOMOVIL DE LA MARCA SUZUKI MODELO SWIFT 1.2 GL M/T A¿O DE FABRICACION 2022 MODELO A¿O 2023 CON SUS ACCESORIOS NORMALES Y CORRESPONDIENTES.-
MERCEDES-BENZ,MERCEDES-BENZ,2023,GLC 200 4MATIC,ICE,14,14,2023-01,2023-08,23DA000000022413,1,"1 UNID CAMIONETA, MARCA: MERCEDES BENZ, TIPO: GLC 200 4MATIC, A¿O DE FABRICACION: 2022, A¿O MODELO: 2023 CON SUS ACCESORIOS NORMALES Y CORRESPONDIENTES.-"
FIAT,FIAT,STRADA FIORINO ENDURANCE 1,STRADA FIORINO ENDURANCE,ICE,14,14,2023-01,2023-01,23DA000000002617,9,"(1) UNA UNIDAD CAMIONETA FURGON, MARCA FIAT, MODELO STRADA FIORINO ENDURANCE 1.4 FLEX, A¿O DE FABRICACION 2022, MODELO DEL A¿O 2023, CON SUS ACCESORIOS CORRESPONDIENTES.-"
VENTURA,VENTURA,(sin modelo),TBOSS 550,ICE,14,14,2023-02,2024-01,23DA000000110066,5,"LOS DEMAS VEHICULOS, UNICAMENTE C/MOTOR DE EMBOLO, DE ENCENDIDO POR CHISPA, DE CILINDRADA INFER.O IGUAL A 1000 CM3,COMPLETOS,C/ ACC, EN: (1) VEHICULO CUADRICICLO (ATV) MOD.VENTURA TBOSS 550, DE 500CC"
TOYOTA,TOYOTA,(sin modelo),SUPRA,ICE,14,14,2023-03,2026-03,23DA000000068632,1,UNA UNIDAD AUTOMOVIL USADO MARCA: TOYOTA MODELO: SUPRA A¿O: 2020
KARRY,KARRY,(sin modelo),Q22L,ICE,14,14,2023-05,2024-03,23DA000000218642,2,LOS DEMAS FURGONES DE CARGA MARCA KARRY Q22L
FIAT,FIAT,FORINO ENDURANCE 1,FORINO ENDURANCE,ICE,14,14,2023-05,2023-05,23DA000000224412,9,"VEHICULOS AUTOMOVILES PARA EL TRANSPORTE DE MERCANCIAS, CAMIONETA FURGON, MARCA: FIAT MODELO FORINO ENDURANCE 1.4 FLEX MEC."
JEEP,JEEP,(sin modelo),COMMANDER LIMITED,ICE,14,14,2023-12,2026-07,23DA000000873125,2,VEHICULO CON CAPACIDAD DE TRANSPORTE DE PERSONAS EN:01-UN VEHICULO MARCA JEEP MODELO COMMANDER LIMITED A¿O DE FABRICACION 2023 MODELO A¿O 2024 CON SUS ACC. NORMALES
LAND ROVER,LAND ROVER,RANGE ROVER 3,RANGE ROVER,PHEV,14,14,2024-02,2026-09,24DA000000048280,1,UNA UNIDAD STATION WAGON MARCA LAND ROVER MODELO RANGE ROVER 3.0 LITRE T/C PETROL PHEV AWD 5 DOOR AUTO 460PS AUTOBIOGRAPHY A¿O MODELO 2024.
ENPOWER,ENPOWER,(sin modelo),3818AC,ICE,14,14,2024-11,2024-11,24DA000000514241,8,1 UNIDAD DE CARRITO DE GOLF ELECTRICO ENPOWER 3818AC
CHEVROLET,CHEVROLET,(sin modelo),ONIX PREMIER HB,ICE,14,14,2024-12,2026-09,24DA000000568254,4,"1 UNID. AUTOMOVIL MARCA CHEVROLET, MOD. ONIX PREMIER HB, 5Y48HS, PASAJERO, 5 LUGARES, 5 PTAS, MOTOR FLEX E100, 3 CIL. 1.0L TURBO, ANIO DE FABRICACION 2024, MOD. ANIO 2025, C/ACC.NORMALES Y OPCIONALES."
JEEP,JEEP,COMMANDER OVERLAND 1,COMMANDER OVERLAND,ICE,14,14,2024-12,2026-06,24DA000000610998,28,"VEHICULO CON CAPACIDAD DE TRANSPORTE DE PERSONAS DE LOS TIPOS DENOMINADOS ""FLEX"" EN:01-UN VEHICULO MARCA JEEP MODELO COMMANDER OVERLAND 1.3 AO DE FABRICACION 2024 MODELO AO 2025 CON SUS ACC. NORMALES"
GREATWALL,GREATWALL,POER 2,POER,ICE,14,14,2025-07,2025-09,25DA000000318268,2,LOS DEMAS AUTOMOVILES 0 KM MARCA GREATWALL MODELO POER 2.4 SUPER LUX 4X4
GAC,GAC,EMKOO GL 2,EMKOO GL,HEV,14,14,2025-08,2026-06,25DA000000414603,1,"AUTOMOVIL TIPO STATION WAGON, MODELO EMKOO GL 2.0 HEV AT, 4X2, HIBRIDO, ANO 2025, CON AIRE ACONDICIONADO Y DEMAS ACCESORIOS.-"
SOUEAST,SOUEAST,(sin modelo),S07 PLUS,ICE,14,14,2025-09,2026-08,25DA000000479204,1,LOS DEMAS AUTOMOVILES MARCA SOUEAST S07 PLUS 1.6 7DCT IV
FORD,FORD,MAVERICK TREMOR DC 2,MAVERICK TREMOR DC,ICE,14,14,2025-09,2026-02,25DA000000464533,1,UNA UNIDAD CAMIONETA MARCA FORD MODELO MAVERICK TREMOR DC 2.0 GTDI AWD A¿O MODELO 2025
SEGWAY,SEGWAY,(sin modelo),AT5L PREMIUM,ICE,14,14,2025-10,2025-12,25DA000000490671,16,"UNA UNIDAD CUATRICICLO, DE LA MARCA; SEGWAY, MODELO; AT5L PREMIUM , COLOR; GRIS/AZUL, FARICACION Y MODELO A¿O 2025, CHASSIS N. H0MAANX2XS8003612, MOTOR N. YSA3S25BH00015"
CITROEN,CITROEN,(sin modelo),C3 AIRCROSS SHINE 7S,ICE,14,14,2026-01,2026-05,26DA000000021522,2,AUTOMOVIL CITROEN C3 AIRCROSS SHINE 7S 1.0 CVT CON SUS ACCESORIOS CORRESPONDIENTES
MERCEDES-BENZ,MERCEDES-BENZ,2026,ATEGO 1726/48,ICE,14,14,2026-02,2026-02,26DA000000081489,1,"1 UNID CAMION, MARCA: MERCEDES BENZ, TIPO: ATEGO 1726/48 4X2, AO DE FABRICACION: 2025, AO MODELO: 2026 CON SUS ACCESORIOS NORMALES Y CORRESPONDIENTES."
PEUGEOT,PEUGEOT,LANDTREK ACTIVE 2,LANDTREK ACTIVE,ICE,14,14,2026-03,2026-03,26DA000000141765,12,CAMIONETA PARA EL TRANSPORTE DE PERSONAS MARCA PEUGEOT MODELO LANDTREK ACTIVE 2.2 DIESEL 4X4 AT8 CON SUS ACCESORIOS CORRESPONDIENTES
MERCEDES-BENZ,MERCEDES-BENZ,2027,ATEGO 1418/48,ICE,14,14,2026-05,2026-07,26DA000000256987,1,"1 UNID CAMION, MARCA MERCEDES BENZ TIPO ATEGO 1418/48 4X2 EURO III ANO DE FABRICACION 2026, ANO MODELO 2027 CON SUS ACCESORIOS NORMALES Y CORRESPONDIENTES.-"
FORD,FORD,BRONCO BADLANDS 2,BRONCO BADLANDS,ICE,14,14,2026-07,2026-09,26DA000000332551,1,UNA UNIDAD STATION WAGON MARCA FORD MODELO BRONCO BADLANDS 2.7L 4 DOOR AO MODELO 2026
CLUB CAR,CLUB CAR,(sin modelo),TEMPO ELEC AC-LI 2+2,ICE,14,14,2026-07,2026-07,26DA000000353422,8,"1 UNIDAD DE CARRITO ELECTRICO DE GOLF, CLUB CAR, TEMPO ELEC AC-LI 2+2"""
SOUEAST,SOUEAST,S S07 LITE 1,S S07 LITE,ICE,14,14,2026-09,2026-09,26DA000000466314,3,LOS DEMAS VEHICULOS MARCA SOUEAST MODELOS S07 LITE 1.5T + 6DCT III
CHEVROLET,CHEVROLET,(sin modelo),S10 LS 148 DKN,ICE,13,13,2022-01,2022-01,22DA000000011375,2,"1 UNID. CAMIONETA DE CARGA CABINA DOBLE, MARCA CHEVROLET, MOD. S10 LS 148 DKN 4X4, MOTOR DIESEL; 2.8L, 4 CIL., A¿O DE FAB. 2021, MOD. A¿O 2022, C/ACC. NORMALES Y OPCIONALES.-"
MERCEDES-BENZ,MERCEDES-BENZ,(sin modelo),1517,ICE,13,13,2022-03,2026-02,22DA000000048366,1,UNA UNIDAD CAMION USADO MARCA MERCEDES BENZ MODELO 1517 A¿O 1997
SCANIA,SCANIA,(sin modelo),P340,ICE,13,13,2022-03,2026-07,22DA000000049518,1,01) UNIDAD CAMION CISTERNA USADO MARCA SCANIA MODELO P340 A¿O 2.005 DIESEL.-
MERCEDES-BENZ,MERCEDES-BENZ,(sin modelo),GLE 300 D 4MATIC,ICE,13,13,2022-04,2025-12,22DA000000089775,1,1 UNIDAD CAMIONETA MARCA MERCEDES BENZ MODELO GLE 300 D 4MATIC A¿O DE FABRICACION 2022 MODELO A¿O 2022 CON SUS ACCESORIOS CORRESPONDIENTES
SCANIA,SCANIA,(sin modelo),R420,ICE,13,13,2022-04,2025-06,22DA000000093102,1,LAS DEMAS EN ; VEHICULO USADO SCANIA R420 A¿O:2006
MERCEDES-BENZ,MERCEDES-BENZ,(sin modelo),818,ICE,13,13,2022-04,2026-02,22DA000000133161,1,CHASIS MOTOR Y CABINA ...EN: 1 UND CAMION MARCA MERCEDES BENZ MODELO 818 A¿O 2010 USADO
MERCEDES-BENZ,MERCEDES-BENZ,(sin modelo),709,ICE,13,13,2022-05,2025-07,22DA000000116882,1,1) UNA UNIDAD DE CAMION USADO MARCA MERCDES BENZ MODELO 709 A¿O 1988
MERCEDES-BENZ,MERCEDES-BENZ,(sin modelo),GLC 300,ICE,13,13,2022-06,2026-05,22DA000000159576,2,01) UNA UNIDAD ST. WAGON USADO M. BENZ GLC 300 A¿O:2021.-
HONDA,HONDA,(sin modelo),FIT,ICE,13,13,2022-08,2025-08,22DA000000195445,1,1 UNA UNIDAD DE AUTOMOVIL USADO MARCA HONDA MODELO FIT A¿O 2010 COLOR NEGRO
BMW,BMW,(sin modelo),328I,ICE,13,13,2022-11,2026-01,22DA000000460287,12,01) UNA UNIDAD VEHICULO USADO BMW 328I A¿O 2007
SCANIA,SCANIA,(sin modelo),P94 260,ICE,13,13,2022-12,2025-10,22DA000000345263,1,1(UNA) UNIDAD DE CAMION USADO MARCA: SCANIA MODELO: P94 260 A¿O: 2005
NISSAN,NISSAN,(sin modelo),370Z,ICE,13,13,2023-04,2026-01,23DA000000041625,3,01) UNA UNIDAD DE VEHICULO USADO NISSAN 370Z 2009
VENTURA,VENTURA,(sin modelo),M550 L,ICE,13,13,2023-05,2023-10,23DA000000193633,5,UNA UNIDAD DE CUADRICICLO NUEVO MARCA:VENTURA MODELO:VENTURA M550 L A¿O:2023
LAND ROVER,LAND ROVER,RANGE ROVER VELAR 2,RANGE ROVER VELAR,PHEV,13,13,2023-06,2026-04,23DA000000259238,1,UNA UNIDAD STATION WAGON MARCA LAND ROVER MODELO RANGE ROVER VELAR 2.0 LITRE T/C PETROL PLUG-IN HYBRID ELECTRIC VEHICLE AWD 5 DOOR AUTO 404PS R-DYNAMIC SE A¿O MODELO 2023
GAC,GAC,EMKOO GL 1,EMKOO GL,ICE,13,13,2023-08,2025-10,23DA000000653780,2,"LOS DEMAS; EN: AUTOMOVIL TIPO STATION WAGON, MODELO EMKOO GL 1.5T NAFTA AT, ANO FABRICACION 2023, ANO MODELO 2024, 4 X 2, NAFTERO, CON AIRE ACONDICIONADO Y DEMAS ACCESORIOS.-"
HYUNDAI,HYUNDAI,(sin modelo),H-1,ICE,13,13,2023-11,2023-11,23DA000000836032,3,"01) UNA UNIDAD VEHICULO MARCA: HYUNDAI MODELO: H-1 TIPO: CAMIONETA FURGON CON MOTOR DIESEL, TRANSMISION MECANICA, MODELO A¿O: 2020, CON SUS ACCESORIOS CORRESPONDIENTES.-"
CHEVROLET,CHEVROLET,(sin modelo),"TRAILBLAZER HIGH COUNTRY 4X4,156PKS",ICE,13,13,2024-06,2024-12,24DA000000260417,3,"1 UNID.VEHICULO STATION WAGON MARCA CHEVROLET,MOD.TRAILBLAZER HIGH COUNTRY 4X4,156PKS, 7 PASAJEROS,5 PUERTAS, MOTOR DIESEL 2.8L*4 CIL, A¿O DE FAB.2024, MOD.A¿O 2025, CON ACC. NORMALES Y OPCIONALES"
MINI,MINI,(sin modelo),COOPER C,ICE,13,13,2024-07,2026-08,24DA000000315258,3,VEHICULO CON CAPACIDAD DE TRANSPORTE DE PERSONAS EN: 01-UN AUTOMOVIL MARCA MINI MODELO COOPER C A¿O DE FABRICACION 2024 MODELO A¿O 2025 CON SUS ACCESORIOS NORMALES
TOYOTA,TOYOTA,(sin modelo),ESQUIRE,ICE,13,13,2024-09,2026-08,24DA000000414428,9,01 UNA UNIDAD STATION WAGON USADO MARCA TOYOTA MODELO ESQUIRE A¿O 2015 COLOR PLATA
FIAT,FIAT,TORO VOLCANO D/C 2,TORO VOLCANO D/C,ICE,13,13,2024-12,2025-12,24DA000000610998,135,DE PESO TOTAL CON CARGA MXIMA INFERIOR O IGUAL 5T EN:UNA CAMIONETA MARCA FIAT MODELO TORO VOLCANO D/C 2.0 DS AO DE FABRICACION 2024 MOD AO 2025 CON SUS ACCESORIOS NORMALES.-
MINI,MINI,(sin modelo),JCW,ICE,13,13,2025-04,2026-08,25DA000000187536,4,VEHCULO CON CAPACIDAD DE TRANSPORTE DE PERSONAS EN: 01-UN AUTOMOVIL MARCA MINI MODELO JCW A¿O DE FABRICACION 2024 MODELO A¿O 2025 CON SUS ACCESORIOS NORMALES
VOLVO,VOLVO,(sin modelo),FM 460,ICE,13,13,2025-05,2025-05,25DA000000245119,1,CAMION VOLCADOR VOL FM 460 6X4 R AD872KY VOLVO FM 460 6X4 R 2019 93KXG20D1LE871969 D13*8026896*C4*E BRASIL USADO
SOUEAST,SOUEAST,(sin modelo),S07 PLUS 16,ICE,13,13,2025-10,2026-04,25DA000000527053,1,LOS DEMAS AUTOMOVILES MARCA SOUEAST S07 PLUS 16 7DCT IV
MERCEDES-BENZ,MERCEDES-BENZ,2026,GLC 200 4MATIC,ICE,13,13,2025-10,2026-03,25DA000000536243,1,"1 UNID CAMIONETA, MARCA: MERCEDES BENZ, TIPO: GLC 200 4MATIC, AO DE FABRICACION: 2025, AO MODELO: 2026 CON SUS ACCESORIOS NORMALES Y CORRESPONDIENTES.-"
CHEVROLET,CHEVROLET,(sin modelo),S10 CS WORK,ICE,13,13,2025-12,2026-09,25DA000000625758,2,CAMIONETA CHEVROLET S10 CS WORK 2.8 4X4
FIAT,FIAT,TORO VOLCANO D/C 1,TORO VOLCANO D/C,ICE,13,13,2025-12,2026-05,25DA000000630968,26,DE PESO TOTAL CON CARGA MXIMA INFERIOR O IGUAL 5T EN:UNA CAMIONETA MARCA FIAT MODELO TORO VOLCANO D/C 1.3 FLEX AO DE FABRICACION 2025 MOD AO 2026 CON SUS ACCESORIOS NORMALES.-
CHEVROLET,CHEVROLET,(sin modelo),SONIC RS,ICE,13,13,2026-06,2026-09,26DA000000290078,5,"1 UNID.VEHICULO SUV MARCA CHEVROLET, MOD. SONIC RS, 5D58DVR8F, PASAJERO, 5 LUG. 5 PTAS, MOTOR FLEX E100 * 3 CIL. 1.0L TURBO, ANIO DE FAB. 2026, MOD.ANIO 2027, C/ACC. NORMALES Y OPCIONALES.-"
TOYOTA,TOYOTA,(sin modelo),AVENSIS,ICE,12,12,2022-01,2025-11,22DA000000001315,1,UNA UNIDAD AUTOMOVIL USADO MARCA TOYOTA MODELO AVENSIS A¿O 2004
NISSAN,NISSAN,(sin modelo),BLUEBIRD SYLPHY,ICE,12,12,2022-01,2025-04,22DA000000019208,12,UNA UNIDAD DE AUTOMOVIL MARCA NISSAN MODELO BLUEBIRD SYLPHY A¿O 2009
MITSUBISHI,MITSUBISHI,(sin modelo),L200,ICE,12,12,2022-01,2025-10,22DA000000000926,1,UNA UNIDAD CAMIONETA USADA MARCA MITSUBISHI MODELO L200 A¿O 1999
MITSUBISHI,MITSUBISHI,MONTERO SPORT HPE 2,MONTERO SPORT HPE,ICE,12,12,2022-02,2022-04,22DA000000034231,1,UNA UNIDAD STATION WAGON MARCA MITSUBISHI MODELO MONTERO SPORT HPE 2.4 DI-D 4X4 AT A¿O DE FABRICACION 2021 A¿O MODELO 2022 DIESEL.
TOYOTA,TOYOTA,(sin modelo),IPSUM,ICE,12,12,2022-02,2024-12,22DA000000065192,11,01) UNIDAD ST. WAGON USADO MARCA TOYOTA MODELO IPSUM A¿O 2.002 NAFTERO.-
SSANGYONG,KGM,REXTON NOBLESSE VERSION 2,REXTON NOBLESSE VERSION,ICE,12,12,2022-03,2022-03,22DA000000043127,6,01) UNIDAD DE VEHICULO TIPO STATION WAGON DE LA MARCA SSANGYONG MODELO REXTON NOBLESSE VERSION 2.2 A/T 4X2 A¿O DE FABRICACION 2021 MODELO A¿O 2021 CON SUS ACCESORIOS NORMALES Y CORRESPONDIENTES.-
JEEP,JEEP,(sin modelo),WRANGLER SAHARA,ICE,12,12,2022-03,2025-05,22DA000000045690,2,UN VEHICULO USADO TIPO CAMIONETA MARCA JEEP MODELO WRANGLER SAHARA A¿O 2010 MOVIDO A DIESEL
MAZDA,MAZDA,(sin modelo),BONGO,ICE,12,12,2022-03,2025-05,22DA000000056897,7,1 UNA UNIDAD DE CAMIONETA USADA MARCA MAZDA MODELO BONGO A¿O 2001 COLOR BLANCO
SCANIA,SCANIA,(sin modelo),R124,ICE,12,12,2022-03,2024-11,22DA000000079092,1,1 UNA UNIDAD CAMION USADO MARCA SCANIA MODELO R124 A¿O 2002 COLOR AZUL.-
FIAT,FIAT,PULSE AUDACE 1,PULSE AUDACE,ICE,12,12,2022-04,2022-06,22DA000000089063,30,"(1) UNA UNIDAD AUTOMOVIL, MARCA FIAT, MODELO PULSE AUDACE 1.0 T3 CVT FLEX, A¿O DE FABRICACION 2022, MODELO DEL A¿O 2023, CON SUS ACCESORIOS CORRESPONDIENTES.-"
RENAULT,RENAULT,NUEVO KWID OUTSIDER 1,NUEVO KWID OUTSIDER,ICE,12,12,2022-05,2023-07,22DA000000126075,7,1)UNA UNIDAD AUTOMOVIL OKM;MARCA RENAULT;MODELO NUEVO KWID OUTSIDER 1.0
SCANIA,SCANIA,(sin modelo),113,ICE,12,12,2022-05,2025-07,22DA000000103972,1,UNA UNIDAD DE CAMION USADO MARCA SCANIA MODELO 113 A¿O 1994
CHEVROLET,CHEVROLET,(sin modelo),"ONIX JOY,5L48UP",ICE,12,12,2022-06,2022-06,22DA000000159431,1,"1 UNID. AUTOMOVIL MARCA CHEVROLET, MOD. ONIX JOY,5L48UP,PASAJERO, 5 LUGARES, 5 PUERTAS,MOTOR FLEX E100, 4CIL. 1.0L, A¿O DE FAB. 2022, MOD. A¿O 2023, C/ACC. NORMALES Y OPCIONALES"
TOYOTA,TOYOTA,(sin modelo),SPACIO,ICE,12,12,2022-07,2025-05,22DA000000191823,6,UNA UNIDAD DE AUTOMOVIL USADO MARCA TOYOTA MODELO SPACIO A¿O 2005 COLOR PLATEADO
FORD,FORD,(sin modelo),MUSTANG GT,ICE,12,12,2022-08,2026-08,22DA000000253329,1,UNA UNIDAD AUTOMOVIL USADO MARCA: FORD MODELO: MUSTANG GT A¿O: 2020
LAND ROVER,LAND ROVER,RANGE ROVER EVOQUE 2,RANGE ROVER EVOQUE,OTHERS,12,12,2022-09,2023-05,22DA000000338084,2,UNA UNIDAD STATION WAGON MARCA LAND ROVER MODELO RANGE ROVER EVOQUE 2.0L T/C PETROL MILD HYBRID ELECTRIC VEHICLE AWD 5 DOOR AUTO 300PS HST A¿O MODELO 2023
VOLKSWAGEN,VOLKSWAGEN,(sin modelo),MODEL,ICE,12,12,2022-09,2022-09,22DA000000314281,1,"CAMION VOLQUETE VOLKSWAGEN, MODEL: 31-310, YEAR: 2014, CHASSI/SERIAL: 9533R82U0ER432460, ENGINE NUMBER: 36477907, ENGINE POWER: 300 HP, FUEL TYPE: DIESEL, COLOR: BRANCO, TOLVA ROSSETI, SERIAL SPORF102"
BMW,BMW,(sin modelo),X4,ICE,12,12,2022-10,2026-05,22DA000000388419,1,"01 VEHICULO, BMW TIPO X4, COLOR GRIS, A¿O 2021"
BMW,BMW,(sin modelo),323I,ICE,12,12,2022-11,2026-07,22DA000000457700,3,"UNA UNIDAD DE AUTOMOVIL USADO, MARCA BMW MODELO 323I A¿O 2007.-"
POLARIS,POLARIS,(sin modelo),RGR-22 CREW 570,ICE,12,12,2022-11,2023-04,22DA000000462466,1,"1) UNID. VEHICULO UTILITARIO UTV, MARCA; POLARIS, MODELO; RGR-22 CREW 570 S. GRN CA, COLOR; VERDE, A¿O DE FABRI.: 2022, MOD. DEL A¿O; 2022, MOTOR N. 0120627655011, CHASSIS N. 3NSM4A570NE300197"
FORD,FORD,(sin modelo),BRONCO,ICE,12,12,2022-12,2026-03,22DA000000353167,1,1) UNA UNIDAD DE STATION WAGON USADO MARCA FORD MODELO BRONCO A¿O 1995
SUBARU,SUBARU,OUTBACK 2,OUTBACK,ICE,12,12,2022-12,2025-06,22DA000000363027,1,"(1) UNA UNIDAD AUTOMOVIL, MARCA SUBARU, MODELO OUTBACK 2.5I-TOURING ES BT9BLEL E3 US , A¿O DE FABRICACION 2022, MODELO DEL A¿O 2022, CON SUS ACCESORIOS CORRESPONDIENTES"
JMC,JMC,(sin modelo),BOARDING CS,ICE,12,12,2023-04,2023-04,23DA000000062546,16,VEHICULOS AUTOMOVILES PARA EL TRANSPORTE DE MERCANCIAS EN: UNA UNIDAD CAMIONETA JMC BOARDING CS
CHEVROLET,CHEVROLET,(sin modelo),"TRACKER RS,5D76BR",ICE,12,12,2023-06,2023-12,23DA000000253946,5,"1 UNID. VEHICULO STATION WAGON MARCA CHEVROLET, MOD. TRACKER RS,5D76BR, PASAJERO, 5 LUG. 5 PUERTAS, MOTOR FLEX E100 3CIL. 1.2L TURBO, A¿O DE FAB. 2023, MOD. A¿O 2024, C/ACC. NORMALES Y OPCIONALES."
CHEVROLET,CHEVROLET,(sin modelo),"TRAILBLAZER PREMIER 4X4,156YKR",ICE,12,12,2023-07,2023-07,23DA000000287423,5,"1 UNID. VEHICULO STATION WAGON MARCA CHEVROLET, MOD. TRAILBLAZER PREMIER 4X4,156YKR, 7 PASAJEROS, 5 PUERTAS, MOTOR 2.8L DIESEL, A¿O DE FABRICACION 2023, MOD. A¿O 2024, CON ACC. NORMALES Y OPCIONALES."
HYUNDAI,HYUNDAI,(sin modelo),MIGHTY,ICE,12,12,2023-07,2026-09,23DA000000346261,2,UNA UNIDAD CAMION VOLQUETE USADO ; MARCA: HYUNDAI MODELO: MIGHTY A¿O: 2007
CHEVROLET,CHEVROLET,(sin modelo),"TRACKER LS,5A76BR",ICE,12,12,2023-09,2023-09,23DA000000754607,4,"1 UNID. VEHICULO STATION WAGON MARCA CHEVROLET, MOD. TRACKER LS,5A76BR, PASAJERO, 5 LUG. 5 PUERTAS, MOTOR FLEX E100 3CIL. 1.2L TURBO, A¿O DE FAB. 2023, MOD. A¿O 2024, C/ACC. NORMALES Y OPCIONALES."
SINOTRUK,SINOTRUK,(sin modelo),HOWO T5G,ICE,12,12,2023-10,2023-11,23DA000000793964,4,"1.-UNID. CAMION CHASIS CON MOTOR Y CABINA SINOTRUK HOWO T5G, CON SUS CORRESP.ACCESORIOS"
PEUGEOT,PEUGEOT,3008 ACTIVE PACK 1,3008 ACTIVE PACK,ICE,12,12,2023-12,2024-10,23DA000000881955,1,STATION WAGON PARA EL TRANSPORTE DE PERSONAS MARCA PEUGEOT MODELO 3008 ACTIVE PACK 1.6 THP 165 EAT6 CON SUS ACCESORIOS CORRESPONDIENTES
FUSO,FUSO,2024,FIV1PHX2LNJA,ICE,12,12,2024-01,2024-04,24DA000000024213,5,"1 UNID CAMION, MARCA: FUSO, TIPO: FIV1PHX2LNJA, A¿O DE FABRICACION: 2023, A¿O MODELO: 2024, CON SUS ACCESORIOS NORMALES Y CORRESPONDIENTES.-"
SUZUKI,SUZUKI,(sin modelo),GRAND VITARA GLX,ICE,12,12,2024-12,2024-12,24DA000000566056,26,1 UNIDAD VEHICULO SUZUKI GRAND VITARA GLX AT
MERCEDES-BENZ,MERCEDES-BENZ,2025,GLC 200 4 MATIC,ICE,12,12,2024-12,2025-10,24DA000000555538,1,"1 UNID CAMIONETA, MARCA; MERCEDES BENZ, TIPO: GLC 200 4 MATIC COUPE, A¿O DE FABRICACION: 2024, A¿O MODELO: 2025 CON SUS ACCESORIOS NORMALES Y CORRESPONDIENTES.-"
MERCEDES-BENZ,MERCEDES-BENZ,2025,ATEGO 1418/48,ICE,12,12,2024-12,2025-05,24DA000000564580,1,"1 UNID CAMION, MARCA MERCEDES BENZ, TIPO ATEGO 1418/48 , AO DE FABRICACION 2024, AO MODELO 2025, CON SUS ACCESORIOS NORMALES Y CORRESPONDIENTES.-"
MERCEDES-BENZ,MERCEDES-BENZ,2025,GLC 220 D 4,ICE,12,12,2025-01,2025-10,25DA000000023910,2,"1 UNID CAMIONETA, MARCA; MERCEDES BENZ, TIPO: GLC 220 D 4 MATIC, A¿O DE FABRICACION: 2024, A¿O MODELO: 2025 CON SUS ACCESORIOS NORMALES Y CORRESPONDIENTES.-"
RAM,RAM,(sin modelo),RAMPAGE LARAMIE,ICE,12,12,2025-02,2025-02,25DA000000081683,16,-DE PESO TOTAL CON CARGA M¿XIMA INFERIOR O IGUAL A 5T EN: UNA CAMIONETA MARCA RAM MODELO RAMPAGE LARAMIE A¿O 2024 MOD A¿O 2025 CON SUS ACCESORIOS NORMALES.-.
XIAOMI,XIAOMI,(sin modelo),SU7,BEV,12,12,2025-07,2025-07,25DA000000332261,5,"LOS DEMAS VEHICULOS PROPULSADOS UNICAMENTE CON MOTOR ELECTRICO EN; 01 UNIDAD AUTOMOVIL ELECTRICO MARCA XIAOMI MOD. SU7, A¿O 2.025 DE ORIGEN CHINO.-"
FUSO,FUSO,2026,(sin modelo),ICE,12,12,2026-01,2026-01,26DA000000012334,4,"1 UNID CAMION, MARCA MITSUBISHI FUSO,TIPO: FE85 AO DE FABRICACION: 2025, AO MODELO: 2026, CON SUS ACCESORIOS NORMALES Y CORRESPONDIENTES.-"
CLUB CAR,CLUB CAR,(sin modelo),TEMPO NEW,ICE,12,12,2026-03,2026-03,26DA000000127638,2,"1 UNIDAD DE CARRITO ELECTRICO DE GOLF, CLUB CAR TEMPO NEW 2P."
GREATWALL,GREATWALL,(sin modelo),POER P500,ICE,12,12,2026-04,2026-04,26DA000000164388,35,POER P500
GREATWALL,GREATWALL,(sin modelo),POER P500 HIGH PHEV,PHEV,12,12,2026-05,2026-08,26DA000000259732,23,POER P500 HIGH PHEV 4X4
FOTON,FOTON,(sin modelo),BJ1065VDJD6-F1,ICE,12,12,2026-08,2026-08,26DA000000438070,2,"01) UNA UNIDAD VEHICULO MARCA: FOTON. MODELO BJ1065VDJD6-F1 TIPO: CHASIS CON MOTOR Y CABINA. CON MOTOR DIESEL ANO FABRICACION: 2026, MODELO ANO: 2026. CON SUS ACCESORIOS CORRESPONDIENTES."
KIA,KIA,(sin modelo),K5,HEV,11,11,2022-01,2024-06,22DA000000003920,2,UN VEHICULO USADO TIPO AUTOMOVIL MARCA KIA MODELO K5 A¿O 2012 MOVIDO A HIBRIDO
MERCEDES-BENZ,MERCEDES-BENZ,(sin modelo),E220 CDI,ICE,11,11,2022-01,2025-03,22DA000000004811,2,UN AUTOMOVIL USADO MARCA MERCEDES BENZ MODELO E220 CDI A¿O 2011
MINI,MINI,(sin modelo),JOHN COOPER WORKS,ICE,11,11,2022-01,2024-03,22DA000000005922,1,VEHICULO CON CAPACIDAD DE TRANSPORTE DE PERSONAS EN: 01-UN AUTOMOVIL MARCA MINI MODELO JOHN COOPER WORKS HATCH A¿O DE FABRICACION 2021 MODELO A¿O 2022 CON SUS ACCESORIOS NORMALES
MERCEDES-BENZ,MERCEDES-BENZ,(sin modelo),E320 CDI,ICE,11,11,2022-01,2025-02,22DA000000006560,2,UN AUTOMOVIL USADO MARCA MERCEDES BENZ MODELO E320 CDI A¿O 2005 COLOR NEGRO
CHANGAN,CHANGAN,CS35 PLUS AUTOMATICO CON 1,CS35 PLUS AUTOMATICO,ICE,11,11,2022-01,2022-01,22DA000000009914,2,"1) UNA UNIDAD DE VEHICULO MARCA CHANGAN MODELO: CS35 PLUS AUTOMATICO CON 1.392CC, COLOR: GRIS, CON CHASIS N: LS5A3DKR2NA963883, Y MOTOR N: JL473ZQ9*MM0AD076454, A¿O FABRICACION 2021,MODELO A¿O 2022"
CHANGAN,CHANGAN,CS15 AUTOMATICO CON 1,CS15 AUTOMATICO,ICE,11,11,2022-01,2022-02,22DA000000009914,14,"1) UNA UNIDAD DE VEHICULO MARCA CHANGAN MODELO: CS15 AUTOMATICO CON 1.480CC, COLOR: BLANCO CON CHASIS N: LS5A3DSE0ND910773, Y MOTOR N: JL473QF*M3CV518500, A¿O FABRICACION 2021,MODELO A¿O 2022"
NISSAN,NISSAN,(sin modelo),NAVARA,ICE,11,11,2022-01,2025-09,22DA000000011150,3,LOS DEMAS EN: (01) UNA UNIDAD TIPO CAMIONETA PICK-UP MARCA NISSAN MODELO NAVARA A¿O 2004 COLOR NARANJADO
PEUGEOT,PEUGEOT,5008 GT-LINE 2,5008 GT-LINE,ICE,11,11,2022-03,2023-02,22DA000000071602,8,STATION WAGON PARA EL TRANSPORTE DE PERSONAS MARCA PEUGEOT MODELO 5008 GT-LINE 2.0 HDI EAT8 150 CON SUS ACCESORIOS CORRESPONDIENTES
TOYOTA,TOYOTA,(sin modelo),YARIS GR,ICE,11,11,2022-04,2026-06,22DA000000145092,67,AUTOMOVIL DE LA MARCA TOYOTA YARIS GR MEC. NAFTERO DE 1618 C.C. GXPA16L-AGFGZW A¿O DE FABRICACION 2022 MODELO A¿O 2022 CON SUS ACCESORIOS CORRESPONDIENTES.
POLARIS,POLARIS,(sin modelo),RZR-22 RZR 200,ICE,11,11,2022-05,2023-01,22DA000000144869,6,"LOS DEMAS EN: 1) UND VEHICULO UTILITARIO (UTV), DE LA MARCA POLARIS, MODELO; RZR-22 RZR 200 , COLOR BLANCO, A¿O DE FABRI.2022, MODELO A¿O 2022, MOTOR N. 1P62F21108938, CHASIS N. L6KHCB187NS002677"
MERCEDES-BENZ,MERCEDES-BENZ,2023,ATEGO 1418/48,ICE,11,11,2022-05,2023-07,22DA000000131919,1,"01 UNID. CHASSIS C/MOTOR Y CABINA, MARCA MERCEDES BENZ, TIPO ATEGO 1418/48 4X2, A¿O DE FABRICACION 2022, MODELO 2023, CON SUS ACCESORIOS CORRESPONDIENTES.-"
CHANGAN,CHANGAN,NEW CS15 AUTOMATICO CON 1,NEW CS15 AUTOMATICO,ICE,11,11,2022-06,2022-06,22DA000000267106,17,"1)UNA UNIDAD DE VEHICULO MARCA CHANGAN MODELO: NEW CS15 AUTOMATICO CON 1.480CC, COLOR: PLATA CON CHASIS N: LS5A3DSE2PD910356 Y MOTOR N: N3CV508483, A¿O FABRICACION: 2022 MODELO A¿O 2023.-"
MERCEDES-BENZ,MERCEDES-BENZ,(sin modelo),E220,ICE,11,11,2022-06,2026-02,22DA000000282710,1,UN VEHICULO USADO TIPO AUTOMOVIL MARCA MERCEDES BENZ MODELO E220 A¿O 2011 MOVIDO A DIESEL
HYUNDAI,HYUNDAI,(sin modelo),I40,ICE,11,11,2022-07,2026-09,22DA000000208657,1,01) UN VEHICULO USADO HYUNDAI I40 A¿O 2012
CHEVROLET,CHEVROLET,(sin modelo),ONIX LT,ICE,11,11,2022-08,2025-12,22DA000000197014,1,"1 UNID. AUTOMOVIL MARCA CHEVROLET, MOD. ONIX LT, 5B48AP, PASAJERO, 5 LUGARES, 5 PUERTAS, MOTOR FLEX E100, 3 CIL. 1.0L, A¿O DE FABRICACION 2022, MOD. A¿O 2023, C/ACC., NORMALES Y OPCIONALES.-"
PORSCHE,PORSCHE,(sin modelo),CAYENNE,ICE,11,11,2022-08,2025-10,22DA000000252928,3,UN SUV USADO MARCA: PORSCHE MODELO: CAYENNE A¿O: 2013 COLOR: PLASTEADO
SUBARU,SUBARU,(sin modelo),BRZ,ICE,11,11,2022-12,2026-02,22DA000000380963,7,01- UNA UNIDAD DE AUTOMOVIL USADO MARCA SUBARU MODELO BRZ A¿O 2013
CHEVROLET,CHEVROLET,2023,S10,ICE,11,11,2023-03,2023-06,23DA000000087885,1,"1 CHEVROLET S10 CAMIONETA DE CARGA, HIGH COUNTRY 4X4, CAB. DUPLA, MOTOR DIESEL * 4 CIL 2.8L , AT POTENCIA 200@ 3400 , A¿O MODELO 2023, MODELO DE VENTAS 148PKP, A¿O FABRICACION 2023"
NISSAN,NISSAN,(sin modelo),UD,ICE,11,11,2023-05,2026-04,23DA000000194382,2,UN CAMION FRIGORIFICO USADO MARCA NISSAN MODELO UD A¿O 2.011.-
CHEVROLET,CHEVROLET,S10 CD MIDNIGHT 2,S10 CD MIDNIGHT,ICE,11,11,2023-07,2023-09,23DA000000285857,6,"LOS DEMAS; EN: CAMIONETA DE CARGA PICK-UP, MODELO S10 CD MIDNIGHT 2.8 4X4 AT, DOBLE CABINA, 4X4, DIESEL, ANO FABRICACION 2023, ANO MODELO 2024, CON AIRE ACONDICIONADO Y DEMAS ACCESORIOS.-"
HONDA,HONDA,(sin modelo),HR-V EXL,ICE,11,11,2023-08,2023-08,23DA000000561527,7,"QUE UTILICEN INDISTINTAMENTE LOS SIGUIENTES COMBUSTIBLES: GASOLINA (NAFTA) O ALCOHOL, DE LOS TIPOS DENOMINADOS ""FLEX FUEL"". SE TRATA DE: 1 UNIDAD AUTOMOVIL MOD. HR-V EXL"
JEEP,JEEP,(sin modelo),WRANGLER UNLIMITED RUBICION,ICE,11,11,2023-08,2023-08,23DA000000651338,3,VEHICULO CON CAPACIDAD DE TRANSPORTE DE PERSONAS INFERIOR O IGUAL A 6 PERSONAS EN: 01-UN VEHICULO MARCA JEEP MODELO WRANGLER UNLIMITED RUBICION A¿O DE FABRI. 2023 MODELO A¿O 2023 CON SUS ACC. NORMALES
SCANIA,SCANIA,(sin modelo),P320,ICE,11,11,2023-08,2026-06,23DA000000547701,1,LOS DEMAS EN: 01) UNA UNIDAD DE CAMION MARCA SCANIA MODELO P320 A¿O 2009 COLOR BLANCO CHASSIS XLEP6X20005229903
TOYOTA,TOYOTA,(sin modelo),GT86,ICE,11,11,2023-09,2026-05,23DA000000743796,1,01 UNA UNIDAD DE AUTOMOVIL USADO MARCA TOYOTA MODELO GT86 A¿O 2012
JEEP,JEEP,(sin modelo),COMPASS LIMITED,ICE,11,11,2023-12,2024-04,23DA000000873124,14,VEHICULO CON CAPACIDAD DE TRANSPORTE DE PERSONAS EN:01-UN VEHICULO MARCA JEEP MODELO COMPASS LIMITED A¿O DE FABRICACION 2023 MODELO A¿O 2024 CON SUS ACC. NORMALES
FUSO,FUSO,2024,FAV1PH1LNJA,ICE,11,11,2024-01,2024-03,24DA000000024213,1,"1 UNID CAMION, MARCA: FUSO, TIPO: FAV1PH1LNJA, A¿O DE FABRICACION: 2023, A¿O MODELO: 2024, CON SUS ACCESORIOS NORMALES Y CORRESPONDIENTES.-"
MERCEDES-BENZ,MERCEDES-BENZ,2025,915/37,ICE,11,11,2024-02,2024-04,24DA000000047888,1,"1 UNID CAMION, MARCA MERCEDES BENZ, TIPO 915/37, AO DE FABRICACION 2024, AO MODELO 2025, CON SUS ACCESORIOS NORMALES Y CORRESPONDIENTES.-"
NISSAN,NISSAN,(sin modelo),SENTRA ADVANCE,ICE,11,11,2024-04,2024-10,24DA000000137643,1,VEHICULO CON CAPACIDAD DE TRANSPORTE DE PERSO EN: 01-UN AUTOMOVIL MARCA NISSAN MODELO SENTRA ADVANCE CVT - NAFT A¿O DE FABRICACION 2024 MODELO A¿O 2025 CON SUS ACCESORIOS NORMALES
MERCEDES-BENZ,MERCEDES-BENZ,GLC 200 4MATIC CON,GLC 200 4MATIC,ICE,11,11,2024-04,2026-04,24DA000000162831,2,"1) UNA UNIDAD DE VEHICULO MARCA MERCEDES BENZ MODELO: GLC 200 4MATIC CON VIN N: W1NKM5BB9RF146201 Y MOTOR N: 254920V0492913, A¿O MODELO: 2024.-"
GAC,GAC,GS8 GL 2,GS8 GL,ICE,11,11,2024-05,2026-06,24DA000000213654,6,"LOS DEMAS; EN: AUTOMOVIL TIPO STATION WAGON, MODELO GS8 GL 2.0 TB AT, 4X2, NAFTERO, ANO FABRICACION 2023, ANO MODELO 2024, CON AIRE ACONDICIONADO Y DEMAS ACCESORIOS.-"
CHEVROLET,CHEVROLET,(sin modelo),NOVA MONTANA RS,ICE,11,11,2024-05,2026-07,24DA000000216819,8,CAMIONETA DE CARGA PICK UP CHEVROLET NOVA MONTANA RS 1.2 FLEX AT
MERCEDES-BENZ,MERCEDES-BENZ,2025,GLA 200,ICE,11,11,2024-10,2025-06,24DA000000466340,1,"1 UNID CAMIONETA, MARCA MERCEDES BENZ, TIPO GLA 200, AO DE FABRICACION 2024, AO MODELO 2025, CON SUS ACCESORIOS NORMALES Y CORRESPONDIENTES.-"
MG,MG,2025,EHS,PHEV,11,11,2025-01,2025-01,25DA000000041699,6,"1 UNID CAMIONETA, MARCA MG, TIPO EHS HIBRIDO A GASOLINA ENCHUFABLE, AO DE FABRICACION 2024, AO MODELO 2025 CON SUS ACCESORIOS NORMALES Y CORRESPONDIENTES"
KGM,KGM,REXTON 2,REXTON,ICE,11,11,2025-04,2025-04,25DA000000195165,6,VEHICULOS AUTOMOVILES PARA EL TRANSPORTE DE PERSONAS ST WAGON MARCA KGM MODELO REXTON 2.2 AT DIESEL 4*2 - LIMITED. CON SUS ACCESORIOS CORRESPONDIENTES
MERCEDES-BENZ,MERCEDES-BENZ,2027,ATEGO 2433/54,ICE,11,11,2026-02,2026-07,26DA000000088832,1,"1 UNID CAMION, MARCA: MERCEDES BENZ, TIPO: ATEGO 2433/54 6X2, AO DE FABRICACION: 2026, AO MODELO: 2027 CON SUS ACCESORIOS NORMALES Y CORRESPONDIENTES."
CHEVROLET,CHEVROLET,(sin modelo),S10 CD HC,ICE,11,11,2026-03,2026-08,26DA000000110834,1,CAMIONETA CHEVROLET S10 CD HC 2.8 4X4 AT CON SUS ACCESORIOS CORRESPONDIENTES
MERCEDES-BENZ,MERCEDES-BENZ,2027,GLA 200,ICE,11,11,2026-06,2026-09,26DA000000308189,3,"1 UNID CAMIONETA, MARCA: MERCEDES BENZ, TIPO: GLA 200 , AO DE FABRICACION: 2026 MODELO: 2027 CON SUS ACCESORIOS NORMALES Y CORRESPONDIENTES.-"
MERCEDES-BENZ,MERCEDES-BENZ,2027,GLC 220 D 4MATIC,ICE,11,11,2026-08,2026-09,26DA000000397140,1,"1 UNID CAMIONETA, MARCA: MERCEDES BENZ, TIPO: GLC 220 D 4MATIC COUPE, AO DE FABRICACION: 2026, AO MODELO: 2027 CON SUS ACCESORIOS NORMALES Y CORRESPONDIENTES"
CLUB CAR,CLUB CAR,(sin modelo),TEMPO ELEC AC-LI,ICE,10,10,2022-01,2022-01,22DA000000000640,7,CARRITO DE GOLF ELECTRICO CON SUS ACCESORIOS TEMPO ELEC AC-LI 2P
SINOTRUK,SINOTRUK,(sin modelo),HOWO,ICE,10,10,2022-01,2023-06,22DA000000238084,1,"1.-UNID. CAMION TUMBA (VOLQUETE) SINOTRUK HOWO 6X4, CON SUS CORRESP.ACCESORIOS (SINIESTRADO-DA¿ADO)"
TOYOTA,TOYOTA,(sin modelo),RUMION,ICE,10,10,2022-02,2025-07,22DA000000029910,11,"01) UNA UNIDAD DE STATION WAGON USADO MARCA TOYOTA MODELO RUMION A¿O 2.008 NAFTERO CON CHASIS NRO.: NZE151-1032173, COLOR GRANATE.-"
TOYOTA,TOYOTA,(sin modelo),CORSA,ICE,10,10,2022-02,2026-08,22DA000000031744,10,"UNA UNIDAD DE AUTOMOVIL USADO, MARCA:TOYOTA MODELO:CORSA A¿O:1998-"
CHEVROLET,CHEVROLET,(sin modelo),ONIX PLUS LS,ICE,10,10,2022-02,2024-03,22DA000000036798,1,"1 UNID. AUTOMOVIL MARCA CHEVROLET, MOD. ONIX PLUS LS 5A69HN, PASAJERO, 5 LUG., 4 PTAS., MOTOR FLEX E100 3 CIL. 1.0L TURBO,A¿O DE FABRICACION 2022,MOD. A¿O 2022,C/ACC. NORMALES Y OPCIONALES.-"
NISSAN,NISSAN,(sin modelo),TIIDA,ICE,10,10,2022-02,2025-09,22DA000000066129,2,UNA UNIDAD AUTOMOVIL USADO MARCA: NISSAN MODELO: TIIDA A¿O: 2010.
RENAULT,RENAULT,(sin modelo),KANGOO,ICE,10,10,2022-02,2024-01,22DA000000292008,1,UNA UNIDAD FURGONETA USADA MARCA RENAULT MODELO KANGOO A¿O 2002
MERCEDES-BENZ,MERCEDES-BENZ,(sin modelo),1223,ICE,10,10,2022-02,2025-09,22DA000000340232,1,UNA UNIDAD CAMION USADO MARCA MERCEDES BENZ MODELO 1223 A¿O 2002
SUZUKI,SUZUKI,(sin modelo),SX4,ICE,10,10,2022-03,2025-09,22DA000000043272,3,UN VEHICULO USADO TIPO STATION WAGON MARCA SUZUKI MODELO SX4 A¿O 2008 MOVIDO A GASOLINA
HONDA,HONDA,ACCORD 2,ACCORD,ICE,10,10,2022-03,2022-11,22DA000000071600,5,"1.- UNIDAD DE VEHICULO DE LA MARCA HONDA, MODELO ACCORD 2.0T 4D, A¿O DE FABRICACION 2022, MODELO A¿O 2022, CON SUS ACCESORIOS NORMALES Y OPCIONALES."
SCANIA,SCANIA,(sin modelo),P94-220,ICE,10,10,2022-03,2025-09,22DA000000039121,2,UNA UNIDAD CAMION USADO MARCA SCANIA MODELO P94-220 A¿O 2000
SCANIA,SCANIA,(sin modelo),P124,ICE,10,10,2022-03,2025-04,22DA000000060836,2,UNA UNIDAD CHASSIS CON MOTOR Y CABINA MARCA: SCANIA MODELO: P124 A¿O: 1999. DIESEL.
EZGO,EZGO,(sin modelo),TXT,ICE,10,10,2022-04,2025-07,22DA000000087410,8,01 UNA UNIDAD DE CARRO DE GOLF USADO MARCA EZGO MODELO TXT A¿O 2013 CON SUS PARTES Y ACCESORIO CORRESPONDIENTES
MERCEDES-BENZ,MERCEDES-BENZ,(sin modelo),GLE 400 D 4MATIC,ICE,10,10,2022-04,2023-04,22DA000000117844,1,"01 UNID CAMIONETA MARCA MERCEDES BENZ, TIPO GLE 400 D 4MATIC, A¿O DE FABRICACION 2022, MODELO A¿O 2022, CON SUS ACCESORIOS CORRESPONDIENTES.-"
MERCEDES-BENZ,MERCEDES-BENZ,(sin modelo),GLE 350,ICE,10,10,2022-04,2025-10,22DA000000139424,1,01 UNID. STATION WAGON USADO MARCA MERCEDES BENZ MODELO GLE 350 A¿O 2020
NISSAN,NISSAN,(sin modelo),FRONTIER,ICE,10,10,2022-05,2025-03,22DA000000141619,1,UNA UNIDAD DE CAMIONETA MARCA NISSAN MODELO FRONTIER A¿O 2021 COLOR GRIS
TOYOTA,TOYOTA,(sin modelo),GAIA,ICE,10,10,2022-06,2023-11,22DA000000116682,2,UN STATION WAGON USADO MARCA TOYOTA MODELO GAIA A¿O 2001
SCANIA,SCANIA,(sin modelo),R450,ICE,10,10,2022-06,2026-06,22DA000000188978,3,"CHASIS CON MOTOR Y CABINA, DE PESO TOTAL CON CARGA MAXIMA SUPERIOR A 20 TONS., EN: 1 CHASIS CON CABINA, SCANIA R450 6X2, USADO, A¿O 2015.-"
RENAULT,RENAULT,OROCH INT OUT 1,OROCH INT OUT,ICE,10,10,2022-07,2024-05,22DA000000223348,4,1)UNA UNIDAD PICK UP OK;MARCA RENAULT;MODELO OROCH INT OUT 1.3 MT 4X4 E3
MERCEDES-BENZ,MERCEDES-BENZ,(sin modelo),917,ICE,10,10,2022-08,2026-09,22DA000000230612,3,UNA UNIDAD CAMION USADO MARCA MERCEDES BENZ MODELO 917 A¿O 2000
HYUNDAI,HYUNDAI,(sin modelo),SANTAFE,ICE,10,10,2022-09,2025-12,22DA000000303592,7,1- STATION WAGON USADO MARCA HYUNDAI MODELO SANTAFE A¿O 2009 - DIESEL
SUZUKI,SUZUKI,(sin modelo),CARRY,ICE,10,10,2022-09,2026-04,22DA000000330354,3,UNA UNIDAD DE CAMIONETA MARCA SUZUKI MODELO CARRY A¿O 2010
MITSUBISHI,MITSUBISHI,(sin modelo),L200 TRITON SPORT GL,ICE,10,10,2022-12,2023-01,22DA000000372328,1,UNA UNIDAD CAMIONETA CABINA SIMPLE 4X4 MARCA MITSUBISHI MODELO L200 TRITON SPORT GL A¿O 2022 DIESEL.
MERCEDES-BENZ,MERCEDES-BENZ,(sin modelo),ATEGO 2425/48,ICE,10,10,2023-02,2023-10,23DA000000120784,1,"01 UNID. CHASSIS C/CABINA, MARCA MERCEDES BENZ, MOD. ATEGO 2425/48 6X2, A¿O DE FABRICACION 2023, MOD. A¿O 2024, CON SUS ACCESORIOS CORRESPONDIENTES.-"
JAC,JAC,(sin modelo),CH1021DC21,ICE,10,10,2023-03,2023-03,23DA000000073282,11,"VEHICULOS PARA EL TRANSPORTE DE MERCANCIA DE PESO TOTAL CON CARGA MAXIMA INFERIOR O IGUAL A 5T EN: 1 UNIDAD CAMIONETA CABINA SIMPLE MARCA: JAC, MODELO CH1021DC21 A¿O FABRICACION 2.023 MODELO A¿O 2.023"
MERCEDES-BENZ,MERCEDES-BENZ,2024,ACCELO 915/37,ICE,10,10,2023-03,2023-09,23DA000000081993,1,"1 UNID CAMION, MARCA: MERCEDES BENZ, TIPO: ACCELO 915/37, A¿O DE FABRICACION: 2023, MODELO: 2024, CON SUS ACCESORIOS NORMALES Y CORRESPONDIENTES.-"
PEUGEOT,PEUGEOT,(sin modelo),208 ACTIVE,ICE,10,10,2023-05,2024-10,23DA000000226287,4,AUTOMOVIL PEUGEOT 208 ACTIVE 1.6 FLEX 115 AT6 CON SUS ACCESORIOS CORRESPONDIENTES
CHEVROLET,CHEVROLET,SILVERADO 3,SILVERADO,ICE,10,10,2023-06,2023-06,23DA000000239935,2,"LOS DEMAS; EN: CAMIONETA DE CARGA TIPO PICK-UP, MODELO SILVERADO 3.0 TD LTZ AT 4WD P, DIESEL, ANO 2023, CON AIRE ACONDICIONADO Y DEMAS ACCESORIOS.-"
MITSUBISHI FUSO,MITSUBISHI FUSO,(sin modelo),CANTER GUTS,ICE,10,10,2023-07,2025-07,23DA000000284899,4,UNA UNIDAD DE VEHICULO USADO TIPO CAMION MARCA MITSUBISHI FUSO MODELO CANTER GUTS A¿O 2006 MOVIDO A DIESEL
CHEVROLET,CHEVROLET,(sin modelo),"S10 Z71,148ZKR,4X4",ICE,10,10,2023-08,2023-09,23DA000000658320,2,"1 UNID. CAMIONETA DE CARGA CABINA DOBLE, MARCA CHEVROLET, MOD. S10 Z71,148ZKR,4X4, MOTOR DIESEL; 2.8L, 4 CIL., A¿O DE FAB. 2023, MOD. A¿O 2024, C/ACC. NORMALES Y OPCIONALES.-"
CHEVROLET,CHEVROLET,(sin modelo),MONTANA LS,ICE,10,10,2023-10,2023-10,23DA000000802079,8,"1 UNID. CAMIONETA DE CARGA CABINA DOBLE, MARCA CHEVROLET, MOD. MONTANA LS, 5A43BR, MOTOR FLEX E100* 3 CIL, 1.2L TURBO, A¿O DE FAB. 2023, MOD. A¿O 2024, C/ACC, NORMALES Y OPCIONALES.-"
TOYOTA,TOYOTA,(sin modelo),PRADO,ICE,10,10,2023-12,2026-05,23DA000000867807,3,1 UNIDAD STATION WAGON MODELO PRADO A¿O 1997
GAC,GAC,EMKOO GE 1,EMKOO GE,ICE,10,10,2023-12,2025-10,23DA000000887781,13,"LOS DEM¿S; EN: AUTOMOVIL TIPO STATION WAGON, MODELO EMKOO GE 1.5T AT, 4X2, NAFTERO, ANO FABRICACI¿N 2023, ANO MODELO 2024, CON AIRE ACONDICIONADO Y DEM¿S ACCESORIOS.-"
LEXUS,LEXUS,(sin modelo),RX 450H+,HEV,10,10,2024-01,2026-07,24DA000000007852,1,VEHICULO DE LA MARCA LEXUS RX 450H+ HIBRIDO AUT DE 2.487 C.C. (ELECTRICO/NAFTA) AALH16L-AWXGB A¿O DE FABRICACION 2023 MODELO A¿O 2024 CON SUS ACCESORIOS CORRESPONDIENTES
MERCEDES-BENZ,MERCEDES-BENZ,2024,GLC 200 4MATIC,ICE,10,10,2024-02,2024-06,24DA000000066809,1,"1 UNID CAMIONETA MARCA MERCEDES BENZ, TIPO GLC 200 4MATIC, AO DE FABRICACION 2023, AO MODELO 2024, CON SUS ACCESORIOS NORMALES Y CORRESPONDIENTES.-"
FORD,FORD,EXPLORER 4WD LIMITED 2,EXPLORER 4WD LIMITED,ICE,10,10,2024-02,2024-09,24DA000000082390,1,UNA UNIDAD STATION WAGON MARCA FORD MODELO EXPLORER 4WD LIMITED 2.3L A¿O MODELO 2023
VOLKSWAGEN,VOLKSWAGEN,(sin modelo),POLO COMFORTLINE,ICE,10,10,2024-08,2024-11,24DA000000354109,1,"1.- UNIDAD DE AUTOMOVIL DE LA MARCA VOLKSWAGEN, POLO COMFORTLINE 1.0 TF AT, A¿O FABRICACION 2024, MODELO A¿O 2025, CON SUS ACCESORIOS NORMALES Y OPCIONALES."
HONDA,HONDA,(sin modelo),BR-V,ICE,10,10,2024-08,2024-08,24DA000000356875,3,DE CILINDRADA SUP. A 1.000 CM3. PERO INF. A 1.500 CM3. LOS DEMAS. LOS DEMAS. CRI.TEC.LEG.: R.G.I.1 Y 6. SE TRATA DE: 1 UNIDAD VEHICULO TIPO SUV MOD. BR-V MOD. A¿O 2024
MERCEDES-BENZ,MERCEDES-BENZ,GLA 200 CON,GLA 200,ICE,10,10,2024-10,2026-08,24DA000000486219,3,1) UNA UNIDAD DE VEHICULO MARCA MERCEDES BENZ MODELO: GLA 200 CON VIN NO: W1N4N8HB5SJ673735 MOTOR NO: 28281480245609 A¿O MODELO: 2025.--
MINI,MINI,(sin modelo),COUNTRYMAN SE ALL4,BEV,10,10,2024-10,2026-08,24DA000000486825,5,"LOS DEMS VEHCULOS, PROPULSADOS UNICAMENTE CON MOTOR ELECTRICO: 01 UN AUTOMOVIL MARCA MINI MODELO COUNTRYMAN SE ALL4 A¿O DE FABRICACION 2024 MODELO A¿O 2025 CON SUS ACCESORIOS NORMALES"
KAWASAKI,KAWASAKI,2025,BRUTE FORCE 300,ICE,10,10,2024-11,2025-09,24DA000000500189,4,1 UNID. CUADRICICLO MARCA KAWASAKI MODELO BRUTE FORCE 300 A¿O FABRICACION 2024 A¿O MODELO 2025
MERCEDES-BENZ,MERCEDES-BENZ,2025,AMG GLE 53 4MATIC,ICE,10,10,2024-12,2025-09,24DA000000583413,1,"1 UNID CAMIONETA, MARCA, MERCEDES BENZ, TIPO: AMG GLE 53 4MATIC, A¿O DE FABRICACION: 2024, A¿O MODELO: 2025 CON SUS ACCESORIOS NORMALES Y CORRESPONDIENTES"
CLUB CAR,CLUB CAR,(sin modelo),TEMPO 2PASS FLA,ICE,10,10,2025-07,2025-07,25DA000000331366,3,TEMPO 2PASS FLA COLOR SAPPHIRE SERIALNOS: BN2012-058400
VENTURA,VENTURA,(sin modelo),M250L,ICE,10,10,2025-11,2025-11,25DA000000561600,7,"LOS DEMAS VEHICULOS, UNICAMENTE CON MOTOR DE EMBOLO (PISTON) DE ENCENDIDO POR CHISPA, DE CILINDRADA INFERIOR O IGUAL A 1000 CC, EN: (1) UNID.VEHICULO ATV VENTURA M250L"
VENTURA,VENTURA,(sin modelo),L550,ICE,10,10,2025-12,2026-07,25DA000000659684,9,"LOS DEMAS VEHICULOS, UNICAMENTE CON MOTOR DE EMBOLO (PISTON) DE ENCENDIDO POR CHISPA, DE CILINDRADA INFERIOR O IGUAL A 1000CC, EN: VEHICULO ATV VENTURA L550"
MAXUS,MAXUS,(sin modelo),T60 D20,ICE,10,10,2025-12,2026-05,25DA000000648988,2,T60 D20 CABINA SIMPLE 4X4
MITSUBISHI,MITSUBISHI,(sin modelo),L200 TRITON SPOR,ICE,10,10,2026-02,2026-02,26DA000000079508,9,UNA UNIDAD CAMIONETA MARCA MITSUBISHI DOBLE CABINA MODELO L200 TRITON SPOR 4WD CVT GLS HPE ANIO DE FABRICACION 2025 ANIO MODELO 2026 DIESEL.
MITSUBISHI FUSO,MITSUBISHI FUSO,2026,FE73,ICE,10,10,2026-02,2026-03,26DA000000098884,15,"1 UNID CAMION, MARCA MITSUBISHI FUSO,TIPO: FE73 AO DE FABRICACION: 2025, AO MODELO: 2026, CON SUS ACCESORIOS NORMALES Y CORRESPONDIENTES.-"
MITSUBISHI FUSO,MITSUBISHI FUSO,2026,FE84,ICE,10,10,2026-02,2026-03,26DA000000098884,5,"1 UNID CAMION, MARCA MITSUBISHI FUSO,TIPO: FE84 AO DE FABRICACION: 2025, AO MODELO: 2026, CON SUS ACCESORIOS NORMALES Y CORRESPONDIENTES.-"
AVATR,AVATR,2027,(sin modelo),BEV,10,10,2026-03,2026-03,26DA000000121572,6,1) UNA UNIDAD DE VEHICULO MARCA AVATR 11 AWD CON CHASSIS NO: LS6D3G0Y1VA980016 AO MODELO 2027 .---
CHEVROLET,CHEVROLET,(sin modelo),S10 CD WORK 28,ICE,10,10,2026-03,2026-03,26DA000000106119,2,CAMIONETA CHEVROLET S10 CD WORK 28 4X4 AT CON SUS ACCESORIOS CORRESPONDIENTES
FAW,FAW,TIGER 6,TIGER,ICE,10,10,2026-04,2026-06,26DA000000195609,2,"1 UNID. CAMION MARCA: FAW MODELO: TIGER 6.7 AO DE FABRICACION 2025, MODELO ANO 2026, CON SUS ACCESORIOS NORMALES Y CORRESPONDIENTES.-"
CHEVROLET,CHEVROLET,(sin modelo),MONTANA CD LT,ICE,10,10,2026-07,2026-09,26DA000000332059,1,CAMIONETA CHEVROLET MONTANA CD LT 1.2 TB
CHEVROLET,CHEVROLET,(sin modelo),SILVERADO SILVERADO,ICE,10,10,2026-07,2026-07,26DA000000343946,4,"CAMIONETA PARA EL TRANSPORTE DE PERSONAS MARCA CHEVROLET SILVERADO SILVERADO 3.0TD LTZ AT 4WD T , CON SUS ACCESORIOS CORRESPONDIENTES"
CHEVROLET,CHEVROLET,ONIX HB ACTIV 1,ONIX HB ACTIV,ICE,10,10,2026-08,2026-08,26DA000000446442,1,"AUTOMOVIL, MODELO ONIX HB ACTIV 1.0 TB AT, MOTOR FLEX E100, ANO DE FABRICACION 2026, ANO MODELO 2027, CON AIRE ACONDICIONADO Y DEMAS ACCESORIOS"
MERCEDES-BENZ,MERCEDES-BENZ,(sin modelo),C230,ICE,9,9,2022-02,2026-03,22DA000000031744,2,"UNA UNIDAD DE AUTOMOVIL USADO, MARCA:MERCEDES BENZ MODELO:C230 A¿O:2006.-"
PEUGEOT,PEUGEOT,208 LIKE 1,208 LIKE,ICE,9,9,2022-02,2022-02,22DA000000291017,1,AUTOMOVIL PARA EL TRANSPORTE DE PERSONAS MARCA PEUGEOT MODELO 208 LIKE 1.6 FLEX 115 MT5 CON SUS ACCESORIOS CORRESPONDIENTES
MERCEDES-BENZ,MERCEDES-BENZ,(sin modelo),C200 CDI,ICE,9,9,2022-02,2026-06,22DA000000340279,1,LAS DEMAS EN: 01- UNA UNIDAD AUTOMOVIL MARCA MERCEDES BENZ MODELO C200 CDI A¿O 2002 COLOR PLATEADO CHASIS NRO: WDB2030041A325348
MERCEDES-BENZ,MERCEDES-BENZ,(sin modelo),811,ICE,9,9,2022-02,2024-07,22DA000000035977,1,01 UNA UNIDAD CAMION USADO MARCA MERCEDES BENZ MODELO 811 A¿O 1998 COLOR BLANCO.-
MERCEDES-BENZ,MERCEDES-BENZ,(sin modelo),1520,ICE,9,9,2022-02,2025-04,22DA000000060390,1,1 UNA UNIDAD CAMION USADO MARCA MERCEDES BENZ MODELO 1520 A¿O 1991 COLOR BLANCO.-
MAZDA,MAZDA,(sin modelo),TITAN,ICE,9,9,2022-02,2024-02,22DA000000286213,6,1 UNA UNIDAD DE CAMION USADO MARCA MAZDA MODELO TITAN A¿O 1998 COLOR AZUL
LAND ROVER,LAND ROVER,RANGE ROVER SPORT 3,RANGE ROVER SPORT,OTHERS,9,9,2022-03,2022-11,22DA000000058292,1,UNA UNIDAD STATION WAGON MARCA LAND ROVER MODELO RANGE ROVER SPORT 3.0L T/C PETROL MILD HYBRID ELECTRIC VEHICLE AWD 5 DOOR AUTO SE A¿O MODELO 2022
DAIHATSU,DAIHATSU,(sin modelo),HIJET,ICE,9,9,2022-04,2026-05,22DA000000070811,7,01- UNA UNIDAD DE STATION WAGON USADO MARCA DAIHATSU MODELO HIJET CARGO A¿O 2015
MERCEDES-BENZ,MERCEDES-BENZ,(sin modelo),C200 CGI,ICE,9,9,2022-04,2026-05,22DA000000080941,4,01) UNA UNIDAD DE AUTOMOVIL USADO MARCA MERCEDES BENZ MODELO C200 CGI A¿O 2010
CHEVROLET,CHEVROLET,(sin modelo),ONIX PLUS LT,ICE,9,9,2022-04,2023-05,22DA000000120646,6,CHEVROLET ONIX PLUS LT 1.0 FLEX TURBO MT
MITSUBISHI,MITSUBISHI,(sin modelo),CANTER CUSTOM,ICE,9,9,2022-04,2023-11,22DA000000078571,2,01- UNA UNIDAD DE CAMION CABINA SIMPLE USADO MARCA MITSUBISHI MODELO CANTER CUSTOM A¿O 1999 CILINDRADA 2800 CC.- TRACCION 4X4
MERCEDES-BENZ,MERCEDES-BENZ,(sin modelo),ATEGO 918,ICE,9,9,2022-04,2026-06,22DA000000118281,1,01) UN CAMION CON CHASIS MOTOR Y CABINA USADO MARCA. MERCEDES BENZ MODELO: ATEGO 918 A¿O: 2004 MOVIDO A DIESEL.{-
MERCEDES-BENZ,MERCEDES-BENZ,(sin modelo),809,ICE,9,9,2022-04,2025-06,22DA000000118921,2,1 UNA UNIDAD DE CAMION CHASSIS CON MOTOR Y CABINA USADO MARCA MERCEDES BENZ MODELO 809 A¿O 1991 COLOR AZUL
CHEVROLET,CHEVROLET,(sin modelo),SPIN PREMIER,ICE,9,9,2022-05,2024-04,22DA000000107444,3,CHEVROLET SPIN PREMIER 1.8 FLEX AT
JEEP,JEEP,(sin modelo),WRANGLER RUBICON UNLIMITED,ICE,9,9,2022-05,2024-04,22DA000000115833,2,VEHICULO CON CAPACIDAD DE TRANSPORTE DE PERSONAS INFERIOR O IGUAL A 6 PERSONAS EN: 01-UN VEHICULO MARCA JEEP MODELO WRANGLER RUBICON UNLIMITED A¿O DE FABRICACION 2021 MODELO A¿O 2021 CON SUS ACC. NORM
PORSCHE,PORSCHE,(sin modelo),911,ICE,9,9,2022-06,2026-09,22DA000000107635,1,EN:(01) UNA UNIDAD AUTOMOVIL MARCA PORSCHE MODELO 911 TURBO S A¿O 2.012 NAFTERO
MERCEDES-BENZ,MERCEDES-BENZ,2022,GLB 200,ICE,9,9,2022-06,2022-12,22DA000000182993,1,"1 UNID CAMIONETA, MARCA: MERCEDES BENZ, TIPO: GLB 200, A¿O MODELO: 2022, CON SUS ACCESORIOS NORMALES Y CORRESPONDIENTES.-"
CHANGAN,CHANGAN,NEW ALSVIN MECANICO CON 1,NEW ALSVIN MECANICO,ICE,9,9,2022-06,2022-06,22DA000000267106,3,"1)UNA UNIDAD DE VEHICULO MARCA CHANGAN MODELO:NEW ALSVIN MECANICO CON 1.370CC, COLOR: BLANCO CON CHASIS N: LS5A2ABR1PD910871 Y MOTOR N: N3EA501022, A¿O FABRICACION: 2022 MODELO A¿O 2023.-"
SCANIA,SCANIA,(sin modelo),P310,ICE,9,9,2022-06,2026-07,22DA000000192098,1,01) UN CAMION BASURERO USADO MARCA SCANIA MODELO- P310 A¿O: 2007 MOVIDO A DIESEL.-
VOLKSWAGEN,VOLKSWAGEN,(sin modelo),PASSAT,ICE,9,9,2022-07,2026-07,22DA000000279841,1,"UNA UNIDAD DE AUTOMOVIL USADO, MARCA VOLKSWAGEN MODELO PASSAT A¿O 2007"
BAIC,BAIC,(sin modelo),X75,ICE,9,9,2022-08,2024-08,22DA000000250728,2,"1.-UNID. CAMIONETA STATION WAGON BAIC X75, CON SUS CORRESP.ACCESORIOS"
KIA,KIA,(sin modelo),MOHAVE,ICE,9,9,2022-10,2025-09,22DA000000387479,1,1 UNA UNIDAD DE STATION WAGON USADO MARCA KIA MODELO MOHAVE A¿O 2011 COLOR GRIS
MITSUBISHI FUSO,MITSUBISHI FUSO,(sin modelo),FE71CB8L,ICE,9,9,2022-10,2024-01,22DA000000414781,5,"01 UNID. CHASSIS CON MOTOR Y CABINA,MARCA MITSUBISHI FUSO, MODELO FE71CB8L ; 4X2. A¿OFABRICACION 2021, MODELO A¿O 2022, CONSUS ACCESORIOS CORRESPONDIENTES.-"
GAC,GAC,GS8-NEW 2,GS8-NEW,ICE,9,9,2022-12,2023-02,22DA000000358885,22,"LOS DEMAS; EN: AUTOMOVIL TIPO STATION WAGON, MODELO GS8-NEW 2.0T GDI GL, 4 X 2, NAFTERO, ANO DE FABRICACION 2022, ANO MODELO 2023, CON AIRE ACONDICIONADO Y DEMAS ACCESORIOS.-"
CITROEN,CITROEN,(sin modelo),C3 VTI,ICE,9,9,2023-06,2023-06,23DA000000232585,2,AUTOMOVIL CITROEN C3 VTI AT6 III FEEL PACK 1.6 FLEX CON SUS ACESORIOS CORRESPONDIENTES
MERCEDES-BENZ,MERCEDES-BENZ,(sin modelo),GLA 250,ICE,9,9,2023-08,2025-11,23DA000000557411,1,01) UNA UNIDAD ST. WAGON USADO M.BENZ GLA 250 A¿O:2021.-
MERCEDES-BENZ,MERCEDES-BENZ,(sin modelo),ATEGO 823,ICE,9,9,2023-09,2025-06,23DA000000746767,3,"CHASIS CON MOTOR Y CABINA; EN: 1 UNIDAD MERCEDES BENZ USADO, MODELO: ATEGO 823; COLOR:ROJO ; A¿O:2003; CHASIS NRO: WDB9702271K824867"
MERCEDES-BENZ,MERCEDES-BENZ,2024,GLS 450 D 4MATIC,ICE,9,9,2023-11,2024-07,23DA000000825306,4,"1 UNID CAMIONETA, MARCA: MERCEDES BENZ, TIPO: GLS 450 D 4MATIC, A¿O DE FABRICACION: 2023, A¿O MODELO: 2024, CON SUS ACCESORIOS NORMALES Y CORRESPONDIENTES.-"
MITSUBISHI FUSO,MITSUBISHI FUSO,2024,FE73CE6L,ICE,9,9,2024-04,2024-05,24DA000000138237,2,"1 UNID CAMION, MARCA: MITSUBISHI FUSO, TIPO: FE73CE6L, A¿O DE FABRICACION: 2023, A¿O MODELO: 2024, CON SUS ACCESORIOS NORMALES Y CORRESPONDIENTES.-"
MERCEDES-BENZ,MERCEDES-BENZ,GLE 300 D 4MATIC COUPE CON,GLE 300 D 4MATIC COUPE,ICE,9,9,2024-05,2026-05,24DA000000206317,12,1) UNA UNIDAD VEHICULO MARCA MERCEDES BENZ MODELO: GLE 300 D 4MATIC COUPE CON VIN NO: W1NFD0KB0RB169636 Y MOTOR NO: 65482080154944 A¿O MODELO: 2024.---
MERCEDES-BENZ,MERCEDES-BENZ,GLE 450 D 4MATIC CON,GLE 450 D 4MATIC,ICE,9,9,2024-05,2026-03,24DA000000206317,5,1) UNA UNIDAD VEHICULO MARCA MERCEDES BENZ MODELO: GLE 450 D 4MATIC CON VIN NO: W1NFB3DB4RB192504 Y MOTOR NO: 65683080024273 A¿O MODELO: 2024.----
SCANIA,SCANIA,(sin modelo),P280,ICE,9,9,2024-08,2026-06,24DA000000337212,2,"UNA UNIDAD DE VEHICULO USADO TIPO CAMION MARCA SCANIA MODELO P280 A¿O 2009 MOVIDO A DIESEL, CON SUS ACCESORIOS"
PORSCHE,PORSCHE,(sin modelo),MACAN,BEV,9,9,2024-10,2026-05,24DA000000441002,1,"1) UNIDAD VEHICULO DE LA MARCA PORSCHE TIPO CAMIONETA; MACAN TURBO ELECTRICO, A¿O DE FABRICACION 2024; MODELO A¿O 2024; CON SUS ACCESORIOS NORMALES Y OPCIONALES.-"
MERCEDES-BENZ,MERCEDES-BENZ,2025,AMG GLC 43 4MATIC,ICE,9,9,2024-10,2025-08,24DA000000460038,1,"1 UNID CAMIONETA, MARCA MERCEDES BENZ, TIPO AMG GLC 43 4MATIC COUPE, AO DE FABRICACION 2024, AO MODELO 2025, CON SUS ACCESORIOS NORMALES Y CORRESPONDIENTES.-"
MERCEDES-BENZ,MERCEDES-BENZ,GLC 220 D 4MATIC CON,GLC 220 D 4MATIC,ICE,9,9,2025-01,2026-03,25DA000000029526,2,"1) UNA UNIDAD DE VEHICULO MARCA MERCEDES BENZ MODELO: GLC 220 D 4MATIC CON VIN N: W1NKM0FB7SF314310 Y MOTOR N: 65482080267186 , A¿O: 2.025."
HYUNDAI,HYUNDAI,NEW HB20 1,NEW HB20,ICE,9,9,2025-03,2025-03,25DA000000108884,6,VEHICULOS AUTOMOVILES PARA EL TRANSPORTE DE PERSONAS. MARCA HYUNDAI. MODELO NEW HB20 1.0 FLEX. MT CON SUS ACCESORIOS CORRESPONDIENTES
MG,MG,2025,HS PHEV,PHEV,9,9,2025-03,2025-06,25DA000000122069,1,"1 UNID CAMIONETA, MARCA MG, TIPO HS PHEV HIBRIDO A GASOLINA ENCHUFABLE, AO DE FABRICACION 2024, AO MODELO 2025 CON SUS ACCESORIOS NORMALES Y CORRESPONDIENTES.-"
MINI,MINI,(sin modelo),JCW CABRIO,ICE,9,9,2025-04,2026-07,25DA000000187536,6,VEHCULO CON CAPACIDAD DE TRANSPORTE DE PERSONAS EN: 01-UN AUTOMOVIL MARCA MINI MODELO JCW CABRIO A¿O DE FABRICACION 2024 MODELO A¿O 2025 CON SUS ACCESORIOS NORMALES
HYUNDAI,HYUNDAI,NEW CRETA PLATINUM CON,NEW CRETA PLATINUM,ICE,9,9,2025-10,2025-10,25DA000000527528,1,"01) UNA UNIDAD CAMIONETA ST WAGON MARCA: HYUNDAI, MODELO: NEW CRETA PLATINUM CON MOTOR NAFTERO, TRANSMISION AUTOMATICA 4X2, A¿O FABRICACION: 2025, MODELO A¿O: 2026, CON SUS ACCESORIOS CORRESPONDIENTES"
JETOUR,JETOUR,(sin modelo),X70 GLSFL,ICE,9,9,2025-10,2025-10,25DA000000535585,7,LOS DEMAS AUTOMOVILES MARCA JETOUR X70 GLSFL
FORD,FORD,MAVERICK LARIAT DC 2,MAVERICK LARIAT DC,ICE,9,9,2025-10,2025-12,25DA000000537409,1,UNA UNIDAD CAMIONETA MARCA FORD MODELO MAVERICK LARIAT DC 2.0 GTDI AWD A¿O MODELO 2025
HYUNDAI,HYUNDAI,(sin modelo),MIGHTY GT8,ICE,9,9,2026-01,2026-06,26DA000000017740,1,"VEHICULOS PARA EL TRANSPORTE DE MERCANCIAS , CAMION, MARCA: HYUNDAI, MIGHTY GT8 CHASIS CABINA 6 TON."
CHEVROLET,CHEVROLET,(sin modelo),MONTANA CD LTZ,ICE,9,9,2026-07,2026-07,26DA000000332059,2,CAMIONETA CHEVROLET MONTANA CD LTZ 1.2 TB AT
PEUGEOT,PEUGEOT,LANDTREK 4ACTION 2,LANDTREK 4ACTION,ICE,9,9,2026-07,2026-07,26DA000000383604,4,CAMIONETA PARA EL TRANSPORTE DE PERSONAS MARCA PEUGEOT MODELO LANDTREK 4ACTION 2.2 DIESEL 4X4 AT8 CON SUS ACCESORIOS CORRESPONDIENTES
CHANGAN,CHANGAN,ALSVIN MECANICO CON 1,ALSVIN MECANICO,ICE,8,8,2022-01,2022-02,22DA000000009914,29,"1) UNA UNIDAD DE VEHICULO MARCA CHANGAN MODELO: ALSVIN MECANICO CON 1.370CC, COLOR: PLATA CON CHASIS N: LS5A2ABR0ND912284, Y MOTOR N: JL473Q4*M3EA503719, A¿O FABRICACION 2021,MODELO A¿O 2022"
SSANGYONG,KGM,KORANDO VERSION 1,KORANDO VERSION,ICE,8,8,2022-01,2022-01,22DA000000021650,1,01) UNIDAD DE VEHICULO TIPO STATION WAGON DE LA MARCA SSANGYONG MODELO KORANDO VERSION 1.5 GDI-T A/T LTD A¿O DE FABRICACION 2021 MODELO A¿O 2021 CON SUS ACCESORIOS NORMALES Y CORRESPONDIENTES.-
MERCEDES-BENZ,MERCEDES-BENZ,(sin modelo),609,ICE,8,8,2022-01,2025-05,22DA000000002039,2,1 UNA UNIDDA DE CAMION CHASSIS CON MOTOR Y CABINA USADO MARCA MERCEDES BENZ MODELO 609 A¿O 1986 COLOR NARANJA
JMC,JMC,(sin modelo),N800,ICE,8,8,2022-01,2022-10,22DA000000011044,2,"--DE PESO TOTAL CON CARGA M¿XIMA SUPERIOR A 5 T, LOS DEMAS CAMION JMC N800 CHASSIS CON MOTOR Y CABINA"
MERCEDES-BENZ,MERCEDES-BENZ,(sin modelo),ATEGO,ICE,8,8,2022-01,2024-01,22DA000000011849,1,UNA UNIDAD DE CAMION USADO MARCA MERCEDES BENZ MODELO ATEGO 1223L A¿O: 1999
MERCEDES-BENZ,MERCEDES-BENZ,(sin modelo),ATEGO 1218,ICE,8,8,2022-01,2026-05,22DA000000016046,1,01) UN CAMION FRIGORIFICO USADO MARCA. MERCEDES BENZ MODELO. ATEGO 1218 A¿O: 2006 MOVIDO A DIESEL.-
MAZDA,MAZDA,(sin modelo),BT-50,ICE,8,8,2022-01,2024-04,22DA000000016915,2,VEHICULO CON CAPACIDAD DE TRANSPORTE DE MERCANCIAS EN: 01-UNA CAMIONETA MARCA MAZDA MODELO BT-50 DOBLE CABINA A¿O DE FABRICACION 2021 MODELO A¿O 2022 CON SUS ACCESORIOS NORMALES
NISSAN,NISSAN,(sin modelo),XTRAIL,ICE,8,8,2022-02,2025-12,22DA000000037161,1,1) UNA UNIDAD DE STATION WAGON USADO MARCA NISSAN MODELO XTRAIL A¿O 2003
AUDI,AUDI,(sin modelo),Q5,ICE,8,8,2022-02,2026-02,22DA000000037173,1,1 UNA UNIDAD DE STATION WAGON USADO MARCA AUDI MODELO Q5 A¿O 2014 COLOR GRIS
TOYOTA,TOYOTA,(sin modelo),FIELDER,ICE,8,8,2022-02,2025-05,22DA000000288052,4,01 VEHICULO USADO TIPO STATION WAGON MARCA TOYOTA MODELO FIELDER A¿O 2008 MOVIDO A GASOLINA
CHEVROLET,CHEVROLET,(sin modelo),"TRACKER PREMIER,5P76BN",ICE,8,8,2022-02,2022-02,22DA000000289277,7,"1 UNID.VEHICULO STATION WAGON MARCA CHEVROLET,MOD.TRACKER PREMIER,5P76BN,PASAJERO,5 LUG.,5 PUERTAS,MOTOR FLEX E100 3 CIL. 1.2L TURBO,A¿O DE FAB 2022,MODELO A¿O 2022,C/ACC.NORMALES Y OPCIONALES"
SCANIA,SCANIA,(sin modelo),P94 310,ICE,8,8,2022-02,2025-06,22DA000000287976,2,UNA UNIDAD DE VEHICULO USADO TIPO CAMION CON CHASIS MOTOR Y CABINA MARCA SCANIA MODELO P94 310 A¿O 1997 MOVIDO A DIESEL
AUDI,AUDI,(sin modelo),A6,ICE,8,8,2022-03,2025-08,22DA000000060837,1,UNA UNIDAD AUTOMOVIL USADO MARCA AUDI MODELO A6 A¿O 2000
MITSUBISHI,MITSUBISHI,(sin modelo),DELICA,ICE,8,8,2022-03,2026-05,22DA000000074526,11,01) UN ST. WAGON USADO MARCA MITSUBISHI MODELO DELICA VAN A¿O 2007.-
MERCEDES-BENZ,MERCEDES-BENZ,(sin modelo),1314,ICE,8,8,2022-03,2025-10,22DA000000062927,3,UNA UNIDAD DE CAMION USADO MARCA MERCEDES BENZ MODELO 1314 A¿O: 1997 COLOR VERDE
SCANIA,SCANIA,(sin modelo),124-420,ICE,8,8,2022-03,2025-04,22DA000000070784,1,LOS DEMAS EN: 1 (UNA) UNIDAD DE CAMION USADO MARCA SCANIA MODELO 124-420 A¿O 2003
MERCEDES-BENZ,MERCEDES-BENZ,2022,GLA 200 D,ICE,8,8,2022-04,2022-09,22DA000000041569,1,"1 UNID CAMIONETA, MARCA: MERCEDES BENZ, TIPO: GLA 200 D, A¿O DE FABRICACION: 2021, MODELO: 2022, CON SUS ACCESORIOS NORMALES Y CORRESPONDIENTES.-"
TOYOTA,TOYOTA,(sin modelo),CAMI,ICE,8,8,2022-04,2024-04,22DA000000044044,1,UNA UNIDAD DE STATION WAGON USADO MARCA TOYOTA MODELO CAMI A¿O 2004 COLOR PLATEADO
HONDA,HONDA,(sin modelo),CITY,ICE,8,8,2022-04,2022-04,22DA000000089666,4,"1.- UNIDAD DE VEHICULO DE LA MARCA HONDA, MODELO CITY HATCH EXL A¿O DE FABRICACION 2022, MODELO A¿O 2022, CON SUS ACCESORIOS MORMALES Y OPCIONALES."
MERCEDES-BENZ,MERCEDES-BENZ,(sin modelo),GLC 220 D 4MATIC,ICE,8,8,2022-04,2023-04,22DA000000090077,1,1 UNIDAD CAMIONETA MARCA MERCEDES BENZ MODELO GLC 220 D 4MATIC COUPE A¿O DE FABRICACION 2022 MODELO A¿O 2022 CON SUS ACCESORIOS CORRESPONDIENTES
NISSAN,NISSAN,(sin modelo),DUALIS,ICE,8,8,2022-04,2026-01,22DA000000138655,9,1 UNA UNIDAD DE STATION WAGON USADO MARCA NISSAN MODELO DUALIS A¿O 2008 COLOR PLATA
MINI,MINI,(sin modelo),JOHN COOPER WORKS ALL4,ICE,8,8,2022-04,2023-10,22DA000000248092,4,VEHICULO CON CAPACIDAD DE TRANSPORTE DE PERSONAS EN: 01-UN VEHICULO MARCA MINI MODELO JOHN COOPER WORKS ALL4 COUNTRYMAN A¿O DE FABRICACION 2022 MODELO A¿O 2022 CON SUS ACCESORIOS NORMALES.
POLARIS,POLARIS,(sin modelo),ATV-22 450 SPMN HO,ICE,8,8,2022-05,2023-01,22DA000000144869,2,"LOS DEMAS EN: 1) UNIDAD CUATRICICLO, DE LA MARCA POLARIS, MODELO; ATV-22 450 SPMN HO, COLOR AZUL, A¿O DE FABRICACION 2022, MODELO A¿O 2022, MOTOR N. 0120615667583, CHASIS N. 4XASEA508NA144574"
KIA,KIA,(sin modelo),SELTOS,ICE,8,8,2022-06,2026-08,22DA000000104732,1,"1) UNID VEHICULO MARCA KIA, MODLO SELTOS (SPSI) A¿O 2022, CON SUS ACCESORIOS"
CHEVROLET,CHEVROLET,(sin modelo),"ONIX PLUS JOY,5L69UP",ICE,8,8,2022-06,2022-06,22DA000000159431,9,"1 UNID. AUTOMOVIL MARCA CHEVROLET, MOD. ONIX PLUS JOY,5L69UP,PASAJERO, 5 LUGARES, 4 PTAS,MOTOR FLEX E100, 4CIL. 1.0L, A¿O DE FAB. 2022, MOD. A¿O 2023, C/ACC. NORMALES Y OPCIONALES"
RENAULT,RENAULT,NUEVA OROCH INTENSE OUTSIDER 1,NUEVA OROCH INTENSE OUTSIDER,ICE,8,8,2022-06,2024-08,22DA000000134845,5,1)UNA UNIDAD PICK UP OKM;MARCA RENAULT;MODELO NUEVA OROCH INTENSE OUTSIDER 1.3 CVT E3
JMC,JMC,(sin modelo),N720,ICE,8,8,2022-06,2023-06,22DA000000146530,1,"1 UNIDAD DE CAMION MARCA JMC N720 2,5 TON. 2800 C.C. DOBLE CABINA A/C SIN CARROCERIA"
JMC,JMC,(sin modelo),N800 E4,ICE,8,8,2022-06,2022-06,22DA000000146530,10,"1 UNIDAD DE CAMION MARCA JMC N800 E4 5,6 TON. AC 3000 C.C. SIN CARROCERIA"
TOYOTA,TOYOTA,(sin modelo),CROWN ROYAL SALON,ICE,8,8,2022-07,2026-02,22DA000000205177,2,UN AUTOMOVIL USADO MARCA TOYOTA MODELO CROWN ROYAL SALON A¿O 2.007.-
BMW,BMW,(sin modelo),Z4,ICE,8,8,2022-07,2026-09,22DA000000223504,1,"UNA UNIDAD DE AUTOMOVIL USADO, MARCA BMW MODELO Z4 A¿O 2004.-"
VOLKSWAGEN,VOLKSWAGEN,(sin modelo),GOLF GTI,ICE,8,8,2022-08,2025-07,22DA000000244802,1,( 1 ) UNA UNIDAD AUTOMOVIL MARCA VOLKSWAGEN MODELO GOLF GTI A¿O 2017 ( USADO ) MOVIDO A NAFTA COLOR BLANCO
VOLKSWAGEN,VOLKSWAGEN,(sin modelo),BEETLE,ICE,8,8,2022-08,2025-12,22DA000000259905,1,1 UNA UNIDAD AUTOMOVIL USADO MARCA VOLKSWAGEN MODELO BEETLE A¿O 2004 COLOR BLANCO.-
TOYOTA,TOYOTA,(sin modelo),ALPHARD,ICE,8,8,2022-09,2026-05,22DA000000311457,12,UN STATION WAGON USADO MARCA TOYOTA MODELO ALPHARD A¿O 2.003.-
FUSO,FUSO,(sin modelo),FAV1PH1LNJA,ICE,8,8,2022-09,2023-02,22DA000000301345,2,"1 UNID CAMION, MARCA: FUSO, TIPO: FAV1PH1LNJA, A¿O DE FABRICACION: 2021, MODELO A¿O: 2022, CON SUS ACCESORIOS NORMALES Y CORRESPONDIENTES.-"
JIM,JIM,JXW1033BSBD 2,JXW1033BSBD,ICE,8,8,2022-09,2022-09,22DA000000319186,9,1)UNIDAD DE CAMIONETA PICKUP DOBLE CABINA 4X4 MARCA JIM RE-MAX CLASSIC MOVIDO A DIESEL VERSION 5MT MODELO JXW1033BSBD 2.800CC.
LAND ROVER,LAND ROVER,RANGE ROVER VELAR 3,RANGE ROVER VELAR,OTHERS,8,8,2022-12,2023-05,22DA000000348614,3,UNA UNIDAD STATION WAGON MARCA LAND ROVER MODELO RANGE ROVER VELAR 3.0L T/C PETROL MILD HYBRID EECTRIC VEHICLE AWD 5DOOR 340PS R-DYNAMIC SE A¿O MODELO 2023
BMW,BMW,(sin modelo),428I,ICE,8,8,2022-12,2026-06,22DA000000369733,2,UN AUTOMOVIL USADO MARCA BMW MODELO 428I A¿O 2015 COLOR MARRON (A RESTAURAR)
MERCEDES-BENZ,MERCEDES-BENZ,2023,GLB 220 D 4MATIC,ICE,8,8,2023-01,2023-09,23DA000000026130,1,"1 UNID CAMIONETA, MARCA: MERCEDES BENZ, TIPO: GLB 220 D 4MATIC, A¿O DE FABRICACION: 2022, A¿O MODELO: 2023, CON SUS ACCESORIOS CORRESPONDIENTES.-"
TOYOTA,TOYOTA,(sin modelo),ALLON,ICE,8,8,2023-02,2026-06,23DA000000136105,11,01- UNA UNIDAD DE AUTOMOVIL USADO MARCA TOYOTA MODELO ALLON A¿O 2002
MERCEDES-BENZ,MERCEDES-BENZ,2023,GLE 300 D 4MATIC,ICE,8,8,2023-03,2023-11,23DA000000083832,1,"1 UNID CAMIONETA, MARCA: MERCEDES BENZ, TIPO: GLE 300 D 4MATIC, A¿O DE FABRICACION: 2022, A¿O MODELO: 2023, CON SUS ACCESORIOS NORMALES Y CORRESPONDIENTES.-"
LAND ROVER,LAND ROVER,RANGE ROVER EVOQUE 1,RANGE ROVER EVOQUE,PHEV,8,8,2023-05,2024-05,23DA000000199445,2,UNA UNIDAD STATION WAGON MARCA LAND ROVER MODELO RANGE ROVER EVOQUE 1.5 LITRE T/C PETROL PLUG-IN HYBRID ELECTRIC VEHICLE AWD 5 DOOR AUTO 309PS SE A¿O MODELO 2023
JEEP,JEEP,(sin modelo),GRAND CHEROKEE,ICE,8,8,2023-06,2025-12,23DA000000254336,3,1) UNA UNIDAD DE VEHICULO USADO MARCA JEEP MODELO GRAND CHEROKEE A¿O 2014 COLOR BLANCO
CHEVROLET,CHEVROLET,(sin modelo),S10 MIDNIGHT 1483KR,ICE,8,8,2023-06,2023-07,23DA000000234209,6,"1 UNID. CAMIONETA DE CARGA CABINA DOBLE, MARCA CHEVROLET, MOD. S10 MIDNIGHT 1483KR 4X4, MOTOR DIESEL 2.8L, 4 CIL A¿O DE FAB. 2023, MOD. A¿O 2024, C/ACC. NORMALES Y OPCIONALES.-"
STAR,STAR,(sin modelo),JKC1022-CBU,ICE,8,8,2023-07,2023-07,23DA000000310871,8,LOS DEMAS EN: 1)UND AUTOMOVIL MINI TRUCK DOBLE CAB. MOD. JKC1022-CBU A¿O FAB. 2023/A¿O MOD. 2024 P/TRANSP. DE MERCAD. DE PESO TOTAL C/CARGA MAX. INF. O IGUAL A 5TON MOTOR GASOLINA
BMW,BMW,(sin modelo),X5 XDRIVE30D,ICE,8,8,2023-08,2025-03,23DA000000553705,1,"1 UNIDAD DE STATION WAGON MARCA: BMW, MODELO; X5 XDRIVE30D"
MAZDA,MAZDA,(sin modelo),RX-7,ICE,8,8,2023-09,2026-07,23DA000000717559,1,1- UNA UNIDAD DE AUTOMOVIL USADO DE LA MARCA MAZDA MODELO RX-7 A¿O 1997
MERCEDES-BENZ,MERCEDES-BENZ,(sin modelo),GLE350,ICE,8,8,2023-11,2025-05,23DA000000825015,1,UNA UNIDAD ST. WAGON USADO MARCA: MERCEDES BENZ MODELO: GLE350 A¿O: 2020.
RENAULT,RENAULT,ARKANA ZEN 1,ARKANA ZEN,ICE,8,8,2024-01,2025-05,24DA000000013603,1,STATION WAGON 0KM MARCA RENAULT MODELO ARKANA ZEN 1.3T
MERCEDES-BENZ,MERCEDES-BENZ,2024,AMG GLE 53 4MATIC,ICE,8,8,2024-01,2024-04,24DA000000008768,4,"1 UNID CAMIONETA, MARCA: MERCEDES BENZ, TIPO: AMG GLE 53 4MATIC COUPE, A¿O DE FABRICACION: 2023, A¿O MODELO: 2024, CON SUS ACCESORIOS NORMALES Y CORRESPONDIENTES."
KYMCO,KYMCO,2023,MXU 450I,ICE,8,8,2024-01,2024-01,24DA000000021783,9,1 UNID. CUADRICICLO MARCA KYMCO MODELO MXU 450I A¿O FABRICACION 2023 A¿O MODELO 2023
CHEVROLET,CHEVROLET,(sin modelo),"TRACKER PREMIER,5P76BR",ICE,8,8,2024-02,2024-02,24DA000000049014,8,"1 UNID. VEHICULO STATION WAGON MARCA CHEVROLET, MOD. TRACKER PREMIER,5P76BR,PASAJERO,5 LUG.,5 PUERTAS, MOTOR FLEX E100 3 CIL., 1.2L TURBO, A¿O DE FAB. 2024, MOD. A¿O 2024, C/ACC. NORMALES Y OPCIONALES"
NISSAN,NISSAN,(sin modelo),KICKS EXCLUSIVE,ICE,8,8,2024-02,2024-02,24DA000000064620,2,"DE LOS TIPOS DENOMINADOS ""FLEX FUEL"" EN: 01-UN AUTOMOVIL MARCA NISSAN MODELO KICKS EXCLUSIVE CVT - FLEX - A¿O DE FABRICACION 2024 MODELO A¿O 2025 CON SUS ACCESORIOS NORMALES"
VENTURA,VENTURA,(sin modelo),M250 L-COR,ICE,8,8,2024-03,2024-03,24DA000000104011,2,"LOS DEM¿S VEH¿CULOS CON MOTOR DE EMBOLO (PIST¿N) ALTERNATIVO, DE ENCENDIDO POR CHISPA DE CILINDRADA INFERIOR O IGUAL A 1.000 CM3, EN: 1 UNID. ATV VENTURA M250 L-COR BLANCO, L A¿O 2024"
MERCEDES-BENZ,MERCEDES-BENZ,(sin modelo),280SL,ICE,8,8,2024-04,2024-04,24DA000000154603,1,MERCEDES 280SL 1967 USADO A RESTAURAR 11304212019363
SUBARU,SUBARU,(sin modelo),WRX,ICE,8,8,2024-07,2026-04,24DA000000289942,1,"UNA UNIDAD DE AUTOMOVIL USADO, MARCA SUBARU MODELO WRX A¿O 2014.-"
BESTUNE,BESTUNE,2024,T77 PREMIUM,ICE,8,8,2024-11,2024-11,24DA000000512219,14,BESTUNE T77 PREMIUM BLANCO 1.5 AUT NAFT. MODELO 2024
MERCEDES-BENZ,MERCEDES-BENZ,2025,ATEGO 2425/48,ICE,8,8,2024-12,2025-04,24DA000000613526,1,"1 UNID CAMION, MARCA MERCEDES BENZ, TIPO ATEGO 2425/48 6X2, AO FABRICACION 2024, MODELO 2025, CON SUS ACCESORIOS NORMALES Y CORRESPONDIENTES.-"
FUSO,FUSO,2025,FIV1PHX2LNJA,ICE,8,8,2025-01,2025-04,25DA000000011703,4,"1 UNID CAMION, MARCA: FUSO, TIPO: FIV1PHX2LNJA, A¿O DE FABRICACION: 2024, A¿O MODELO: 2025 CON SUS ACCESORIOS NORMALES Y CORRESPONDIENTES.-"
CHEVROLET,CHEVROLET,(sin modelo),"TRACKER LITE,5X76HS",ICE,8,8,2025-05,2025-05,25DA000000219797,1,"1 UNID. VEHICULO SUV MARCA CHEVROLET, MOD.TRACKER LITE,5X76HS, PASAJERO 5 LUG. 5 PUERTAS,MOTOR FLEX E100 * 3 CIL. 1.0L TURBO,ANIO DE FAB 2024, MOD.ANIO 2025,C/ACC. NORMALES Y OPCIONALES.-"
CHEVROLET,CHEVROLET,2026,S10 CD WORK,ICE,8,8,2025-06,2025-06,25DA000000279110,3,"CAMIONETA CHEVROLET S10 CD WORK 2.8 4X4 AT ANO FABRICACION 2025, ANO MODELO 2026 CON SUS CORRESPONDIENTES ACCESORIOS."
MITSUBISHI FUSO,MITSUBISHI FUSO,2026,(sin modelo),ICE,8,8,2025-09,2025-09,25DA000000463662,1,"1 UNID CAMION, MARCA: FUSO, TIPO: FE73CE6L, A¿O DE FABRICACION: 2025, A¿O MODELO: 2026 CON SUS ACCESORIOS NORMALES Y CORRESPONDIENTES.-"
MERCEDES-BENZ,MERCEDES-BENZ,GLC 220 D 4MATIC COUPE CON,GLC 220 D 4MATIC COUPE,ICE,8,8,2025-10,2026-08,25DA000000553944,5,"1) UNA UNIDAD DE VEHICULO MARCA MERCEDES BENZ MODELO: GLC 220 D 4MATIC COUPE CON VIN: W1NKJ0FB0TF460316 Y MOTOR N: 65482080394758 , A¿O MODELO: 2026.--"
BYD,BYD,(sin modelo),DOLPHIN,BEV,8,8,2025-11,2026-03,25DA000000571956,11,UNA UNIDAD AUTOMOVIL MARCA BYD MODELO DOLPHIN A¿O 2025 COLOR AZUL
JAC,JAC,LE420 CARGO BOX 5,LE420 CARGO BOX,ICE,8,8,2025-11,2026-06,25DA000000573447,4,LOS DEMAS AUTOMOVILES PARA EL TRANSPORTE DE MERCANCIAS 0KM MARCA JAC MODELO LE420 CARGO BOX 5.5T
FUSO,FUSO,2025,FA,ICE,8,8,2025-12,2025-12,25DA000000651431,4,"1 UNID CAMION, MARCA: FUSO, TIPO: FA, A¿O DE FABRICACION: 2024, A¿O MODELO: 2025 CON SUS ACCESORIOS NORMALES Y CORRESPONDIENTES.-"
HYUNDAI,HYUNDAI,(sin modelo),MIGHTY GT11,ICE,8,8,2026-01,2026-09,26DA000000017740,8,"VEHICULOS PARA EL TRANSPORTE DE MERCANCIAS , CAMION, MARCA: HYUNDAI, MIGHTY GT11 CHASIS CABINA 9 TON."
MAXUS,MAXUS,(sin modelo),T90 D20TT,ICE,8,8,2026-02,2026-05,26DA000000083374,1,T90 D20TT 4X4 AT LUXURY
JAC,JAC,LE760 CARGO BOX 4,LE760 CARGO BOX,ICE,8,8,2026-03,2026-09,26DA000000127656,5,LOS DEMAS AUTOMOVILES PARA EL TRANSPORTE DE MERCANCIAS 0KM MARCA JAC MODELO LE760 CARGO BOX 4.5T
MERCEDES-BENZ,MERCEDES-BENZ,2027,ACCELO 1416/46,ICE,8,8,2026-04,2026-05,26DA000000183534,1,"1 UNID CAMION, MARCA MERCEDES BENZ TIPO ACCELO 1416/46 6X2 EURO III ANO DE FABRICACION 2026, ANO MODELO 2027 CON SUS ACCESORIOS NORMALES Y CORRESPONDIENTES.-"
LMT,LMT,(sin modelo),L80,BEV,8,8,2026-05,2026-05,26DA000000256843,4,"AUTOMOVIL ELECTRICO CON SUS ACCESORIOS, MODELO: L80, COLOR: BLANCO, CHASIS NRO.: XDSNOLCJACEJ37319, ANO: 2026.-"
BENDA,BENDA,2026,REDSTONE 550 MD,ICE,8,8,2026-05,2026-05,26DA000000273100,2,1 UNID. CUADRICICLO MARCA BENDA MODELO REDSTONE 550 MD A¿O FABRICACION 2025 A¿O MODELO 2026
MERCEDES-BENZ,MERCEDES-BENZ,2027,ATEGO 1726/48,ICE,8,8,2026-07,2026-09,26DA000000332321,1,"1 UNID CAMION, MARCA MERCEDES BENZ TIPO ATEGO 1726/48 4X2 EURO III ANO DE FABRICACION 2026, ANO MODELO 2027 CON SUS ACCESORIOS NORMALES Y CORRESPONDIENTES.-"
CHEVROLET,CHEVROLET,(sin modelo),CRUZE LTZ,ICE,7,7,2022-01,2024-01,22DA000000004811,5,UN AUTOMOVIL USADO MARCA CHEVROLET MODELO CRUZE LTZ A¿O 2014
PEUGEOT,PEUGEOT,5008 ACTIVE 2,5008 ACTIVE,ICE,7,7,2022-01,2022-11,22DA000000009932,17,STATION WAGON PARA EL TRANSPORTE DE PERSONAS MARCA PEUGEOT MODELO 5008 ACTIVE 2.0 HDI EAT8 150 CON SUS ACCESORIOS CORRESPONDIENTES
SSANGYONG,KGM,TIVOLI VERSION 1,TIVOLI VERSION,ICE,7,7,2022-01,2022-07,22DA000000021650,9,01) UNIDAD DE VEHICULO TIPO STATION WAGON DE LA MARCA SSANGYONG MODELO TIVOLI VERSION 1.5 GDI TURBO AT A¿O DE FABRICACION 2021 MODELO A¿O 2021 CON SUS ACCESORIOS NORMALES Y CORRESPONDIENTES.-
CHEVROLET,CHEVROLET,(sin modelo),CAPTIVA,ICE,7,7,2022-01,2025-08,22DA000000024657,5,UN VEHICULO USADO TIPO STATION WAGON MARCA CHEVROLET MODELO CAPTIVA A¿O 2008 MOVIDO A DIESEL
FORD,FORD,(sin modelo),RANGER,ICE,7,7,2022-01,2026-04,22DA000000022769,1,LOS DEMAS EN: 01-UNA UNIDAD VEHICULO TIPO CAMIONETA PICK-UP DOBLE CABINA 4X2 MARCA FORD MODELO RANGER A¿O 2021 COLOR GRIS DE 2198 CC TURBO DIESEL.-
TOYOTA,TOYOTA,(sin modelo),RACTIS,ICE,7,7,2022-03,2024-10,22DA000000086827,12,UN VEHICULO USADO TIPO STATION WAGON MARCA TOYOTA MODELO RACTISA¿O 2006 MOVIDO A GASOLINA
TOYOTA,TOYOTA,(sin modelo),BLADE,ICE,7,7,2022-03,2026-07,22DA000000241110,6,UN AUTOMOVIL USADO MARCA TOYOTA MODELO BLADE A¿O 2.007.-
MERCEDES-BENZ,MERCEDES-BENZ,(sin modelo),C 200,ICE,7,7,2022-04,2023-01,22DA000000039733,2,1 UNIDAD AUTOMOVIL MARCA MERCEDES BENZ MODELO C 200 A¿O DE FABRICACION 2021 MODELO A¿O 2022 CON SUS ACCESORIOS CORRESPONDIENTES
MINI,MINI,(sin modelo),JOHN COOPER WORKS CABRIO,ICE,7,7,2022-04,2024-04,22DA000000248092,1,VEHICULO CON CAPACIDAD DE TRANSPORTE DE PERSONAS EN: 01-UN VEHICULO MARCA MINI MODELO JOHN COOPER WORKS CABRIO A¿O DE FABRICACION 2022 MODELO A¿O 2022 CON SUS ACCESORIOS NORMALES.
SCANIA,SCANIA,(sin modelo),P420,ICE,7,7,2022-04,2026-07,22DA000000041429,1,UNA UNIDAD CHASSIS CON MOTOR Y CABINA MARCA: SCANIA MODELO: P420 A¿O: 2006. COLOR BLANCO.
MERCEDES-BENZ,MERCEDES-BENZ,(sin modelo),E200,ICE,7,7,2022-05,2025-08,22DA000000123002,2,1) UNA UNIDAD DE AUTOMOVIL USADO MARCA MERCEDES BENZ MODELO E200 A¿O 2013
CHEVROLET,CHEVROLET,SPIN PREMIER 1,SPIN PREMIER,ICE,7,7,2022-05,2023-09,22DA000000146513,1,"AUTOMOVIL TIPO STATION WAGON, MODELO SPIN PREMIER 1.8 AT 7L, MOTOR FLEX FUEL E100, ANO FABRICACION 2022, ANO MODELO 2023, CON AIRE ACONDICIONADO Y DEMAS ACCESORIOS.-"
HYUNDAI,HYUNDAI,(sin modelo),KONA,ICE,7,7,2022-05,2026-01,22DA000000157466,1,"01) UNA UNIDAD DE STATION WAGON USADO MARCA HYUNDAI MODELO KONA A¿O 2.018 DIESEL CON CHASIS NRO.: KMHK3816GJU002236, COLOR NEGRO.-"
CHEVROLET,CHEVROLET,(sin modelo),"TRACKER LTZ,5N76BP",ICE,7,7,2022-06,2022-06,22DA000000135199,7,"1 UNID. VEHICULO STATION WAGON MARCA CHEVROLET, MOD. TRACKER LTZ,5N76BP, PASAJERO, 5 LUG. 5 PUERTAS, MOTOR FLEX E100 3 CIL. 1.2L TURBO, A¿O DE FAB. 2022, MOD. A¿O 2023, C/ACC. NORMALES Y OPCIONALES.-"
SSANGYONG,KGM,(sin modelo),ACTYON SPORTS,ICE,7,7,2022-06,2025-05,22DA000000172411,9,UN VEHIUCLO USADO TIPO CAMIONETA MARCA SSANGYONG MODELO ACTYON SPORTS A¿O 2014 MOVIDO A DIESEL
SSANGYONG,KGM,REXTON VERSION 2,REXTON VERSION,ICE,7,7,2022-07,2022-07,22DA000000224244,3,01) UNIDAD DE VEHICULO TIPO STATION WAGON DE LA MARCA SSANGYONG MODELO REXTON VERSION 2.2 NOBLESSE 4WD A/T A¿O DE FABRICACION 2022 MODELO A¿O 2023 CON SUS ACCESORIOS NORMALES Y CORRESPONDIENTES.-
SUZUKI,SUZUKI,(sin modelo),SWIFT SPORT,ICE,7,7,2022-08,2026-05,22DA000000249667,2,UN AUTOMOVIL USADO MARCA SUZUKI MODELO SWIFT SPORT A¿O 2.013.-
BMW,BMW,(sin modelo),X1,ICE,7,7,2022-08,2026-01,22DA000000252502,1,LAS DEMAS EN ; UNA UNIDAD DE VEHICULO USADO BMW X1 A¿O:2014 ORIGEN SUIZA
TOYOTA,TOYOTA,(sin modelo),GRAN VIA,ICE,7,7,2022-08,2026-04,22DA000000264976,3,01) UNA UNIDAD VEHICULO USADO TOYOTA GRAN VIA A¿O 2000
FIAT,FIAT,STRADA VOLCANO FLEX 1,STRADA VOLCANO FLEX,ICE,7,7,2022-12,2023-01,22DA000000376362,8,"VEHICULOS AUTOMOVILES PARA EL TRANSPORTE DE MERCANCIAS, CAMIONETA . MARCA: FIAT MODELO STRADA VOLCANO FLEX 1.3"
MINI,MINI,(sin modelo),COOPER SE ALL4 COUNTRYMAN,PHEV,7,7,2023-02,2023-11,23DA000000112521,1,LOS DEMAS VEHICULOS PROPULSADOS UNICAMENTE CON MOTOR ELECTRICO: 1 VEHICULO MARCA MINI MODELO COOPER SE ALL4 COUNTRYMAN A¿O 2023
MERCEDES-BENZ,MERCEDES-BENZ,(sin modelo),1218,ICE,7,7,2023-02,2025-10,23DA000000118549,2,UN CAMION USADO MARCA MERCEDES BENZ MODELO 1218 A¿O 2.002.-
MERCEDES-BENZ,MERCEDES-BENZ,(sin modelo),ATEGO 917,ICE,7,7,2023-03,2026-09,23DA000000081042,2,UN CAMION USADO MARCA MERCEDES BENZ MODELO ATEGO 917 A¿O 1.998.-
MITSUBISHI FUSO,MITSUBISHI FUSO,2023,FE84CE6L,ICE,7,7,2023-05,2023-08,23DA000000206314,5,"1 UNID CAMION, MARCA: MITSUBISHI FUSO, TIPO: FE84CE6L, A¿O DE FABRICACION: 2022, A¿O MODELO: 2023, CON SUS ACCESORIOS NORMALES Y CORRESPONDIENTES"
CITROEN,CITROEN,(sin modelo),BERLINGO HDI 90 BVM5,ICE,7,7,2023-06,2023-06,23DA000000243463,7,"FURGONETA PARA EL TRANSPORTE DE MERCANCIAS CITROEN BERLINGO HDI 90 BVM5, CON SUS ACCESORIOS CORRESPONDIENTES"
GAC,GAC,NEW GS8 GT 2,NEW GS8 GT,ICE,7,7,2023-08,2023-12,23DA000000653780,7,"LOS DEMAS; EN: AUTOMOVIL TIPO STATION WAGON, MODELO NEW GS8 GT 2.0T NAFTA AT, ANO FABRICACION 2023, ANO MODELO 2024, 4 X 2, NAFTERO, CON AIRE ACONDICIONADO Y DEMAS ACCESORIOS.-"
RENAULT,RENAULT,OROCH OUTSIDER 1,OROCH OUTSIDER,ICE,7,7,2023-08,2024-05,23DA000000570519,2,1)UNA UNIDAD PICK UP OKM;MARCA RENAULT;MODELO OROCH OUTSIDER 1.3 CVT
EZGO,EZGO,(sin modelo),RXV ELITE FREEDOM,ICE,7,7,2023-09,2024-03,23DA000000759902,1,CON 1 UNIDAD DE CARRITO DE GOLF Y 19 ACCESORIOS MARCA EZGO MODELO RXV ELITE FREEDOM (ADVB2) CODIGO 10002916G01 - SERIAL 5794129 / A¿O 2024 / VIN EZGCFBCPER5794129
DONGFENG,DONGFENG,(sin modelo),EX1 NANO BOX,BEV,7,7,2023-10,2023-10,23DA000000793993,1,"VEHICULO ELECTRICO, MARCA: DONGFENG MOD: EX1 NANO BOX A¿O: 2023 COLOR: BLANCO CHASIS: LDP42A969P9005769, ELECTRICO"
MERCEDES-BENZ,MERCEDES-BENZ,(sin modelo),SPRINTER 316,ICE,7,7,2023-10,2024-03,23DA000000767710,2,1 (UN) MERCEDES BENZ SPRINTER 316 - CHASIS: WDB9066351P341090
MERCEDES-BENZ,MERCEDES-BENZ,(sin modelo),ATEGO 1222,ICE,7,7,2023-10,2026-05,23DA000000767710,1,1 (UN) TRACTO CAMION MERCEDES BENZ ATEGO 1222 CON CABINA - CHASIS: WDB9700571L333408
KIA,KIA,(sin modelo),MORNING,ICE,7,7,2023-12,2026-07,23DA000000869326,8,"UNA UNIDAD DE AUTOMOVIL USADO, MARCA KIA MODELO MORNING A¿O 2014.-"
MERCEDES-BENZ,MERCEDES-BENZ,2024,GLC 200 4MATIC COUPE,ICE,7,7,2024-01,2024-06,24DA000000000277,1,"1 UNID CAMIONETA, MARCA: MERCEDES BENZ, TIPO: GLC 200 4MATIC COUPE, A¿O DE FABRICACION: 2023, A¿O MODELO: 2024, CON SUS ACCESORIOS NORMALES Y CORRESPONDIENTES.-"
TOYOTA,TOYOTA,(sin modelo),BZ4X,BEV,7,7,2024-01,2026-07,24DA000000008107,1,01) UN STATION WAGON MARCA: TOYOTA MODELO: BZ4X A¿O: 2023 OKM ELECTRICO
RENAULT,RENAULT,ARKANA ARKANA INTENS 1,ARKANA ARKANA INTENS,ICE,7,7,2024-01,2024-04,24DA000000028718,1,STATION WAGON 0KM MARCA RENAULT MODELO ARKANA ARKANA INTENS 1.3T
BMW,BMW,(sin modelo),325I,ICE,7,7,2024-01,2025-06,24DA000000035139,4,UN AUTOMOVIL USADO MARCA BMW MODELO 325I A¿O 2.008.-
VOLKSWAGEN,VOLKSWAGEN,(sin modelo),TIGUAN RLINE,ICE,7,7,2024-01,2024-04,24DA000000034674,8,"EN 01 UNIDAD DE VEHICULO, MARCA VOLKSWAGEN, A¿O 2024, MOD. TIGUAN RLINE 2.0 TSI, COLOR: GRIS PLATINO.-"
TOYOTA,TOYOTA,(sin modelo),REGIUS ACE SUPER GL,ICE,7,7,2024-04,2025-03,24DA000000162027,1,UNA UNIDAD DE VEHIUCLO USADO TIOP STATION WAGON MARCA TOYOTA MODELO REGIUS ACE SUPER GL A¿O 2004 MOVIDO A DIESEL
AUDI,AUDI,(sin modelo),Q7,ICE,7,7,2024-04,2026-03,24DA000000178991,2,1 UNA UNIDAD DE STATION WAGON USADO MARCA AUDI MODELO Q7 A¿O 2007 COLOR GRIS
SCANIA,SCANIA,(sin modelo),P94-230,ICE,7,7,2024-06,2025-11,24DA000000244858,1,UNA UNIDAD DE CAMION USADO MARCA SCANIA MODELO P94-230 A¿O 1999.-
GEELY,GEELY,(sin modelo),GEOMETRY E225 380,BEV,7,7,2025-02,2025-03,25DA000000052534,3,"UNA UNIDAD AUTOMOVIL CON MOTOR ELECTRICO, 4X2 MARCA: GEELY, MOD.: GEOMETRY E225 380 KM GL. CON SUS ACCESORIOS"
VENTURA,VENTURA,(sin modelo),500,ICE,7,7,2025-03,2025-03,25DA000000119845,14,SE TRATA DE 1 (UNA) UNIDAD DE VENTURA 500
HYUNDAI,HYUNDAI,(sin modelo),TUCSON LIMITED,ICE,7,7,2025-06,2025-06,25DA000000276256,3,TUCSON LIMITED 1.6CC TURBO AT GASOLINA
JAC,JAC,LE112 CARGO BOX 7,LE112 CARGO BOX,ICE,7,7,2025-11,2026-09,25DA000000573447,2,LOS DEMAS AUTOMOVILES PARA EL TRANSPORTE DE MERCANCIAS 0KM MARCA JAC MODELO LE112 CARGO BOX 7.5T
BMW,BMW,(sin modelo),X4 20DX,ICE,7,7,2026-01,2026-09,26DA000000015831,2,"UNA UNIDAD DE STATION WAGON USADO, MARCA:BMW MODELO:X4 20DX A¿O:2015.-"
BYD,BYD,(sin modelo),CHARGER,BEV,7,7,2026-01,2026-03,26DA000000038758,2,YUAN UP 2026 SMART DRIVING EDITION 401KM VITALITY EDITION PRODUCTION YEAR: 2025 + BYD CHARGER STATION 7KW
FORD,FORD,(sin modelo),MUSTANG FASTBACK,ICE,7,7,2026-02,2026-08,26DA000000084419,2,1 UNIDAD DE VEHICULO FORD MUSTANG FASTBACK ANO 1968 COLOR VERDE CHASIS NRO 8T02C195930 PARA RESTAURACION.-
CHEVROLET,CHEVROLET,S10 CD HIGH COUNTRY 2,S10 CD HIGH COUNTRY,ICE,7,7,2026-02,2026-03,26DA000000077664,2,"01) UND. VEHICUL,O TIPO PICKUP (CAMIONETA) DE CARGA MODELO: S10 CD HIGH COUNTRY 2.8 4X4 AT , ANO DE FABRICACION 2.024, ANO MODELO: 2.025.-"
ISUZU,ISUZU,(sin modelo),SUV/ MU-X,ICE,7,7,2026-03,2026-06,26DA000000129463,23,"01) UNA UNIDAD CAMIONETA ST WAGON CON MOTOR DIESEL, TRANSMISION AUTOMATICA 4X4, MARCA: ISUZU,SUV/ MU-X AUT. 4X4 3.0 UJQL505. ANIO FABRICACION:2025,MODELO ANIO:2026, CON SUS ACCESORIOS CORRESPONDIENTES"
EXCAR,EXCAR,(sin modelo),CARRINHO GOLFE E,ICE,7,7,2026-03,2026-03,26DA000000130239,11,PROPULSADOS POR MOTOR ELECTRICO DE FORMA EXCLUSIVA EN: 1 UNIDAD EXCAR CARRINHO GOLFE E. M1S2 2/FF BRANCO
TOYOTA,TOYOTA,(sin modelo),TACOMA TRD I-FORCE MAX,HEV,7,7,2026-06,2026-09,26DA000000302192,1,UNA UNIDAD VEHICULO 0KM TOYOTA TACOMA TRD I-FORCE MAX AO 2026
CHANGAN,CHANGAN,UNI-T AUTOMATICO CON 1,UNI-T AUTOMATICO,ICE,6,6,2022-01,2022-01,22DA000000009914,35,"1) UNA UNIDAD DE VEHICULO MARCA CHANGAN MODELO: UNI-T AUTOMATICO CON 1.494CC, COLOR: GRIS CON CHASIS N: LS5A3DKE8NA990020, Y MOTOR N: JL473ZQ5*MN6AM064816, A¿O FABRICACION 2021,MODELO A¿O 2022"
TOYOTA,TOYOTA,(sin modelo),GRAN HIACE,ICE,6,6,2022-01,2025-08,22DA000000013935,1,UN ST5.WAGON USADO MARCA TOYOTA MODELO GRAN HIACE A¿O 2001
AUDI,AUDI,A5 2,A5,ICE,6,6,2022-01,2026-03,22DA000000019322,1,"1.- UNIDAD DE AUTOMOVIL, MARCA AUDI, MODELO A5 2.0 TFSI SPORTBACK SLINE, A¿O FABRICACION 2021, A¿O MODELO 2022, CON SUS ACCESORIOS CORRESPONDIENTES. -"
MINI,MINI,(sin modelo),ONE,ICE,6,6,2022-01,2024-11,22DA000000019440,1,UN AUTOMOVIL USADO MARCA MINI MODELO ONE A¿O 2007
BMW,BMW,(sin modelo),120I,ICE,6,6,2022-01,2026-06,22DA000000021647,2,UN AUTOMOVIL USADO MARCA BMW MODELO 120I A¿O 2009
KAYO,KAYO,(sin modelo),AY70,ICE,6,6,2022-02,2022-02,22DA000000083748,5,1 CUACICLON MODELO: AY70 MARCA: KAYO COLOR: BLANCO/NARANJA A¿O: 2022 MOTOR: 147FMD23A01603 CHASIS: L6JAGDLAXN1000112
SUZUKI,SUZUKI,(sin modelo),ALTO,ICE,6,6,2022-02,2022-04,22DA000000286597,6,UN AUTOMOVIL USADO MARCA SUZUKI MODELO ALTO A¿O 2.013.-
LAND ROVER,LAND ROVER,(sin modelo),RANGE ROVER,ICE,6,6,2022-02,2025-07,22DA000000291835,1,1 UNIDAD STATION WAGON MARCA LAND ROVER MODELO RANGE ROVER A¿O 2003 COLOR NEGRO
SCANIA,SCANIA,(sin modelo),P114-380,ICE,6,6,2022-02,2025-10,22DA000000038043,1,UNA UNIDAD CAMION CISTERNA USADO MARCA SCANIA MODELO P114-380 A¿O 2004
SCANIA,SCANIA,(sin modelo),P410,ICE,6,6,2022-02,2025-05,22DA000000284810,5,"LOS DEMAS CHASIS CON MOTOR Y CABINA, EN: 1 CHASIS CON CABINA SCANIA P410, USADO A¿O 2016.-"
NISSAN,NISSAN,(sin modelo),CONDOR UD,ICE,6,6,2022-02,2023-05,22DA000000285619,5,1 UNA UNIDAD DE CAMION TOLVA USADO MARCA NISSAN MODELO CONDOR UD A¿O 1992 COLOR AZUL
POLARIS,POLARIS,(sin modelo),"RGR-21,570",ICE,6,6,2022-02,2022-08,22DA000000292340,1,"1) UNIDAD VEHICULO UTILITARIO (UTV), DE LA MARCA: POLARIS, MOD.RGR-21,570,EPS,BRNZ .A¿O DE FABRICACION: 2021, MODELO A¿O 2022, COLOR: BRONCE, VIN N. 3NSMAE57XME544972 MOTOR N. 0120599492625"
HONDA,HONDA,(sin modelo),ODYSSEY,ICE,6,6,2022-03,2024-06,22DA000000048140,1,(01) UNIDAD STATION WAGON HONDA ODYSSEY COLOR GRIS A¿O 2006 VIN#5FNRL38626B407191
GAC,GAC,GS3-POWER 1,GS3-POWER,ICE,6,6,2022-04,2022-04,22DA000000039795,3,"LOS DEMAS; EN: AUTOMOVIL TIPO STATION WAGON MODELO GS3-POWER 1.5T GDI AT GB, ANO FABRICACION 2021, ANO MODELO 2022, CON AIRE ACONDICIONADO Y DEMAS ACCESORIOS.-"
KIA,KIA,(sin modelo),SOUL,ICE,6,6,2022-04,2025-02,22DA000000092416,3,UN STATION WAGON USADO MARCA KIA MODELO SOUL A¿O 2010
MG,MG,MG RX5 VERSION 1,MG RX5 VERSION,ICE,6,6,2022-04,2022-04,22DA000000122017,6,01) UNIDAD DE VEHICULO TIPO STATION WAGON DE LA MARCA MORRIS GARAGE MODELO MG RX5 VERSION 1.5 A/T STD A¿O DE FABRICACION 2022 MODELO A¿O 2022 CON SUS ACCESORIOS NORMALES Y OPCIONALES.-
MERCEDES-BENZ,MERCEDES-BENZ,(sin modelo),C 250,ICE,6,6,2022-05,2025-01,22DA000000110783,2,UN AUTOMOVIL USADO MARCA MERCEDES BENZ MODELO C 250 A¿O 2013 COLOR: AZUL
JMC,JMC,(sin modelo),NHR,ICE,6,6,2022-05,2022-05,22DA000000098164,5,1 UNIDAD DE CAMION MARCA JMC NHR DE 2 TON. 2800 C.C. DOBLE CABINA CON A/C SIN CARROCERIA
MERCEDES-BENZ,MERCEDES-BENZ,(sin modelo),1120,ICE,6,6,2022-05,2025-05,22DA000000155974,2,01) UN CAMION CON CHASIS MOTOR Y CABINA USADO MARCA: MERCEDES BENZ MODELO: 1120 A¿O: 1994 MOVIDO A DIESEL.-
MG,MG,MG HS VERSION 1,MG HS VERSION,ICE,6,6,2022-06,2022-06,22DA000000154696,6,01) UNIDAD DE VEHICULO TIPO STATION WAGON DE LA MARCA MORRIS GARAGE MODELO MG HS VERSION 1.5T A/T COM A¿O DE FABRICACION 2022 MODELO A¿O 2022 CON SUS ACCESORIOS NORMALES Y OPCIONALES.-
MERCEDES-BENZ,MERCEDES-BENZ,(sin modelo),SLK350,ICE,6,6,2022-06,2025-05,22DA000000156292,3,01 UNA AUTOMOVIL USADO MARCA MERCEDES BENZ MODELO SLK350 A¿O 2005 COLOR BLANCO
IVECO,IVECO,(sin modelo),DAILY,ICE,6,6,2022-06,2025-11,22DA000000134989,1,UNA UNIDAD DE FURGON USADO MARCA IVECO MODELO DAILY A¿O 2005.-
MERCEDES-BENZ,MERCEDES-BENZ,2023,ACCELO 915/37,ICE,6,6,2022-07,2023-03,22DA000000217811,1,"1 UNID CHASIS CON CABINA, MARCA: MERCEDES BENZ, TIPO: ACCELO 915/37 4X2, A¿O DE FABRICACION: 2022, MODELO: 2023, CON SUS ACCESORIOS NORMALES Y CORRESPONDIENTES.-"
MERCEDES-BENZ,MERCEDES-BENZ,(sin modelo),GLC 200 4MATIC,ICE,6,6,2022-12,2024-05,22DA000000350609,1,"01 UNID. CAMIONETA, MARCA MERCEDES BENZ, TIPO GLC 200 4MATIC, A¿O DE FABRICACION 2022, MODELO A¿O 2023, CON SUS ACCESORIOS CORRESPONDIENTES.-"
CHEVROLET,CHEVROLET,CAMARO 6,CAMARO,ICE,6,6,2023-02,2024-02,23DA000000135451,1,"1 UNID. AUTOMOVIL MARCA CHEVROLET, MODELO CAMARO 6.2L SS AT RWD P 1AK37, A¿O DE FABRICACION 2022, MOD. A¿O 2023, CON ACCESORIOS NORMALES Y OPCIONALES.-"
FORD,FORD,(sin modelo),F250,ICE,6,6,2023-02,2026-06,23DA000000133789,1,1.-UNIDAD CAMIONETA DOBLE CABINA 4X4 MARCA: FORD F250
PORSCHE,PORSCHE,(sin modelo),PANAMERA,ICE,6,6,2023-03,2026-09,23DA000000154563,1,"AUTOMOVIL MARCA PORSCHE TIPO PANAMERA S, MODELO A¿O 2009, CHASIS NO. WP0ZZZ97ZAL040184, MOTOR NO. A00538, PAIS DE ORIGEN ALEMANIA"
JMC,JMC,(sin modelo),2TON,ICE,6,6,2023-04,2023-04,23DA000000062546,2,VEHICULOS AUTOMOVILES PARA EL TRANSPORTE DE MERCANCIA EN : 1 CAMION JMC 2TON
NISSAN,NISSAN,(sin modelo),ATLAS 100,ICE,6,6,2023-05,2026-04,23DA000000224288,3,01 UNA UNIDAD DE CAMION CABINA SIMPLE USADO MARCA NISSAN MODELO ATLAS 100 A;O 1993
JEEP,JEEP,(sin modelo),WRANGLER SPORT,ICE,6,6,2023-06,2026-09,23DA000000241481,1,UNA UNIDAD DE STATION WAGON MARCA JEEP MODELO WRANGLER SPORT A¿O 2017
MAZDA,MAZDA,(sin modelo),ATENZA,ICE,6,6,2023-07,2025-12,23DA000000267429,6,01) UNA UNIDAD DE VEHICULO USADO MAZDA ATENZA 2013
VENTURA,VENTURA,(sin modelo),M250 L,ICE,6,6,2023-07,2023-10,23DA000000270473,6,UNA UNIDAD DE CUADRICICLO NUEVO MARCA:VENTURA MODELO:M250 L A¿O:2023.-
LAND ROVER,LAND ROVER,(sin modelo),DISCOVERY,ICE,6,6,2023-07,2026-09,23DA000000320843,1,01) UNA UNIDAD ST. WAGON USADO LAND ROVER DISCOVERY A¿O:2021.-
RENAULT,RENAULT,NUEVA OROCH 1,NUEVA OROCH,ICE,6,6,2023-08,2024-03,23DA000000552408,1,1)UNA UNIDAD PICK UP OKM;MARCA RENAULT;MODELO NUEVA OROCH 1.6 MT E3
SCANIA,SCANIA,(sin modelo),G420,ICE,6,6,2023-08,2025-10,23DA000000560515,1,"CHASIS CON MOTOR Y CABINA, DE PESO TOTAL CON CARGA MAXIMA SUPERIOR A 5 T PERO INFERIOR O IGUAL A 20 T, EN: 1 CHASIS CON CABINA, SCANIA G420, USADO, A¿O 2013.-"
DODGE,DODGE,(sin modelo),CHALLENGER R/T,ICE,6,6,2023-10,2026-02,23DA000000777155,6,01) UNA UNIDAD DE VEHICULO USADO DODGE CHALLENGER R/T 2009
GREATWALL,GREATWALL,2024,WINGLE 7,ICE,6,6,2023-10,2023-10,23DA000000769282,4,"LOS DEMAS. VEHICULOS PARA EL TRANSPORTE DE MERCANCIAS. EN:(01)UNIDAD, GREAT WALL WINGLE 7, CC1032PA42C, 2024 YEAR MODEL, 4X2, 4D20D, 6MT. VERSION: LUXURY. FABRICACION 2023 MODELO 2024."
TOYOTA,TOYOTA,(sin modelo),VELLFIRE,ICE,6,6,2023-11,2025-06,23DA000000830921,1,01) UNA UNIDAD DE STATION WAGON USADO MARCA TOYOTA MODELO VELLFIRE A¿O 2011
BARMON,BARMON,(sin modelo),LT-A827.2+2G,ICE,6,6,2023-11,2023-11,23DA000000828521,15,CARRITO DE GOLF ELECTRICO MODELO MODELO LT-A827.2+2G
HONDA,HONDA,(sin modelo),CIVIC SI,ICE,6,6,2024-01,2026-02,24DA000000008107,3,01) UN AUTOMOVIL USADO MARCA: HONDA MODELO: CIVIC SI A¿O: 2009 MOVIDO A GASOLINA
TOYOTA,TOYOTA,(sin modelo),86GT,ICE,6,6,2024-02,2025-02,24DA000000054106,7,01) UNA UNIDAD DE AUTOMOVIL USADO MARCA TOYOTA MODELO 86GT A¿O 2012
EZGO,EZGO,(sin modelo),RXV ELEC PLATFORM,ICE,6,6,2024-03,2025-05,24DA000000103215,12,"CON 1 UNIDAD DE CARRO DE GOLF Y SUS ACCESORIOS - 638538 / RXV ELEC PLATFORM SERIAL 5815786 YEAR 2024 VIN/PIN EZGCBACHCR5815786 10048029G01 /F/A RXV VALOR,ELEC"
MERCEDES-BENZ,MERCEDES-BENZ,(sin modelo),C220D,ICE,6,6,2024-04,2025-11,24DA000000134287,3,1 UND AUTOMOVIL MODELO C220D A¿O 2016 COLOR PLATEADO
MERCEDES-BENZ,MERCEDES-BENZ,GLC 200 4MATIC COUPE CON,GLC 200 4MATIC COUPE,ICE,6,6,2024-04,2026-08,24DA000000162831,3,"1) UNA UNIDAD DE VEHICULO MARCA MERCEDES BENZ MODELO: GLC 200 4MATIC COUPE CON VIN N: W1NKJ5BB8RF143525 Y MOTOR N: 254920V0501702, A¿O MODELO: 2024."
DAYUN,DAYUN,2024,CGC7000BEV2J5,BEV,6,6,2024-06,2025-02,24DA000000267364,2,"VEHICULO PARA EL TRANSPORTE DE PERSONAS,EN: AUTOMOVIL CON MOTOR ELECTRICO MARCA: DAYUN MODELO: CGC7000BEV2J5 A¿O DE FABRIC.: 2023 A¿O MODELO: 2024, CON SUS ACCESORIOS"
KAWASAKI,KAWASAKI,2024,BRUTE FORCE 750,ICE,6,6,2024-06,2024-11,24DA000000272936,10,1 UNID DE CUADRICICLO MARCA KAWASAKI MODELO BRUTE FORCE 750 A¿O DE FABRICACION 2023 A¿O MODELO 2024
MINI,MINI,(sin modelo),JCW COUNTRYMAN ALL4,ICE,6,6,2024-07,2026-09,24DA000000314692,10,VEHICULO CON CAPACIDAD DE TRANSPORTE DE PERSONAS EN: 01-UN AUTOMOVIL MARCA MINI MODELO JCW COUNTRYMAN ALL4 A¿O DE FABRICACION 2024 MODELO A¿O 2025 CON SUS ACCESORIOS NORMALES
KAIYI,KAIYI,X3 1,X3,ICE,6,6,2024-08,2024-08,24DA000000346294,2,1) UNA UNIDAD DE VEHICULO MARCA KAIYI MODELO X3 1.5L CVT LUX . CON CHASSIS NO: LUYJB2G22SA001221 Y MOTOR NO: SQRE4G15CBDPL60162 MODELO A¿O : 2025.---
MERCEDES-BENZ,MERCEDES-BENZ,(sin modelo),AMG GLA 35 4MATIC,ICE,6,6,2024-09,2024-09,24DA000000413791,1,"1 UNID CAMIONETA, MARCA: MERCEDES BENZ, TIPO: AMG GLA 35 4MATIC, A¿O DE FABRICACION: 2024, MODELO A¿O: 2025 CON SUS ACCESORIOS NORMALES Y CORRESPONDIENTES.-"
MG,MG,2025,ZS COM,ICE,6,6,2024-10,2024-10,24DA000000460642,5,"1 UNID CAMIONETA, MARCA: MG, TIPO: MG ZS COM, AO DE FABRICACION: 2024, AO MODELO: 2025, CON SUS ACCESORIOS NORMALES Y CORRESPONDIENTES"
MERCEDES-BENZ,MERCEDES-BENZ,(sin modelo),G63 AMG,ICE,6,6,2024-10,2026-03,24DA000000493691,2,UNA UNIDAD VEHICULO USADO MERCEDES BENZ G63 AMG A¿O:2017.-
CHEVROLET,CHEVROLET,(sin modelo),ONIX LTZ HB,ICE,6,6,2024-12,2025-08,24DA000000568254,1,"1 UNID. AUTOMOVIL MARCA CHEVROLET, MOD. ONIX LTZ HB, 5N48HS, PASAJERO, 5 LUG., 5 PTAS.,MOTOR FLEX E100 3 CIL. 1.0L TURBO, ANIO DE FABRICACION 2024, MOD. ANIO 2025, C/ACC. NORMALES Y OPCIONALES"
MERCEDES-BENZ,MERCEDES-BENZ,GLE 450 D 4MATIC COUPE CON,GLE 450 D 4MATIC COUPE,ICE,6,6,2025-01,2026-04,25DA000000035671,1,"1) UNA UNIDAD DE VEHICULO MARCA MERCEDES BENZ MODELO: GLE 450 D 4MATIC COUPE CON VIN N: W1NFD3DB5SB338232 Y MOTOR N: 65683080045414 , A¿O: 2.025.-"
AUDI,AUDI,Q6 PERFORMANCE,Q6 E-TRON PERFORMANCE,BEV,6,6,2025-01,2025-12,25DA000000042348,2,"1 (UNA) UNIDAD DE STATION WAGON MARCA AUDI, MODELO Q6 PERFORMANCE, CHASIS WAUZZZGFXSA010282."
PEUGEOT,PEUGEOT,(sin modelo),208 MCA STYLE,ICE,6,6,2025-02,2025-10,25DA000000089697,1,AUTOMOVIL PEUGEOT 208 MCA STYLE 1.0 MT5 CON SUS ACCESORIOS CORRESPONDIENTES
MERCEDES-BENZ,MERCEDES-BENZ,2025,GLC 220 D MATIC,ICE,6,6,2025-03,2025-05,25DA000000096673,1,"1 UNID CAMIONETA, MARCA: MERCEDES BENZ, TIPO: GLC 220 D MATIC COUPE, AO DE FABRICACION: 2024 AO MODELO: 2025 CON SUS ACCESORIOS NORMALES Y CORRESPONDIENTES.-"
NISSAN,NISSAN,(sin modelo),CONDOR 20,ICE,6,6,2025-04,2025-11,25DA000000189692,7,UNA UNIDAD DE VEHICULO USADO TIPO CAMION TUMBA MARCA NISSAN MODELO CONDOR 20 A¿O 1993 MOVIDO A DIESEL
CLUB CAR,CLUB CAR,(sin modelo),TEMPO 2+2 FLA,ICE,6,6,2025-07,2025-07,25DA000000331366,12,TEMPO 2+2 FLA COLOR SAPPHIRE SERIALNOS: BN2019-071886
CHEVROLET,CHEVROLET,2026,S10 CS WORK,ICE,6,6,2025-07,2025-07,25DA000000323947,4,"CAMIONETA CHEVROLET S10 CS WORK 2.8 4X4 ANO FABRICACION 2025, ANO MODELO 2026 CON SUS CORRESPONDIENTES ACCESORIOS."
LEXUS,LEXUS,(sin modelo),NX450H+,PHEV,6,6,2025-09,2026-07,25DA000000469948,11,SUV DE LA MARCA LEXUS NX450H+ HIBRIDO AUT 4X4 DE 2.487 C.C. (ELECTRICO/NAFTA) AAZH26L-AWXLB A¿O DE FABRICACION 2025 MODELO A¿O 2026 CON SUS ACCESORIOS CORRESPONDIENTES
VENTURA,VENTURA,(sin modelo),L650 COMPLETO,ICE,6,6,2025-10,2025-10,25DA000000497707,1,"LOS DEMAS VEHICULOS UNICAMENTE CON MOTOR DE EMBOLO (PISTON) DE ENCENDIDO POR CHISPA, DE CILINDRADA INFER.O IGUAL A 1000 CM3, EN: VEHICULO ATV VENTURA MOD.L650 COMPLETO CON SUS ACCESORIOS."
CHEVROLET,CHEVROLET,(sin modelo),CAMARO SS,ICE,6,6,2025-10,2026-09,25DA000000490377,1,UN AUTOMOVIL USADO MARCA: CHEVROLET MODELO: CAMARO SS A¿O: 2013 COLOR: BORDO
SSANGYONG,KGM,KORANDO SPORTS,KORANDO SPORTS,ICE,6,6,2025-10,2026-08,25DA000000488482,4,UNA UNIDAD DE VEHICULO USADO TIPO CAMIONETA DOBLE CABINA MARCA SSANGYONG MODELO KORANDO SPORTS AO 2014 MOVIDO A DIESEL
GREATWALL,GREATWALL,(sin modelo),WINGLE 7 LUXURY,ICE,6,6,2025-10,2025-10,25DA000000549370,6,WINGLE 7 LUXURY 4X4 MT DC
HYUNDAI,HYUNDAI,TUCSON 1,TUCSON,ICE,6,6,2025-11,2025-11,25DA000000597579,2,OS DEMAS AUTOMOVILES MARCA HYUNDAI MODELO TUCSON 1.6 TURBO AT HEV 4X2 LIMITED
KAWASAKI,KAWASAKI,2026,KFX90,ICE,6,6,2025-12,2026-06,25DA000000619797,24,1 UNID. CUADRICICLO MARCA KAWASAKI MODELO KFX90 A¿O FABRICACION 2025 A¿O MODELO 2026
MERCEDES-BENZ,MERCEDES-BENZ,2026,GLS 450 D 4MATIC,ICE,6,6,2025-12,2026-03,25DA000000619434,2,"3 UNID CAMIONETA, MARCA MERCEDES BENZ,TIPO GLS 450 D 4MATIC , AO DE FABRICACION 2025,AO MODELO 2026, CON SUS ACCESORIOS NORMALES Y CORRESPONDIENTES.-"
CFMOTO,CFMOTO,2026,(sin modelo),ICE,6,6,2025-12,2025-12,25DA000000649822,2,"VEHICULO PARA EL TRANSPORTE DE PERSONAS,EN:VEHICULO TODOTERRENO ATV MARCA CFMOTO, NAFTERO, 4X4, A¿O DE FABRICACION 2025, A¿O MODELO 2026 CON SUS ACCESORIOS CORRESPONDIENTES"
DONGFENG,DONGFENG,(sin modelo),NANO 06,BEV,6,6,2026-02,2026-02,26DA000000079436,21,DONGFENG NANO 06 2025 MODEL 401 AIR
GEELY RADAR,GEELY RADAR,(sin modelo),KING KONG,BEV,6,6,2026-02,2026-02,26DA000000079436,16,GEELY RADAR KING KONG 2025 310KM 2WD LONG BOX FORTUNE KING KONG
TATA,TATA,XENON 2,XENON,ICE,6,6,2026-02,2026-09,26DA000000095785,5,UNA UNIDAD CAMIONETA MARCA TATA MODELO XENON 2.2L X2 EII DC 4X4 AB ANIO DE FABRICACION 2025 ANIO MODELO 2026 DIESEL.
MG,MG,(sin modelo),NEW MG ZS HEV,HEV,6,6,2026-03,2026-03,26DA000000142614,2,"1 UNID CAMIONETA, MARCA MG, TIPO NEW MG ZS HEV ANO DE FABRICACION 2026, MODELO ANO 2027, CON SUS ACCESORIOS NORMALES Y CORRESPONDIENTES.-"
RENAULT,RENAULT,(sin modelo),KARDIAN EVOLUTION,ICE,6,6,2026-04,2026-05,26DA000000185128,9,KARDIAN EVOLUTION 1.0 DCT
CHANGAN,CHANGAN,NEW CS75 PLUS 4WD 2,NEW CS75 PLUS 4WD,ICE,6,6,2026-04,2026-04,26DA000000199644,3,"1 UNA UNIDAD DE VEHICULO MARCA: CHANGAN MODELO: NEW CS75 PLUS 4WD 2.0 ELITE CON CHASSIS NO: LS4ASE2A3TD911780 Y MOTOR NO:JL484ZQ1*SHTAA011879* A¿O MODELO: 2026, CON SUS ACCESORIOS NORMALES Y C"
GAC,GAC,S7 MAX 1,S7 MAX,PHEV,6,6,2026-05,2026-06,26DA000000237551,11,"AUTOMOVIL TIPO STATION WAGON, MODELO S7 MAX 1.5 TB 2WD PHEV AT, 4X2, HIBRIDO, ANO FABRICACION 2026, ANO MODELO 2027, CON AIRE ACONDICIONADO Y DEMAS ACCESORIOS.-"
GAC,GAC,GS8 GX 2,GS8 GX,HEV,6,6,2026-05,2026-06,26DA000000237551,7,"AUTOMOVIL TIPO STATION WAGON, MODELO GS8 GX 2.0 TB 4WD HEV AT, 4X4, NAFTERO, ANO FABRICACION 2026, ANO MODELO 2027, CON AIRE ACONDICIONADO Y DEMAS ACCESORIOS.-"
MAXUS,MAXUS,(sin modelo),V90 L3H2 3 SEATS,ICE,6,6,2026-05,2026-05,26DA000000227498,7,V90 L3H2 3 SEATS PANEL VAN FWD MT
MITSUBISHI,MITSUBISHI,(sin modelo),L200 GL,ICE,6,6,2026-06,2026-09,26DA000000320116,10,CAMIONETA PARA EL TRANSPORTE DE PERSONAS 0KM MARCA MITSUBISHI MODELO L200 GL 4WD SC MT
MERCEDES-BENZ,MERCEDES-BENZ,2027,GLC 200 4MATIC COUPE,ICE,6,6,2026-08,2026-09,26DA000000397140,4,"1 UNID. CAMIONETA, MARCA: MERCEDES BENZ, TIPO: GLC 200 4MATIC COUPE , AO MODELO: 2027 CON SUS ACCESORIOS NORMALES Y CORRESPONDIENTES"
CHEVROLET,CHEVROLET,(sin modelo),"SONIC PREMIER,5P58DVR8E",ICE,6,6,2026-08,2026-08,26DA000000433480,3,"1 UNID. VEHICULO SUV MARCA CHEVROLET,MOD. SONIC PREMIER,5P58DVR8E,PASAJERO,5 LUGARES, 5 PTAS, MOTOR FLEX E100, 3 CIL. 1.0L TURBO,ANIO DE FABRICACION 2026,MOD.ANIO 2027,C/ACC.NORMALES Y OPCIONALES"
CHERY,CHERY,(sin modelo),T7 PRO,PHEV,6,6,2026-09,2026-09,26DA000000515504,2,DE CILINDRADA SUPERIOR A 1.000 CM3. PERO INFERIOR O IGUAL A 1500CC EN:UN VEHICULO MARCA CHERY T7 PRO 1.5 T PHEV A/T G PREMIUM 2WD AO DE FAB 2026 MODELO AO 2027 CON SUS ACCESORIOS NORMALES.
TOYOTA,TOYOTA,(sin modelo),IST,ICE,5,5,2022-01,2023-08,22DA000000003897,11,UN VEHICULO USADO TIPO AUTOMOVIL MARCA TOYOTA MODELOIST A¿O 2002 MOVIDO A GASOLINA
MERCEDES-BENZ,MERCEDES-BENZ,(sin modelo),812,ICE,5,5,2022-01,2025-10,22DA000000000934,2,UN VEHICULO USADO MARCA MERCEDES BENZ MODELO 812 A¿O 2000 COLOR BLANCO
NISSAN,NISSAN,(sin modelo),SYLPHY,ICE,5,5,2022-02,2024-06,22DA000000031974,8,UNA UNIDAD DE AUTOMOVIL MARCA NISSAN MODELO SYLPHY A¿O 2012
MERCEDES-BENZ,MERCEDES-BENZ,2022,GLE 400 D 4,ICE,5,5,2022-02,2023-04,22DA000000038107,2,"1 UNID CAMIONETA, MARCA: MERCEDES BENZ, TIPO: GLE 400 D 4 MATIC COUPE, A¿O DE FABRICACION: 2021, MODELO: 2022, CON SUS ACCESORIOS NORMALES Y CORRESPONDIENTES"
MERCEDES-BENZ,MERCEDES-BENZ,(sin modelo),711,ICE,5,5,2022-02,2024-09,22DA000000029702,2,1 UNA UNIDAD CAMION USADO MARCA MERCEDES BENZ MODELO 711 A¿O 1991 COLOR BLANCO.-
SCANIA,SCANIA,(sin modelo),R124-420,ICE,5,5,2022-02,2025-09,22DA000000287614,2,UNA UNDAD DE CAMION USADO MARCA SCANIA MODELO R124-420 A¿O 2001.-
MERCEDES-BENZ,MERCEDES-BENZ,(sin modelo),1523,ICE,5,5,2022-03,2024-06,22DA000000038517,1,UNA UNIDAD CAMION CON GRUA USADO MARCA MERCEDES BENZ MODELO 1523 A¿O 2000
SCANIA,SCANIA,(sin modelo),112,ICE,5,5,2022-03,2022-12,22DA000000051659,1,UNA UNIDAD CHASSIS CON MOTOR Y CABINA MARCA: SCANIA MODELO: 112 A¿O: 1998. COLOR ROJO.
NISSAN,NISSAN,(sin modelo),PICK UP,ICE,5,5,2022-03,2026-01,22DA000000085592,1,1 UNA UNIDAD CAMIONETA USADO MARCA NISSAN MODELO PICK UP A¿O 2002 COLOR GRIS PLATA.-
MERCEDES-BENZ,MERCEDES-BENZ,2022,C 220 D,ICE,5,5,2022-04,2022-11,22DA000000041569,2,"1 UNID AUTOMOVIL, MARCA: MERCEDES BENZ, TIPO: C 220 D, A¿O DE FABRICACION: 2021, MODELO: 2022, CON SUS ACCESORIOS NORMALES Y CORRESPONDIENTES.-"
MERCEDES-BENZ,MERCEDES-BENZ,(sin modelo),C 220 CDI,ICE,5,5,2022-04,2023-12,22DA000000071443,3,UNA UNIDAD DE AUTOMOVIL USADO MARCA MERCEDES BENZ MODELO C 220 CDI A¿O 2000
CHEVROLET,CHEVROLET,(sin modelo),CRUZE LT,ICE,5,5,2022-04,2023-06,22DA000000087234,3,UNA UNIDAD DE AUTOMOVIL USADO MARCA CHEVROLET MODELO CRUZE LT A¿O 2009
HYUNDAI,HYUNDAI,STARIA - 9 PASAJEROS 2,STARIA - 9 PASAJEROS,ICE,5,5,2022-04,2022-04,22DA000000091067,48,"VEHICULOS AUTOMOVILES PARA EL TRANSPORTE DE PERSONAS MINIBUS, MARCA: HYUNDAI, MODELO: STARIA - 9 PASAJEROS 2,2 DIESEL AUTOM 8 VELOC 4X2"
MERCEDES-BENZ,MERCEDES-BENZ,(sin modelo),GLB 200 D,ICE,5,5,2022-04,2022-05,22DA000000092424,2,1 UNIDAD CAMIONETA MARCA MERCEDES BENZ MODELO GLB 200 D A¿O DE FABRICACION 2021 MODELO A¿O 2022 CON SUS ACCESORIOS CORRESPONDIENTES
SUBARU,SUBARU,(sin modelo),LEGACY B4,ICE,5,5,2022-04,2024-09,22DA000000120117,1,01- UNA UNIDAD DE AUTOMOVIL USADO MARCA SUBARU MODELO LEGACY B4 A¿O 2000
BMW,BMW,(sin modelo),525I,ICE,5,5,2022-04,2025-01,22DA000000123362,7,01) UNA UNIDAD DE VEHICULO USADO BMW 525I 2004
MERCEDES-BENZ,MERCEDES-BENZ,(sin modelo),GLB 200,ICE,5,5,2022-05,2023-09,22DA000000105396,1,1) UNA UNIDAD CAMIONETA NARCA MERCEDES BENZ MODELO GLB 200 A¿O DE FABRICACION 2022 MODELO A¿O 2022 CON SUS ACCESORIOS CORRESPONDIENTES
PEUGEOT,PEUGEOT,(sin modelo),207,ICE,5,5,2022-05,2026-08,22DA000000110902,9,01) UN AUTOMOVIL USADO MARCA PEUGEOT MODELO 207 A¿O 2011.-
KIA,KIA,(sin modelo),OPTIMA,ICE,5,5,2022-05,2024-08,22DA000000154004,9,UNA UNIDAD DE AUTOMOVIL USADO MARCA KIA MODELO OPTIMA A¿O 2011.-
KIA,KIA,(sin modelo),STONIC,ICE,5,5,2022-05,2026-04,22DA000000157466,11,"01) UNA UNIDAD DE STATION WAGON USADO MARCA KIA MODELO STONIC A¿O 2.018 DIESEL CON CHASIS NRO.: KNADB815GJS117170, COLOR AZUL.-"
CITROEN,CITROEN,NEWC3 1,NEWC3,ICE,5,5,2022-06,2022-06,22DA000000105604,2,"AUTOMOVIL PARA EL TRANSPORTE DE PERSONAS MARCA CITROEN MODELO NEWC3 1.6HDI 90 BVM5 SHINE, CON SUS ACCESORIOS CORRESPONDIENTES"
VOLKSWAGEN,VOLKSWAGEN,TIGUAN ELEGANCE 2,TIGUAN ELEGANCE,ICE,5,5,2022-06,2023-01,22DA000000146531,5,"1.-UNIDAD DE VEHICULO, MARCA VOLKSWAGEN, TIPO SUV, MODELO TIGUAN ELEGANCE 2.0 TSI, A¿O FABRICACION 2022, A¿O MODELO 2022, CON SUS ACCESORIOS CORRESPONDIENTES.-"
TOYOTA,TOYOTA,(sin modelo),RAV 4,ICE,5,5,2022-06,2024-04,22DA000000159576,1,01) UNA UNIDAD ST. WAGON USADO TOYOTA RAV 4 A¿O:2021.-
TOYOTA,TOYOTA,(sin modelo),NAOH,ICE,5,5,2022-07,2025-09,22DA000000181205,9,UN STATION WAGON USADO MARCA TOYOTA MODELO NAOH A¿O 2.004.-
CHEVROLET,CHEVROLET,ONIX SD LS 1,ONIX SD LS,ICE,5,5,2022-07,2023-01,22DA000000280385,8,"AUTOMOVIL MODELO ONIX SD LS 1.0 TB AT, MOTOR FLEX FUEL E100, ANO FABRICACION 2022, ANO MODELO 2023, CON AIRE ACONDICIONADO Y DEMAS ACCESORIOS.-"
NISSAN,NISSAN,(sin modelo),DATSUN AX,ICE,5,5,2022-07,2025-09,22DA000000206537,4,01- UNA UNIDAD DE CAMIONETA CABINA PLUS USADO MARCA NISSAN MODELO DATSUN AX A¿O 2000
PEUGEOT,PEUGEOT,BOXER FT435 L2H2 2,BOXER FT435 L2H2,ICE,5,5,2022-08,2022-09,22DA000000230117,2,FURGONETA PARA EL TRANSPORTE DE PERSONAS MARCA PEUGEOT MODELO BOXER FT435 L2H2 2.2HDI 130HP CON SUS ACCESORIOS CORRESPONDIENTES
HYUNDAI,HYUNDAI,(sin modelo),SONATA,ICE,5,5,2022-08,2023-08,22DA000000244177,2,1 UNA UNIDAD DE AUTOMOVIL USADO MARCA HYUNDAI MODELO SONATA A¿O 2010 COLOR GRIS
HUMMER,HUMMER,(sin modelo),H3,ICE,5,5,2022-08,2026-06,22DA000000249582,2,UNA UNIDAD DE STATION WAGON USADO MARCA HUMMER MODELO H3 A¿O 2007 COLOR AMARILLO
MERCEDES-BENZ,MERCEDES-BENZ,(sin modelo),SPRINTER 311 CDI,ICE,5,5,2022-08,2023-09,22DA000000240450,2,1(UNA) UNIDAD DE FURGON USADO MARCA: MERCEDES BENZ MODELO: SPRINTER 311 CDI A¿O:2011
SUZUKI,SUZUKI,SX4 S-CROSS VERSION 1,SX4 S-CROSS VERSION,ICE,5,5,2022-09,2022-10,22DA000000304279,5,01) UNIDAD DE VEHICULO TIPO STATION WAGON DE LA MARCA SUZUKI MODELO SX4 S-CROSS VERSION 1.4 A/T GL A¿O DE FABRICACION 2022 MODELO A¿O 2023 CON SUS ACCESORIOS NORMALES Y CORRESPONDIENTES.
AUDI,AUDI,A3 1,A3,ICE,5,5,2022-10,2026-08,22DA000000392334,1,"1 (UNA) UNIDAD DE AUTOMOVIL MARCA AUDI, MODELO A3 1.4 TFSI SPORTBACK SLINE, CHASSIS WAUZZZGY1PA002287"
CHEVROLET,CHEVROLET,ONIX SD LT 1,ONIX SD LT,ICE,5,5,2022-10,2023-01,22DA000000399260,10,"AUTOMOVIL, MODELO ONIX SD LT 1.0, MOTOR FLEX FUEL E100, ANO FABRICACION 2022, ANO MODELO 2023, CON AIRE ACONDICIONADO Y DEMAS ACCESORIOS."
MERCEDES-BENZ,MERCEDES-BENZ,(sin modelo),ML350,ICE,5,5,2022-10,2026-09,22DA000000420411,1,"UNA UNIDAD DE STATION WAGON, MODELO ML350 A¿O 2010"
NISSAN,NISSAN,(sin modelo),TIIDA LATIO,ICE,5,5,2022-11,2026-02,22DA000000431317,5,"01 UNIDAD DE AUTOMOVIL USADO MARCA:NISSAN MODELO:TIIDA LATIO A¿O:2009, COLOR:PLATA, MOVIDO A GASOLINA.-"
TOYOTA,TOYOTA,(sin modelo),VITZ,ICE,5,5,2022-11,2025-11,22DA000000436175,4,1 UNA UNIDAD DE AUTOMOVIL USADO MARCA TOYOTA MODELOVITZ A¿O 2005 COLOR PLATA
JAGUAR,JAGUAR,(sin modelo),XF,ICE,5,5,2022-11,2025-07,22DA000000440087,2,UNA UNIDAD DE VEHICULO USADO TIPO AUTOMOVIL MARCA JAGUAR MODELO XF A¿O 2011 MOVIDO A DIESEL
LAND ROVER,LAND ROVER,(sin modelo),RANGE ROVER VELAR,ICE,5,5,2022-11,2025-03,22DA000000465145,1,01 UNA UNID STATION WAGON - MARCA LAND ROVER - MODELO RANGE ROVER VELAR - A¿O 2021 - COLOR PLATA - USADO
NISSAN,NISSAN,(sin modelo),DATSUN AX LIMITED,ICE,5,5,2022-11,2024-02,22DA000000433060,9,01- UNA UNIDAD DE CAMIONETA DOBLE CABINA USADO MARCA NISSAN MODELO DATSUN AX LIMITED A¿O 2002
SCANIA,SCANIA,(sin modelo),P94/310,ICE,5,5,2022-11,2026-01,22DA000000433682,2,1) UNA UNIDAD DE TRACTO CAMION USADO MARCA SCANIA MODELO P94/310 A¿O 1999
MITSUBISHI,MITSUBISHI,(sin modelo),FUSO CANTER,ICE,5,5,2022-12,2026-03,22DA000000342651,8,01 VEHICULO USADO TIPO CAMIONETA MARCA MITSUBISHI MODELO FUSO CANTER A¿O 2007 MOVIDO A DIESEL
MITSUBISHI,MITSUBISHI,(sin modelo),CANTER GUTS CUSTOM,ICE,5,5,2022-12,2025-02,22DA000000345047,2,01- UNA UNIDAD DE CAMION CARROCERIA BARANDA BAJA USADO MARCA MITSUBISHI MODELO CANTER GUTS CUSTOM A¿O 2004 CILINDRADA 2800CC
SCANIA,SCANIA,(sin modelo),P124-420,ICE,5,5,2023-01,2025-06,23DA000000013662,2,UN CAMION USADO MARCA SCANIA MODELO P124-420 A¿O 2002 COLOR BLANCO
VENTURA,VENTURA,(sin modelo),400,ICE,5,5,2023-02,2024-01,23DA000000110066,1,"LOS DEMAS VEHICULOS, UNICAMENTE CON MOTOR DE EMBOLO, DE ENCENDIDO POR CHISPA, DE CILINDRADA INFER.O IGUAL A 1.000 CM3, COMPLETOS, C/ ACC, EN: (1) VEHICULO CUADRICICLO (ATV) MOD.VENTURA 400, DE 383CC"
GREATWALL,GREATWALL,2023,H6,ICE,5,5,2023-02,2023-02,23DA000000112888,2,UNA UNIDAD STATION WAGON MARCA HAVAL MODELO H6 A¿O DE FABRICACION 2022 A¿O MODELO 2023 CC 2.000
MERCEDES-BENZ,MERCEDES-BENZ,2023,GLE 400 D 4MATIC,ICE,5,5,2023-03,2023-04,23DA000000091384,1,"1 UNID CAMIONETA, MARCA: MERCEDES BENZ, TIPO: GLE 400 D 4MATIC COUPE, A¿O DE FABRICACION: 2022, A¿O MODELO: 2023 CON SUS ACCESORIOS NORMALES Y CORRESPONDIENTES.-"
CHEVROLET,CHEVROLET,2023,SL0,ICE,5,5,2023-04,2023-06,23DA000000047416,2,"CHEVROLET SL0 CAMIONETA DE CARGA, LTZ 4X4, CAB. DUPLA, MOTOR DIESEL * 4 CIL 2.8L , AT POTENCIA 200@ 3400 , A¿O MODELO 2023, MODELO DE VENTAS 148MKP, A¿O FABRICACION 2023"
MERCEDES-BENZ,MERCEDES-BENZ,2024,ATEGO 2730/48,ICE,5,5,2023-04,2023-09,23DA000000060741,1,"1 UNID CAMION, MARCA: MERCEDES BENZ, TIPO: ATEGO 2730/48 6X4, A¿O DE FABRICACION: 2023, A¿O MODELO: 2024, CON SUS ACCESORIOS NORMALES Y CORRESPONDIENTES"
MITSUBISHI FUSO,MITSUBISHI FUSO,2023,FE85CHZL,ICE,5,5,2023-05,2023-05,23DA000000196785,2,"1 UNID CAMIONES, MARCA: MITSUBISHI FUSO, TIPO: FE85CHZL, A¿O DE FABRICACION: 2022, A¿O MODELO: 2023, CON SUS ACCESORIOS NORMALES Y CORRESPONDIENTES.-"
PORSCHE,PORSCHE,(sin modelo),MACAN,ICE,5,5,2023-06,2025-05,23DA000000246373,1,UNA UNIDAD STATION WAGON USADO MARCA: PORSCHE MODELO: MACAN S A¿O: 2017
CHEVROLET,CHEVROLET,(sin modelo),CORVETTE COUPE,ICE,5,5,2023-06,2026-06,23DA000000262896,2,"01 AUTOMOVIL CHEVROLET CORVETTE COUPE, A¿O: 1958, COLOR: BLANCO, SERIE NRO. 104618"
FORD,FORD,(sin modelo),F-150,ICE,5,5,2023-06,2025-11,23DA000000256672,2,1) UNA UNIDAD CAMIONETA MARCA FORD MODELO F-150 A¿O 1986 A RESTAURAR
FORD,FORD,(sin modelo),F100,ICE,5,5,2023-06,2024-03,23DA000000258267,3,"01 PICK UP FORD F100, A¿O: 1956, COLOR: AZUL, SERIE NRO. R11715"
TOYOTA,TOYOTA,(sin modelo),RCATIS,ICE,5,5,2023-07,2025-04,23DA000000294417,5,UNA UNIDAD DE VEHICULO USADO TIPO STATION WAGON MARCA TOYOTA MODELO RCATIS A¿O 2011 MOVIDO A GASOLINA
RENAULT,RENAULT,NUEVA DUSTER ICONIC CVT 1,NUEVA DUSTER ICONIC CVT,ICE,5,5,2023-07,2023-12,23DA000000299147,1,1)UNA UNIDAD STATION WAGON OKM;MARCA RENAULT;MODELO NUEVA DUSTER ICONIC CVT 1.3 TCE
HONDA,HONDA,(sin modelo),HR-V TOURING,ICE,5,5,2023-08,2023-08,23DA000000561527,3,"QUE UTILICEN INDISTINTAMENTE LOS SIGUIENTES COMBUSTIBLES: GASOLINA (NAFTA) O ALCOHOL, DE LOS TIPOS DENOMINADOS ""FLEX FUEL"". SE TRATA DE: 1 UNIDAD AUTOMOVIL MOD. HR-V TOURING"
LAND ROVER,LAND ROVER,DISCOVERY SPORT 1,DISCOVERY SPORT,PHEV,5,5,2023-08,2024-05,23DA000000662982,1,UNA UNIDAD STATION WAGON MARCA LAND ROVER MODELO DISCOVERY SPORT 1.5L T/C PETROL PLUG-IN HYBRID ELECTRIC VEHICLE AWD 5 DOOR AUTO 300PS SE A¿O MODELO 2023.-
SCANIA,SCANIA,(sin modelo),P400,ICE,5,5,2023-09,2026-09,23DA000000736455,1,"LOS DEMAS; EN: 1 UNIDAD SCANIA, USADO; MODELO: P400; A¿O 2013; COLOR: BLANCO/AZUL ; CHASIS NRO: XLEP8X20005302696"
AUDI,AUDI,(sin modelo),Q3,ICE,5,5,2023-10,2025-10,23DA000000789088,2,1) UNA UNIDAD DE VEHICULO USADO MARCA AUDI MODELO Q3 A¿O 2021 COLOR BLANCO
RENAULT,RENAULT,(sin modelo),DUSTER E2,ICE,5,5,2023-11,2023-12,23DA000000817557,1,STATION WAGON 0KM MARCA RENAULT DUSTER E2 CVT
JEEP,JEEP,(sin modelo),RENEGADESPORT,ICE,5,5,2023-12,2023-12,23DA000000876585,1,"VEHICULO CON CAPACIDAD DE TRANSPORTE DE PERSONAS DE LOS TIPOS DENOMINADOS ""FLEX"" EN: 01-UN VEHICULO MARCA JEEP MODELO RENEGADESPORT A¿O DE FABRICACION 2023 MODELO A¿O 2024 CON SUS ACC. CORRESPONDIENTE"
RENAULT,RENAULT,CLIO V ZEN 1,CLIO V ZEN,ICE,5,5,2024-02,2024-07,24DA000000049404,2,LOS DEMAS AUTOMOVILES 0 KM MARCA RENAULT MODELO CLIO V ZEN 1.0
MINI,MINI,(sin modelo),COUNTRYMAN S ALL4,ICE,5,5,2024-02,2024-04,24DA000000088811,1,1 UNA UNIDAD DE AUTOMOVIL MARCA MINI MODELO COUNTRYMAN S ALL4 A¿O DE FABRICACION 2023 MODELO A¿O 2024 CON SUS ACCESORIOS NORMALES
NISSAN,NISSAN,(sin modelo),FIRELADY Z,ICE,5,5,2024-03,2025-04,24DA000000096358,4,01 VEHICULO USADO TIPO AUTOMOVIL DE LA MARCA NISSAN MODELO FIRELADY Z A¿O 2003 MOVIDO A GASOLINA
EZGO,EZGO,(sin modelo),RXV ELITE 2+2,ICE,5,5,2024-03,2024-03,24DA000000101591,2,"1 (UNA) UNIDAD DE CARRO DE GOLF MARCA EZGO, MODELO RXV ELITE 2+2 (ADVB2) CHASSIS EZGCFBCPCR5815778"
HONDA,HONDA,(sin modelo),S2000,ICE,5,5,2024-03,2026-08,24DA000000116215,2,1 UNA UNIDAD DE AUTOMOVIL USADO MARCA HONDA MODELO S2000 A¿O 1999 COLOR BLANCO
MERCEDES-BENZ,MERCEDES-BENZ,2024,"915 E/31,5 BLINDADA",ICE,5,5,2024-03,2024-03,24DA000000097458,1,"01 UNID CAMION, MARCA MERCEDES BENZ TIPO 915 E/31,5 BLINDADA AO DE FABRICACION 2023, AO MODELO 2024, CON SUS ACCESORIOS CORRESPONDIENTES PARA EL TRANSPORTE DE VALORES"
KIA,KIA,(sin modelo),SPOTAGE,ICE,5,5,2024-04,2026-01,24DA000000135769,1,01 VEHICULO USADO TIPO STATION WAGON MARCA KIA MODELO SPOTAGE A¿O 2011 MOVIDO A DIESEL
CITROEN,CITROEN,NEW C3 1,NEW C3,ICE,5,5,2024-06,2024-06,24DA000000260229,2,"AUTOMOVIL PARA EL TRANSPORTE DE PERSONAS MARCA CITROEN MODELO NEW C3 1.0 FIREFLY LIVE PACK FLEX, CON SUS ACCESORIOS CORRESPONDIENTES"
CHEVROLET,CHEVROLET,(sin modelo),S10 WT 1481KS,ICE,5,5,2024-07,2024-08,24DA000000323966,2,"1 UNID. CAMIONETA DE CARGA CABINA DOBLE, MARCA CHEVROLET, MOD. S10 WT 1481KS, 4X4, MOTOR DIESEL; 2.8L,4 CIL. A¿O DE FAB. 2024, MOD. A¿O 2025, C/ACC. NORMALES Y OPCIONALES.-"
MERCEDES-BENZ,MERCEDES-BENZ,2025,GLB 200,ICE,5,5,2024-09,2025-04,24DA000000400220,1,"1 UNID CAMIONETA, MARCA: MERCEDES BENZ, TIPO: GLB 200, A¿O DE FABRICACION: 2024, A¿O MODELO: 2025, CON SUS ACCESORIOS NORMALES Y CORRESPONDIENTES"
KAWASAKI,KAWASAKI,2025,TERYX 800,ICE,5,5,2024-11,2025-12,24DA000000509198,9,1 UNID DE VEHICULO DE RECREACION MARCA KAWASAKI MODELO TERYX 800 A¿O DE FABRICACION 2024 A¿O MODELO 2025 CHASIS NRO JKBRTCL10SB503335 CON SUS ACCESORIOS NORMALES
MINI,MINI,(sin modelo),COOPER E CHN,BEV,5,5,2024-11,2024-11,24DA000000509393,5,"LOS DEMAS VEHICULOS, PROPULSADOS UNICAMENTE CON MOTOR ELECTRICO: 01 UN AUTOMOVIL MARCA MINI MODELO COOPER E CHN A¿O DE FABRICACION 2024 MODELO A¿O 2024 CON SUS ACCESORIOS NORMALES"
HYUNDAI,HYUNDAI,(sin modelo),EX6,ICE,5,5,2024-11,2026-09,24DA000000544460,3,"VEHICULOS PARA EL TRANSPORTE DE MERCANCIAS,CAMION, FURGON REFRIGERADO MARCA: HYUNDAI MOD.: EX6"
JMC,JMC,(sin modelo),NHR.C.S.CHASIS STD JX1032DB,ICE,5,5,2024-11,2024-11,24DA000000553913,13,LOS DEMAS AUTOMOVILES PARA EL TRANSPORTE DE MERCANCIA MARCA JMC NHR.C.S.CHASIS STD JX1032DB
JMC,JMC,(sin modelo),NHR.C.S.CHASIS STD JX1032D,ICE,5,5,2024-11,2024-11,24DA000000551969,15,LOS DEMAS AUTOMOVILES PARA EL TRANSPORTE DE MERCANCIA MARCA JMC NHR.C.S.CHASIS STD JX1032D
SUZUKI,SUZUKI,(sin modelo),GRAND VITARA GLX SR,ICE,5,5,2024-12,2024-12,24DA000000566056,42,1 UNIDAD VEHICULO SUZUKI GRAND VITARA GLX SR AT
MERCEDES-BENZ,MERCEDES-BENZ,2025,AMG G 63,ICE,5,5,2024-12,2025-11,24DA000000568265,1,"1 UNID CAMIONETA, MARCA MERCEDES BENZ, TIPO AMG G 63, AO DE FABRICACION 2024, AO MODELO 2025 CON SUS ACCESORIOS NORMALES Y CORRESPONDIENTES.-"
TOYOTA,TOYOTA,(sin modelo),HIACE DX,ICE,5,5,2025-02,2026-07,25DA000000079548,11,UNA UNIDAD DE VEHICULO USADO TIPO STATION WAGON MARCA TOYOTA MODELO HIACE DX A¿O 2006 MOVIDO A DIESEL
FIAT,FIAT,TORO VOLCANO 2,TORO VOLCANO,ICE,5,5,2025-02,2025-02,25DA000000081683,7,-DE PESO TOTAL CON CARGA M¿XIMA INFERIOR O IGUAL A 5T EN: UNA CAMIONETA MARCA FIAT MODELO TORO VOLCANO 2.0 DIESEL A¿O 2024 MOD A¿O 2025 CON SUS ACCESORIOS NORMALES.-.
VOLKSWAGEN,VOLKSWAGEN,2025,POLO HIGHLINE,ICE,5,5,2025-04,2025-04,25DA000000146842,1,"1.-UNIDAD DE AUTOMOVIL, MARCA VOLKSWAGEN, POLO HIGHLINE 1.0 TF AT, A¿O DE FABRICACION 2025, A¿O MODELO 2025, CON SUS ACCESORIOS CORRESPONDIENTES.-"
SUBARU,SUBARU,(sin modelo),WRX S4,ICE,5,5,2025-04,2026-01,25DA000000151441,1,VEHICULO USADO DE LA MARCA SUBARU MODELO WRX S4 A¿O 2015.
FORD,FORD,(sin modelo),BRONCO RAPTOR,ICE,5,5,2025-04,2026-09,25DA000000164166,1,UNA UNIDAD VEHICULO USADO FORD BRONCO RAPTOR A¿O: 2023.-
SINOTRUK,SINOTRUK,(sin modelo),T5G,ICE,5,5,2025-04,2025-04,25DA000000155414,6,"1.-UNID. CAMION CHASIS CON MOTOR Y CABINA SINOTRUK T5G 4X2, CON SUS ACCESORIOS"
MERCEDES-BENZ,MERCEDES-BENZ,2025,GLS 450 D 4MATIC,ICE,5,5,2025-05,2025-09,25DA000000216004,1,"1 UNID CAMIONETA, MARCA: MERCEDES BENZ, TIPO: GLS 450 D 4MATIC, AO DE FABRICACION: 2024, AO MODELO: 2025 CON SUS ACCESORIOS NORMALES Y CORRESPONDIENTES.-"
YAMAHA,YAMAHA,(sin modelo),YFZ450R,ICE,5,5,2025-05,2026-06,25DA000000241593,9,"LOS DEMAS, EN: 1) UNID. CUACICLON YAMAHA MODELO YFZ450R A¿O 2023 COLOR BLANCO MOTOR 450 CC CHASIS NRO. 5Y4AJ71EXMA101705 ESTADO: NUEVO"
TOYOTA,TOYOTA,(sin modelo),DIAMOND,ICE,5,5,2025-06,2025-07,25DA000000291243,1,SUV DE LA MARCA TOYOTA DIAMOND AUT DIESEL 2.8 C.C GUN156L-SGTHXF A¿O DE FABRICACION 2025 MODELO A¿O 2025 CON SUS ACCESORIOS CORRESPONDIENTES
CHEVROLET,CHEVROLET,2026,TRAILBLAZER HC,ICE,5,5,2025-07,2025-07,25DA000000327688,2,"CAMIONETA CHEVROLET TRAILBLAZER HC 2.8 4X4 AT ANO FABRICACION 2025, ANO MODELO 2026 CON SUS CORRESPONDIENTES ACCESORIOS."
GAC,GAC,EMZOOM R-STYLE 1,EMZOOM R-STYLE,ICE,5,5,2025-08,2025-08,25DA000000386055,9,"AUTOMOVIL TIPO STATION WAGON, MODELO EMZOOM R-STYLE 1.5 TG AT, 4X2, NAFTERO, ANO 2025, CON AIRE ACONDICIONADO Y DEMAS ACCESORIOS.-"
CHEVROLET,CHEVROLET,(sin modelo),"ONIX PLUS PREMIER SEDAN,5Y69HTR8Z",ICE,5,5,2025-09,2025-10,25DA000000454383,5,"1 UNID.AUTOMOVIL MARCA CHEVROLET,MOD. ONIX PLUS PREMIER SEDAN,5Y69HTR8Z,PASAJERO,5 LUGARES,4 PTAS, MOTOR FLEX E100, 3 CIL. 1.0L TURBO,ANIO DE FABRICACION 2025,MOD.ANIO 2026,C/ACC.NORMALES Y OPCIONALES"
TOYOTA,TOYOTA,(sin modelo),GR YARIS WRC RALLY1,ICE,5,5,2025-10,2025-10,25DA000000538806,2,TOYOTA GR YARIS WRC RALLY1 SERIE MXPA12-TGRTR16
MG,MG,2026,RX9 LUX,ICE,5,5,2025-11,2025-12,25DA000000562256,1,"1 UNID CAMIONETA, MARCA MG, TIPO MG RX9 LUX, AO DE FABRICACION 2025, MODELO 2026 CON SUS ACCESORIOS NORMALES Y CORRESPONDIENTES"
VENTURA,VENTURA,(sin modelo),550 LANDFORCE,ICE,5,5,2025-11,2025-11,25DA000000583869,13,"LOS DEMAS VEHICULOS UNIC. C/ MOTOR DE EMBOLO (PISTON) DE ENCENDIDO POR CHISPA, DE CILINDRADA INFER. O IGUAL A 1000 CM3, EN: VEHICULO ATV VENTURA 550 LANDFORCE , COLOR GRIS, COMPLETO, CON ACCESORIOS."
JAC,JAC,LE551 CARGO BOX 7,LE551 CARGO BOX,ICE,5,5,2025-11,2026-05,25DA000000573447,8,LOS DEMAS AUTOMOVILES PARA EL TRANSPORTE DE MERCANCIAS 0KM MARCA JAC MODELO LE551 CARGO BOX 7.5T
MERCEDES-BENZ,MERCEDES-BENZ,2026,AMG GLE 53,PHEV,5,5,2025-12,2026-01,25DA000000624682,6,"1 UNID CAMIONETA, MARCA MERCEDES BENZ,TIPO AMG GLE 53 HYBRID 4MATIC COUPE, AO DE FABRICACION 2025,AO MODELO 2026, CON SUS ACCESORIOS NORMALES Y CORRESPONDIENTES.-"
VENTURA,VENTURA,(sin modelo),L650,ICE,5,5,2025-12,2026-07,25DA000000659684,2,"LOS DEMAS VEHICULOS, UNICAMENTE CON MOTOR DE EMBOLO (PISTON) DE ENCENDIDO POR CHISPA, DE CILINDRADA INFERIOR O IGUAL A 1000CC, EN: VEHICULO ATV VENTURA L650"
TOYOTA,TOYOTA,(sin modelo),GT 86,ICE,5,5,2025-12,2026-03,25DA000000669068,2,"UNA UNIDAD DE AUTOMOVIL USADO, MARCA:TOYOTA MODELO:GT 86 A¿O:2015.-"
FORD,FORD,2025,MAVERICK LARIAT DC,ICE,5,5,2025-12,2025-12,25DA000000651692,1,UNA UNIDAD CAMIONETA MARCA FORD MODELO MAVERICK LARIAT ¿DC 2.0 GTDI AWD A¿O MODELO 2025
EXCAR,EXCAR,(sin modelo),CARRINHO GOLFE ELET BN1S2,ICE,5,5,2026-02,2026-02,26DA000000062505,4,PROPULSADOS POR MOTOR ELECTRICO DE FORMA EXCLUSIVA EN 1 UNIDAD CARRITO DE GOLF EXCAR CARRINHO GOLFE ELET BN1S2 LARANJA
CHANGAN,CHANGAN,(sin modelo),CS35 PLUS ELITE,ICE,5,5,2026-03,2026-03,26DA000000116849,12,"EN 1 UNIDAD DE VEHICULO DE LA MARCA: CHANGAN, ANO: 2026, NEW CS35 PLUS ELITE , COLOR: BLANCO.-"
CLUB CAR,CLUB CAR,(sin modelo),TEMPO NEW FLEET,ICE,5,5,2026-03,2026-03,26DA000000127638,14,"1 UNIDAD DE CARRITO ELECTRICO DE GOLF, CLUB CAR TEMPO NEW FLEET 2P LI ST"
MG,MG,(sin modelo),RX9 COM,ICE,5,5,2026-04,2026-04,26DA000000175275,1,"1 UNID CAMIONETA, MARCA MG, TIPO RX9 COM 4X2 ANO DE FABRICACION 2026, MODELO ANO 2027, CON SUS ACCESORIOS NORMALES Y CORRESPONDIENTES.-"
MG,MG,(sin modelo),RX9 LUX,ICE,5,5,2026-04,2026-04,26DA000000175275,8,"1 UNID CAMIONETA, MARCA MG, TIPO RX9 LUX 4X4 ANO DE FABRICACION 2026, MODELO ANO 2027, CON SUS ACCESORIOS NORMALES Y CORRESPONDIENTES.-"
MAHINDRA,MAHINDRA,(sin modelo),S11,ICE,5,5,2026-04,2026-08,26DA000000166735,1,"01) UNA UNIDAD CAMIONETA DOBLE CABINA MARCA: MAHINDRA, S11, CON MOTOR DIESEL TRANSMISION AUTOMATICA 4X4 GG, ANIO FABRICACION: 2025, MODELO ANIO: 2026. CON SUS ACCESORIOS CORRESPONDIENTES"
CHEVROLET,CHEVROLET,(sin modelo),SILVERADO CD Z71,ICE,5,5,2026-04,2026-04,26DA000000188102,3,CAMIONETA CHEVROLET SILVERADO CD Z71 3.0 4X4 AT CON SUS ACCESORIOS CORRESPONDIENTES
CHEVROLET,CHEVROLET,(sin modelo),S10 CD 28,ICE,5,5,2026-05,2026-05,26DA000000261757,4,CAMIONETA NEW S10 CD 28 4X4 WORK TRUCK CS MT CON SUS ACCESORIOS CORRESPONDIENTES
JEEP,JEEP,RENEGADE SAHARA 1,RENEGADE SAHARA,ICE,5,5,2026-07,2026-08,26DA000000369717,2,QUE UTILICEN INDISTINTAMENTE LOS SIGUIENTES COMBUSTIBLES: GASOLINA (NAFTA) O ALCOHOL EN:UN VEHICULO MARCA JEEP MODELO RENEGADE SAHARA 1.3 FLEX MHEV A¿O 2026 MOD A¿O 2027 CON SUS ACCESORIOS NORMALES.-
HYUNDAI,HYUNDAI,NEW HB20S NAFT 1,NEW HB20S NAFT,ICE,5,5,2026-08,2026-08,26DA000000436494,9,"VEHICULOS AUTOMOVILES PARA EL TRANSPORTE DE PERSONAS, MARCA: HYUNDAI, MODELO: NEW HB20S NAFT 1,6 AUT. CON SUS ACCESORIOS"
CHEVROLET,CHEVROLET,(sin modelo),S10 TRAIL BOSS,ICE,5,5,2026-08,2026-08,26DA000000410558,4,"1 UNID. CAMIONETA DE CARGA CABINA DOBLE, MARCA CHEVROLET, MOD. S10 TRAIL BOSS, 148SKVR7K, 4X4, MOTOR DIESEL; 2.8L, 4 CIL., ANIO DE FABRICACION 2026, MOD. ANIO 2027, C/ACC. NORMALES Y OPCIONALES.-"
VENTURA,VENTURA,(sin modelo),ATV A125,ICE,5,5,2026-09,2026-09,26DA000000496979,20,SE TRATA DE 1 UNIDAD VENTURA ATV A125
KAYO,KAYO,(sin modelo),ATV AU125,ICE,5,5,2026-09,2026-09,26DA000000496979,25,SE TRATA DE 1 UNIDAD VENTURA KAYO ATV AU125
BMW,BMW,(sin modelo),M3,ICE,4,4,2022-01,2024-08,22DA000000002691,3,"UNA UNIDAD DE AUTOMOVIL USADO MARCA BMW, MODELO M3 A¿O 2009"
MERCEDES-BENZ,MERCEDES-BENZ,(sin modelo),E200 CDI,ICE,4,4,2022-01,2025-02,22DA000000007453,1,1) UNA UNIDAD DE AUTOMOVIL USADO MARCA MERCEDES BENZ MODELO E200 CDI A¿O 2015
CHANGAN,CHANGAN,CS15 MECANICO CON 1,CS15 MECANICO,ICE,4,4,2022-01,2022-02,22DA000000009914,32,"1) UNA UNIDAD DE VEHICULO MARCA CHANGAN MODELO: CS15 MECANICO CON 1.480CC, COLOR: ROJO CON CHASIS N: LS5A3ABE2ND913429, Y MOTOR N: JL473QF*M3CU517976, A¿O FABRICACION 2021,MODELO A¿O 2022"
CHANGAN,CHANGAN,ALSVIN AUTOMATICO CON 1,ALSVIN AUTOMATICO,ICE,4,4,2022-01,2022-02,22DA000000009914,23,"1) UNA UNIDAD DE VEHICULO MARCA CHANGAN MODELO: ALSVIN AUTOMATICO CON 1.480CC, COLOR: PLATA CON CHASIS N: LS5A2ASE6ND915266, Y MOTOR N: JL473QF*M3CT519330, A¿O FABRICACION 2021,MODELO A¿O 2022"
BMW,BMW,(sin modelo),318I,ICE,4,4,2022-01,2025-02,22DA000000016883,3,UNA UNIDAD AUTOMOVIL USADO MARCA: BMW MODELO: 318I A¿O: 1998
GAC,GAC,GS4 1,GS4,ICE,4,4,2022-01,2022-01,22DA000000019390,4,"LOS DEMAS; EN: AUTOMOVIL TIPO STATION WAGON, MODELO GS4 1.5T 6AT GB, 4X2, NAFTERO, ANO DE FABRICACION 2021, ANO MODELO 2022, CON AIRE ACONDICIONADO Y DEMAS ACCESORIOS.-"
MASERATI,MASERATI,(sin modelo),LEVANTE,ICE,4,4,2022-01,2024-10,22DA000000020968,1,UN STATION WAGON USADO MARCA MASERATI MODELO LEVANTE A¿O 2.020.-
MERCEDES-BENZ,MERCEDES-BENZ,(sin modelo),SL500,ICE,4,4,2022-01,2025-01,22DA000000024194,1,UNA UNIDAD AUTOMOVIL MARCA MERCEDES BENZ MODELO SL500 A¿O 1992 COLOR ROJO
SCANIA,SCANIA,(sin modelo),114-340,ICE,4,4,2022-01,2022-10,22DA000000000501,2,UNA UNIDAD CAMION USADO MARCA SCANIA MODELO 114-340 A¿O 1997
SCANIA,SCANIA,(sin modelo),124-400,ICE,4,4,2022-01,2023-08,22DA000000000501,1,UNA UNIDAD CAMION USADO MARCA SCANIA MODELO 124-400 A¿O 1999
SCANIA,SCANIA,(sin modelo),124 360,ICE,4,4,2022-01,2024-10,22DA000000001567,1,"UNA UNIDAD DE CAMION USADO, MARCA: SCANIA, MODELO; 124 360, A¿O: 2000, COLOR: BLANCO."
MERCEDES-BENZ,MERCEDES-BENZ,(sin modelo),1324,ICE,4,4,2022-01,2024-08,22DA000000003070,3,01) UN CAMION USADO MARCA: MERCEDES BENZ MODELO: 1324 A¿IO_ 1992 MOVIDO A DIESEL.-
SUZUKI,SUZUKI,(sin modelo),SPLASH,ICE,4,4,2022-02,2022-02,22DA000000034315,2,UNA UNIDAD DE VEHICULO USADO TIPO AUTOMOVIL MARCA SUZUKI MODELO SPLASH A¿O 2010 MOVIDO A GASOLINA
CHERY,CHERY,T8 1,T8,ICE,4,4,2022-02,2022-03,22DA000000082721,1,UNA UNIDAD DE STATION WAGON MARCA CHERY MODELO T8 1.5T DCT LUXURY A¿O MODELO 2022
JEEP,JEEP,(sin modelo),GRAND CHEROKEE LAREDO,ICE,4,4,2022-02,2025-03,22DA000000288484,4,VEHICULO CON CAPACIDAD DE TRANSPORTE DE PERSONAS INFERIOR O IGUAL A 6 EN: 01-UN VEHICULO MARCA JEEP MODELO GRAND CHEROKEE LAREDO A¿O 2021 CON SUS ACCESORIOS CORRESPONDIENTES
DAIHATSU,DAIHATSU,(sin modelo),DELTA,ICE,4,4,2022-02,2024-12,22DA000000341037,1,01) UN ST. WAGON USADO MARCA DAIHATSU MODELO DELTA A¿O 1997.-
MERCEDES-BENZ,MERCEDES-BENZ,(sin modelo),614D,ICE,4,4,2022-02,2023-11,22DA000000080105,3,01) UN CAMION FRIGORIFICO USADO MARCA. MERCEDES BENZ MODELO. 614D A¿O: 1997 MOVIDO A DIESEL.-
SSANGYONG,KGM,(sin modelo),ACTYON SPORT,ICE,4,4,2022-02,2024-05,22DA000000292698,1,01) UNA CAMIONETA USADO DE MARCA SSANYONG MODELO ACTYON SPORT A¿O 2006.-
CHERY,CHERY,T4 1,T4,ICE,4,4,2022-03,2022-03,22DA000000047194,1,UNA UNIDAD STATION WAGON MARCA CHERY MODELO T4 1.5L CVT COMFORT A¿O MODELO 2022
LAND ROVER,LAND ROVER,DISCOVERY SPORT 2,DISCOVERY SPORT,ICE,4,4,2022-03,2025-10,22DA000000063757,3,UNA UNIDAD STATION WAGON MARCA LAND ROVER MODELO DISCOVERY SPORT 2.0 LITRE DIESEL T/C AWD 5 DOOR AUTO 199PS R DYNAMIC SE A¿O MODELO 2022
HYUNDAI,HYUNDAI,(sin modelo),TERRACAN,ICE,4,4,2022-03,2023-04,22DA000000064050,4,UN VEHICULO USADO TIPO STATION WAGON MARCA HYUNDAI MODELO TERRACAN A¿O 2004 MOVIDO A DIESEL
AUDI,AUDI,RSQ3 2,RSQ3,ICE,4,4,2022-03,2024-11,22DA000000069812,3,CON 1 (UNO) UNIDAD DE VEHICULO MARCA: AUDI MODELO : RSQ3 2.5 TFSI SPORTBACK BLACK PACK
SSANGYONG,KGM,REXTON PICK-UP VERSION LONG ECO M/T,REXTON PICK-UP VERSION LONG ECO M/T,ICE,4,4,2022-03,2022-03,22DA000000043127,8,01) UNIDAD DE VEHICULO TIPO CAMIONETA DE LA MARCA SSANGYONG MODELO REXTON PICK-UP VERSION LONG ECO M/T 4X4 A¿O DE FABRICACION 2021 MODELO A¿O 2021 CON SUS ACCESORIOS NORMALES Y CORRESPONDIENTES.-
VOLVO,VOLVO,(sin modelo),FL611,ICE,4,4,2022-03,2023-03,22DA000000053671,2,UNA UNIDAD DE CAMION USADO MARCA VOLVO MODELO FL611 A¿O 2002
BMW,BMW,(sin modelo),523I,ICE,4,4,2022-04,2024-09,22DA000000039803,4,01) UNA UNIDAD DE VEHICULO USADO BMW 523I A¿O 2006
SUZUKI,SUZUKI,(sin modelo),EVERY,ICE,4,4,2022-04,2022-04,22DA000000078571,1,01- UNA UNIDAD DE STATION WAGON USADO MARCA SUZUKI MODELO EVERY A¿O 2015
NISSAN,NISSAN,(sin modelo),MARCH BOLERO AUTECH,ICE,4,4,2022-04,2026-01,22DA000000087767,3,01- UNA UNIDAD DE AUTOMOVIL USADO MARCA NISSN MODELO MARCH BOLERO AUTECH A¿O 2011
HONDA,HONDA,(sin modelo),CITY EXL,ICE,4,4,2022-04,2023-09,22DA000000089666,2,"1.- UNIDAD DE VEHICULO DE LA MARCA HONDA, MODELO CITY EXL A¿O DE FABRICACION 2022, MODELO A¿O 2022, CON SUS ACCESORIOS MORMALES Y OPCIONALES."
MERCEDES-BENZ,MERCEDES-BENZ,(sin modelo),GLE 300 D 4,ICE,4,4,2022-04,2022-05,22DA000000137085,1,1 UNIDAD CAMIONETA MARCA MERCEDES BENZ MODELO GLE 300 D 4 MATIC A¿O DE FABRICACION 2022 MODELO A¿O 2022
SSANGYONG,KGM,(sin modelo),ACTYON,ICE,4,4,2022-04,2024-04,22DA000000086492,1,UNA UNIDAD DE STATION WAGON USADO MARCA SSANGYONG MODELO ACTYON A¿O 2008
MERCEDES-BENZ,MERCEDES-BENZ,(sin modelo),GLE 400 D 4,ICE,4,4,2022-05,2023-04,22DA000000125348,1,1 UNIDAD CAMIONETA MARCA MERCEDES BENZ MODELO GLE 400 D 4 MATIC COUPE A¿O DE DE FABRICACION 2022 MODELO A¿O 2022 CON SUS RESPECTIVOS ACCESORIOS
POLARIS,POLARIS,(sin modelo),ATV-22 570 SPMN EPS,ICE,4,4,2022-05,2023-01,22DA000000144869,7,"LOS DEMAS EN: 1) UNIDAD CUATRICICLO, DE LA MARCA POLARIS, MODELO; ATV-22 570 SPMN EPS , COLOR BEIGE ARENA, A¿O DE FABRIC. 2022, MODELO A¿O 2022, MOTOR N. 0120615783040, CHASIS N. 4XASEE571NA145814"
SSANGYONG,KGM,KORANDO 1,KORANDO,ICE,4,4,2022-06,2022-06,22DA000000145040,2,01) UNIDAD DE VEHICULO TIPO STATION WAGON DE LA MARCA SSANGYONG MODELO KORANDO 1.5 GDI-T A/T LTD A¿O DE FABRICACION 2022 MODELO A¿O 2023 CON SUS ACCESORIOS NORMALES Y CORRESPONDIENTES.-
MERCEDES-BENZ,MERCEDES-BENZ,(sin modelo),GLB 220 D 4MATIC,ICE,4,4,2022-06,2023-01,22DA000000151126,1,"1 UNID CAMIONETA, MARCA: MERCEDES BENZ, TIPO. GLB 220 D 4MATIC, MODELO A¿O: 2022, CON SUS ACCESORIOS NORMALES Y CORRESPONDIENTES"
CITROEN,CITROEN,(sin modelo),C4 CACTUS,ICE,4,4,2022-06,2022-06,22DA000000191805,6,STATION WAGON PARA EL TRANSPORTE DE PERSONAS MARCA CITROEN C4 CACTUS 1.6 BVA6 THP FLEX SHINE CON SUS ACCESORIOS CORRESPONDIENTES
MERCEDES-BENZ,MERCEDES-BENZ,(sin modelo),709D,ICE,4,4,2022-06,2025-10,22DA000000174237,2,01) UN CAMION CON CHASIS MOTOR Y CABINA USADO MARCA: MERCEDES BENZ MODELO: 709D A¿O: 1994 MOVIDO A DIESEL.-
MERCEDES-BENZ,MERCEDES-BENZ,(sin modelo),609D,ICE,4,4,2022-06,2024-06,22DA000000179564,2,01) UN CAMION CON CHASIS MOTOR Y CABINA USADO MARCA. MERCEDES BENZ MODELO. 609D A¿O 1993 MOVIDO A DIESEL.-
BMW,BMW,(sin modelo),116I,ICE,4,4,2022-07,2026-08,22DA000000190764,11,01) UN VEHICULO USADO BMW 116I A¿O 2007
DAIHATSU,DAIHATSU,(sin modelo),MIRA,ICE,4,4,2022-07,2026-08,22DA000000193093,4,"UNA UNIDAD DE AUTOMOVIL USADO, MARCA DAIHATSU MODELO MIRA A¿O 2010.-"
MITSUBISHI,MITSUBISHI,(sin modelo),JEEP,ICE,4,4,2022-07,2025-09,22DA000000215957,1,"01 UNIDAD DE ST, WAGON USADO MARCA:MITSUBISHI MODELO:JEEP A¿O:1996, BLANCO, MOVIDO A GASOLINA.-"
TOYOTA,TOYOTA,(sin modelo),SPADE,ICE,4,4,2022-07,2025-08,22DA000000224898,2,UNA UNIDAD DE VEHICULO USADO TIPO AUTOMOVIL MARCA TOYOTA MODELO SPADE A¿O 2012 MOVIDO A GASOLINA
FIAT,FIAT,(sin modelo),DUCATO PANEL,ICE,4,4,2022-07,2022-07,22DA000000169698,3,VEHICULOS PARA EL TRANSPORTE DE MERCANCIAS EN; 01 UNIDAD FURGONETA MARCA FIAT MOD. DUCATO PANEL VAN LONG WHEELBASE L3H2
RENAULT,RENAULT,OROCH INTENSE OUT 1,OROCH INTENSE OUT,ICE,4,4,2022-07,2022-07,22DA000000173779,6,1)UNA UNIDAD PICK UP OKM;MARCA RENAULT;MODELO OROCH INTENSE OUT 1.3CVT E3
FOTON,FOTON,(sin modelo),BJ5039XXY-K2,ICE,4,4,2022-07,2023-10,22DA000000209633,1,"01) UNA UNIDAD VEHICULO MARCA: FOTON MODELO: BJ5039XXY-K2 TIPO: CAMIONETA FURGON CON MOTOR DIESEL, TRANSMISION MECANICA, A¿O FABRICACI¿N: 2021, MODELO A¿O: 2021, CON SUS ACCESORIOS CORRESPONDIENTES.-"
MERCEDES-BENZ,MERCEDES-BENZ,(sin modelo),ATEGO 822,ICE,4,4,2022-07,2026-05,22DA000000216130,1,UNA UNIDAD DE VEHICULO USADO TIPO CAMION TAUTLINER MARCA MERCEDES BENZ MODELO ATEGO 822 A¿O 2006 MOVIDO A DIESEL
SUBARU,SUBARU,(sin modelo),FORESTER,ICE,4,4,2022-08,2025-09,22DA000000244931,1,"UNA UNIDAD DE STATION WAGON USADO, MARCA SUBARU MODELO FORESTER A¿O 2003.-"
MERCEDES-BENZ,MERCEDES-BENZ,(sin modelo),ATEGO 1418/48,ICE,4,4,2022-08,2022-08,22DA000000197755,1,"01 UNID. CHASSIS C/MOTOR Y CABINA, MARCA MERCEDES BENZ, TIPO ATEGO 1418/48 4X2 , A¿O DE FABRICACION 2022, MODELO A¿O 2023, CON SUS ACCESORIOS CORRESPONDIENTES.-"
MERCEDES-BENZ,MERCEDES-BENZ,(sin modelo),814D,ICE,4,4,2022-08,2026-09,22DA000000231301,2,"01) UN CAMION CON CHASIS Y CABINA USADO MARCA. MERCEDES BENZ MODELO. 814D A¿O: 1995 MOVIDO A DIESEL, CON SUS ACCESORIOS CORRESPONDIENTES.-"
HYUNDAI,HYUNDAI,(sin modelo),SONATA,HEV,4,4,2022-09,2024-12,22DA000000331220,3,UN VEHICULO USADO TIPO AUTOMOVIL MARCA HYUNDAI MODELO SONATA A¿O 2012 MOVIDO A GASOLINA
JIM,JIM,JXW1032BSAD 2,JXW1032BSAD,ICE,4,4,2022-09,2022-09,22DA000000319186,13,1)UNIDAD DE CAMIONETA PICKUP DOBLE CABINA 4X2 MARCA JIM RE-MAX CLASSIC MOVIDO A DIESEL VERSION 5MT MODELO JXW1032BSAD 2.800CC.
MERCEDES-BENZ,MERCEDES-BENZ,(sin modelo),C 220,ICE,4,4,2022-10,2023-06,22DA000000397167,11,01) UN AUTOMOVIL USADO MARCA MERCEDES BENZ MODELO C 220 A¿O 2008.-
KAWASAKI,KAWASAKI,(sin modelo),TERYX 800,ICE,4,4,2022-10,2022-12,22DA000000406506,6,-DE CILINDRADA INFERIOR O IGUAL A 1.000 CM3 VEHICULO DE RECREACION MARCA KAWASAKI MODELO TERYX 800 A¿O DE FABFICACION 2022 MODELO A¿O 2023 CON SUS ACCESORIOS NORMALES
MERCEDES-BENZ,MERCEDES-BENZ,2022,ATEGO 1725/48,ICE,4,4,2022-10,2022-10,22DA000000389823,1,"1 UNID CAMION, MARCA: MERCEDES BENZ, TIPO: ATEGO 1725/48, A¿O DE FABRICACION: 2021, MODELO: 2022, CON SUS ACCESORIOS NORMALES Y CORRESPONDIENTES.-"
SSANGYONG,KGM,(sin modelo),REXTON SPORT,ICE,4,4,2022-10,2026-05,22DA000000412892,1,UN VEHICULO USADO TIPO CAMIONETA MARCA SSANGYONG MODELO REXTON SPORT A¿O 2021 MOVIDO A DIESEL
PORSCHE,PORSCHE,(sin modelo),BOXSTER,ICE,4,4,2022-11,2026-06,22DA000000450098,2,01) UNA UNIDAD AUTOMOVIL USADO PORSCHE BOXSTER A¿O:2008.-
MERCEDES-BENZ,MERCEDES-BENZ,(sin modelo),ML350 BLUETEC,ICE,4,4,2022-11,2026-09,22DA000000465843,2,UN STATION WAGON USADO MARCA MERCEDES BENZ MODELO ML350 BLUETEC A¿O 2010 COLOR NEGRO
HYUNDAI,HYUNDAI,(sin modelo),PORTER 2,ICE,4,4,2022-11,2024-11,22DA000000449467,1,1 UNIDAD DE HYUNDAI PORTER 2 A¿O 2009 2.500CC COLOR:AZUL CHASIS:KMFZCS7JP9U480840
TOYOTA,TOYOTA,(sin modelo),FUN,ICE,4,4,2022-12,2024-09,22DA000000342651,9,01 VEHICULO USADO TIPO STATION WAGON MARCA TOYOTA MODELO FUN CARGO A¿O 2003 MOVIDO A GASOLINA
MERCEDES-BENZ,MERCEDES-BENZ,(sin modelo),ATEGO 812,ICE,4,4,2022-12,2026-05,22DA000000365623,3,01) UN CAMION CON CHASIS MOTOR Y CABINA USADO MARCA. MERCEDES BENZ MODELO: ATEGO 812 A¿O: 2005 MOVIDO A DIESEL
NISSAN,NISSAN,(sin modelo),PATHFINDER,ICE,4,4,2023-01,2025-07,23DA000000003471,1,UNA UNIDAD STATION WAGON USADO MARCA NISSAN MODELO PATHFINDER A¿O 2010
SCANIA,SCANIA,(sin modelo),P124 420,ICE,4,4,2023-01,2025-04,23DA000000014217,1,UNA UNIDAD DE VEHICULO USADO TIPO CAMION TUMBA MARCA SCANIA MODELO P124 420 A¿O 2005 MOVIDO A DIESEL
MERCEDES-BENZ,MERCEDES-BENZ,2023,C 220 D,ICE,4,4,2023-02,2023-09,23DA000000121411,1,"1 UNID AUTOMOVIL, MARCA: MERCEDES BENZ, TIPO: C 220 D, A¿O DE FABRICACION: 2022, A¿O MODELO: 2023 CON SUS ACCESORIOS NORMALES Y CORRESPONDIENTES.-"
VENTURA,VENTURA,(sin modelo),ATV M550L,ICE,4,4,2023-02,2023-02,23DA000000129357,3,"LOS DEMAS VEHICULOS,UNICAMENTE CON MOTOR DE EMBOLO,DE ENCENDIDO POR CHISPA,DE CILINDRARA INF.O IGUAL A 1.000 CM3, COMPLETOS,C/ACC,EN:(1) VEHICULO CUADRICICLO MOD. ATV M550L, DE 500 CC"
SCANIA,SCANIA,(sin modelo),P124-360,ICE,4,4,2023-02,2025-04,23DA000000107090,2,UNA UNIDAD DE CAMION USADO MARCA SCANIA MODELO P124-360 A¿O 1998.-
GAC,GAC,NEW GS4 1,NEW GS4,ICE,4,4,2023-03,2023-03,23DA000000067898,4,"LOS DEMAS; EN: AUTOMOVIL TIPO STATION WAGON, MODELO NEW GS4 1.5T GDI AT GL, 4 X 2, NAFTERO, ANO DE FABRICACION 2022, ANO MODELO 2023, CON AIRE ACONDICIONADO Y DEMAS ACCESORIOS.-"
LAND ROVER,LAND ROVER,RANGE ROVER VELAR 2,RANGE ROVER VELAR,ICE,4,4,2023-03,2023-04,23DA000000080794,1,UNA UNIDAD STATION WAGON MARCA LAND ROVER MODELO RANGE ROVER VELAR 2.0L T/C 250PS PETROL AWD 5 DOOR AUTO A¿O MODELO 2023
MERCEDES-BENZ,MERCEDES-BENZ,(sin modelo),E250,ICE,4,4,2023-03,2024-11,23DA000000136468,7,"UNA UNIDAD DE AUTOMOVIL USADO, MARCA MERCEDES BENZ MODELO E250 A¿O 2015.-"
JAC,JAC,(sin modelo),CH1021EC21,ICE,4,4,2023-03,2023-03,23DA000000073282,1,"VEHICULOS PARA EL TRANSPORTE DE MERCANCIA DE PESO TOTAL CON CARGA MAXIMA INFERIOR O IGUAL A 5T EN: 1 UNIDAD CAMIONETA DOBLE CABINA MARCA: JAC, MODELO CH1021EC21 A¿O FABRICACION 2.023 MODELO A¿O 2.023"
MASERATI,MASERATI,(sin modelo),GHIBLI,ICE,4,4,2023-04,2024-11,23DA000000044296,1,01) UNA UNIDAD AUTOMOVIL USADO MARCA MASERATI MODELO GHIBLI A¿O 2016 COLOR BLANCO
MERCEDES-BENZ,MERCEDES-BENZ,2023,GLB 200,ICE,4,4,2023-04,2023-08,23DA000000062377,2,"1 UNID CAMIONETA, MARCA: MERCEDES BENZ, TIPO: GLB 200, A¿O MODELO: 2023 CON SUS ACCESORIOS NORMALES Y CORRESPONDIENTES.-"
HYUNDAI,HYUNDAI,(sin modelo),MIGTHY,ICE,4,4,2023-04,2024-12,23DA000000039886,1,01) UN CAMION USADO MARCA HYUNDAI MODELO MIGTHY A¿O 2008.-
MERCEDES-BENZ,MERCEDES-BENZ,2024,ATEGO 2430/48,ICE,4,4,2023-04,2023-11,23DA000000063125,1,"1 UNID CAMION, MARCA: MERCEDES BENZ, TIPO: ATEGO 2430/48 6X2, A¿O DE FABRICACION: 2023, A¿O MODELO: 2024, CON SUS ACCESORIOS NORMALES Y CORRESPONDIENTES.-"
MITSUBISHI,MITSUBISHI,(sin modelo),COLT,ICE,4,4,2023-05,2024-01,23DA000000192372,7,"UNA UNIDAD DE STATION WAGON USADO, MARCA MITSUBISHI MODELO COLT A¿O 2011.-"
BMW,BMW,(sin modelo),M5,ICE,4,4,2023-06,2025-09,23DA000000233469,1,( 1 ) UN AUTOMOVIL MARCA BMW MODELO M5 A¿O 2006 COLOR PLATA ( USADO ) MOVIDO A NAFTA
DACIA,DACIA,(sin modelo),DOKKER,ICE,4,4,2023-06,2024-03,23DA000000259180,1,"01 UNIDAD VEHICULO TIPO FURGON MARCA DACIA MODELO DOKKER A¿O 2013, USADO"
TOYOTA,TOYOTA,(sin modelo),VTZ,ICE,4,4,2023-07,2025-04,23DA000000288603,2,UN AUTOMOVIL USADO MARCA TOYOTA MODELO VTZ A¿O 2010
QUANTUM,QUANTUM,(sin modelo),DUKE,BEV,4,4,2023-07,2023-07,23DA000000286709,8,01 UNA UNIDAD DE TRIMOTO ELECTRICO PARA CARGA MODELO DUKE A¿O DE FABRICACION 2020 COLOR GRIS CHASIS NRO 829UM2C33LN002029.-
CHEVROLET,CHEVROLET,(sin modelo),S10 LT 148 FKR,ICE,4,4,2023-07,2023-07,23DA000000291823,5,"1 UNID. CAMIONETA DE CARGA CABINA DOBLE, MARCA CHEVROLET, MOD. S10 LT 148 FKR 4X4, MOTOR DIESEL; 2.8L, 4 CIL., A¿O DE FAB. 2023, MOD. A¿O 2024, C/ACC. NORMALES Y OPCIONALES.-"
TOYOTA,TOYOTA,(sin modelo),VIZT,ICE,4,4,2023-08,2025-02,23DA000000521860,12,UN VEHICULO USADO TIPO AUTOMOVIL MARCA TOYOTA MODELO VIZT A¿O 2008 MOVIDO A GASOLINA
VOLKSWAGEN,VOLKSWAGEN,(sin modelo),NEW BEETLE,ICE,4,4,2023-08,2025-12,23DA000000655836,1,01) UN AUTOMOVIL USADO MARCA: VOLKSWAGEN MODELO: NEW BEETLE A¿O: 2010 MOVIDO A GASOLINA
VOLKSWAGEN,VOLKSWAGEN,(sin modelo),JETTA,ICE,4,4,2023-08,2026-03,23DA000000655898,1,1 UNA UNIDAD DE AUTOMOVIL USADO MARCA VOLKSWAGEN MODELO JETTA A¿O 2011 COLOR BLANCO
MERCEDES-BENZ,MERCEDES-BENZ,2024,ATEGO 2730 B/36,ICE,4,4,2023-08,2023-10,23DA000000556067,1,"- 01 UNID CAMION, MARCA: MERCEDES BENZ, TIPO: ATEGO 2730 B/36 6X4, A¿O DE FABRICACION: 2023, A¿O MODELO: 2024, CON SUS ACCESORIOS NORMALES Y CORRESPONDIENTES"
BMW,BMW,(sin modelo),530I,ICE,4,4,2023-10,2025-03,23DA000000773421,1,UNA UNIDAD DE AUTOMOVIL MARCA BMW MODELO 530I A¿O 2018
MERCEDES-BENZ,MERCEDES-BENZ,(sin modelo),GLA250,ICE,4,4,2023-10,2025-04,23DA000000787530,2,UN AUTOMOVIL USADO MARCA: MERCEDES BENZ MODELO: GLA250 A¿O: 2019 COLOR: PLATEADO
GREATWALL,GREATWALL,2024,WINGLE 5,ICE,4,4,2023-10,2024-01,23DA000000769282,7,"LOS DEMAS. VEHICULOS PARA EL TRANSPORTE DE MERCANCIAS. EN:(01)UNIDAD, GREAT WALL WINGLE 5, CC1031PD62C, 2024 YEAR MODEL, 4X4, GW4D20D, 6MT. VERSION: LUXURY. FABRICACION 2023 MODELO 2024."
TOYOTA,TOYOTA,(sin modelo),ARISTO,ICE,4,4,2023-11,2025-09,23DA000000842515,5,UN AUTOMOVIL USADO MARCA TOYOTA MODELO ARISTO A¿O 2.002.-
TOYOTA,TOYOTA,(sin modelo),86 GT,ICE,4,4,2023-11,2026-01,23DA000000853623,4,01) UNA UNIDAD DE AUTOMOVIL USADO MARCA TOYOTA MODELO 86 GT A¿O 2012
SUBARU,SUBARU,(sin modelo),IMPREZA GT,ICE,4,4,2023-12,2026-02,23DA000000872435,2,01) UNA UNIDAD DE VEHICULO USADO SUBARI IMPREZA GT AO 2010
MERCEDES-BENZ,MERCEDES-BENZ,2024,AMG GLA 35 4MATIC,ICE,4,4,2023-12,2024-02,23DA000000886853,1,"1 UNID CAMIONETA, MARCA: MERCEDES BENZ, TIPO: AMG GLA 35 4MATIC, A¿O DE FABRICACION: 2023, A¿O MODELO: 2024, CON SUS ACCESORIOS NORMALES Y CORRESPONDIENTES.-"
SCANIA,SCANIA,(sin modelo),P360,ICE,4,4,2023-12,2025-05,23DA000000903420,1,1- UNA UNIDAD DE CAMION CON CAJA FRIGORIFICA USADO DE LA MARCA SCANIA MODELO P360 A¿O 2013 COLOR BLANCO
SCANIA,SCANIA,(sin modelo),G450,ICE,4,4,2023-12,2026-06,23DA000000905759,2,"CHASIS CON MOTOR Y CABINA, DE PESO TOTAL CON CARGA MAXIMA SUPERIOR A 5 T. PERO INFERIOR O IGUAL A 20 T., EN: 1 CHASIS CON CABINA SCANIA G450 6X2, USADO, A¿O 2017.-"
RENAULT,RENAULT,(sin modelo),MASTER,ICE,4,4,2024-01,2025-08,24DA000000011720,2,1) UNA UNIDA DE AMBULANCIA USADO MARCA RENAULT MODELO MASTER A¿O 2008 CON SUS ACCESORIOS CORRESPONDIENTES
POLARIS,POLARIS,(sin modelo),ATV-23 850 SPMN,ICE,4,4,2024-01,2024-08,24DA000000028289,1,"1) UNA UNIDAD CUATRICICLO DE LA MARCA POLARIS, MODELO; ATV-23 850 SPMN, COLOR: BORDO METALICO, FABRICACION 2023, MODELO A¿O 2023, MOTOR N. 1208897014672, SERIAL N. 4XASXE857PA127857."
KYMCO,KYMCO,2023,MXU 700,ICE,4,4,2024-01,2024-01,24DA000000021783,4,1 UNID. CUADRICICLO MARCA KYMCO MODELO MXU 700 A¿O FABRICACION 2023 A¿O MODELO 2023
TOYOTA,TOYOTA,(sin modelo),CROW,ICE,4,4,2024-02,2025-03,24DA000000054192,2,UN AUTOMOVIL USADO MARCA TOYOTA MODELO CROW A¿O 2.009.-
PEUGEOT,PEUGEOT,20098 ACTIVE 1,20098 ACTIVE,ICE,4,4,2024-02,2024-02,24DA000000075766,3,STATION WAGON PARA EL TRANSPORTE DE PERSONAS MARCA PEUGEOT MODELO 20098 ACTIVE 1.6 FLEX 115HP AT6 CON SUS ACCESORIOS CORRESPONDIENTES
GAC,GAC,EMPOW GL 1,EMPOW GL,ICE,4,4,2024-03,2025-10,24DA000000100921,6,"LOS DEM¿S; EN: AUTOMOVIL TIPO STATION WAGON, MODELO EMPOW GL 1.5 TB AT, 4X2, NAFTERO, ANO FABRICACI¿N 2023, ANO MODELO 2024, CON AIRE ACONDICIONADO Y DEM¿S ACCESORIOS.-"
TOYOTA,TOYOTA,(sin modelo),REGIUSACE SUPER GL,ICE,4,4,2024-04,2025-05,24DA000000168708,7,UN STATION WAGON USADO MARCA TOYOTA MODELO REGIUSACE SUPER GL A¿O 2004
SCANIA,SCANIA,(sin modelo),R124-400,ICE,4,4,2024-04,2025-02,24DA000000135902,1,UNA UNIDAD DE CAMION CON CARROCERIA METALICA USADO MARCA SCANIA MODELO R124-400 A¿O 1997.-
JINLI,JINLI,(sin modelo),JL150ST,ICE,4,4,2024-05,2024-05,24DA000000184805,57,01) UN CUATRICILO MARCA: JINLI MODELO: JL150ST A¿O: 2008 MOVIDO GASOLINA ORIGEN CHINA
PORSCHE,PORSCHE,(sin modelo),911 GT3 RS,ICE,4,4,2024-05,2025-10,24DA000000218298,1,UN AUTOMOVIL NUEVO(0KM) MARCA PORSCHE MODELO 911 GT3 RS A¿O 2.024.-
MERCEDES-BENZ,MERCEDES-BENZ,2024,AMG GLE 53 4MATIC+,ICE,4,4,2024-05,2024-07,24DA000000209493,2,"1 UNID CAMIONETA, MARCA: MERCEDES BENZ, TIPO: AMG GLE 53 4MATIC+, A¿O MODELO: 2024 CON SUS ACCESORIOS NORMALES Y CORRESPONDIENTES.-"
SSANGYONG,KGM,(sin modelo),KORANDO SPORTS,ICE,4,4,2024-05,2025-05,24DA000000221786,6,1 UND CAMIONETA DOBLE CABINA 4X4 MODELO KORANDO SPORTS A¿O 2012 COLOR PLATEADO
MERCEDES-BENZ,MERCEDES-BENZ,(sin modelo),GLB250,ICE,4,4,2024-06,2025-06,24DA000000260293,1,01) UNA UNIDAD STATION WAGON USADO MARCA MERCEDES BENZ MODELO GLB250 A¿O 2020 COLOR AZUL
OPEL,OPEL,(sin modelo),COMBO,ICE,4,4,2024-06,2024-11,24DA000000236604,1,UNA UNIDAD DE FURGON CARGUERO USADO MARCA OPEL MODELO COMBO A¿O 2016.-
SCANIA,SCANIA,(sin modelo),P 94,ICE,4,4,2024-06,2025-05,24DA000000237998,1,UNA UNIDAD CAMION FRIGORIFICO USADO MARCA SCANIA MODELO P 94 A¿O 2000
FIAT,FIAT,(sin modelo),TORO FREEDOM T270,ICE,4,4,2024-06,2025-02,24DA000000244251,52,-DE PESO TOTAL CON CARGA M¿XIMA INFERIOR O IGUAL A 5T EN: UNA CAMIONETA MARCA FIAT MODELO TORO FREEDOM T270 AT6 A¿O 2024 MOD A¿O 2025 CON SUS ACCESORIOS NORMALES.-.
CFMOTO,CFMOTO,(sin modelo),CF1000SU-E,ICE,4,4,2024-07,2024-07,24DA000000281024,1,1 UNIDAD VEHICULO ATV TODO TERRENO MARCA CFMOTO;MODELO CF1000SU-E;COLOR NEGRO; A¿O 2024;MOTOR 2V91Y-D RJ168058;CHASIS LCELV1ZR3R6000185
CFMOTO,CFMOTO,(sin modelo),CF600AU-3LA,ICE,4,4,2024-07,2024-07,24DA000000281024,7,1 UNIDAD VEHICULO ATV TODO TERRENO MARCA CFMOTO;MODELO CF600AU-3LA;COLOR GRIS; A¿O 2024;MOTOR 191S-B RJ192251; CHASIS LCELDUZM9R6002449
MINI,MINI,(sin modelo),COUNTRYMAN E,BEV,4,4,2024-07,2024-11,24DA000000314692,11,"LOS DEM¿S VEH¿CULOS, PROPULSADOS ¿NICAMENTE CON MOTOR ELECTRICO: 1 VEHICULO MARCA MINI MODELO COUNTRYMAN E A¿O DE FABRICACION 2024 MODELO A¿O 2025 CON SUS ACCESORIOS NORMALES"
MINI,MINI,(sin modelo),COOPER SE CHN,BEV,4,4,2024-08,2024-11,24DA000000372802,1,"LOS DEM¿S VEH¿CULOS, PROPULSADOS ¿NICAMENTE CON MOTOR ELECTRICO: 01-UN AUTOM¿VIL MARCA MINI MODELO COOPER SE CHN A¿O DE FABRICACI¿N 2024 MODELO A¿O 2024 CON SUS ACCESORIOS NORMALES"
JAGUAR,JAGUAR,(sin modelo),F-PACE,ICE,4,4,2024-08,2026-05,24DA000000381603,1,"01) UN STATION WAGON MARCA JAGUAR F-PACE, A¿O 2021, COLOR BLANCO, DIESEL .-"
VOLVO,VOLVO,(sin modelo),FL614,ICE,4,4,2024-08,2025-02,24DA000000334315,1,01)UN CAMION CON CHASIS Y CABINA USADO MARCA: VOLVO MODELO: FL614 A¿O: 1994 MOVIDO A DIESEL.-
TATA,TATA,(sin modelo),INTRA V10 LHD E-IV,ICE,4,4,2024-08,2024-08,24DA000000384417,2,UNA UNIDAD CAMIONETA MARCA TATA MODELO INTRA V10 LHD E-IV AC A¿O 2024 DIESEL.
SUZUKI,SUZUKI,(sin modelo),VITARA GLX,ICE,4,4,2024-09,2024-09,24DA000000395901,1,"AUTOMOVILES PARA TURISMO Y DEMAS VEHICULOS AUTOMOVILES CONCEBIDOS PRINCIPALMENTE PARA EL TRANSPORTE DE PERSONAS,EN 1 UNIDAD AUTOMOVIL GRAND VITARA GLX AT"
CITROEN,CITROEN,C3 AIRCROSS 1,C3 AIRCROSS,ICE,4,4,2024-09,2025-05,24DA000000393461,1,"AUTOMOVIL PARA EL TRANSPORTE DE PERSONAS MARCA CITROEN MODELO C3 AIRCROSS 1.0 T SHINE CVT FLEX, CON SUS ACCESORIOS CORRESPONDIENTES"
TOYOTA,TOYOTA,(sin modelo),C-HR,ICE,4,4,2024-10,2025-05,24DA000000450015,1,01 UNIDAD DE VEHICULO USADO MARCA TOYOTA MODELO C-HR A¿O 2019
VENTURA,VENTURA,(sin modelo),ATV420,ICE,4,4,2024-11,2024-11,24DA000000518538,10,"VEHICULO DISENADO PRINCIPALMENTE PARA TRANSPORTE DE PERSONAS, DE CILINDRADA INFERIOR O IGUAL A 1000CC, MODELO ATV420 MARCA: VENTURA, COMPLETO, CON SUS ACCESORIOS."
VENTURA,VENTURA,(sin modelo),ATV M250,ICE,4,4,2024-11,2024-11,24DA000000518538,4,"VEHICULO DISENADO PRINCIPALMENTE PARA TRANSPORTE DE PERSONAS, DE CILINDRADA INFERIOR O IGUAL A 1000CC, MODELO ATV M250 MARCA: VENTURA, COMPLETO, CON SUS ACCESORIOS."
BESTUNE,BESTUNE,2024,T55 EXCLUSIVE,ICE,4,4,2024-11,2024-11,24DA000000512219,3,BESTUNE T55 EXCLUSIVE AZUL AUT.1.5 NAFT. MODELO 2024
BESTUNE,BESTUNE,2024,B70S ARES,ICE,4,4,2024-11,2024-11,24DA000000512219,26,BESTUNE B70S ARES 1.5 BLANCO AUT.NAFT. MODELO 2024
BMW,BMW,(sin modelo),M2,ICE,4,4,2024-11,2025-07,24DA000000531305,1,LOS DEMAS EN (1) UNIDAD AUTOMOVIL USADO BMW MODELO M2 A¿O 2024 CHASSIS WBS11DM08R8E21302 MOTOR 60124789 CILINDRADA: 2.993 COLOR PLATEADO
PORSCHE,PORSCHE,(sin modelo),MACAN 4,BEV,4,4,2024-11,2025-07,24DA000000554094,2,"1) UNIDAD VEHICULO DE LA MARCA PORSCHE TIPO CAMIONETA; MACAN 4 ELECTRICO, A¿O DE FABRICACION 2024; MODELO A¿O 2024; CON SUS ACCESORIOS NORMALES Y OPCIONALES.-"
MERCEDES-BENZ,MERCEDES-BENZ,2025,GLB 220 D 4,ICE,4,4,2024-12,2025-01,24DA000000558947,1,"1 UNID CAMIONETA, MARCA; MERCEDES BENZ, TIPO: GLB 220 D 4 MATIC, A¿O DE FABRICACION: 2024, A¿O MODELO: 2025 CON SUS ACCESORIOS NORMALES Y CORRESPONDIENTES.-"
MERCEDES-BENZ,MERCEDES-BENZ,2025,ATEGO 2430/54,ICE,4,4,2024-12,2025-03,24DA000000569469,1,"1 UNID CAMION, MARCA: MERCEDES BENZ, TIPO: ATEGO 2430/54, A¿O DE FABRICACION: 2024, MODELO: 2025, CON SUS ACCESORIOS NORMALES Y CORRESPONDIENTES.-"
SIN MARCA,SIN MARCA,(sin modelo),ATV125,ICE,4,4,2025-03,2025-03,25DA000000102488,12,1 UND CUATRIMOTO MODELO ATV125 A¿O 2024 COLOR AZUL
MERCEDES-BENZ,MERCEDES-BENZ,(sin modelo),C220 D,ICE,4,4,2025-04,2025-09,25DA000000160497,2,UNA UNIDAD DE VEHICULO USADO TIPO AUTOMOVIL MARCA MERCEDES BENZ MODELO C220 D A¿O 2016 MOVIDO A DIESEL
CHANGAN,CHANGAN,MD201 C/S 1,MD201 C/S,ICE,4,4,2025-05,2025-05,25DA000000213119,7,"EN 1 UNA UNIDAD DE VEHICULO DE LA MARCA: CHANGAN, A¿O: 2025, MODELO: MD201 C/S 1.000 KG, CILINDRADA: 1243 CC, COLOR: BLANCO .-"
RAM,RAM,(sin modelo),2500 LARAMIE,ICE,4,4,2025-05,2026-09,25DA000000217763,2,( 1 ) UNA UNIDAD CAMIONETA MARCA RAM MODELO 2500 LARAMIE A¿O 2024 COLOR AZUL ( USADO ) MOVIDO DIESEL
TOYOTA,TOYOTA,(sin modelo),CROWN MAJESTA,ICE,4,4,2025-06,2025-10,25DA000000253759,3,01 UNA UNIDAD DE AUTOMOVIL USADO MARCA TOYOTA MODELO CROWN MAJESTA A¿O 2012
GEELY,GEELY,(sin modelo),CITYRAY GC,ICE,4,4,2025-06,2025-06,25DA000000283218,20,VEHICULOS AUTOMOVILES PARA EL TRASNPORTE DE PERSONAS MARCA GEELY MODELO ¿AT 1.5T GC NAFTA CITYRAY GC
PORSCHE,PORSCHE,(sin modelo),MACAN 4S BEV,BEV,4,4,2025-07,2025-10,25DA000000322151,1,"1) UNIDAD VEHICULO DE LA MARCA PORSCHE TIPO CAMIONETA;MACAN 4S BEV , A¿O DE FABRICACION 2025; MODELO A¿O 2025; CON SUS ACCESORIOS NORMALES Y OPCIONALES.-"
PEUGEOT,PEUGEOT,(sin modelo),208 MCA ACTIVE,ICE,4,4,2025-08,2026-08,25DA000000382925,1,"AUTOMOVIL PEUGEOT 208 MCA ACTIVE 1.6 FLEX 115 AT6, CON SUS ACCESORIOS CORRESPONDIENTES"
MERCEDES-BENZ,MERCEDES-BENZ,2026,AMG GLC 43 4MATIC,ICE,4,4,2025-08,2026-02,25DA000000409307,1,"1 UNID CAMIONETA, MARCA MERCEDES BENZ, TIPO AMG GLC 43 4MATIC COUPE, AO DE FABRICACION 2025, AO MODELO 2026, CON SUS ACCESORIOS NORMALES Y CORRESPONDIENTES.-"
SSANGYONG,KGM,REXTON,REXTON,ICE,4,4,2025-09,2026-02,25DA000000480802,7,UN STATION WAGON USADO MARCA SSANGYONG MODELO REXTON ANIO 2016
JMC,JMC,(sin modelo),2 TON DC,ICE,4,4,2025-09,2025-09,25DA000000448134,3,1 UNIDAD CAMION JMC 2 TON DC
GREATWALL,GREATWALL,(sin modelo),WINGLE 7 D,ICE,4,4,2025-09,2025-12,25DA000000460287,2,WINGLE 7 D 4X2 LUX
SEGWAY,SEGWAY,(sin modelo),VILLAIN SX10 W PREMIUM,ICE,4,4,2025-10,2025-12,25DA000000490671,6,"UNA UNIDAD VEHICULO UTILITARIO UTV-SSV, DE LA MARCA; SEGWAY, MODELO; VILLAIN SX10 W PREMIUM , COLOR;NEGRO, FARICACION Y MODELO A¿O 2025, CHASSIS N. H0MSBWXB8S8003065, MOTOR N. 293MY 5E150035"
VENTURA,VENTURA,(sin modelo),T-ARCHON 550 COMPLETO,ICE,4,4,2025-10,2025-10,25DA000000497707,9,"LOS DEMAS VEHICULOS UNICAMENTE C/MOTOR DE EMBOLO (P¿STON) ENCENDIDO P/CHISPA, DE PESO TOTAL CON CARGA MAXIMA INFER.O IGUAL A 5 TON,EN: VEHICULO UTV VENTURA MOD.T-ARCHON 550 COMPLETO CON SUS ACCESORIOS"
SEGWAY,SEGWAY,(sin modelo),UT10 CREW PREMIUM,ICE,4,4,2025-10,2025-12,25DA000000490671,8,"UNA UNIDAD VEHICULO UTILITARIO UTV, DE LA MARCA; SEGWAY, MODELO; UT10 CREW PREMIUM , COLOR; GRIS/NEGRO, FARICACION Y MODELO A¿O 2025, CHASSIS N. H0MUBWX58S8003148, MOTOR N. 293MY-1 5E150002"
MERCEDES-BENZ,MERCEDES-BENZ,2026,ATEGO 2433/54,ICE,4,4,2025-10,2025-10,25DA000000503987,1,"1 UNID CAMION, MARCA: MERCEDES BENZ, TIPO: ATEGO 2433/54, AO DE FABRICACION: 2025, MODELO: 2026, CON SUS ACCESORIOS NORMALES Y CORRESPONDIENTES.-"
RENAULT,RENAULT,(sin modelo),KARDIAN ICONIC,ICE,4,4,2025-11,2026-07,25DA000000592565,1,KARDIAN ICONIC
CHEVROLET,CHEVROLET,MONTANA CD RS 1,MONTANA CD RS,ICE,4,4,2025-11,2025-11,25DA000000572666,1,"LOS DEMAS; EN: CAMIONETA DE CARGA, MODELO MONTANA CD RS 1.2 TB AT, MOTOR FLEX FUEL E100, ANO DE FABRICACION 2025, ANO MODELO 2026, CON AIRE ACONDICIONADO Y DEMAS ACCESORIOS"
CLUB CAR,CLUB CAR,(sin modelo),TEMPO 2 2 FLASAPPHIRE,ICE,4,4,2025-12,2025-12,25DA000000621694,6,TEMPO 2 2 FLASAPPHIRE FEAT OP KM2614 014466
MERCEDES-BENZ,MERCEDES-BENZ,2026,G 450 D,ICE,4,4,2025-12,2026-06,25DA000000655005,1,"- 1 UNID CAMIONETA MARCA MERCEDES BENZ, TIPO G 450 D AO DE FABRICACION 2025 AO MODELO 2026 CON SUS ACCESORIOS NORMALES Y CORRESPONDIENTES.-"
CHANGAN,CHANGAN,2026,UNI-T ELITE,ICE,4,4,2025-12,2025-12,25DA000000631124,13,1 ) UNA UNIDAD DE VEHICULO MARCA CHANGAN MODELO: UNI-T ELITE CON NO: LS5A3DKE8TA991309 Y MOTOR NO: JL473ZQ5*SN6AM002055* A¿O MODELO: 2026-.-
FUSO,FUSO,2026,FV1PH2LNJA,ICE,4,4,2025-12,2025-12,25DA000000651452,3,"1 UNID CAMION, MARCA: FUSO, TIPO: FV1PH2LNJA, A¿O DE FABRICACION 2025, A¿O MODELO: 2026 CON SUS ACCESORIOS NORMALES Y CORRESPONDIENTES"
FORD,FORD,2025,MAVERICK TREMOR DC,ICE,4,4,2025-12,2025-12,25DA000000670664,1,UNA UNIDAD CAMIONETA MARCA FORD MODELO MAVERICK TREMOR ¿DC 2.0 GTDI AWD A¿O MODELO 2025
MERCEDES-BENZ,MERCEDES-BENZ,2026,SPRINTER 414 CDI,ICE,4,4,2026-01,2026-03,26DA000000038034,5,"1 UNID DE FURGON TIPO SPRINTER 414 CDI, MARCA: MERCEDES BENZ, CON MOTOR DIESEL MERCEDES BENZ OM654, AO DE FABRICACION: 2025 MODELO: 2026 CON SUS ACCESORIOS NORMALES Y CORRESPONDIENTES.-"
EXCAR,EXCAR,(sin modelo),CARRINHO GOLFE E BN1S2,ICE,4,4,2026-02,2026-02,26DA000000062505,8,PROPULSADOS POR MOTOR ELECTRICO DE FORMA EXCLUSIVA EN 1 UNIDAD CARRITO DE GOLF EXCAR CARRINHO GOLFE E BN1S2 2 FF LILAS
GAC,GAC,EMPOW 2,EMPOW,ICE,4,4,2026-02,2026-05,26DA000000053908,2,"LOS DEMAS; EN: AUTOMOVIL, MODELO EMPOW 2.0 TB GL, 4X2, NAFTERO, ANO FABRICACION 2025, ANO MODELO 2026, CON AIRE ACONDICIONADO Y DEMAS ACCESORIOS.-"
TOYOTA,TOYOTA,(sin modelo),GR YARIS RALLY 2,ICE,4,4,2026-02,2026-05,26DA000000091855,1,"01 UNIDAD DE AUTOMOVIL DE COMPETICION,MARCA: TOYOTA GR YARIS RALLY 2 , ANO 2021, COLOR BLANCO, VIN: JTDAB4E3X0A900097"
MERCEDES-BENZ,MERCEDES-BENZ,2027,916/39,ICE,4,4,2026-02,2026-02,26DA000000060353,1,"1 UNID CAMION, MARCA MERCEDES BENZ TIPO 916/39 AO DE FABRICACION 2026, AO MODELO 2027 CON SUS ACCESORIOS NORMALES Y CORRESPONDIENTES.-"
MITSUBISHI FUSO,MITSUBISHI FUSO,2026,FE85,ICE,4,4,2026-02,2026-03,26DA000000098884,4,"1 UNID CAMION, MARCA MITSUBISHI FUSO,TIPO: FE85 AO DE FABRICACION: 2025, AO MODELO: 2026, CON SUS ACCESORIOS NORMALES Y CORRESPONDIENTES.-"
MITSUBISHI FUSO,MITSUBISHI FUSO,2026,FE71,ICE,4,4,2026-02,2026-03,26DA000000098884,2,"1 UNID CAMION, MARCA MITSUBISHI FUSO,TIPO: FE71 AO DE FABRICACION: 2025, AO MODELO: 2026, CON SUS ACCESORIOS NORMALES Y CORRESPONDIENTES."
GAC,GAC,GS8 2,GS8,HEV,4,4,2026-03,2026-03,26DA000000114477,5,"AUTOMOVIL TIPO STATION WAGON, MODELO GS8 2.0 TM 4WD GX HIBRIDO, 4X4, NAFTERO, ANO FABRICAION 2025, ANO MODELO 2026, CON AIRE ACONDICIONADO Y DEMAS ACCESORIOS.-"
GAC,GAC,GS8 GX TRAVELER 2,GS8 GX TRAVELER,ICE,4,4,2026-04,2026-04,26DA000000197038,5,"AUTOMOVIL TIPO STATION WAGON, MODELO GS8 GX TRAVELER 2.0 TB 4WD AT, 4X4, NAFTERO, ANO FABRICAION 2026, ANO MODELO 2027, CON AIRE ACONDICIONADO Y DEMAS ACCESORIOS.-"
MITSUBISHI,MITSUBISHI,(sin modelo),L200 TRITON SPORT DC,ICE,4,4,2026-04,2026-04,26DA000000211958,5,CAMIONETA PARA EL TRANSPORTE DE PERSONAS 0KM MARCA MITSUBISHI MODELO L200 TRITON SPORT DC 4WD CVT GLS HPE
CHEVROLET,CHEVROLET,(sin modelo),TRACKER RS 12 L,ICE,4,4,2026-05,2026-05,26DA000000245964,8,CHEVROLET TRACKER RS 12 L
GAC,GAC,EMKOO GE 2,EMKOO GE,HEV,4,4,2026-05,2026-06,26DA000000237551,1,"AUTOMOVIL TIPO STATION WAGON, MODELO EMKOO GE 2.0 ATK HEV AT, 4X2, HIBRIDO, ANO FABRICACION 2026, ANO MODELO 2027, CON AIRE ACONDICIONADO Y DEMAS ACCESORIOS.-"
NISSAN,NISSAN,(sin modelo),MODEL MARCH,ICE,4,4,2026-05,2026-07,26DA000000257738,2,01 VEHICULO USADO TIPO AUTOMOVIL MARCA NISSAN MODEL MARCH AO 2012 MOVIDO A GASOLINA
FORD,FORD,(sin modelo),F150 SVT LIGHTNING,ICE,4,4,2026-05,2026-09,26DA000000230875,5,"01 UNIDAD DE VEHICULO USADO FORD F150 SVT LIGHTNING, AO 2001, COLOR ROJO, CHASSI (VIN) NRO. 2FTZF07381CA50418."
CHEVROLET,CHEVROLET,2027,S10 CD Z71,ICE,4,4,2026-05,2026-05,26DA000000268620,3,"CAMIONETA NEW S10 CD Z71 2.8 4X4 AT A¿O FABRICACION 2026, A¿O MODELO 2027 CON SUS ACCESORIOS CORRESPONDIENTES"
CHEVROLET,CHEVROLET,(sin modelo),S10,ICE,4,4,2026-06,2026-08,26DA000000287558,3,CAMIONETA S10 2.8 4X4 WORK TRUCK CS MT CON SUS ACCESORIOS CORRESPONDIENTES
MAHINDRA,MAHINDRA,S11 CON,S11,ICE,4,4,2026-06,2026-06,26DA000000312638,15,CAMIONETA DOBLE CABINA MARCA MAHINDRA MOD S11 CON MOTOR DIESEL TRANSMISION AUTOMATICA 4X4 AW CON SUS ACCESORIOS CORRESPONDIENTES
AUDI,AUDI,Q5 SPORTBACK 2,Q5 SPORTBACK,ICE,4,4,2026-07,2026-08,26DA000000373522,4,"1 (UNA) UNIDAD DE STATION WAGON MARCA AUDI, MODELO Q5 SPORTBACK 2.0 TDI, CHASIS WAUZZZGU3T2001837"
CHEVROLET,CHEVROLET,(sin modelo),S10 TRAIL BOSS D/C,ICE,4,4,2026-08,2026-08,26DA000000429340,3,"CAMIONETA PARA EL TRANSPORTE DE CARGA MARCA CHEVROLET S10 TRAIL BOSS D/C, CON SUS ACCESORIOS CORRESPONDIENTES"
MERCEDES-BENZ,MERCEDES-BENZ,2027,GLC 200 4MATIC,ICE,4,4,2026-09,2026-09,26DA000000464618,4,"1 UNID. CAMIONETA, MARCA: MERCEDES BENZ, TIPO: GLC 200 4MATIC, AO MODELO: 2027 CON SUS ACCESORIOS NORMALES Y CORRESPONDIENTES"
KAYO,KAYO,(sin modelo),ATV A50,ICE,4,4,2026-09,2026-09,26DA000000496979,14,SE TRATA DE 1 UNIDAD VENTURA KAYO ATV A50
CHANGAN,CHANGAN,(sin modelo),UNI-T ELITE,ICE,4,4,2026-09,2026-09,26DA000000508599,38,"EN 1 UNIDAD DE VEHICULO DE LA MARCA: CHANGAN, ANO: 2027, MODE: UNI-T ELITE, COLOR: GRIS UNIVERSAL.-"
FIAT,FIAT,(sin modelo),TITANO DOUBLE CAB,ICE,4,4,2026-09,2026-09,26DA000000473314,5,2024 FIAT TITANO DOUBLE CAB RWD 1.9L DIESEL 6-SPEED MT 150BHP
CHANGAN,CHANGAN,(sin modelo),HUNTER REEV,PHEV,4,4,2026-09,2026-09,26DA000000508599,42,"EN 1 UNIDAD DE VEHICULO DE LA MARCA: CHANGAN, ANO: 2027, MODE: HUNTER REEV, COLOR: BLANCO.-"
CITROEN,CITROEN,(sin modelo),XSARA,ICE,3,3,2022-01,2025-02,22DA000000003070,2,01) UN AUTOMOVIL USADO MARCA: CITROEN MODELO: XSARA A¿O: 2007 MOVIDO A DIESEL.-
VOLKSWAGEN,VOLKSWAGEN,(sin modelo),SCIROCCO,ICE,3,3,2022-01,2025-06,22DA000000003506,11,1 UNA UNIDAD DE AUTOMOVIL USADO MARCA VOLKSWAGEN MODELO SCIROCCO A¿O 2012 COLOR AZUL
VOLKSWAGEN,VOLKSWAGEN,(sin modelo),PHAETON,ICE,3,3,2022-01,2022-02,22DA000000005911,1,01) UN AUTOMOVIL USADO MARCA: VOLKSWAGEN MODELO: PHAETON A¿O: 2015 MOVIDO A DIESEL.-
MERCEDES-BENZ,MERCEDES-BENZ,(sin modelo),SPRINTER 313 CDI,ICE,3,3,2022-01,2025-07,22DA000000016865,1,UNA UNIDAD AMBULANCIA USADO MARCA: MERCEDES BENZ MODELO: SPRINTER 313 CDI A¿O: 2011
MERCEDES-BENZ,MERCEDES-BENZ,(sin modelo),C270 CDI,ICE,3,3,2022-01,2023-03,22DA000000019575,2,LAS DEMAS EN: 01- UNA UNIDAD AUTOMOVIL MERCEDES BENZ C270 CDI A¿O 2001 COLOR AZUL CHASIS NRO: WDB2030161A208549
CITROEN,CITROEN,(sin modelo),C4,ICE,3,3,2022-01,2022-11,22DA000000021207,1,1 UNA UNIDAD STATION WAGON USADO MARCA CITROEN MODELO C4 A¿O 2017 COLOR NEGRO.-
VOLKSWAGEN,VOLKSWAGEN,GOLF 1,GOLF,ICE,3,3,2022-01,2023-08,22DA000000235311,1,"UNA UNIDAD DE AUTOMOVIL USADO, MARCA: VOLKSWAGEN, MODELO: GOLF 1.9 TDI, A¿O: 2003, COLOR: GRIS."
SCANIA,SCANIA,(sin modelo),P114 340,ICE,3,3,2022-01,2024-09,22DA000000003157,1,01) UN CAMION USADO CON CHASIS MOTOR Y CABINA MARCA: SCANIA MODELO: P114 340 A¿O: 2003 MOVIDO A DIESEL.-
HYUNDAI,HYUNDAI,(sin modelo),H1,ICE,3,3,2022-01,2023-12,22DA000000014238,2,1 UNA UNIDAD VEHICULO USADO MARCA HYUNDAI MODELO H1 A¿O 2002 COLOR AZUL.-
JIM,JIM,(sin modelo),RE-MAX,ICE,3,3,2022-01,2022-01,22DA000000015235,1,"LOS DEM¿S CON MOTOR DE EMBOLO (PIST¿N), DE ENCENDIDO POR COMPRESI¿N (DIESEL O SEMI DIESEL), DE PESO TOTAL CON CARGA M¿XIMA INFERIOR O IGUAL A 5T, LOS DEMAS, EN: 1 (UNA) UNIDAD CAMIONETA JIM RE-MAX"
SCANIA,SCANIA,(sin modelo),P94 300,ICE,3,3,2022-01,2024-12,22DA000000016598,2,UNIDAD CHASSIS CON MOTOR Y CABINA MARCA: SCANIA MODELO: P94 300 A¿O: 2001. DIESEL.
MERCEDES-BENZ,MERCEDES-BENZ,(sin modelo),811D,ICE,3,3,2022-01,2025-03,22DA000000020283,2,01- UNID CAMION CON CARROCERIA BAJA MARCA MERCEDES BENZ MODELO 811D DIESEL A¿O 1994.-
CHEVROLET,CHEVROLET,(sin modelo),AVEO,ICE,3,3,2022-02,2024-05,22DA000000287871,8,UNA UNIDAD DE VEHICULO USADO TIPO AUTOMOVIL MARCA CHEVROLET MODELO AVEO A¿O 2012 MOVIDO A GASOLINA
AUDI,AUDI,A6 2,A6,ICE,3,3,2022-02,2024-02,22DA000000288532,2,"1) UNIDAD VEHICULO DE LA MARCA AUDI TIPO AUTOMOVIL MODELO A6 2.0 TFSI, A¿O DE FABRICACION 2021; MODELO A¿O 2022, CON SUS ACCESORIOS NORMALES Y OPCIONALES.-"
POLARIS,POLARIS,(sin modelo),"RZR-20,1000S4,60",ICE,3,3,2022-02,2022-08,22DA000000292340,3,"1) UNIDAD VEHICULO UTILITARIO (UTV), DE LA MARCA: POLARIS, MOD.RZR-20,1000S4,60,PS,LTN,T.SLV .A¿O DE FABRICACION: 2021, MODELO A¿O 2022, COLOR: PLATA, VIN N. 3NSA4E995LH857415 MOTOR N. 0120623550088"
NISSAN,NISSAN,(sin modelo),L80.14,ICE,3,3,2022-02,2025-01,22DA000000285541,2,UNA UNIDAD DE VEHICULO USADO TIPO CAMION CON CHASIS MOTOR Y CABINA MARCA NISSAN MODELO L80.14 A¿O 1992 MOVIDO A DIESEL
SCANIA,SCANIA,(sin modelo),R114-380,ICE,3,3,2022-02,2024-05,22DA000000287614,1,UNA UNIDAD DE CAMION CON CARROCERIA USADO MARCA SCANIA MODELO R114-380 A¿O 1999.-
SUBARU,SUBARU,FORESTER 2,FORESTER,ICE,3,3,2022-03,2025-08,22DA000000048321,2,"(1) UNA UNIDAD, CAMIONETA RURAL, HIBRIDO, MARCA SUBARU, MODELO FORESTER 2.0I-L ES HEV SKEDL9L E3 UI, A¿O DE FABRICACION 2021, MODELO DEL A¿O 2022, CON SUS ACCESORIOS CORRESPONDIENTES.-"
MINI,MINI,(sin modelo),JOHN COOPER,ICE,3,3,2022-03,2022-12,22DA000000048760,1,VEHICULO CON CAPACIDAD DE TRANSPORTE DE PERSONAS EN: 01-UN VEHICULO MARCA MINI MODELO JOHN COOPER A¿O DE FABRICACION 2021 MODELO A¿O 2022 CON SUS ACCESORIOS NORMALES.
FORD,FORD,(sin modelo),ESCAPE,ICE,3,3,2022-03,2024-11,22DA000000060739,1,1 UNA UNIDAD DE STATION WAGON USADO MARCA FORD MODELO ESCAPE A¿O 2015 COLOR AZUL
TOYOTA,TOYOTA,(sin modelo),ACE LUXURY,ICE,3,3,2022-03,2024-08,22DA000000081528,68,MINIBUS DE LA MARCA TOYOTA ACE LUXURY DIESEL AUT. DE 2.755 C.C. GDH303L-RDTGY A¿O DE FABRICACION 2021 MODELO A¿O 2022 CON SUS ACCESORIOS CORRESPONDIENES
MAZDA,MAZDA,(sin modelo),6,ICE,3,3,2022-03,2024-08,22DA000000096541,1,01) UN AUTOMOVIL USADO MARCA. MAZDA MODELO: 6 A¿O: 2003 MOVIDO A GASOLINA
SCANIA,SCANIA,(sin modelo),R124 420,ICE,3,3,2022-03,2024-08,22DA000000041933,2,01) UN CAMION CON CHASIS MOTOR Y CABINA USADO MARCA. SCANIA MODELO: R124 420 A¿O: 1998 MOVIDO A DIESEL.-
SCANIA,SCANIA,(sin modelo),124-360,ICE,3,3,2022-03,2022-11,22DA000000088110,2,UNA UNIDAD CAMION USADO MARCA SCANIA MODELO 124-360 A¿O 1997
MERCEDES-BENZ,MERCEDES-BENZ,(sin modelo),816,ICE,3,3,2022-03,2022-11,22DA000000240333,1,UNA UNIDAD CAMION USADO MARCA MERCEDES BENZ MODELO 816 A¿O 2007
MITSUBISHI,MITSUBISHI,(sin modelo),MONTERO,ICE,3,3,2022-04,2026-01,22DA000000081637,7,01) UNA UNIDAD DE VEHICULO USADO MITSUBISHI MONTERO 1994
HONDA,HONDA,(sin modelo),CITY TOURING,ICE,3,3,2022-04,2023-09,22DA000000089666,3,"1.- UNIDAD DE VEHICULO DE LA MARCA HONDA, MODELO CITY TOURING A¿O DE FABRICACION 2022, MODELO A¿O 2022, CON SUS ACCESORIOS MORMALES Y OPCIONALES."
KIA,KIA,(sin modelo),CERATO,ICE,3,3,2022-04,2023-08,22DA000000095080,1,01) UNA UNIDAD AUTOMOVIL USADO MARCA KIA MODELO CERATO A¿O 2019.-
MAZDA,MAZDA,(sin modelo),MIATA,ICE,3,3,2022-04,2026-05,22DA000000117175,3,UNA UNIDAD AUTOMOVIL USADO MARCA: MAZDA MODELO: MIATA A¿O: 1990
TOYOTA,TOYOTA,(sin modelo),AALION,ICE,3,3,2022-04,2025-10,22DA000000125690,9,01 UN AUTOMOVIL MARCA TOYOTA MODELO AALION A¿O DE FABRICACION 2012 COLOR BLANCO
MERCEDES-BENZ,MERCEDES-BENZ,(sin modelo),GLC 200 4MATIC COUPE,ICE,3,3,2022-04,2022-05,22DA000000131153,1,"01 UNID. CAMIONETA, MARCA MERCEDES BENZ, TIPO GLC 200 4MATIC COUPE, A¿O DE FABRICACION 2022, MODELO A¿O 2022, CON SUS ACCESORIOS CORRESPONDIENTES.-"
MAZDA,MAZDA,(sin modelo),CX5,ICE,3,3,2022-04,2024-04,22DA000000138655,1,1 UNA UNIDAD DE STATION WAGON USADO MARCA MAZDA MODELO CX5 A¿O 2012 COLOR NEGRO
RENAULT,RENAULT,(sin modelo),CLIO,ICE,3,3,2022-04,2024-09,22DA000000273427,1,"01 UNIDAD AUTOMOVIL USADO MARCA RENAULT MODELO CLIO A¿O 2.017 1.461 C.C. DIESEL, COLOR NEGRO, CHASSIS N. VF15RBF0A57569479"
VOLVO,VOLVO,(sin modelo),FL6,ICE,3,3,2022-04,2025-04,22DA000000072495,2,1 UNA UNIDAD DE CAMION CHASSIS CON CABINA USADO MARCA VOLVO MODELO FL6 A¿O 1990 COLOR GRIS
FORD,FORD,(sin modelo),F-250,ICE,3,3,2022-04,2026-05,22DA000000086598,1,UNA CAMIONETA USADA MARCA FORD MODELO F-250 A¿O 2008 COLOR BICOLOR
MERCEDES-BENZ,MERCEDES-BENZ,(sin modelo),818 ATEGO,ICE,3,3,2022-04,2024-09,22DA000000118921,1,1 UNA UNIDAD DE CAMION CHASSIS CON MOTOR Y CABINA USADO MARCA MERCEDES BENZ MODELO 818 ATEGO A¿O 2002 COLOR ROJO
MERCEDES-BENZ,MERCEDES-BENZ,(sin modelo),C 300,ICE,3,3,2022-05,2023-12,22DA000000110783,1,UN AUTOMOVIL USADO MARCA MECEDES BENZ MODELO C 300 A¿O 2015 COLOR: BLANCO
OPEL,OPEL,(sin modelo),ASTRA,ICE,3,3,2022-05,2024-03,22DA000000122593,5,UNA UNIDAD DE AUTOMOVIL USADO MARCA OPEL MODELO ASTRA A¿O 2002 COLOR BLANCO/ROJO
SCANIA,SCANIA,(sin modelo),112H,ICE,3,3,2022-05,2023-04,22DA000000108000,1,UN CAMION USADO MARCA SCANIA MODELO 112H A¿O 1987
PEUGEOT,PEUGEOT,(sin modelo),BOXER,ICE,3,3,2022-05,2023-08,22DA000000263538,2,019 UN FURGON USADO MARCA: PEUGEOT MODELO: BOXER A¿O: 2006 MOVIDO A DIESEL.-
SUBARU,SUBARU,(sin modelo),OUTBACK,ICE,3,3,2022-06,2025-03,22DA000000114048,1,1 UNA UNIDAD STATION WAGON USADO MARCA SUBARU MODELO OUTBACK A¿O 2004 COLOR ROJO CON FRANJA GRIS.-
TOYOTA,TOYOTA,(sin modelo),RATIS,ICE,3,3,2022-06,2025-05,22DA000000153684,4,01 UN STATION WAGON MARCA TOYOTA MODELO RATIS A¿O DE FABRICACION 2010 COLOR AZUL
MERCEDES-BENZ,MERCEDES-BENZ,2022,C 200,ICE,3,3,2022-06,2022-09,22DA000000156296,2,"1 UNID AUTOMOVIL, MARCA: MERCEDES BENZ, TIPO: C 200, A¿O DE FABRICACION: 2021, MODELO: 2022, CON SUS ACCESORIOS NORMALES Y CORRESPONDIENTES.-"
DAEWOO,DAEWOO,(sin modelo),WINSTORM,ICE,3,3,2022-06,2022-08,22DA000000160954,11,01- UNA UNIDAD DE STATION WAGON USADO MARCA DAEWOO MODELO WINSTORM A¿O 2007
NISSAN,NISSAN,(sin modelo),WINGROAD,ICE,3,3,2022-06,2024-04,22DA000000177328,4,1 UNA UNIDAD DE STATION WAGON USADO MARCA NISSAN MODELO WINGROAD A¿O 2011 COLOR GRIS
CHANGAN,CHANGAN,NEW CS15 MECANICO CON 1,NEW CS15 MECANICO,ICE,3,3,2022-06,2022-06,22DA000000267106,32,"1)UNA UNIDAD DE VEHICULO MARCA CHANGAN MODELO: NEW CS15 MECANICO CON 1.480CC, COLOR: BLANCO CON CHASIS N: LS5A3ABE2PD910355 Y MOTOR N: N3CU500214, A¿O FABRICACION: 2022 MODELO A¿O 2023.-"
SCANIA,SCANIA,(sin modelo),P114-340,ICE,3,3,2022-06,2025-09,22DA000000157316,1,UNA UNIDAD CAMION USADO MARCA SCANIA MODELO P114-340 A¿O 2002
PORSCHE,PORSCHE,MACAN T NAFTERO 2,MACAN T NAFTERO,ICE,3,3,2022-07,2023-06,22DA000000204051,1,"1) UNIDAD VEHICULO DE LA MARCA PORSCHE TIPO CAMIONETA; MODELO MACAN T NAFTERO 2.0, A¿O DE FABRICACION 2022; MODELO A¿O 2022 ; CON SUS ACCESORIOS NORMALES Y OPCIONALES.-"
CHEVROLET,CHEVROLET,CAMARO SS 6,CAMARO SS,ICE,3,3,2022-07,2024-04,22DA000000216026,1,"LOS DEMAS; EN: AUTOMOVIL MODELO CAMARO SS 6.2 AT, NAFTERO, ANO 2022, CON AIRE ACONDICIONADO Y DEMAS ACCESORIOS.-"
CADILLAC,CADILLAC,(sin modelo),ESCALADE,ICE,3,3,2022-07,2026-09,22DA000000216931,2,(01) UNA UNIDAD TIPO CAMIONETA MARCA CADILLAC MODELO ESCALADE A¿O 2010 COLOR PERLA
MERCEDES-BENZ,MERCEDES-BENZ,2022,GLB 220 D 4MATIC,ICE,3,3,2022-07,2022-10,22DA000000220952,1,"1 UNID CAMIONETA, MARCA: MERCEDES BENZ, TIPO: GLB 220 D 4MATIC, A¿O MODELO: 2022, CON SUS ACCESORIOS NORMALES Y CORRESPONDIENTES.-"
HYUNDAI,HYUNDAI,(sin modelo),NEW TUCSON,ICE,3,3,2022-08,2024-05,22DA000000193939,6,"VEHICULOS AUTOMOVILES PARA EL TRANSPORTE DE PERSONAS, CAMIONETA MARCA: HYUNDAI, MOD. NEW TUCSON, MOTOR 2,0, DIESEL, 4X2 GLS LIMITED"
FORD,FORD,(sin modelo),F150 RAPTOR,ICE,3,3,2022-08,2025-02,22DA000000254671,1,1.- UNIDAD DE CAMIONETA DOBLE CABINA FORD F150 RAPTOR 4X4.-
BMW,BMW,(sin modelo),528,ICE,3,3,2022-09,2025-11,22DA000000299602,1,( 1 ) UNA UNIDAD AUTOMOVIL MARCA BMW COLOR BLANCO ( USADO ) MODELO 528 I A¿O 2013 MOVIDO A NAFTA
MERCEDES-BENZ,MERCEDES-BENZ,(sin modelo),ML 350,ICE,3,3,2022-09,2024-06,22DA000000323946,1,01) UN UNIDAD ST WAGON USADO MARCA MERCEDES BENZ MODELO ML 350 A¿O 2014 COLOR NEGRO
CHRYSLER,CHRYSLER,(sin modelo),300C,ICE,3,3,2022-09,2024-12,22DA000000333464,1,1 UNA UNIDAD DE AUTOMOVIL USADO MARCA CHRYSLER MODELO 300C A¿O 2010 COLOR NEGRO
AUDI,AUDI,(sin modelo),A5,ICE,3,3,2022-09,2025-12,22DA000000335874,6,UNA UNIDAD DE VEHICULO USADO TIPO AUTOMOVIL MARCA AUDI MODELO A5 A¿O 2014 MOVIDO A GASOLINA
CHEVROLET,CHEVROLET,CRUZE 1,CRUZE,ICE,3,3,2022-09,2023-03,22DA000000337122,1,"1) UNIDAD AUTOMOVIL USADO MARCA CHEVROLET, MODELO CRUZE 1.8, A¿O 2010, COLOR BLANCO"
SCANIA,SCANIA,(sin modelo),94-260,ICE,3,3,2022-09,2024-06,22DA000000294071,1,UNA UNIDAD CAMION USADO MARCA SCANIA MODELO 94-260 A¿O 2004
FIAT,FIAT,STRADA RANCH CD 1,STRADA RANCH CD,ICE,3,3,2022-09,2022-09,22DA000000307131,33,"(1) UNA UNIDAD CAMIONETA PICK UP, MARCA FIAT, MODELO STRADA RANCH CD 1.3 CVT FLEX, A¿O DE FABRICACION 2022, MODELO DEL A¿O 2023, CON SUS ACCESORIOS CORRESPONDIENTES.-"
MERCEDES-BENZ,MERCEDES-BENZ,(sin modelo),1017,ICE,3,3,2022-09,2023-10,22DA000000314869,1,UNA UNIDAD CHASSIS CON MOTOR Y CABINA MARCA:MERCEDES BENZ MODELO: 1017 A¿O:1999. DIESEL.
MERCEDES-BENZ,MERCEDES-BENZ,(sin modelo),C220CDI,ICE,3,3,2022-10,2024-08,22DA000000388261,2,1 UNA UNIDAD AUTOMOVIL USADO MARCA MERCEDES BENZ MODELO C220CDI A¿O 2003 COLOR AZUL.-
SUBARU,SUBARU,WRX SDN 2,WRX SDN,ICE,3,3,2022-10,2023-02,22DA000000391452,1,"(1) UNA UNIDAD AUTOMOVIL, MARCA SUBARU, MODELO WRX SDN 2.4 TS-ES VBHBLB8 E3 QF, A¿O DE FABRICACION 2022, MODELO DEL A¿O 2022, CON SUS ACCESORIOS CORRESPONDIENTES"
BMW,BMW,(sin modelo),530D,ICE,3,3,2022-10,2023-07,22DA000000420640,1,UNA UNIDAD AUTOMOVIL USADO MARCA BMW MODELO 530D A¿O 2004
MERCEDES-BENZ,MERCEDES-BENZ,(sin modelo),450 SL,ICE,3,3,2022-11,2024-11,22DA000000430131,2,1 UNA UNIDAD DE VEHICULO USADO MARCA MERCEDES MODELO 450 SL A¿O 1977 COLOR MARRON (A RESTAURAR)
KIA,KIA,(sin modelo),SPORTGE,ICE,3,3,2022-11,2024-04,22DA000000444570,1,1 UNA UNIDAD DE STATION WAGON USADO MARCA KIA MODELO SPORTGE A¿O 2007 COLOR BORDO
KAWASAKI,KAWASAKI,2023,TERYX KRX4,ICE,3,3,2022-11,2023-06,22DA000000449195,5,1 UNID. VEHICULO DE RECREACION MARCA KAWASAKI MODELO TERYX KRX4 A¿O DE FABRICACION 2022 A¿O MODELO 2023
NISSAN,NISSAN,(sin modelo),PATROL,ICE,3,3,2022-11,2024-07,22DA000000459658,2,UNA UNIDAD ST. WAGON USADO MARCA: NISSAN MODELO: PATROL A¿O: 1996.
SSANGYONG,KGM,REXTON SPORTS,REXTON SPORTS,ICE,3,3,2022-11,2025-11,22DA000000461193,2,"01) UNA UNIDAD USADA, CAMIONETA, MODELO REXTON SPORTS, A¿O 2018.-"
TOYOTA,TOYOTA,(sin modelo),HIACE TOURING,ICE,3,3,2022-12,2025-06,22DA000000345058,11,UN VEHICULO USADO TIPO STATION WAGON MARCA TOYOTA MODELO HIACE TOURING A¿O 1997 MOVIDO A DIESEL
SUZUKI,SUZUKI,(sin modelo),ESCUDO,ICE,3,3,2022-12,2026-02,22DA000000348891,1,1) UNA UNIDAD DE AUTOMOVIL PARA RESCATE USADO MARCA SUZUKI MODELO ESCUDO A¿O 1997 CON SUS ACCESORIOS CORRESPONDIENTES
MERCEDES-BENZ,MERCEDES-BENZ,(sin modelo),GLS 400 D 4MATIC,ICE,3,3,2022-12,2023-04,22DA000000349288,1,"1 UNID CAMIONETA, MARCA: MERCEDES BENZ, TIPO: GLS 400 D 4MATIC. A¿O DE FABRICACION: 2022, MODELO A¿O: 2023 CON SUS ACCESORIOS NORMALES Y CORRESPONDIENTES.-"
MERCEDES-BENZ,MERCEDES-BENZ,2023,GLS 400 D 4MATIC,ICE,3,3,2022-12,2023-01,22DA000000354403,3,"1 UNID CAMIONETA, MARCA: MERCEDES BENZ, TIPO: GLS 400 D 4MATIC, A¿O DE FABRICACION: 2022, A¿O MODELO: 2023, CON SUS ACCESORIOS NORMALES Y CORRESPONDIENTES.-"
HONDA,HONDA,(sin modelo),ATV,ICE,3,3,2022-12,2025-06,22DA000000355829,2,1) UNA UNIDAD CUACICLON USADO MARCA HONDA MODELO ATV A¿O 2007 COLOR NEGRO
MERCEDES-BENZ,MERCEDES-BENZ,(sin modelo),VITO,ICE,3,3,2022-12,2026-09,22DA000000357608,1,01) UNA UNIDAD DE FURGON MARCA MERCEDES BENZ MODELO VITO A¿O 2013 PAIS DE ORIGEN ALEMANIA
MERCEDES-BENZ,MERCEDES-BENZ,(sin modelo),1323,ICE,3,3,2022-12,2024-03,22DA000000373257,1,UNA UNIDAD CHASSIS CON MOTOR Y CABINA MARCA: MERCEDES BENZ MODELO: 1323 A¿O: 1999.
NISSAN,NISSAN,(sin modelo),MURANO,ICE,3,3,2023-01,2025-10,23DA000000001727,1,01) UNA UNIDAD DE STATION WAGON USADO MARCA NISSAN MODELO MURANO A¿O 2009
DAIHATSU,DAIHATSU,(sin modelo),TERIOS,ICE,3,3,2023-01,2025-05,23DA000000032932,5,1 UNA UNIDAD DE STATION WAGON USADO MARCA DAIHATSU MODELO TERIOS A¿O 2007 COLOR PLATEADO
SCANIA,SCANIA,(sin modelo),P114 380,ICE,3,3,2023-01,2024-01,23DA000000015166,1,UNA UNIDAD DE VEHICULO USADO TIPO CAMION TUMBA MARCA SCANIA MODELO P114 380 A¿O 2005 MOVIDO A DIESEL
MITSUBISHI,MITSUBISHI,(sin modelo),STRADA,ICE,3,3,2023-01,2024-03,23DA000000018096,2,"UNA UNIDAD DE CAMIONETA DOBLE CABINA USADA, MARCA MITSUBISHI MODELO STRADA A¿O 1993 CILINDRADA 2.500 CC.-"
MITSUBISHI,MITSUBISHI,(sin modelo),CANTER GUST,ICE,3,3,2023-01,2023-08,23DA000000032646,5,UN VEHICULO USADO TIPO CAMIONETA MARCA MITSUBISHI MODELO CANTER GUST A¿O 2000 MOVIDO A DIESEL
BEIJING,BEIJING,(sin modelo),EX3,BEV,3,3,2023-02,2023-02,23DA000000133217,1,UN STATION WAGON ELECTRICO MARCA BEIJING MODELO EX3 A¿O 2.019.-
MERCEDES-BENZ,MERCEDES-BENZ,(sin modelo),316 CDI,ICE,3,3,2023-02,2025-04,23DA000000141371,2,UN FURGON USADO MARCA MERCEDES BENZ MODELO 316 CDI A¿O 2.005.-
DAYUN,DAYUN,(sin modelo),S1,BEV,3,3,2023-03,2023-03,23DA000000099681,1,UN STATION WAGON NUEVO MARCA DAYUN MODELO S1 A¿O 2.022.-
MERCEDES-BENZ,MERCEDES-BENZ,(sin modelo),823,ICE,3,3,2023-03,2025-06,23DA000000067162,1,01) UNA UNIDAD CAMION USADO MARCA MERCEDES BENZ MODELO 823 A¿O 2004 COLOR VERDE
HONDA,HONDA,(sin modelo),CRV,ICE,3,3,2023-04,2025-03,23DA000000035731,1,UNA UNIDAD DE VEHICULO USADO MARCA HONDA MODELO CRV A¿O 2005 COLOR AZUL
MINI,MINI,(sin modelo),COUNTRYMAN,ICE,3,3,2023-04,2025-03,23DA000000042580,2,UNA UNIDAD DE VEHICULO USADO MARCA MINI COOPER MODELO COUNTRYMAN A¿O 2018 COLOR NEGRO
MERCEDES-BENZ,MERCEDES-BENZ,(sin modelo),C63 AMG,ICE,3,3,2023-04,2024-09,23DA000000050366,1,UN AUTOMOVIL USADO MARCA MERCEDES BENZ MODELO C63 AMG A¿O 2009
MINI,MINI,(sin modelo),JHON COOPER WORKS ALL4,ICE,3,3,2023-04,2023-11,23DA000000054072,3,VEHICULO CON CAPACIDAD DE TRANSPORTE DE PERSONAS EN: 01-UN VEHICULO MARCA MINI MODELO JHON COOPER WORKS ALL4 COUNTRYMAN A¿O DE FABRICACION 2023 MODELO A¿O 2023 CON SUS ACCESORIOS NORMALES.
FORD,FORD,(sin modelo),FIESTA,ICE,3,3,2023-04,2026-09,23DA000000060172,2,01) UN AUTOMOVIL USADO MARCA: FORD MODELO. FIESTA A¿O: 2006 MMOVIDO A DIESEL.
NISSAN,NISSAN,(sin modelo),FRONTIER PICK UP,ICE,3,3,2023-04,2025-11,23DA000000049792,1,PICK UP NISSAN FRONTIER PICK UP DOBLE CABINA 4X4 4 PUERTAS 5 ASIENTOS
CHEVROLET,CHEVROLET,(sin modelo),EQUINOX,ICE,3,3,2023-05,2025-02,23DA000000190465,1,01 UNID. STATION WAGON USADO MARCA CHEVROLET MODELO EQUINOX A¿O 2.018 1.5L L4 DIR DOHC 16V TURBO
BMW,BMW,(sin modelo),X5 XDRIVE25D,ICE,3,3,2023-05,2023-09,23DA000000199779,3,"1 UNIDAD DE STATION WAGON MARCA; BMW, MODELO; X5 XDRIVE25D"
MERCEDES-BENZ,MERCEDES-BENZ,2023,AMG G 63,ICE,3,3,2023-05,2023-06,23DA000000210005,1,"1 UNID CAMIONETA, MARCA: MERCEDES BENZ, TIPO: AMG G 63 A¿O MODELO: 2023 CON SUS ACCESORIOS NORMALES Y CORRESPONDIENTES.-"
MERCEDES-BENZ,MERCEDES-BENZ,2024,ATEGO 2425/48,ICE,3,3,2023-05,2023-08,23DA000000192727,1,"1 UNID CAMION, MARCA: MERCEDES BENZ, TIPO: ATEGO 2425/48 6X2, A¿O DE FABRICACION: 2023, A¿O MODELO: 2024, CON SUS ACCESORIOS NORMALES Y CORRESPONDIENTES.-"
JEEP,JEEP,(sin modelo),GLADIATOR,ICE,3,3,2023-05,2025-04,23DA000000202975,1,01) UNA UNIDAD PICKUP USADO MARCA JEEP MODELO GLADIATOR A¿O 2020 COLOR BLANCO
TOYOTA,TOYOTA,(sin modelo),VITA,ICE,3,3,2023-06,2024-11,23DA000000231775,2,01) UN AUTOMOVIL USADO MARCA: TOYOTA MODELO: VITA A¿O: 2012 MOVIDO A GASOLINA CON SUS ACCESORIOS CORRESPONDIENTES
MASERATI,MASERATI,(sin modelo),GRANTURISMO,ICE,3,3,2023-06,2026-07,23DA000000244923,2,01) UNID. DE - VEHICULO USADO - MARCA: MASERATI - COLOR: NEGRO - MODELO GRANTURISMO - A¿O 2018 - CHASIS: ZAM45VLA3J0259406
DODGE,DODGE,(sin modelo),500,ICE,3,3,2023-06,2026-03,23DA000000260100,1,"01 AUTOMOVIL DODGE CHARGER 500, A¿O 1970, COLOR NARANJA, SERIE NRO. 178698"
JEEP,JEEP,(sin modelo),WRANGLER UNLIMITED RUBICON,ICE,3,3,2023-06,2025-02,23DA000000262154,5,VEHICULO CON CAPACIDAD DE TRANSPORTE DE PERSONAS INFERIOR O IGUAL A 6 PERSONAS EN: 01-UN VEHICULO MARCA JEEP MODELO WRANGLER UNLIMITED RUBICON A¿O DE FABR. 2023 MODELO A¿O 2023 CON SUS ACC. NORMAL
SSANGYONG,KGM,(sin modelo),REXTON SPORTS,ICE,3,3,2023-06,2025-08,23DA000000242758,5,UNA UNIDAD DE VEHICULO USADO TIPO CAMIONETA DOBLE CABINA MARCA SSANGYONG MODELO REXTON SPORTS A¿O 2019 MOVIDO A DIESEL
SCANIA,SCANIA,(sin modelo),114 340,ICE,3,3,2023-06,2024-04,23DA000000262916,1,LOS DEMAS EN: (01) UNA UNIDAD TIPO CAMION CON BRAZO HIDRAULICO MARCA SCANIA MODELO 114 340 A¿O 2000 COLOR BLANCO
MERCEDES-BENZ,MERCEDES-BENZ,(sin modelo),SL 380,ICE,3,3,2023-07,2023-07,23DA000000286647,2,"UNA UNIDAD AUTOMOVIL USADO MARCA: MERCEDES BENZ MODELO: SL 380 A¿O: 1981, A RESTAURAR"
EZGO,EZGO,(sin modelo),RXV,ICE,3,3,2023-07,2025-10,23DA000000302643,2,1) - UNA UNIDAD DE CARRO DE GOLF USADO MARCA EZGO MODELO RXV A¿O 2005 COLOR BLANCO
HYUNDAI,HYUNDAI,(sin modelo),ELANTRA,ICE,3,3,2023-08,2026-08,23DA000000517239,2,01) UNA UNIDAD VEHCULO USADO HYUNDAI ELANTRA A¿O:2020.-
GAC,GAC,NEW GS4 GL 1,NEW GS4 GL,ICE,3,3,2023-08,2023-08,23DA000000653780,4,"LOS DEMAS; EN: AUTOMOVIL TIPO STATION WAGON, MODELO NEW GS4 GL 1.5T NAFTA AT, ANO FABRICACION 2023, ANO MODELO 2024, 4 X 2, NAFTERO, CON AIRE ACONDICIONADO Y DEMAS ACCESORIOS.-"
HONDA,HONDA,(sin modelo),INTEGRA,ICE,3,3,2023-09,2026-07,23DA000000734075,11,01) UNA UNIDAD DE VEHICULO USADO HONDA INTEGRA 2003
AUDI,AUDI,(sin modelo),Q8,ICE,3,3,2023-09,2025-01,23DA000000751955,2,UNA UNID. STATION WAGON MARCA AUDI MODELO Q8 A¿O 2021 COLOR NEGRO
SSANGYONG,KGM,KORANDO,KORANDO,ICE,3,3,2023-09,2026-09,23DA000000758115,1,01 UNIDAD USADA STATION WAGON MARCA SSANGYONG MODELO KORANDO ANO 2012
FOTON,FOTON,(sin modelo),BJ5039XXY00-K2,ICE,3,3,2023-09,2023-09,23DA000000730109,2,"01) UNA UNIDAD VEHICULO MARCA: FOTON MODELO: BJ5039XXY00-K2 TIPO: CAMIONETA FURGON CON MOTOR DIESEL, TRANSMISION MECANICA, A¿O FABRICACI¿N: 2023, MODELO A¿O: 2023, CON SUS ACCESORIOS CORRESPONDIENTES."
GREATWALL,GREATWALL,2024,H6,ICE,3,3,2023-10,2023-10,23DA000000769282,10,"LOS DEMAS. DE CILINDRADA SUPERIOR A 1.500CM3 PERO INFERIOR O IGUAL A 3.000CM3, 3RD GEN HAVAL H6, CC6470AH01B, 2024 YEAR MODEL, 4X2, GW4N20, 7DCT. VERSION: TOP. FABRICACION 2023 MODELO 2024."
BMW,BMW,(sin modelo),120D,ICE,3,3,2023-10,2025-08,23DA000000775207,2,01) UN AUTOMOVIL USADO MARCA: BMW MODELO: 120D A¿O: 2004 MOVIDO A DIESEL.-
KIA,KIA,(sin modelo),SPORATGE,ICE,3,3,2023-10,2024-11,23DA000000763151,1,UNA UNIDAD DE VEHICULO USAADO TIPO STATION WAGONMARCA KIA MODELO SPORATGE A¿O 2011 MOVIDO A DIESEL
TOYOTA,TOYOTA,(sin modelo),LANDCRUISER PRADO,ICE,3,3,2023-10,2024-07,23DA000000793922,2,UN STATION WAGON USADO MARCA TOYOTA MODELO LANDCRUISER PRADO A¿O 2.001.-
MERCEDES-BENZ,MERCEDES-BENZ,2024,SPRINTER F-3250,ICE,3,3,2023-10,2023-10,23DA000000764076,2,"01 UNID FURGON, MARCA: MERCEDES BENZ, TIPO: SPRINTER F-3250 311CDI, A¿O DE FABRICACION: 2023, A¿O MODELO: 2024, CON SUS ACCESORIOS NORMALES Y CORRESPONDIENTES.-"
SCANIA,SCANIA,(sin modelo),P94-310,ICE,3,3,2023-10,2025-09,23DA000000776127,1,UNA UNA LUNIDAD DE CAMION USADO MARCA SCANIA MODELO P94-310 A¿O 1997.-
MITSUBISHI,MITSUBISHI,(sin modelo),LANCER EVOLUTION GSR,ICE,3,3,2023-11,2025-03,23DA000000842515,9,UN AUTOMOVIL USADO MARCA MITSUBISHI MODELO LANCER EVOLUTION GSR A¿O 2.008.-
SCANIA,SCANIA,(sin modelo),R380,ICE,3,3,2023-11,2026-09,23DA000000820409,1,UNA UNIDAD DE CAMION USADO MARCA SCANIA MODELO R380 A¿O 2004 COLOR BLANCO
BMW,BMW,(sin modelo),320 D,ICE,3,3,2023-12,2026-09,23DA000000897289,1,UNA UNIDAD DE VEHICULO USADO TIPO AUTOMOVIL MARCA BMW MODELO 320 D A¿O 2012 MOVIDO A DIESEL
FIAT,FIAT,(sin modelo),DUCATO,ICE,3,3,2023-12,2025-05,23DA000000885216,1,1 UNA UNIDAD DE VEHICULO USADO MARCA FIAT MODELO DUCATO A¿O 2016 COLOR BLANCO.-
MERCEDES-BENZ,MERCEDES-BENZ,2024,SPRINTER F-3665 415 CDI,ICE,3,3,2023-12,2023-12,23DA000000878858,2,"1 UNID FURGON, MARCA: MERCEDES BENZ, TIPO: SPRINTER F-3665 415 CDI, A¿O DE FABRICACION: 2023, A¿O MODELO: 2024, CON SUS ACCESORIOS NORMALES Y CORRESPONDIENTES.-"
MERCEDES-BENZ,MERCEDES-BENZ,2024,GLC 200 D 4MATIC,ICE,3,3,2024-01,2024-02,24DA000000000277,9,"1 UNID CAMIONETA, MARCA: MERCEDES BENZ, TIPO: GLC 200 D 4MATIC COUPE, A¿O DE FABRICACION: 2023, A¿O MODELO: 2024, CON SUS ACCESORIOS NORMALES Y CORRESPONDIENTES.-"
CAN-AM,CAN-AM,(sin modelo),MAVERICK X3,ICE,3,3,2024-01,2025-07,24DA000000017667,1,01) UN UTV USADO MARCA: CAN-AM MODELO MAVERICK X3A¿O: 2021 MOVIDO A GASOLINA
SUZUKI,SUZUKI,(sin modelo),JIMMY,ICE,3,3,2024-02,2024-10,24DA000000063333,3,1 UNA UNIDAD STATION WAGON USADO MARCA SUZUKI MODELO JIMMY A¿O 2006 COLOR GRIS.-
HONDA,HONDA,(sin modelo),FIT,HEV,3,3,2024-02,2026-05,24DA000000087257,5,1 UNIDAD DE AUTOMOVIL USADO HONDA FIT HYBRID A¿O 2010 CHASIS:GP1-1017460 1300CC COLOR:ROJO
MERCEDES-BENZ,MERCEDES-BENZ,(sin modelo),ATEGO 923,ICE,3,3,2024-02,2025-11,24DA000000077762,3,01) UN CAMION CON CHASIS Y CABINA USADO MARCA. MERCEDES BENZ MODELO: ATEGO 923 A¿O: 2000 MOVIDO A DIESEL.-
SCANIA,SCANIA,(sin modelo),P 380,ICE,3,3,2024-02,2024-08,24DA000000081393,1,UNA UNIDAD CAMION TUMBA Y GRUA USADO MARCA SCANIA MODELO P 380 A¿O 2005
MERCEDES-BENZ,MERCEDES-BENZ,(sin modelo),S500,ICE,3,3,2024-03,2025-01,24DA000000100018,2,UNA UNIDAD DE AUTOMOVIL USADO MARCA MERCEDES BENZ MODELO S500 A¿O 2003 COLOR ENGRO
SCANIA,SCANIA,(sin modelo),P94/220,ICE,3,3,2024-03,2026-02,24DA000000120229,2,1 UNA UNIDAD CAMION USADO MARCA SCANIA MODELO P94/220 A¿O 1996 COLOR BLANCO.-
TOYOTA,TOYOTA,(sin modelo),CHASER,ICE,3,3,2024-04,2026-06,24DA000000150474,5,1 UNIDAD DE AUTOMOVIL USADO TOYOTA CHASER A¿O:1997 2500CC COLOR:NEGRO CHASIS:JZX100-0054680
TOYOTA,TOYOTA,SW4 SRX 2,SW4 SRX,ICE,3,3,2024-05,2024-08,24DA000000219606,1,"1) UNA UNIDAD STATION WAGON USADA, MARCA TOYOTA, MODELO SW4 SRX 2.8 TDI, A¿O 2021"
TOYOTA,TOYOTA,(sin modelo),LANDCRUISER,ICE,3,3,2024-05,2026-01,24DA000000224942,1,UN STATION WAGON USADO MARCA TOYOTA MODELO LANDCRUISER A¿O 2.010.-
PEUGEOT,PEUGEOT,(sin modelo),206,ICE,3,3,2024-06,2025-08,24DA000000260005,3,UNA UNIDAD AUTOMOVIL USADO MARCA PEUGEOT MODELO 206 A¿O 2000
RAM,RAM,(sin modelo),RAMPAGE RT,ICE,3,3,2024-06,2024-06,24DA000000244251,50,-DE PESO TOTAL CON CARGA M¿XIMA INFERIOR O IGUAL A 5T EN: UNA CAMIONETA MARCA RAM MODELO RAMPAGE RT GAS A¿O 2024 MOD A¿O 2025 CON SUS ACCESORIOS NORMALES.-.
RAM,RAM,(sin modelo),RAMPAGE LARAMIE DS,ICE,3,3,2024-06,2024-06,24DA000000244251,40,-DE PESO TOTAL CON CARGA M¿XIMA INFERIOR O IGUAL A 5T EN: UNA CAMIONETA MARCA RAM MODELO RAMPAGE LARAMIE DS A¿O 2024 MOD A¿O 2025 CON SUS ACCESORIOS NORMALES.-.
FORD,FORD,EXPLORER 4WD XLT 2,EXPLORER 4WD XLT,ICE,3,3,2024-07,2024-08,24DA000000284467,2,UNA UNIDAD STATION WAGON MARCA FORD MODELO EXPLORER 4WD XLT 2.3L A¿O MODELO 2024
NISSAN,NISSAN,(sin modelo),KICKS SENSE,ICE,3,3,2024-07,2025-06,24DA000000294389,6,"DE LOS TIPOS DENOMINADOS ""FLEX FUEL"" EN: 01-UN AUTOMOVIL MARCA NISSAN KICKS SENSE CVT 1.6 FLEX A¿O DE FABRICACION 2024 MODELO A¿O 2025 CON SUS ACCESORIOS NORMALES"
MITSUBISHI,MITSUBISHI,(sin modelo),OUTLANDER,ICE,3,3,2024-07,2025-07,24DA000000299683,1,"LOS DEM¿S VEH¿CULOS CON MOTOR DE EMBOLO ALTERNATIVO, DE ENCENDIDO POR CHISPA, EN: (1)UNID. VEHICULO STATION WAGON MARCA MITSUBISHI MODELO OUTLANDER A¿O 2014"
CITROEN,CITROEN,(sin modelo),JUMPER,ICE,3,3,2024-07,2024-09,24DA000000323185,1,1) UNA AMBULANCIA USADA MARCA CITROEN MODELO JUMPER A¿O 1997 COLOR AMARILLO CON SUS ACCESORIOS CORRESPONDIENTES.-
SCANIA,SCANIA,(sin modelo),94D,ICE,3,3,2024-07,2025-08,24DA000000284728,2,UNA UNIDAD CAMION CHASIS CON CABINA EN: CAMION SCANIA 94D 220CV BASTIDO N¿.: XLEP4X20004382340. USADO
KAIYI,KAIYI,X3 PRO 1,X3 PRO,ICE,3,3,2024-08,2024-08,24DA000000346294,9,1) UNA UNIDAD DE VEHICULO MARCA KAIYI MODELO X3 PRO 1.5L CVT LUX . CON CHASSIS NO: LUYJB2G26SA001190 Y MOTOR NO: SQRE4T15CBEPL60588 MODELO A¿O : 2025..--
PEUGEOT,PEUGEOT,(sin modelo),5008 ALLURE,ICE,3,3,2024-08,2024-08,24DA000000372040,1,STATION WAGON PEUGEOT 5008 ALLURE 1.6 THP 165 EAT6 CON SUS ACCESORIOS CORRESPONDIENTES
MERCEDES-BENZ,MERCEDES-BENZ,(sin modelo),GLK220 CDI,ICE,3,3,2024-08,2026-06,24DA000000382467,2,UNA UNIDAD ST.WAGON USADO MARCA: MERCEDES BENZ MODELO: GLK220 CDI A¿O:2012. DIESEL.
RAM,RAM,(sin modelo),1500,ICE,3,3,2024-08,2026-06,24DA000000333928,1,01 UNIDAD CAMIONTA USADA MARCA RAM MODELO 1500 A¿O 2021
MERCEDES-BENZ,MERCEDES-BENZ,(sin modelo),GLA 200D,ICE,3,3,2024-09,2024-09,24DA000000394550,5,01 VEHICULO USADO TIPO STATION WAGON MARCA MERCEDES BENZ MODELO GLA 200D A¿O 2017 MOVIDO A DIESEL
TOYOTA,TOYOTA,(sin modelo),CROWN ROYAL,ICE,3,3,2024-09,2025-12,24DA000000431683,10,"UNA UNIDAD DE AUTOMOVIL USADO, MARCA:TOYOTA MODELO:CROWN ROYAL A¿O:2008.-"
BMW,BMW,(sin modelo),X3 SDRIVE20I,ICE,3,3,2024-10,2025-01,24DA000000463343,2,"1 UNIDAD DE STATION WAGON MARCA: BMW, MDOELO: X3 SDRIVE20I"
PORSCHE,PORSCHE,(sin modelo),911 CARRERA,ICE,3,3,2024-10,2025-11,24DA000000471550,1,01) UN AUTOMOVIL USADO MARCA: PORSCHE MODELO 911 CARRERA A¿O: 2014 MOVIDO A GASOLINA
MERCEDES-BENZ,MERCEDES-BENZ,(sin modelo),S550,ICE,3,3,2024-10,2025-12,24DA000000488789,1,01 UNIDAD DE VEHICULO USADO MARCA: MERCEDES BENZ MODELO: S550 A¿O: 2015 COLOR: BLANCO CHASIS: WDDUG8CB9FA201798
MERCEDES-BENZ,MERCEDES-BENZ,GLC 200 4M COUPE CON,GLC 200 4M COUPE,ICE,3,3,2024-11,2024-11,24DA000000498212,1,1) UNA UNIDAD DE VEHICULO MARCA MERCEDES BENZ MODELO: GLC 200 4M COUPE CON VIN NO: W1NKJ5BB7SF274662 Y MOTOR NO: 254920V0717598 A¿O MODELO: 2025.----
MERCEDES-BENZ,MERCEDES-BENZ,GLC 220 D 4M COUPE CON,GLC 220 D 4M COUPE,ICE,3,3,2024-11,2024-11,24DA000000498126,3,1) UNA UNIDAD VEHICULO MARCA MERCEDES BENZ MODELO GLC 220 D 4M COUPE CON VIN NO: W1NKJ0FB2SF260648 Y MOTOR NO: 65482080234967 A¿O MODELO : 2025.----
BESTUNE,BESTUNE,2024,T77 LUXURY,ICE,3,3,2024-11,2024-11,24DA000000512219,8,BESTUNE T77 LUXURY BLANCO AT.1.5 NAF MODELO 2024
LAMBORGHINI,LAMBORGHINI,(sin modelo),URUS,ICE,3,3,2024-11,2026-01,24DA000000534829,2,UNA UNIDAD VEHICULO USADO LAMBORGHINI URUS A¿O:2023.-
BYD,BYD,(sin modelo),SEAGULL EV,BEV,3,3,2024-11,2025-07,24DA000000543468,3,"UNA UNIDAD DE AUTOMOVIL NUEVO, MARCA:BYD MODELO:SEAGULL EV A¿O:2024 0 KM.-"
TOYOTA,TOYOTA,(sin modelo),HIACE LUXURY,ICE,3,3,2025-01,2026-03,25DA000000021445,26,CAMIONETA DE LA MARCA TOYOTA HIACE LUXURY DIESEL AUT. DE 2.755 C.C. GDH303L-RDTGY A¿O DE FABRICACION 2024 MODELO A¿O 2025 CON SUS ACCESORIOS CORRESPONDIENES
NISSAN,NISSAN,(sin modelo),X TRAIL,ICE,3,3,2025-01,2026-01,25DA000000022980,1,UNA UNIDAD DE AUTOMOVIL USADO MARCA NISSAN MODELO X TRAIL A¿O 2007 COLOR MARRON
PORSCHE,PORSCHE,(sin modelo),911 CABRIOLET,ICE,3,3,2025-01,2026-04,25DA000000039358,1,01-UNIDAD VEHICULO USADO PORSCHE 911 CABRIOLET A¿O 1988 COLOR ROJO
SKODA,SKODA,(sin modelo),FABIA RS RALLY2,ICE,3,3,2025-02,2025-08,25DA000000050090,1,UNA UNIDAD AUTOMOVIL USADO MARCA SKODA MODELO FABIA RS RALLY2 A¿O 2022 CHASSIS TMB000PJ3N4003134
MERCEDES-BENZ,MERCEDES-BENZ,(sin modelo),ATEGO 814,ICE,3,3,2025-02,2025-02,25DA000000081890,1,01) UN CAMION CON CHASIS Y CABINA USADO MARCA. MERCEDES BENZ MODELO. ATEGO 814 A¿O: 2000 MOVIDO A DIESEL.-
GAC,GAC,M6 GB 1,M6 GB,ICE,3,3,2025-03,2025-10,25DA000000115028,17,"LOS DEMAS; EN: AUTOMOVIL TIPO STATION WAGON, MODELO M6 GB 1.5 TB AT, 4X2, NAFTERO, ANO FABRICACION 2024, ANO MODELO 2025, CON AIRE ACONDICIONADO Y DEMAS ACCESORIOS.-"
AUDI,AUDI,Q6 QUATTRO,Q6 E-TRON QUATTRO,BEV,3,3,2025-03,2025-09,25DA000000116666,9,"1 (UNA) UNIDAD DE STATION WAGON MARCA AUDI, MODELO Q6 QUATTRO, CHASIS WAUZZZGF9SA018552"
VENTURA,VENTURA,(sin modelo),T-ARCHON 550,ICE,3,3,2025-03,2025-03,25DA000000119845,8,SE TRATA DE 1 (UNA) UNIDAD DE VENTURA T-ARCHON 550
MERCEDES-BENZ,MERCEDES-BENZ,(sin modelo),190SL,ICE,3,3,2025-04,2025-06,25DA000000172401,1,"UNA UNIDAD AUTOMOVIL USADO MARCA: MERCEDES BENZ MODELO: 190SL A¿O: 1956 , ( A RESTAURAR )"
DODGE,DODGE,(sin modelo),CHALLENGER SXT,ICE,3,3,2025-04,2026-03,25DA000000166746,3,01) UNA UNIDAD DE VEHICULO USADO DODGE CHALLENGER SXT 2015
KGM,KGM,KORANDO 1,KORANDO,ICE,3,3,2025-04,2025-04,25DA000000195165,13,VEHICULOS AUTOMOVILES PARA EL TRANSPORTE DE PERSONAS ST WAGON MARCA KGM MODELO KORANDO 1.5 AT NAF 4*2 - LIMITED. CON SUS ACCESORIOS CORRESPONDIENTES
FORD,FORD,(sin modelo),MAVERICK,ICE,3,3,2025-04,2025-09,25DA000000194368,6,01-UNIDAD VEHICULO USADO FORD MAVERICK A¿O 1972 COLOR AMARILLO
CHEVROLET,CHEVROLET,(sin modelo),TRAX,ICE,3,3,2025-05,2026-09,25DA000000241183,9,UN STATION WAGON USADO MARCA CHEVROLET MODELO TRAX A¿O 2.013.-
MG,MG,2025,EHS PHEV,PHEV,3,3,2025-05,2025-06,25DA000000207809,1,"1 UNID CAMIONETA, MARCA MG, TIPO MG EHS PHEV HIBRIDO A GASOLINA ENCHUFABLE, AO DE FABRICACION 2024, AO MODELO 2025 CON SUS ACCESORIOS NORMALES Y CORRESPONDIENTES.-"
NISSAN,NISSAN,(sin modelo),ELGRAND,ICE,3,3,2025-06,2025-10,25DA000000267806,2,01 UNA UNIDAD DE AMBULANCIA USADO MARCA NISSAN MODELO ELGRAND A¿O 2010
TOYOTA,TOYOTA,(sin modelo),STARLET,ICE,3,3,2025-06,2026-05,25DA000000277796,11,UNA UNIDAD DE VEHICULO USADO TIPO AUTOMOVIL MARCA TOYOTA MODELO STARLET A¿O 1996 MOVIDO A GASOLINA
JEEP,JEEP,BLACKHAWK 2,BLACKHAWK,ICE,3,3,2025-06,2025-09,25DA000000286709,6,QUE UTILICEN INDISTINTAMENTE LOS SIGUIENTES COMBUSTIBLES: GASOLINA (NAFTA) O ALCOHOL EN:UN VEHICULO MARCA JEEP MODELO BLACKHAWK 2.0 A¿O 2025 MOD A¿O 2026 CON SUS ACCESORIOS NORMALES.-
JEEP,JEEP,COMPASS BLACKHAWK 2,COMPASS BLACKHAWK,ICE,3,3,2025-07,2025-07,25DA000000356658,12,QUE UTILICEN INDISTINTAMENTE LOS SIGUIENTES COMBUSTIBLES: GASOLINA (NAFTA) EN:UN VEHICULO MARCA JEEP MODELO COMPASS BLACKHAWK 2.0 A¿O 2025 MOD A¿O 2026 CON SUS ACCESORIOS NORMALES.-
VOLVO,VOLVO,(sin modelo),FMX 440,ICE,3,3,2025-07,2025-07,25DA000000358884,1,"CAMI¿N VOLQUETE VOLVO , MODELO: FMX 440 18M3 A¿O: 2014, CHASSI: 93KJS02D9FE829369, N¿MERO DEL MOTOR: D13893177A1E, POTENCIA DEL MOTOR 440 HP, TIPO COMBUST¿BLE: DIESEL, COLOR: BLANCO"
GAC,GAC,M8 GT 2,M8 GT,ICE,3,3,2025-08,2025-10,25DA000000386055,14,"AUTOMOVIL TIPO VAN, MODELO M8 GT 2.0 GDI AT, 4X2, NAFTERO, ANO 2025, CON AIRE ACONDICIONADO Y DEMAS ACCESORIOS.-"
BMW,BMW,(sin modelo),120D XDRIVE ALZ H,ICE,3,3,2025-09,2025-09,25DA000000454010,3,BMW 120D XDRIVE ALZ H 2096 - CHASSIS: WBA1B51080J842652 MODEL YEAR 2013
MAZDA,MAZDA,(sin modelo),RX7,ICE,3,3,2025-09,2026-06,25DA000000448332,1,01 UNA UNIDAD DE AUTOMOVIL USADO MARCA MAZDA MODELO RX7 A¿O 2000
MERCEDES-BENZ,MERCEDES-BENZ,2026,SPRINTER F 3665 414,ICE,3,3,2025-09,2025-09,25DA000000454419,3,"1 UNID FURGON, MARCA MERCEDES BENZ, TIPO SPRINTER F 3665 414 CDI , AO DE FABRICACION 2025, AO MODELO 2026 CON SUS ACCESORIOS NORMALES Y CORRESPONDIENTES.-"
JETOUR,JETOUR,(sin modelo),DASHING X1 GLS,ICE,3,3,2025-10,2025-10,25DA000000535593,2,LOS DEMAS AUTOMOVILES MARCA JETOUR DASHING X1 GLS
PORSCHE,PORSCHE,(sin modelo),911 COUPE,ICE,3,3,2025-10,2026-09,25DA000000535072,1,"01-UNIDAD VEHICULO USADO PORSCHE 911 COUPE, ANO 1995, COLOR PLATA"
SOUEAST,SOUEAST,(sin modelo),S07,ICE,3,3,2025-11,2025-11,25DA000000556853,10,LOS DEMAS AUTOMOVILES MARCA SOUEAST S07 1.5T 6MT
MG,MG,2026,RX9 COM,ICE,3,3,2025-11,2025-12,25DA000000577641,3,"1 UNID CAMIONETA, MARCA MG, TIPO MG RX9 COM AO DE FABRICACION 2025, MODELO 2026 CON SUS ACCESORIOS NORMALES Y CORRESPONDIENTES"
MERCEDES-BENZ,MERCEDES-BENZ,2026,GLC 220 4MATIC COUPE,ICE,3,3,2025-11,2025-11,25DA000000565355,2,"1 UNID CAMIONETA, MARCA: MERCEDES BENZ, TIPO: GLC 220 4MATIC COUPE, AO DE FABRICACION: 2025, AO MODELO: 2026 CON SUS ACCESORIOS NORMALES Y CORRESPONDIENTES.-"
BMW,BMW,(sin modelo),X6 30DX,ICE,3,3,2025-11,2026-09,25DA000000579008,6,"UNA UNIDAD DE STATION WAGON USADO, MARCA:BMW MODELO:X6 30DX A¿O:2013.-"
BMW,BMW,(sin modelo),IX1 EDRIVE,BEV,3,3,2025-11,2025-11,25DA000000587560,2,1) UNA UNID. DE SUV MARCA BMW IX1 EDRIVE 25L M SPORT COLOR BLANCO CON SUS ACCESORIOS CORRESPONDIENTE ORIGEN CHINA
VENTURA,VENTURA,(sin modelo),T-BOSS 650,ICE,3,3,2025-11,2025-11,25DA000000604046,2,"LOS DEMAS VEHICULOS UNICAMENTE CON MOTOR DE EMBOLO DE ENCENDIDO POR CHISPA, DE PESO TOTAL DE CARGA MAXIMA INFER. O IGUAL A 5T, EN: VEHICULO CUADRICICLO UTV MOD. T-BOSS 650, COMPLETO, C/SUS ACCESORIOS"
DODGE,DODGE,(sin modelo),RAM 1500,ICE,3,3,2025-11,2026-08,25DA000000598820,5,UNA UNIDAD DE VEHICULO USADO DODGE RAM 1500 AO 2019
KAWASAKI,KAWASAKI,2026,KFX50,ICE,3,3,2025-12,2026-06,25DA000000619797,21,1 UNID. CUADRICICLO MARCA KAWASAKI MODELO KFX50 A¿O FABRICACION 2025 A¿O MODELO 2026
BMW,BMW,(sin modelo),IX1,BEV,3,3,2025-12,2026-04,25DA000000662743,3,"UNA UNIDAD DE STATION WAGON NUEVO, MARCA:BMW MODELO:IX1 A¿O:2025.-"
MAXUS,MAXUS,(sin modelo),T60 D20 LUXURY,ICE,3,3,2025-12,2026-01,25DA000000667059,4,T60 D20 LUXURY 4X4
MITSUBISHI FUSO,MITSUBISHI FUSO,2026,FE84CE6L,ICE,3,3,2025-12,2025-12,25DA000000630956,7,"1 UNID CAMION, MARCA: MITSUBISHI FUSO, TIPO: FE84CE6L, AO DE FABRICACION: 2025, AO MODELO: 2026, CON SUS ACCESORIOS NORMALES Y CORRESPONDIENTES.-"
KALMAR,KALMAR,(sin modelo),TRADE MARK,ICE,3,3,2026-01,2026-01,26DA000000000272,1,"1 UNIDAD NEW TERMINAL TRACTORS EHITE IN COLOR KALMAR TRADE MARK, 2025 MODEL 4X2 COMPLETE, WITH PARTS END PICECES FOR NORMAL OPERATION"
IVECO,IVECO,(sin modelo),DAILY 55 180 CD,ICE,3,3,2026-02,2026-05,26DA000000079093,3,"01) UNIDAD DE CAMION, DAILY 55 180 CD, ANIO DE FABRICACION 2.025, CON SUS ACCESORIOS CORRESPONDIENTES.-"
TOYOTA,TOYOTA,ALLION A O 2,ALLION A O,ICE,3,3,2026-03,2026-05,26DA000000103741,7,"01 UNA UNIDAD DE AUTOMOVIL USADO MARCA TOYOTA MODELO ALLION A O 2.010 NAFTERO CON CHASIS NRO: ZRT260-3070946, COLOR PERLA."
TOYOTA,TOYOTA,FUNCARGO A O 2,FUNCARGO A O,ICE,3,3,2026-03,2026-05,26DA000000103741,11,"01 UNA UNIDAD DE STATION WAGON USADO MARCA TOYOTA MODELO FUNCARGO A O 2.002 NAFTERO CON CHASIS NRO: NCP25-0035758, COLOR PLATA."
SUBARU,SUBARU,IMPREZA WRX S4 CVT 2,IMPREZA WRX S4 CVT,ICE,3,3,2026-04,2026-04,26DA000000196260,2,UNA UNIDAD AUTOMOVIL USADO MARCA: SUBARU MODELO: IMPREZA WRX S4 CVT 2.0 GT-S 4WD AO: 2016.
KAWASAKI,KAWASAKI,2026,KFX 90,ICE,3,3,2026-04,2026-04,26DA000000204397,15,1 UNID. CUADRICICLO MARCA KAWASAKI MODELO KFX 90 A¿O FABRICACION 2025 A¿O MODELO 2026
JETOUR,JETOUR,(sin modelo),X70PLUS 15 GLX,ICE,3,3,2026-04,2026-04,26DA000000211542,2,LOS DEMAS AUTOMOVILES MARCA JETOUR X70PLUS 15 GLX 6DCT
MERCEDES-BENZ,MERCEDES-BENZ,2027,ATEGO 2730/48,ICE,3,3,2026-04,2026-09,26DA000000178057,1,"1 UNID CAMION, MARCA MERCEDES BENZ TIPO ATEGO 2730/48 6X4 EURO III ANO DE FABRICACION 2026, ANO MODELO 2027 CON SUS ACCESORIOS NORMALES Y CORRESPONDIENTES.-"
HYUNDAI,HYUNDAI,(sin modelo),KONA,HEV,3,3,2026-07,2026-07,26DA000000379101,1,"STATION WAGON NEW KONA, HIBRIDO, MOTOR 1.6 , 6 VEL, AUT. 4X2 GLS, CON SUS ACCESORIOS CORRESPONDIENTES"
CHEVROLET,CHEVROLET,(sin modelo),S10 CD TRAIL BOSS,ICE,3,3,2026-07,2026-08,26DA000000360460,1,CAMIONETA CHEVROLET S10 CD TRAIL BOSS 2.8 4X4 AT DIESEL CABINA DUPLA
CHEVROLET,CHEVROLET,(sin modelo),S10 CD LTX,ICE,3,3,2026-07,2026-07,26DA000000353283,1,"CAMIONETA CHEVROLET S10 CD LTX 2.8 4X4 AT, CON SUS ACCESORIOS CORRESPONDIENTES"
LAND ROVER,LAND ROVER,RANGE ROVER EVOQUE 1,RANGE ROVER EVOQUE,ICE,3,3,2026-08,2026-09,26DA000000436202,1,UNA UNIDAD STATION WAGON MARCA LAND ROVER MODELO RANGE ROVER EVOQUE 1.5 LITRE T/C PETROL MHEV FWD 5 DOOR AUTO 160 PS S AO MODE 2026
CHEVROLET,CHEVROLET,2027,TRACKER LTZ,ICE,3,3,2026-09,2026-09,26DA000000519710,2,"TRACKER LTZ AT MARCA:CHEVROLET A¿O MODELO 2027, A¿O FABRICACION 2026 CON SUS ACCESORIOS CORRESPONDIENTES."
CHANGAN,CHANGAN,(sin modelo),M60,ICE,3,3,2026-09,2026-09,26DA000000508599,46,"EN 1 UNIDAD DE VEHICULO DE LA MARCA: CHANGAN, ANO: 2027, MODE: M60 FURGON, COLOR: BLANCO.-"
MERCEDES-BENZ,MERCEDES-BENZ,(sin modelo),350 SD,ICE,2,2,2022-01,2024-04,22DA000000002691,1,"UNA UNIDAD DE AUTOMOVIL USADO, MARCA MERCEDES BENZ , MODELO 350 SD A¿O 1991"
LAND ROVER,LAND ROVER,RANGE ROVER SPORT 5,RANGE ROVER SPORT,ICE,2,2,2022-01,2022-03,22DA000000002875,1,"SIENDO: 01 UNIDAD DE VEHICULO USADO MARCA LAND ROVER, MODELO RANGE ROVER SPORT 5.0, A¿O 2020"
MERCEDES-BENZ,MERCEDES-BENZ,(sin modelo),C320,ICE,2,2,2022-01,2025-10,22DA000000003157,2,01) UN AUTOMOVIL USADO MARCA: MERCEDES BENZ MODELO: C320 A¿O: 2003 MOVIDO A GASOLINA
TOYOTA,TOYOTA,(sin modelo),AURIS,ICE,2,2,2022-01,2022-03,22DA000000009879,5,UN VEHICULO USADO TIPO AUTOMOVIL MARCA TOYOTA MODELOAURIS A¿O 2007 MOVIDO A GASOLINA
FORD,FORD,(sin modelo),KUGA,ICE,2,2,2022-01,2024-05,22DA000000010238,1,UNA UNIDAD DE STATION WAGON MARCA FORD MODELO KUGA A¿O 2005 COLOR NEGRO
NISSAN,NISSAN,(sin modelo),180 SX,ICE,2,2,2022-01,2024-08,22DA000000012502,2,UNA UND. AUTOMOVIL MODELO 180 SX A¿O 1997 NAFTERO.-
CLUB CAR,CLUB CAR,(sin modelo),PRECEDENT,ICE,2,2,2022-01,2022-08,22DA000000019849,2,1 UNA UNIDAD CARRO DE GOLF ELECTRICO USADO MODELO PRECEDENT A¿O 2009 COLOR BLANCO.-
SEAT,SEAT,(sin modelo),IBIZA,ICE,2,2,2022-01,2024-06,22DA000000020438,2,UNA UNIDAD AUTOMOVIL USADO MARCA: SEAT MODELO: IBIZA A¿O: 2000.
MERCEDES-BENZ,MERCEDES-BENZ,(sin modelo),VIANO,ICE,2,2,2022-01,2022-02,22DA000000021710,1,1 UNIDAD MINIVAN MARCA MERCEDES BENZ MODELO VIANO A¿O 2011 COLOR NEGRO
CITROEN,CITROEN,(sin modelo),JUMPY,ICE,2,2,2022-01,2026-02,22DA000000001315,2,UNA UNIDAD FURGONETA USADA MARCA CITROEN MODELO JUMPY A¿O 2004
MERCEDES-BENZ,MERCEDES-BENZ,(sin modelo),1524,ICE,2,2,2022-01,2022-03,22DA000000003070,1,01) UN CAMION CON CHASIS MOTOR Y CABINA USADO MARCA- MERCEDES BENZ MODELO: 1524 A¿O 1991 MOVIDO A DIESEL.-
MERCEDES-BENZ,MERCEDES-BENZ,(sin modelo),1528,ICE,2,2,2022-01,2022-04,22DA000000005187,2,UNA UNIDAD DE CAMION USADO MARCA MERCEDES EBNZ MODELO 1528 A¿O 2001 COLOR BLANCO
MERCEDES-BENZ,MERCEDES-BENZ,(sin modelo),ATEGO 1828,ICE,2,2,2022-01,2025-02,22DA000000010510,1,LAS DEMAS EN: 01- UNA UNIDAD CAMION MARCA MERCEDES BENZ ATEGO 1828 A¿O 2001 COLOR ROJO CHASIS NRO: WDB9505031K595458
SCANIA,SCANIA,(sin modelo),R93,ICE,2,2,2022-01,2024-10,22DA000000014515,1,1 UNA UNIDAD CAMION USADO MARCA SCANIA MODELO R93 A¿O 1992 COLOR AZUL CON NARANJA.-
CHEVROLET,CHEVROLET,(sin modelo),S10 LTZ 148 MKN,ICE,2,2,2022-01,2022-01,22DA000000015731,6,"1 UNID. CAMIONETA DE CARGA CABINA DOBLE, MARCA CHEVROLET, MOD. S10 LTZ 148 MKN 4X4, MOTOR DIESEL; 2.8L, 4 CIL., A¿O DE FAB. 2022, MOD. A¿O 2022, C/ACC. NORMALES Y OPCIONALES.-"
MERCEDES-BENZ,MERCEDES-BENZ,(sin modelo),ML 280 CDI,ICE,2,2,2022-02,2022-03,22DA000000034094,1,"LOS DEMAS EN (1) UNA UNIDAD DE VEHICULO USADO, MARCA MERCEDES BENZ, TIPO ML 280 CDI, A¿O 2008.-"
RENAULT,RENAULT,NUEVA DUSTER ZEN TECHNO 1,NUEVA DUSTER ZEN TECHNO,ICE,2,2,2022-02,2022-02,22DA000000060419,6,1)UNA UNIDAD STATION WAGON OKM;MARCA RENAULT;MODELO NUEVA DUSTER ZEN TECHNO 1.6 MT
TOYOTA,TOYOTA,(sin modelo),COROLA SPACIO,ICE,2,2,2022-02,2022-08,22DA000000096763,6,UNA UNIDAD DE STATION WAGON USADO MARCA TOYOTA MODELO COROLA SPACIO A¿O 2003 COLOR PLATEADO
NISSAN,NISSAN,(sin modelo),BLUEBIRD,ICE,2,2,2022-02,2023-01,22DA000000287363,2,"01 UNIDAD DE AUTOMOVIL USADO MARCA:NISSAN MODELO:BLUEBIRD A¿O:2013, COLOR:PLATA, MOVIDO A GASOLINA.-"
JEEP,JEEP,(sin modelo),GRAND CGEROKEE LIMITED,ICE,2,2,2022-02,2022-02,22DA000000288484,5,VEHICULO CON CAPACIDAD DE TRANSPORTE DE PERSONAS INFERIOR O IGUAL A 6 EN: 01-UN VEHICULO MARCA JEEP MODELO GRAND CGEROKEE LIMITED A¿O 2021 MOD A¿O 2021 CON SUS ACCESORIOS CORRESPONDIENTES
AUDI,AUDI,RSQ3 SPORTBACK 2,RSQ3 SPORTBACK,ICE,2,2,2022-02,2024-02,22DA000000289183,1,"1) UNIDAD VEHICULO DE LA MARCA AUDI TIPO SUV MODELO RSQ3 SPORTBACK 2.5 TFSI, A¿O DE FABRICACION 2021; MODELO A¿O 2022, CON SUS ACCESORIOS NORMALES Y OPCIONALES.-"
BMW,BMW,(sin modelo),MINI,ICE,2,2,2022-02,2023-10,22DA000000291718,7,01) UNA UNIDAD DE VEHICULO USADO BMW MINI 2007
BMW,BMW,(sin modelo),M8,ICE,2,2,2022-02,2023-08,22DA000000291807,1,"CON CAPACIDAD PARA EL TRANSPORTE DE PERSONAS SENTADAS INFERIIOR O IGUAL A 6, INCLUIDO EL CONDUCTOR:UNA UNIDAD AUTOMOVIL MARCA BMW MODELO M8 A¿O 2022 MOD A¿O 2022 CON SUS ACCESORIOS"
SCANIA,SCANIA,(sin modelo),94D 260,ICE,2,2,2022-02,2023-12,22DA000000032235,1,UNA UNIDAD DE CAMION MARCA SCANIA MODELO 94D 260 A¿O 2000 COLOR AZUL CHASIS XLEP4X20004418022
MERCEDES-BENZ,MERCEDES-BENZ,(sin modelo),ATEGO 922,ICE,2,2,2022-02,2026-06,22DA000000067687,3,UNA UNIDAD DE CAMION USADO MARCA MERCEDES BENZ MODELO ATEGO 922 A¿O 2009 COLOR BLANCO
MERCEDES-BENZ,MERCEDES-BENZ,(sin modelo),MODEO,ICE,2,2,2022-02,2022-02,22DA000000243772,2,1(UNA) UNIDAD DE FURGON USADO MARCA: MERCEDES BENZ MODEO: SPRINTER 311 CDI A¿O: 2009
RENAULT,RENAULT,OROCH 1,OROCH,ICE,2,2,2022-02,2022-02,22DA000000285314,8,1)UNA UNIDAD PICK UP OKM;MARCA RENAULT;MODELO OROCH 1.6 E1 MT
NISSAN,NISSAN,(sin modelo),L35.095,ICE,2,2,2022-02,2023-02,22DA000000285541,3,UNA UNIDAD DE VEHICULO USADO TIPO CAMION CON CHASIS MOTOR Y CABINA MARCA NISSAN MODELO L35.095 A¿O 1995 MOVIDO A DIESEL
SCANIA,SCANIA,(sin modelo),P 270,ICE,2,2,2022-02,2024-05,22DA000000285808,1,UNA UNIDAD DE CAMION USADO MARCA SCANIA MODELO P 270 A¿O 2006
POLARIS,POLARIS,(sin modelo),"GEN-20,1000,4P",ICE,2,2,2022-02,2022-08,22DA000000292340,2,"1) UNIDAD VEHICULO UTILITARIO (UTV), DE LA MARCA: POLARIS, MOD.GEN-20,1000,4P,EPS,EU,S.GREY .A¿O DE FABRICACION: 2021, MODELO A¿O 2022, COLOR: GRIS, VIN N. 3NSG4E996LH856901 MOTOR N. 0120623352912"
MERCEDES-BENZ,MERCEDES-BENZ,(sin modelo),711D,ICE,2,2,2022-02,2024-11,22DA000000340835,1,01) UN CAMION CON CHASIS MOTOR Y CABINA USADO MARCA: MERCEDES BENZ MODELO: 711D A¿O: 1990 MOVIDO A DIESEL.-
SCANIA,SCANIA,(sin modelo),124 420,ICE,2,2,2022-02,2024-05,22DA000000340835,2,01) UN CAMION CON CHASIS MOTOR Y CABINA USADO MARCA. SCANIA MODELO: 124 420 A¿O: 2002 MOVIDO A DIESEL.-
SCANIA,SCANIA,(sin modelo),P 340,ICE,2,2,2022-02,2023-10,22DA000000342139,1,"1 UNID. CAMION MARCA SCANIA MOD. P 340, A¿O DE FAB.2008, MOD. A¿O 2008, C/GRUA INCORPORADA MARCA PALFINGER TIPO PK18500, COD. S305-SK-A, NRO 100096458, MOD. A¿O 2008, C/ACC. NORMALES Y OPCIONALES"
TESLA,TESLA,Model Y,MODEL Y PERFORMANCE,BEV,2,2,2022-03,2023-12,22DA000000041551,2,"LOS DEM¿S VEH¿CULOS, PROPULSADOS ¿NICAMENTE CON MOTOR ELECTRICO EN:UNA UNIDAD AUTOMOVIL MARCA TESLA MODELO MODEL Y PERFORMANCE A¿O DE FABRICACION 2021 MODELO A¿O 2021 CON SUS ACCESORIOS NORMALES"
MERCEDES-BENZ,MERCEDES-BENZ,(sin modelo),CLS350,ICE,2,2,2022-03,2024-03,22DA000000045589,1,UNA UNIDAD DE AUTOMOVIL USADO MARCA: MERCEDES BENZ MODELO: CLS350 A¿O: 2006
CHEVROLET,CHEVROLET,(sin modelo),LACETTI,ICE,2,2,2022-03,2022-03,22DA000000048250,2,01) UNA UNIDAD DE VEHICULO USADO CHEVROLET LACETTI 2011
DFSK,DFSK,(sin modelo),INCLUIDOS,ICE,2,2,2022-03,2022-03,22DA000000048777,7,"AUTOMOVILES PARA TURISMO Y DEMAS VEHICULOS AUTOMOVILES CONCEBIDOS PRINCIPALMENTE PARA EL TRANSPORTE DE PERSONAS EN:1) UNIDAD AUTOMOVIL MARCA DFSK, INCLUIDOS LOS DEL TIPO FAMILIAR"
CHEVROLET,CHEVROLET,(sin modelo),"TRACKER LTZ,5N76BN",ICE,2,2,2022-03,2022-03,22DA000000052302,6,"1 UNID. VEHICULO STATION WAGON MARCA CHEVROLET, MOD. TRACKER LTZ,5N76BN, PASAJERO, 5 LUG. 5 PUERTAS, MOTOR FLEX E100 3 CIL. 1.2L TURBO, A¿O DE FAB. 2022, MOD. A¿O 2022, C/ACC. NORMALES Y OPCIONALES.-."
LAND ROVER,LAND ROVER,RANGE ROVER 3,RANGE ROVER,OTHERS,2,2,2022-03,2023-06,22DA000000058292,2,UNA UNIDAD STATION WAGON MARCA LAND ROVER MODELO RANGE ROVER 3.0L TC 360PS PETROL MILD HYBRID ELECTRIC VEHICLE AWD 5 DOOR AUTO HSE A¿O MODELO 2022
MERCEDES-BENZ,MERCEDES-BENZ,(sin modelo),E 350,ICE,2,2,2022-03,2024-07,22DA000000059872,1,01 UNID. AUTOMOVIL USADO MARCA MERCEDES BENZ MODELO E 350 A¿O 2.011
AUDI,AUDI,SQ5 3,SQ5,ICE,2,2,2022-03,2026-09,22DA000000069924,1,1 UNIDAD DE AUTOMOVIL MARCA AUDI MODELO SQ5 3.0 TDI COLOR BLANCO A¿O 2019.-
FORD,FORD,(sin modelo),TOURNEO,ICE,2,2,2022-03,2024-02,22DA000000096541,2,01) UNA FURGONETA USADA MARCA: FORD MODELO: TOURNEO A¿O: 2004 MOVIDO A DIESEL.-
SCANIA,SCANIA,(sin modelo),R500,ICE,2,2,2022-03,2025-08,22DA000000046622,1,01) UNIDAD CAMION USADO (CHASIS CON CABINA) MARCA SCANIA MODELO R500 A¿O 2.010 DIESEL.-
NISSAN,NISSAN,(sin modelo),M110,ICE,2,2,2022-03,2022-11,22DA000000051097,1,UNA UNIDAD CAMION USADO MARCA: NISSAN MODELO: M110 A¿O: 1991.
MERCEDES-BENZ,MERCEDES-BENZ,(sin modelo),709-D,ICE,2,2,2022-03,2022-06,22DA000000071878,3,UNA UNIDAD CAMION USADO MARCA: MERCEDES BENZ MODELO: 709-D A¿O: 1992
CHEVROLET,CHEVROLET,(sin modelo),TAHOE LT,ICE,2,2,2022-04,2023-11,22DA000000041348,1,( 1 ) UNA UNIDAD STATION WAGON MARCA CHEVROLET MODELO TAHOE LT A¿O 2021 COLOR AZUL ( USADO ) MOVIDO A NAFTA
PEUGEOT,PEUGEOT,208 ACTIVE P 1,208 ACTIVE P,ICE,2,2,2022-04,2022-04,22DA000000081512,7,AUTOMOVIL PARA EL TRANSPORTE DE PERSONAS MARCA PEUGEOT MODELO 208 ACTIVE P 1.6 VTI 115 AT6 CON SUS ACCESORIOS CORRESPONDIENTES
MERCEDES-BENZ,MERCEDES-BENZ,(sin modelo),AMG G 63,ICE,2,2,2022-04,2022-07,22DA000000086585,1,1 UNIDAD CAMIONETA MARCA MERCEDES BENZ MODELO AMG G 63 A¿O DE FABRICACION 2021 MODELO A¿O 2022 CON SUS ACCESORIOS CORRESPONDIENTES
MERCEDES-BENZ,MERCEDES-BENZ,(sin modelo),GLC 220 D 4,ICE,2,2,2022-04,2025-06,22DA000000087310,1,1 UNIDAD CAMIONETA MARCA MERCEDES BENZ MODELO GLC 220 D 4 MATIC COUPE A¿O DE FABRICACION 2022 MODELO A¿O 2022 CON SUS ACCESORIOS CORRESPONDIENTES
MERCEDES-BENZ,MERCEDES-BENZ,(sin modelo),C240,ICE,2,2,2022-04,2022-11,22DA000000087767,11,01- UNA UNIDAD DE AUTOMOVIL USADO MARCA MERCEDES BENZ MODELO C240 A¿O 2002
HONDA,HONDA,(sin modelo),FREED,ICE,2,2,2022-04,2024-12,22DA000000088868,1,01) UNA UNIDAD DE VEHICULO USADO HONDA FREED A¿O 2008
HYUNDAI,HYUNDAI,NEW TUCSON 2,NEW TUCSON,ICE,2,2,2022-04,2022-04,22DA000000091067,32,"VEHICULOS AUTOMOVILES PARA EL TRANSPORTE DE PERSONAS, CAMIONETA MARCA: HYUNDAI, MOD: NEW TUCSON 2.0 DIESEL. AUT.4X2 GLS"
NISSAN,NISSAN,(sin modelo),SERENA,ICE,2,2,2022-04,2022-04,22DA000000095652,3,01) UNA UNIDAD DE VEHICULO USADO NISSAN SERENA 2015
JEEP,JEEP,(sin modelo),CHEROKEE,ICE,2,2,2022-04,2024-12,22DA000000117175,1,UNA UNIDAD STATION WAGON USADO MARCA: JEEP MODELO: CHEROKEE A¿O: 2018
TOYOTA,TOYOTA,(sin modelo),MARK II,ICE,2,2,2022-04,2022-04,22DA000000117492,1,01) UN AUTOMOVIL USADO MARCA TOYOTA MODELO MARK II A¿O 1999.-
MERCEDES-BENZ,MERCEDES-BENZ,(sin modelo),380 SL,ICE,2,2,2022-04,2023-03,22DA000000152714,1,UNA UNIDAD AUTOMOVIL USADO MARCA: MERCEDES BENZ MODELO: 380 SL A¿O: 1982
JAC,JAC,(sin modelo),HFC1063EV1-X5017,BEV,2,2,2022-04,2022-04,22DA000000039593,2,VEHICULOS P/TRANSPORTE DE CARGA PROPULSADO UNICAMENTE POR MOTOR ELECTRICO EN: 1 UNIDAD CAMION CABINA SIMPLE 4X2 MARCA JAC MODELO HFC1063EV1-X5017 A¿O DE FABRICACION 2022 MODELO A¿O: 2022 Y CARGADOR
MERCEDES-BENZ,MERCEDES-BENZ,(sin modelo),1824,ICE,2,2,2022-04,2022-07,22DA000000043758,1,UNA UNIDAD DE CAMION CAJA BASCULANTE CON GRUA USADO MARCA MERCEDES BENZ MODELO 1824 A¿O 1995 COLOR NARANJA
SINOTRUK,SINOTRUK,(sin modelo),HOWO7,ICE,2,2,2022-04,2022-06,22DA000000082452,4,"1.-UNID. CAMION TUMBA SINOTRUK HOWO7, CON SUS CORRESP.ACCESORIOS"
SCANIA,SCANIA,(sin modelo),P92,ICE,2,2,2022-04,2024-02,22DA000000084471,1,LOS DEMAS EN: (01) UNA UNIDAD TIPO CAMION GRUA MARCA SCANIA MODELO P92 A¿O 1998 COLOR BLANCO
NISSAN,NISSAN,(sin modelo),L80,ICE,2,2,2022-04,2023-09,22DA000000094715,2,"1) UN VEHICULO (USADO) MARCA: NISSAN, MODELO: L80, A¿O: 1998, COLOR: BLANCO.-"
NISSAN,NISSAN,(sin modelo),ATLEON 165,ICE,2,2,2022-04,2025-03,22DA000000129418,3,UNA UNIDAD DE CAMION USADO MARCA NISSAN MODELO ATLEON 165 A¿O 2004 COLOR BLANCO
MERCEDES-BENZ,MERCEDES-BENZ,(sin modelo),GLE 300D 4MATIC,ICE,2,2,2022-05,2023-04,22DA000000107867,1,1) UNA UNIDAD CAMIONETA MERCEDES BENZ MODELO GLE 300D 4MATIC A¿O DE FABRICACION 2022 MODELO A¿O 2022 CON SUS ACCESORIOS CORRESPONDIENTES
BMW,BMW,(sin modelo),Z3,ICE,2,2,2022-05,2025-10,22DA000000114258,2,UNA UNIDAD DE AUTOMOVIL USADO MARCA BMW MODELO Z3 A¿O 1997 COLOR AZUL
MERCEDES-BENZ,MERCEDES-BENZ,(sin modelo),E-320,ICE,2,2,2022-05,2022-05,22DA000000117191,1,UN AUTOMOVL USADO MARCA MERCEDES BENZ MODELO: E-320 A¿O 2007 COLOR GRAY
SUBARU,SUBARU,(sin modelo),IMPREZA SPORT,ICE,2,2,2022-05,2024-10,22DA000000123199,1,UNA UNIDAD DE AUTOMOVIL USADO MARCA SUBARU MODELO IMPREZA SPORT A¿O 2014.-
HYUNDAI,HYUNDAI,(sin modelo),TUSCON,ICE,2,2,2022-05,2023-03,22DA000000124379,1,01) UN ST. WAGON USADO MARCA HYUNDAI MODELO TUSCON A¿O 2008.-
AUDI,AUDI,(sin modelo),Q5,PHEV,2,2,2022-05,2024-11,22DA000000130717,1,UNA UNIDAD STATION WAGON NUEVO MARCA: AUDI MODELO: Q5 A¿O: 2021
HYUNDAI,HYUNDAI,(sin modelo),SANATA FE,ICE,2,2,2022-05,2023-01,22DA000000141895,1,"UNA UNIDAD DE STATION WAGON USADO, MARCA HYUNDAI MODELO SANATA FE A¿O 2008.-"
MERCEDES-BENZ,MERCEDES-BENZ,(sin modelo),R320 CDI,ICE,2,2,2022-05,2023-08,22DA000000142507,1,01) UNA UNIDAD DE VEHICULO USADO MERCEDEZ BENZ R320 CDI A¿O 2008
POLARIS,POLARIS,(sin modelo),ATV-22 570 SPMN PREM,ICE,2,2,2022-05,2023-01,22DA000000144869,3,"LOS DEMAS EN: 1) UNIDAD CUATRICICLO, DE LA MARCA POLARIS, MODELO; ATV-22 570 SPMN PREM T ME, COLOR TITANI, A¿O DE FABRICACION 2022, MODELO A¿O 2022, MOTOR N. 0120615781046, CHASIS N. 4XASEZ577NA143833"
POLARIS,POLARIS,(sin modelo),ATV-22 850 SPMN UT,ICE,2,2,2022-05,2023-01,22DA000000144869,4,"LOS DEMAS EN: 1) UNIDAD CUATRICICLO, DE LA MARCA POLARIS, MODELO; ATV-22 850 SPMN UT 48, COLOR AZUL, A¿O DE FABRICACION 2022, MODELO A¿O 2022, MOTOR N. 1208732003895, CHASIS N. 4XASXZ859NB198413"
MERCEDES-BENZ,MERCEDES-BENZ,(sin modelo),GLC 200 4 MATIC,ICE,2,2,2022-05,2022-05,22DA000000165064,2,1 UNIDAD CAMIONETA MARCA MERCEDES BENZ MODELO GLC 200 4 MATIC COUPE A¿O DE FABRICACION 2022 MODELO A¿O 2022 CON SUS ACCESORIOS CORRESPONDIENTES
MERCEDES-BENZ,MERCEDES-BENZ,(sin modelo),SPRINTER 315 CDI,ICE,2,2,2022-05,2025-02,22DA000000116882,3,1) UNA UNIDAD DE FURGON USADO MARCA MERCEDES BENZ MODELO SPRINTER 315 CDI A¿O 2007
SCANIA,SCANIA,(sin modelo),P93HL,ICE,2,2,2022-05,2022-10,22DA000000117361,1,01 UN CAMION USADO CON CHASIS MOTOR Y CABINA USADO MARCA. SCANIA MODELO: P93HL A¿O 1990 MOVIDO A DIESEL.-
SCANIA,SCANIA,(sin modelo),R113,ICE,2,2,2022-05,2023-01,22DA000000120737,1,CHASIS MOTOR Y CABINA...EN: 1 UND CAMION MARCA SCANIA MODELO R113 A¿O 1994 USADO
SCANIA,SCANIA,(sin modelo),R400,ICE,2,2,2022-05,2024-06,22DA000000131261,1,LOS DEMAS EN: (01) UNA UNIDAD TIPO CAMION FURGON MARCA SCANIA MODELO R400 6X2 A¿O 2012 COLOR ROJO
AGRALE,AGRALE,(sin modelo),14000S,ICE,2,2,2022-05,2022-08,22DA000000145868,1,VECHICULOS AUTOMOVILES PARA EL TRANSPORTE DE MERCADERIA. CHASIS MOTOR Y CABINA. CAMION AGRALE 14000S 6X2 DIESEL
BMW,BMW,(sin modelo),323,ICE,2,2,2022-06,2023-10,22DA000000104979,9,01) UN AUTOMOVIL USADO MARCA BMW MODELO 323 I A¿O 2007.-
TOYOTA,TOYOTA,(sin modelo),HIGHLANDER,ICE,2,2,2022-06,2024-02,22DA000000109682,1,UNA UNIDAD DE STATION WAGON MODELO: TOYOTA MODELO: HIGHLANDER A¿O: 2006
MERCEDES-BENZ,MERCEDES-BENZ,2022,E 220 D,ICE,2,2,2022-06,2022-06,22DA000000156296,1,"1 UNID AUTOMOVIL, MARCA: MERCEDES BENZ, TIPO: E 220 D, A¿O MODELO: 2022, CON SUS ACCESORIOS NORMALES Y CORRESPONDIENTES.-"
MERCEDES-BENZ,MERCEDES-BENZ,(sin modelo),C270,ICE,2,2,2022-06,2023-10,22DA000000174407,2,LAS DEMAS EN: 01- UNA UNIDAD AUTOMOVIL MARCA MERCEDES BENZ MODELO C270 A¿O 2002 COLOR PLATEADO CHASIS NRO: WDB2030161A451135
FORD,FORD,(sin modelo),FOCUS,ICE,2,2,2022-06,2024-11,22DA000000282378,2,01) UNA UNIDAD DE AUTOMOVIL USADO MARCA FORD MODELO FOCUS A¿O 2000
GREATWALL,GREATWALL,2022,WINGLE 5,ICE,2,2,2022-06,2022-06,22DA000000111336,1,"LOS DEMAS. VEHICULOS PARA EL TRANSPORTE DE MERCANCIAS. EN:(1) UNIDAD, GREAT WALL WINGLE 5, CC1031PS42C, 2022 YEAR MODEL, 4X2, LUXURY, GW4D20D, 6MT. FABRICACION 2022 MODELO 2022."
AGRALE,AGRALE,(sin modelo),A10000,ICE,2,2,2022-06,2022-07,22DA000000182385,1,"VEHICULOS PARA EL TRANSPORTE DE MERCANCIAS, CAMION MARCA. AGRALE MODELO. A10000, CHASI MOTOR Y CABINA."
MERCEDES-BENZ,MERCEDES-BENZ,(sin modelo),815 ATEGO,ICE,2,2,2022-06,2025-02,22DA000000190452,3,1 UNA UNIDAD DE CAMION CHASSIS CON MOTOR Y CABINA USADO MARCA MERCEDES BENZ MODELO 815 ATEGO A¿O 2000 COLOR BLANCO
HYUNDAI,HYUNDAI,(sin modelo),SANTE FE,ICE,2,2,2022-07,2024-06,22DA000000171165,3,1 UNA UNIDAD DE STATION WAGON USADO MARCA HYUNDAI MODELO SANTE FE A¿O 2008 COLOR PLATA
TOYOTA,TOYOTA,(sin modelo),MODEO WISH,ICE,2,2,2022-07,2025-05,22DA000000189005,1,UNA UNIDAD DE STATION WAGON USADO MARCA TOYOTA MODEO WISH A¿O 2011 COLOR PLATEADO
SEGWAY,SEGWAY,(sin modelo),VILLAIN SX10 WX SGW1000F-S2,ICE,2,2,2022-07,2023-01,22DA000000189413,4,"1) UNA UNIDAD VEHICULO UTILITARIO UTV, DE LA MARCA SEGWAY, MODELO; VILLAIN SX10 WX SGW1000F-S2 , COLOR; BLANCO/ROJO, MOTOR N. 293MY 2A180468, CHASSIS N. H0MSBWX6XN8000126, 1000 CC, MODELO A¿O 2022"
SEGWAY,SEGWAY,(sin modelo),VILLAIN SX10 X SGW1000F-S1,ICE,2,2,2022-07,2023-01,22DA000000189413,5,"1) UNA UNIDAD VEHICULO UTILITARIO UTV, DE LA MARCA SEGWAY, MODELO; VILLAIN SX10 X SGW1000F-S1 , COLOR; NEGRO/VERDE, MOTOR N. 293MY 2B080013, CHASSIS N. H0MSBWX54N8000307, 1000 CC, MODELO A¿O 2022"
MERCEDES-BENZ,MERCEDES-BENZ,2022,G 400 D,ICE,2,2,2022-07,2022-07,22DA000000205766,2,"1 UNID CAMIONETA, MARCA: MERCEDES BENZ, TIPO: G 400 D, A¿O MODELO: 2022, CON SUS ACCESORIOS NORMALES Y CORRESPONDIENTES.-"
JEEP,JEEP,(sin modelo),WRANGLER RUBICON 4XE,PHEV,2,2,2022-07,2023-07,22DA000000215043,1,LOS DEMAS VEHICULOS PROPULSADOS CON MOTOR EMBOLO PISTON Y MOTOR ELECTRICO CON CAPACIDAD DE CARGA MEDIANTE CONEXION EXTERNA: 1 VEHICULO MARCA JEEP MOD. WRANGLER RUBICON 4XE A¿O 2022 CON ACC. NORMALES.
MERCEDES-BENZ,MERCEDES-BENZ,(sin modelo),E 220 CDI,ICE,2,2,2022-07,2025-05,22DA000000217236,7,UN AUTOMOVIL USADO MARCA MERCEDES BENZ MODELO E 220 CDI A¿O 2.014.-
MERCEDES-BENZ,MERCEDES-BENZ,2022,GLB 220 D 4,ICE,2,2,2022-07,2022-07,22DA000000221526,2,"1 UNID CAMIONETA, MARCA: MERCEDES BENZ, TIPO: GLB 220 D 4 MATIC, A¿O MODELO: 2022, CON SUS ACCESORIOS NORMALES Y CORRESPONDIENTES.-"
SEGWAY,SEGWAY,(sin modelo),FUGLEMAN UT10 X SGW1000F-U1,ICE,2,2,2022-07,2023-01,22DA000000189413,6,"1) UNA UNIDAD VEHICULO UTILITARIO UTV, DE LA MARCA SEGWAY, MODELO; FUGLEMAN UT10 X SGW1000F-U1 , COLOR; BLANCO/ROJO, MOTOR N. 293MY-1 2A060193, CHASSIS N. H0MUBWX16N8001867, 1000 CC, A¿O 2022"
MERCEDES-BENZ,MERCEDES-BENZ,(sin modelo),609 D,ICE,2,2,2022-07,2023-09,22DA000000214305,3,"UN CAMION USADO MARCA MERDECES BENZ MODELO 609 D A¿O 1.992.- ( CHASSIS, MOTOR Y CABINA )"
TOYOTA,TOYOTA,(sin modelo),TACOMA TRD SPORT,ICE,2,2,2022-07,2022-11,22DA000000227221,1,UNA UNIDAD DE CAMIONETA MARCA TOYOTA MODELO TACOMA TRD SPORT A¿O 2021
SCANIA,SCANIA,(sin modelo),P124 400,ICE,2,2,2022-07,2022-10,22DA000000275610,1,UNA UNIDAD DE VEHICULO USADO TIPO CAMION TUMBA MARCA SCANIA MODELO P124 400 A¿O 1999 MOVIDO A DIESEL
SCANIA,SCANIA,(sin modelo),P94 230,ICE,2,2,2022-07,2025-07,22DA000000282666,3,01) UN CAMION CON CHASIS MOTOR Y CABINA USADO MARCA: SCANIA MODELO: P94 230 A¿O: 2002 MOVIDO A DIESEL.-
TOYOTA,TOYOTA,(sin modelo),TOWNACE GL,ICE,2,2,2022-08,2024-08,22DA000000228518,3,01- UNA UNIDAD DE STATION WAGON USADO MARCA TOYOTA MODELO TOWNACE GL A¿O 2001
MERCEDES-BENZ,MERCEDES-BENZ,(sin modelo),220S,ICE,2,2,2022-08,2023-04,22DA000000231314,1,01) UNA UNIDAD DE VEHICULO USADO MERCEDES BENZ 220S A¿O 1957 A RESTAURAR
BMW,BMW,(sin modelo),MINI COOPER,ICE,2,2,2022-08,2023-11,22DA000000252897,6,UN AUTOMOVIL USADO MARCA BMW MODELO MINI COOPER A¿O 2.007.-
PEUGEOT,PEUGEOT,(sin modelo),307,ICE,2,2,2022-08,2024-07,22DA000000253257,1,UNA UNIDAD STATION WAGON USADO MARCA PEUGEOT MODELO 307 A¿O 2004
FERRARI,FERRARI,(sin modelo),CALIFORNIA,ICE,2,2,2022-08,2024-06,22DA000000256195,1,"1.-UNIDAD VEHICULO MARCA FERRARI CALIFORNIA A¿O 2014, USADO"
HONDA,HONDA,2022,ODYSSEY 5DR ELITE 10A,ICE,2,2,2022-08,2022-08,22DA000000263369,1,UNA UNIDAD DE MINI VAN MARCA: HONDA MODELO: ODYSSEY 5DR ELITE 10A A¿O DE FABRICACION: 2022 A¿O: MODELO: 2022 CON SUS ACCESORIOS CORRESPONDIENTES
NISSAN,NISSAN,(sin modelo),ECO T100,ICE,2,2,2022-08,2023-01,22DA000000195086,2,UNA UNIDAD CAMION USADO MARCA NISSAN MODELO ECO T100 A¿O 1998
NISSAN,NISSAN,(sin modelo),ATLA,ICE,2,2,2022-08,2024-03,22DA000000261621,9,UNA UNIDAD DE VEHICULO UASDO TIPO CAMIONETA MARCA NISSAN MODELO ATLA A¿O 1996 MOVIDO A DIESEL
MITSUBISHI,MITSUBISHI,(sin modelo),FUSO FIGHTER,ICE,2,2,2022-08,2026-09,22DA000000265877,2,"01- UNIDAD DE CAMION CABINA SIMPLE ,RECOLECTOR USADO MARCA MITSUBISHI MODELO FUSO FIGHTER A¿O 2002"
RENAULT,RENAULT,OROCH ZEN 1,OROCH ZEN,ICE,2,2,2022-08,2023-08,22DA000000267729,1,1)UNA UNIDAD PICK UP OKM;MARCA RENAULT;MODELO OROCH ZEN 1.6 MT
CAN-AM,CAN-AM,(sin modelo),MAVERICK,ICE,2,2,2022-09,2024-07,22DA000000333837,1,UNA UNIDAD UTV USADO MARCA: CAN AM MODELO: MAVERICK A¿O: 2016
MERCEDES-BENZ,MERCEDES-BENZ,(sin modelo),ML 350 BTC,ICE,2,2,2022-09,2025-05,22DA000000336009,1,1 UNIDAD VEHICULO USADO MARC MERCEDES BENZ MODELO ML 350 BTC A¿O 2013 VIN 4JGDA2EB0DA172075
NISSAN,NISSAN,(sin modelo),CABSTAR E,ICE,2,2,2022-09,2024-05,22DA000000314852,1,UNA UNIDAD DE CAMION USADO MARCA NISSAN MODELO CABSTAR E A¿O 2001 COLOR BLANCO
SEGWAY,SEGWAY,(sin modelo),VILLAIN SX10 WE SGW1000F-S1,ICE,2,2,2022-10,2023-01,22DA000000397938,2,"1) UNA UNIDAD VEHICULO UTILITARIO UTV, DE LA MARCA SEGWAY, MODELO; VILLAIN SX10 WE SGW1000F-S1 , COLOR; BLANCO/ROJO, MOTOR N. 293MY 2B080014, CHASSIS N. H0MSBWX56N8000308, 1000 CC, MODELO A¿O 2022"
KAWASAKI,KAWASAKI,(sin modelo),BRUTE FORCE 750,ICE,2,2,2022-10,2022-10,22DA000000406506,4,DE CILINDRADA INFERIOR O IGUAL A 1.000 CM3 EN ; UNA UND CUADRICICLO MODELO BRUTE FORCE 750 MARCA KAWASAKI A¿O DE FABRICACION 2022 MODELO A¿O 2023 CON SUS ACCESORIOS NORMALES
TOYOTA,TOYOTA,(sin modelo),MARK X 250G,ICE,2,2,2022-10,2024-12,22DA000000423579,2,1 UNA UNIDAD DE AUTOMVOIL USADO MARCA TOYOTA MODELO MARK X 250G A¿O 2010 COLOR PERLA
SEGWAY,SEGWAY,(sin modelo),FUGLEMAN UT10 E SGW1000F-U1,ICE,2,2,2022-10,2023-01,22DA000000397938,3,"1) UNA UNIDAD VEHICULO UTILITARIO UTV, DE LA MARCA SEGWAY, MODELO; FUGLEMAN UT10 E SGW1000F-U1 , COLOR; NEGRO/VERDE, MOTOR N. 293MY-1 2A050042, CHASSIS N. H0MUBWX19N8002298, 1000 CC, A¿O 2022"
CITROEN,CITROEN,(sin modelo),BERLINGO,ICE,2,2,2022-10,2024-03,22DA000000417943,1,UNA UNIDAD DE VEHICULO USADO MARCA CITROEN MODELO BERLINGO A¿O 2011 COLOR BLANCO
BMW,BMW,(sin modelo),325,ICE,2,2,2022-11,2023-07,22DA000000425250,1,( 1 ) UNA UNIDAD AUTOMOVIL MARCA BMW MODELO 325 I A¿O 1989 COLOR ROJO ( USADO ) MOVIDO A NAFTA
TOYOTA,TOYOTA,(sin modelo),SIENNA XLE,ICE,2,2,2022-11,2022-11,22DA000000426861,3,UN STATION WAGON USADO MARCA: TOYOTA MODELO: SIENNA XLE A¿O: 2014 COLOR: GRIS
MERCEDES-BENZ,MERCEDES-BENZ,2022,AMG GLE 53 4MATIC+,ICE,2,2,2022-11,2022-11,22DA000000429634,1,"1 UNID CAMIONETA, MARCA: MERCEDES BENZ, TIPO: AMG GLE 53 4MATIC+, A¿O MODELO: 2022 CON SUS ACCESORIOS NORMALES Y CORRESPONDIENTES.-"
ALFA ROMEO,ALFA ROMEO,(sin modelo),159,ICE,2,2,2022-11,2023-03,22DA000000435443,1,1 UNA UNIDAD DE AUTOMOVIL USADO MARCA ALFA ROMEO MODELO 159 A¿O 2006 COLOR ROJO
CHERY,CHERY,2023,T7 PRO,ICE,2,2,2022-11,2022-11,22DA000000457489,1,UNA UNIDAD STATION WAGON MARCA CHERY T7 PRO 1.5TCI CVT COMFORT A¿O MODELO 2023
FIAT,FIAT,(sin modelo),500,ICE,2,2,2022-11,2024-06,22DA000000459070,1,"01) UNA UNIDAD DE AUTOMOVIL USADO MARCA FIAT MODELO 500 A¿O 2.009 NAFTERO CON CHASSIS NRO: ZFA31200000314600, COLOR ROJO.-"
MERCEDES-BENZ,MERCEDES-BENZ,(sin modelo),508D,ICE,2,2,2022-11,2023-08,22DA000000438084,1,"CHASIS CON MOTOR Y CABINA; EN: 01 - UNIDAD DE CHASIS CON MOTOR Y CABINA, MARCA: MERCEDES BENZ; MODELO: 508D ; COLOR: AZUL ; A¿O: 1992, CHASSIS NRO: WDB6673011N003078.-"
SCANIA,SCANIA,(sin modelo),R114,ICE,2,2,2022-11,2023-02,22DA000000438084,2,"CHASIS CON MOTOR Y CABINA; EN: 01 - UNIDAD DE CHASIS CON MOTOR Y CABINA, MARCA: SCANIA ; MODELO: R114 ; COLOR: VERDE ; A¿O: 1998, CHASSIS NRO: XLER6X40004395695.-"
KAWASAKI,KAWASAKI,2023,MULE PRO,ICE,2,2,2022-11,2022-11,22DA000000449195,3,1 UNID. VEHICULO UTILITARIO MARCA KAWASAKI MODELO MULE PRO A¿O FABRICACION 2022 A¿O MODELO 2023
KIA,KIA,(sin modelo),FORTE KOUP,ICE,2,2,2022-12,2025-02,22DA000000345312,9,UN AUTOMOVIL USADO MARCA KIA MODELO FORTE KOUP A¿O 2.011.-
MAZDA,MAZDA,CX-5 6AT 2,CX-5 6AT,ICE,2,2,2022-12,2026-04,22DA000000352088,1,"01) UNA UNIDAD DE STATION WAGON MARCA MAZDA MODELO CX-5 6AT 2.0G 2WD CORE, ANO 2023 CON SUS ACCESORIOS CORRESPONDIENTES"
TOYOTA,TOYOTA,(sin modelo),COROLA RUNX,ICE,2,2,2022-12,2023-05,22DA000000362213,5,VEHICULO USADO AUTOMOVIL MARCA TOYOTA MODELO COROLA RUNX A¿O 2006 MOVIDO A GASOLINA
LAND ROVER,LAND ROVER,NEW RANGE ROVER SPORT 3,NEW RANGE ROVER SPORT,OTHERS,2,2,2022-12,2023-02,22DA000000377282,1,UNA UNIDAD STATION WAGON MARCA LAND ROVER MODELO NEW RANGE ROVER SPORT 3.0L T/C PETROL MILD HYBRID ELECTRIC VEHICLE AWD 5 DOOR AUTO 400PS DYNAMIC HSE A¿O MODELO 2023
TOYOTA,TOYOTA,(sin modelo),ALION,ICE,2,2,2022-12,2024-02,22DA000000379636,10,01) UN AUTOMOVIL USADO MARCA TOYOTA MODELO ALION A¿O 2003.-
AUDI,AUDI,(sin modelo),Q2,ICE,2,2,2022-12,2022-12,22DA000000381630,1,1 ( UN) VEHICULO AUDI Q2 1.4 TFSI S LINE BLANCO GLACIAR METALIZADO CHASIS N. WAUZZZGAXPA003490
FIAT,FIAT,(sin modelo),PUNTO,ICE,2,2,2022-12,2024-10,22DA000000382551,1,1 UNA UNIDAD AUTOMOVIL USADO MARCA FIAT MODELO PUNTO A¿O 2003 COLOR ROJO.-
MERCEDES-BENZ,MERCEDES-BENZ,(sin modelo),SPRINTER 319 CDI,ICE,2,2,2022-12,2022-12,22DA000000358140,1,1 UNA UNIDAD FURGONETA NUEVO MARCA MERCEDES BENZ MODELO SPRINTER 319 CDI A¿O 2022 COLOR GRIS.-
FORD,FORD,(sin modelo),F150 XLT,ICE,2,2,2022-12,2023-09,22DA000000361610,1,01) UNA UNIDAD PICKIP USADO MARCA FORD MODELO F150 XLT A¿O 2018
MERCEDES-BENZ,MERCEDES-BENZ,(sin modelo),1214,ICE,2,2,2022-12,2022-12,22DA000000363525,1,UNA UNIDAD DE CAMION MARCA MERCEDES BENZ MODELO 1214 A¿O 1997 ORIGEN BRASIL COLOR BLANCO
MERCEDES-BENZ,MERCEDES-BENZ,2022,ATEGO 1418/48,ICE,2,2,2022-12,2023-01,22DA000000370855,1,"1 UNID CAMION, MARCA: MERCEDES BENZ, TIPO: ATEGO 1418/48, 4X2 A¿O DE FABRICACION: 2022, MODELO: 2022, CON SUS ACCESORIOS NORMALES Y CORRESPONDIENTES.-"
MINI,MINI,(sin modelo),COOPER D,ICE,2,2,2023-01,2025-04,23DA000000005136,4,01) UNA UNIDAD VEHICULO USADO MINI COOPER D A¿O 2012
LAND ROVER,LAND ROVER,(sin modelo),FREELANDER 2,ICE,2,2,2023-01,2025-02,23DA000000005136,10,01) UNA UNIDAD VEHICULO USADO LAND ROVER FREELANDER 2 A¿O 2009
BMW,BMW,(sin modelo),X3 XDRIVE20D,ICE,2,2,2023-01,2024-12,23DA000000028958,1,"1 UNIDAD DE STATION WAGON MARCA: BMW, MODELO; X3 XDRIVE20D"
TOYOTA,TOYOTA,(sin modelo),HILUIX SURF,ICE,2,2,2023-01,2025-05,23DA000000034281,3,1 UNA UNIDAD DE STATION WAGON USADO MARCA TOYOTA MODELO HILUIX SURF A¿O 2001 COLOR BURDEO
VOLVO,VOLVO,(sin modelo),S40,ICE,2,2,2023-02,2025-07,23DA000000124486,3,01) UN AUTOMOVIL USADO MARCA: VOLVO MODELO S40 A¿O: 2005 MOVIDO A DIESEL.1
FORD,FORD,(sin modelo),MONDEO,ICE,2,2,2023-02,2023-11,23DA000000124486,4,01) UN AUTOMOVIL USADO MARCA: FORD MODELO: MONDEO A¿O: 2004 MOVIDO A GASOLINA
MITSUBISHI FUSO,MITSUBISHI FUSO,2022,FE84CE6L,ICE,2,2,2023-02,2023-02,23DA000000111195,2,"1 UNID CAMION, MARCA: MITSUBISHI FUSO, TIPO: FE84CE6L, A¿O DE FABRICACION: 2021, A¿O MODELO: 2022 CON SUS ACCESORIOS NORMALES Y CORRESPONDIENTES.-"
MERCEDES-BENZ,MERCEDES-BENZ,(sin modelo),SPRINTER F-3665 416 CDI,ICE,2,2,2023-02,2023-02,23DA000000122651,2,"1 UNID FURGON, MARCA: MERCEDES BENZ, TIPO: SPRINTER F-3665 416 CDI, A¿O DE FABRICACION: 2022, MODELO A¿O: 2023 CON SUS ACCESORIOS NORMALES Y CORRESPONDIENTES.-"
GAC,GAC,NEW GS8 2,NEW GS8,ICE,2,2,2023-03,2023-03,23DA000000067898,6,"LOS DEMAS; EN: AUTOMOVIL TIPO STATION WAGON, MODELO NEW GS8 2.0T GDI AT GT, 4 X 4, NAFTERO, ANO DE FABRICACION 2022, ANO MODELO 2023, CON AIRE ACONDICIONADO Y DEMAS ACCESORIOS.-"
MERCEDES-BENZ,MERCEDES-BENZ,(sin modelo),GLE 450 4MATIC,PHEV,2,2,2023-03,2023-03,23DA000000072309,2,UN STATION WAGON NUEVO MARCA MERCEDES BENZ MODELO GLE 450 4MATIC A¿O 2.023.-
MERCEDES-BENZ,MERCEDES-BENZ,(sin modelo),SLK230 KOMPRESSOR,ICE,2,2,2023-03,2025-05,23DA000000074014,5,01 UNA UNIDAD AUTOMOVIL USADO MARCA MERCEDES BENZ MODELO SLK230 KOMPRESSOR A¿O 1999 COLOR ROJO
TOYOTA,TOYOTA,(sin modelo),PRMIO,ICE,2,2,2023-03,2025-05,23DA000000083301,7,1- UNA UNIDAD DE AUTOMOVIL USADO DE LA MARCA TOYOTA MODELO PRMIO A¿O 2003
KIA,KIA,(sin modelo),TUCSON,ICE,2,2,2023-03,2023-11,23DA000000083827,2,UN ST.WAGON USADO MARCA KIA MODELO TUCSON A¿O 2011
AUDI,AUDI,RSQ8 4,RSQ8,ICE,2,2,2023-03,2023-11,23DA000000084291,1,"1) UNIDAD VEHICULO DE LA MARCA AUDI TIPO CAMIONETA MODELO RSQ8 4.0 TFSI, A¿O DE FABRICACION 2022; MODELO A¿O 2023, CON SUS ACCESORIOS NORMALES Y OPCIONALES.-"
SUBARU,SUBARU,(sin modelo),IMPREZA WRX STI RALLY,ICE,2,2,2023-03,2023-03,23DA000000136760,1,"AUTOMOVIL MARCA SUBARU MODELO IMPREZA WRX STI RALLY N4 08 TIPO I A¿O 2008, CHASIS NO GRB002523 Y MOTOR NO D-287066"
CHEVROLET,CHEVROLET,(sin modelo),TRACKER LT,ICE,2,2,2023-03,2023-03,23DA000000152471,1,"VEHICULO DE USO MIXTO, MARCA CHEVROLET TRACKER LT, CERO KILOMETRO, 5 PUERTAS, CAPACIDAD 5 PASAJEROS, MOTOR 1.4L, TURBO FLEX FUEL A, GASOLINA O ETANOL, 4 CILINDRO, 1399CM3, 16 VALVULAS, A¿O MOD. 2017,"
FORD,FORD,(sin modelo),THUNDERBIRD,ICE,2,2,2023-03,2024-11,23DA000000162272,2,AUTOMOVIL MARCA: FORD THUNDERBIRD VIN: 1Z37J4S434549
ISUZU,ISUZU,(sin modelo),ELF CUSTOM,ICE,2,2,2023-03,2023-12,23DA000000066095,4,01- UNA UNIDAD DE CAMION VOLQUETE USADO MARCA ISUZU MODELO ELF CUSTOM A¿O 2005
KAWASAKI,KAWASAKI,2023,MULE SX,ICE,2,2,2023-03,2023-03,23DA000000085678,9,1 UNID. VEHICULO UTILITARIO MARCA KAWASAKI MODELO MULE SX A¿O FABRICACION 2022 A¿O MODELO 2023
MERCEDES-BENZ,MERCEDES-BENZ,(sin modelo),L1620,ICE,2,2,2023-03,2023-03,23DA000000171989,2,"UNA UNIDAD CAMION MARCA MERCEDES BENZ, MODELO L1620, BUSCALANTE, ANHO 2003/2003, CHASIS N 9BM6953013B333478, BRASIL"
TOYOTA,TOYOTA,ALLION 2,ALLION,ICE,2,2,2023-04,2026-03,23DA000000043235,1,UN AUTOMOVIL USADO MARCA TOYOTA MODELO ALLION 2.004.-
MERCEDES-BENZ,MERCEDES-BENZ,(sin modelo),A220,ICE,2,2,2023-04,2025-12,23DA000000047944,1,"UNA UNIDAD AUTOMOVIL USADO , MARCA: MERCEDES BENZ MODELO: A220 A¿O: 2021"
JETOUR,JETOUR,(sin modelo),X-1,ICE,2,2,2023-04,2023-12,23DA000000055815,4,LOS DEMAS AUTOMOVILES MARCA JETOUR X-1
MERCEDES-BENZ,MERCEDES-BENZ,(sin modelo),E350 BLUETEC,ICE,2,2,2023-04,2024-09,23DA000000060308,1,01) UN AUTOMOVIL USADO MARCA: MERCEDES BENZ MODELO: E350 BLUETEC A¿O: 2013 MOVIDO A DIESEL.-
MERCEDES-BENZ,MERCEDES-BENZ,(sin modelo),614,ICE,2,2,2023-04,2023-04,23DA000000038653,1,01) UN CAMION FRIGORIFICO USADO MARCA: MERCEDES BENZ MODELO: 614 A¿O: 1998 MOVIDO A DIESEL.-
CHEVROLET,CHEVROLET,(sin modelo),MONTANA LT,ICE,2,2,2023-04,2026-05,23DA000000042973,2,"1 UNID. CAMIONETA DE CARGA, CABINA DOBLE, MARCA CHEVROLET, MOD. MONTANA LT 5B43BP, MOTOR FLEX E100 3 CIL, 1.2L TURBO, A¿O DE FAB. 2023, MOD. A¿O 2023, C/ACC. NORMALES Y OPCIONALES.-"
BESTUNE,BESTUNE,(sin modelo),T77 PRO,ICE,2,2,2023-05,2023-05,23DA000000195623,2,STATION WAGON BESTUNE T77 PRO DCT LUXURY
MERCEDES-BENZ,MERCEDES-BENZ,2023,C 200,ICE,2,2,2023-05,2023-06,23DA000000201866,1,"1 UNID AUTOMOVIL, MARCA: MERCEDES BENZ, TIPO: C 200, A¿O DE FABRICACION: 2022, A¿O MODELO: 2023 CON SUS ACCESORIOS CORRESPONDIENTES.-"
HYUNDAI,HYUNDAI,(sin modelo),GENESIS,ICE,2,2,2023-05,2025-06,23DA000000203806,4,1 UNA UNIDAD DE STATION WAGON USADO MARCA HYUNDAI MODELO GENESIS A¿O 2010 COLOR GRIS
TOYOTA,TOYOTA,(sin modelo),RUNX Z,ICE,2,2,2023-05,2024-04,23DA000000204498,10,"UNA UNIDAD DE AUTOMOVIL USADO, MARCA TOYOTA MODELO RUNX Z A¿O 2004.-"
RENAULT,RENAULT,CLIO INTENS 1,CLIO INTENS,ICE,2,2,2023-05,2023-05,23DA000000206296,2,1 UNIDAD AUTOMOVIL 0KM MARCA RENAULT MODELO CLIO INTENS 1.0
LAND ROVER,LAND ROVER,NEW RANGE ROVER SPORT 3,NEW RANGE ROVER SPORT,PHEV,2,2,2023-05,2023-10,23DA000000208215,1,UNA UNIDAD STATION WAGON MARCA LAND ROVER MODELO NEW RANGE ROVER SPORT 3.0 LITRE T/C PETROL PLUG-IN HYBRID ELECTRIC VEHICLE AWD 5 DOOR AUTO 510 PS DYNAMIC HSE A¿O MODELO 2023
RENAULT,RENAULT,(sin modelo),MEGANE,BEV,2,2,2023-05,2023-05,23DA000000211159,5,1) UNA UNIDAD DE AUTOMOVIL USADO MARCA RENAULT MODELO MEGANE A¿O 2020
RENAULT,RENAULT,(sin modelo),ZOE,BEV,2,2,2023-05,2023-05,23DA000000211159,1,1) UNA UNIDAD DE AUTOMOVIL USADO MARCA RENAULT MODELO ZOE A¿O 2019
CADILLAC,CADILLAC,(sin modelo),ATS,ICE,2,2,2023-05,2025-05,23DA000000221301,1,UNA UNIDAD DE AUTOMOVIL USADO MARCA CADILLAC MODELO ATS A¿O 2013
MERCEDES-BENZ,MERCEDES-BENZ,2024,ATEGO 2430/54,ICE,2,2,2023-05,2023-07,23DA000000203842,1,"1 UNID CAMION, MARCA: MERCEDES BENZ, TIPO: ATEGO 2430/54 6X2, A¿O DE FABRICACION: 2023, A¿O MODELO: 2024, CON SUS ACCESORIOS NORMALES Y CORRESPONDIENTES.-"
TOYOTA,TOYOTA,(sin modelo),VITS RS,ICE,2,2,2023-06,2026-09,23DA000000227888,2,UN AUTOMOVIL USADO MARCA TOYOTA MODELO VITS RS A¿O 2.001.-
BMW,BMW,(sin modelo),X5,PHEV,2,2,2023-06,2023-10,23DA000000248102,1,1 UNA UNIDAD STATION WAGON USADO MARCA BMW MODELO X5 A¿O 2023 COLOR GRIS OSCURO.-
MERCEDES-BENZ,MERCEDES-BENZ,(sin modelo),SLK,ICE,2,2,2023-06,2024-04,23DA000000254336,1,1) UNA UNIDAD DE VEHICULO USADO MARCA MERCEDES BENZ MODELO SLK A¿O 2012 COLOR BLANCO
FORD,FORD,(sin modelo),MUSTANG CONVERTIBLE,ICE,2,2,2023-06,2023-06,23DA000000260100,2,"01 AUTOMOVIL FORD MUSTANG CONVERTIBLE, A¿O 1973, COLOR VERDE, SERIE NRO. 155743"
MERCEDES-BENZ,MERCEDES-BENZ,(sin modelo),VARIO 814D,ICE,2,2,2023-06,2026-05,23DA000000253255,1,"LOS DEMAS VEHICULOS EN: UNA UNIDAD DE CAMION USADO, BLINDADO P/ EL TRASNPORTE DE MERCANCANCIAS MARCA: MERCEDES BENZ MODELO: VARIO 814D A¿O 2007 COLOR BLANCO"
QUANTUM,QUANTUM,2023,E4,BEV,2,2,2023-07,2023-07,23DA000000286709,2,01) UNA UNIDAD DE VEHICULO ELECTRICO MODELO E4 A¿O DE FABRICACION 2022 A¿O MODELO 2023 COLOR AZUL OSCURO CHASIS NRO 829UM4E29NC002390.-
BMW,BMW,(sin modelo),X7,ICE,2,2,2023-07,2025-02,23DA000000284503,2,VEHICULO CON CAPACIDAD DE TRANSPORTE DE PERSONAS EN; 01-UN VEHCIULO MARCA BMW MODELO X7 A¿O DE FAB. 2022 A¿O MOD. 2022 CON SUS ACCESORIOS CORRESPONDIENTES.
BMW,BMW,(sin modelo),116D,ICE,2,2,2023-07,2024-02,23DA000000291081,1,1 UNA UNIDAD AUTOMOVIL USADO MARCA BMW MODELO 116D A¿O 2009 COLOR BLANCO.-
MERCEDES-BENZ,MERCEDES-BENZ,(sin modelo),GLK 220 CDI,ICE,2,2,2023-07,2023-10,23DA000000289615,2,01 UNA UNIDAD DE STATION WAGON USADO MARCA MERCEDES BENZ MODELO GLK 220 CDI A¿O 2012
PEUGEOT,PEUGEOT,(sin modelo),208,ICE,2,2,2023-07,2023-07,23DA000000280531,1,UNA UNIDAD DE AUTOMOVIL MARCA PEUGEOT ORIGEN FRANCIA MODELO 208 A¿O 2022
TOYOTA,TOYOTA,(sin modelo),ALTEZZA,ICE,2,2,2023-07,2024-03,23DA000000305935,10,01) UNA UNIDAD DE VEHICULO USADO TOYOTA ALTEZZA 1998
OPEL,OPEL,(sin modelo),MOVANO,ICE,2,2,2023-07,2024-04,23DA000000323287,1,1) UNIDAD DE FURGON TIPO AMBULANCIA MARCA OPEL MODELO MOVANO A¿O 2003 CON SUS ACCESORIOS CORRESPONDIENTES
MERCEDES-BENZ,MERCEDES-BENZ,2023,AMG 53 4MATIC +,ICE,2,2,2023-07,2023-07,23DA000000313821,2,"1 UNID CAMIONETA, MARCA: MERCEDES BENZ, TIPO: AMG 53 4MATIC + COUPE, A¿O MODELO: 2023 CON SUS ACCESORIOS NORMALES Y CORRESPONDIENTES.-"
CHANGAN,CHANGAN,(sin modelo),E-STAR,BEV,2,2,2023-07,2023-09,23DA000000330583,1,"UNA UNIDAD DE VEHICULO NUEVO TIPO AUTOMOVIL MARCA CHANGAN MODELO E-STAR A¿O 2023, ELECTRICO"
CHEVROLET,CHEVROLET,(sin modelo),S10 Z71 148 ZKR,ICE,2,2,2023-07,2023-07,23DA000000292437,5,"1 UNID. CAMIONETA DE CARGA CABINA DOBLE, MARCA CHEVROLET, MOD. S10 Z71 148 ZKR 4X4, MOTOR DIESEL; 2.8L, 4 CIL., A¿O DE FAB. 2023, MOD. A¿O 2024, C/ACC. NORMALES Y OPCIONALES.-"
BMW,BMW,(sin modelo),X2,ICE,2,2,2023-08,2024-11,23DA000000517239,1,01) UNA UNIDAD VEHICULO USADO BMW X2 A¿O:2019.-
BMW,BMW,(sin modelo),X5 XDRIVE50E,PHEV,2,2,2023-08,2026-09,23DA000000555370,1,"1 UNIDAD DE STATION WAGON MARCA: BMW, MODELO:: X5 XDRIVE50E"
ISUZU,ISUZU,(sin modelo),BIGHORN,ICE,2,2,2023-08,2024-08,23DA000000568420,1,UN STATION WAGON USADO MARCA ISUZU MODELO BIGHORN A¿O 2002
NISSAN,NISSAN,(sin modelo),X-TRAIL DCI,ICE,2,2,2023-08,2024-04,23DA000000662891,4,UN STATION WAGON USADO MARCA NISSAN MODELO X-TRAIL DCI A¿O 2.008.-
GAC,GAC,NEW GS8 GX 2,NEW GS8 GX,ICE,2,2,2023-08,2023-08,23DA000000653780,10,"LOS DEMAS; EN: AUTOMOVIL TIPO STATION WAGON, MODELO NEW GS8 GX 2.0T NAFTA AT 4WD, ANO FABRICACION 2023, ANO MODELO 2024, 4 X 4, NAFTERO, CON AIRE ACONDICIONADO Y DEMAS ACCESORIOS.-"
BMW,BMW,(sin modelo),M240I,ICE,2,2,2023-08,2023-11,23DA000000667293,1,UNA (01) UNID. AUTOMOVIL USADO MARCA BMW MODELO M240I A¿O 2019 COLOR GRIS METALICO
RENAULT,RENAULT,(sin modelo),L1H1,ICE,2,2,2023-08,2023-08,23DA000000523953,1,1)UNA UNIDAD FURGON OKM;MARCA RENAULT;NUEVA MODELO L1H1 DIESEL PLUS
SCANIA,SCANIA,(sin modelo),94-220,ICE,2,2,2023-08,2024-06,23DA000000566468,1,1 UNA UNIDAD CAMION USADO MARCA SCANIA MODELO 94-220 A¿O 2001 COLOR BLANCO.-
BUICK,BUICK,(sin modelo),ENCLAVE,ICE,2,2,2023-09,2023-09,23DA000000718138,1,LOS DEMAS EN: (01) UN A UNIDAD TIPO STATION WAGON MARCA BUICK MODELO ENCLAVE A¿O 2018 COLOR GRIS DE 3600 C.C.
SUBARU,SUBARU,(sin modelo),IMPREZA WRX S4,ICE,2,2,2023-09,2026-04,23DA000000734950,3,"UNA UNIDAD DE AUTOMOVIL USADO, MARCA SUBARU MODELO IMPREZA WRX S4 A¿O 2015.-"
VOLVO,VOLVO,(sin modelo),C30,ICE,2,2,2023-09,2024-08,23DA000000751955,3,UNA UNID. AUTOMOVIL USADO MARCA VOLVO MODELO C30 A¿O 2011 COLOR BLANCO
HONDA,HONDA,(sin modelo),CITY EX,ICE,2,2,2023-09,2023-09,23DA000000753618,2,"QUE UTILICEN INDISTINTAMENTE LOS SIGUIENTES COMBUSTIBLES: GASOLINA (NAFTA) O ALCOHOL, DE LOS TIPOS DENOMINADOS ""FLEX FUEL"". SE TRATA DE: 1 UNIDAD VEHICULO TIPO AUTOMOVIL MOD. CITY EX"
MERCEDES-BENZ,MERCEDES-BENZ,(sin modelo),614 D,ICE,2,2,2023-09,2024-06,23DA000000746483,2,UNA UNIDAD CAMION USADO MARCA MERCEDES BENZ MODELO 614 D A¿O 2000
NISSAN,NISSAN,(sin modelo),ATLEON 120,ICE,2,2,2023-09,2025-11,23DA000000759914,2,01) UN CAMION CON CHASIS Y CABINA USADO MARCA: NISSAN MODELO: ATLEON 120 A¿O: 2002 MOVIDO A DIESEL.-
AUDI,AUDI,R8 COUPE 5,R8 COUPE,ICE,2,2,2023-10,2023-10,23DA000000771517,1,"1) UNIDAD VEHICULO DE LA MARCA AUDI TIPO AUTOMOVIL MODELO R8 COUPE 5.2 FSI V10 PERFORMANCE, A¿O DE FABRICACION 2023; MODELO A¿O 2023, CON SUS ACCESORIOS NORMALES Y OPCIONALES.-"
GREATWALL,GREATWALL,2023,(sin modelo),BEV,2,2,2023-10,2023-10,23DA000000786033,2,"LOS DEMAS VEHICULOS, PROPULSADOS UNICAMENTE CON MOTOR ELECTRICO. EN:(01)UNIDAD, FUNK CAT, CC7000BJ04BBEV, 2023 YEAR MODEL, 4X2, NEDC RANGE 500. VERSION:TOP. FABRICACION 2023 MODELO 2023."
MERCEDES-BENZ,MERCEDES-BENZ,(sin modelo),CLS320CDI,ICE,2,2,2023-10,2026-02,23DA000000787149,1,1 UNA UNIDAD AUTOMOVIL USADO MARCA MERCEDES BENZ MODELO CLS320CDI A¿O 2006 COLOR AZUL OSCURO
SEAT,SEAT,(sin modelo),LEON,ICE,2,2,2023-10,2024-09,23DA000000787731,2,1 UNA UNIDAD AUTOMOVIL USADO MARCA SEAT MODELO LEON A¿O 2000 COLOR AZUL.-
BMW,BMW,(sin modelo),435I,ICE,2,2,2023-10,2025-06,23DA000000781389,2,01) UNA UNIDAD AUTOMOVIL USADO MARCA BMW MODELO 435I A¿O 2016 COLOR GRIS
MERCEDES-BENZ,MERCEDES-BENZ,(sin modelo),GLK250,ICE,2,2,2023-10,2024-01,23DA000000781389,3,01) UNA UNIDAD STATION WAGON USADO MARCA MERCEDES BENZ MODELO GLK250 A¿O 2015 COLOR BLANCO
MERCEDES-BENZ,MERCEDES-BENZ,(sin modelo),C220 BLUETEC,ICE,2,2,2023-10,2026-02,23DA000000802459,6,1 UND AUTOMOVIL MODELO C220 BLUETEC A¿O 2015 COLOR PLATEADO
MERCEDES-BENZ,MERCEDES-BENZ,(sin modelo),GLC220D 4 MATIC,ICE,2,2,2023-10,2024-04,23DA000000802459,2,1 UND STATION WAGON MODELO GLC220D 4 MATIC A¿O 2016 COLOR BLANCO
HONDA,HONDA,(sin modelo),ENP1,BEV,2,2,2023-10,2023-10,23DA000000793993,11,"VEHICULO ELECTRICO, MARCA: HONDA MOD: ENP1 A¿O: 2023 COLOR: TURQUESA, CHASIS: LHGRS2838P8007016, ELECTRICO SUV"
FOTON,FOTON,(sin modelo),BJ6609U2DDA-E3,ICE,2,2,2023-10,2023-10,23DA000000782200,41,"01) UNA UNIDAD VEHICULO MARCA: FOTON MODELO: BJ6609U2DDA-E3 TIPO: CAMIONETA FURGON CON MOTOR DIESEL, TRANSMISION MECANICA, A¿O FABRICACI¿N: 2023, MODELO A¿O: 2024, CON SUS ACCESORIOS CORRESPONDIENTES."
SCANIA,SCANIA,(sin modelo),P94/300,ICE,2,2,2023-10,2024-09,23DA000000789754,1,1 UNA UNIDAD CAMION USADO MARCA SCANIA MODELO P94/300 A¿O 2001 COLOR AMARILLO.-
MITSUBISHI,MITSUBISHI,(sin modelo),L 200,ICE,2,2,2023-10,2025-08,23DA000000803713,5,01) UNA CAMIONETA USADO DOBLE CABINA MARCA MITSUBISHI MODELO L 200 A¿O 1999.-
MERCEDES-BENZ,MERCEDES-BENZ,(sin modelo),560SL,ICE,2,2,2023-11,2025-01,23DA000000811904,3,UN AUTOMOVIL USADO MARCA: MERCEDES BENZ MODELO: 560SL A¿O: 1987 COLOR: BLANCO
TOYOTA,TOYOTA,(sin modelo),PREMO,ICE,2,2,2023-11,2025-06,23DA000000809963,4,01) UNA UNIDAD DE VEHICULO USADO TOYOTA PREMO A¿O 2003
BMW,BMW,(sin modelo),550I,ICE,2,2,2023-11,2026-08,23DA000000811501,1,UN AUTOMOVIL USADO MARCA BMW MODELO 550I A¿O 2010
BMW,BMW,(sin modelo),650I,ICE,2,2,2023-11,2025-12,23DA000000811501,2,UN AUTOMOVIL USADO MARCA BMW MODELO 650I A¿O 2006
LAND ROVER,LAND ROVER,RANGE ROVER VELAR 3,RANGE ROVER VELAR,ICE,2,2,2023-11,2023-12,23DA000000829625,1,UNA UNIDAD STATION WAGON MARCA LAND ROVER MODELO RANGE ROVER VELAR 3.0 LITRE T/C PETROL MHEV AWD AUTO 5 DOOR 340PS R-DYNAMIC SE A¿O MODELO 2024
TOYOTA,TOYOTA,(sin modelo),M0DELO ALLION,ICE,2,2,2023-11,2023-11,23DA000000832555,3,UN AUTOMOVIL USADO MARCA TOYOTA M0DELO ALLION A¿O 2.008.-
LAND ROVER,LAND ROVER,F-PACE 2,F-PACE,PHEV,2,2,2023-11,2023-11,23DA000000831785,1,UNA UNIDAD STATION WAGON MARCA JAGUAR MODELO F-PACE 2.0 LITRE T/C PETROL PLUG-IN HYBRID ELECTRIC VEHICLE AWD 5 DOOR AUTO 404PS R-DYNAMIC SE A¿O MODELO 2024
FIAT,FIAT,(sin modelo),DOBLO,ICE,2,2,2023-11,2024-10,23DA000000833118,2,UNA UNIDAD ST. WAGON USADO MARCA: FIAT MODELO: DOBLO A¿O: 2006.
MITSUBISHI FUSO,MITSUBISHI FUSO,2024,FE84CE6L,ICE,2,2,2023-11,2023-11,23DA000000815078,1,"1 UNID CAMION, MARCA: MITSUBISHI FUSO, TIPO: FE84CE6L, A¿O DE FABRICACION: 2023, A¿O MODELO: 2024, CON SUS ACCESORIOS NORMALES Y CORRESPONDIENTES.-"
HINO,HINO,(sin modelo),RANGER,ICE,2,2,2023-11,2024-07,23DA000000842823,2,"1) UNA UNIDAD DE CAMION FURGON FRIGORIFICO USADO MARCA HINO, MODELO RANGER A¿O 1998 COLOR BLANCO.-"
MERCEDES-BENZ,MERCEDES-BENZ,(sin modelo),SPRINTER 316 CDI,ICE,2,2,2023-11,2025-03,23DA000000843314,1,1 (UN) MERCEDES BENZ SPRINTER 316 CDI - CHASIS: WDB9066371S654429
MERCEDES-BENZ,MERCEDES-BENZ,(sin modelo),313 CDI,ICE,2,2,2023-11,2024-10,23DA000000851675,1,1) UNA UNIDAD DE VEHICULO USADO MARCA MERCEDES BENZ MODELO 313 CDI A¿O 2006 COLOR GRIS
JETOUR,JETOUR,(sin modelo),X70 PLUS,ICE,2,2,2023-12,2024-01,23DA000000873461,1,"1) UNID. VEHICULO MARCA JETOUR MODELO, X70 PLUS A¿O 2022, CON SUS ACCESORIOS"
MERCEDES-BENZ,MERCEDES-BENZ,(sin modelo),E400,ICE,2,2,2023-12,2025-05,23DA000000907220,2,01) UNA UNIDAD AUTOMOVIL USADO MARCA MERCEDES BENZ MODELO E400 A¿O 2017 COLOR ROJO
BMW,BMW,(sin modelo),335I,ICE,2,2,2023-12,2024-07,23DA000000906812,1,1 UNA UNIDAD AUTOMOVIL USADO MARCA BMW MODELO 335I A¿O 2011 COLOR BLANCO.-
VOLKSWAGEN,VOLKSWAGEN,(sin modelo),T4,ICE,2,2,2023-12,2025-02,23DA000000864230,3,UN VEHICULO USADO MARCA VOLKSWAGEN MODELO T4 A¿O 1998 COLOR BLANCO
MITSUBISHI FUSO,MITSUBISHI FUSO,2024,FE84CB8L,ICE,2,2,2023-12,2023-12,23DA000000865242,2,"1 UNID CAMION, MARCA: MITSUBISHI FUSO, TIPO: FE84CB8L, A¿O DE FABRICACION: 2023, A¿O MODELO: 2024, CON SUS ACCESORIOS NORMALES Y CORRESPONDIENTES.-"
SCANIA,SCANIA,(sin modelo),P 280,ICE,2,2,2023-12,2023-12,23DA000000878752,1,UNA UNIDAD CAMION USADO MARCA SCANIA MODELO P 280 A¿O 2010 COLOR BLANCO
DODGE,DODGE,(sin modelo),RAM,ICE,2,2,2023-12,2025-04,23DA000000888868,1,UNA UNIDAD DE CAMIONETA USADA MARCA DODGE MODELO RAM A¿O 1998
SCANIA,SCANIA,(sin modelo),P94-300,ICE,2,2,2023-12,2024-06,23DA000000889565,1,1 UNA UNIDAD CAMION USADO MARCA SCANIA MODELO P94-300 A¿O 1998 COLOR ROJO.-
JEEP,JEEP,(sin modelo),WRANGLER SAHARA,PHEV,2,2,2024-01,2025-06,24DA000000008106,1,01) UN STATION WAGON NUEVO MARCA. JEEP MODELO: WRANGLER SAHARA A¿O: 2023 0KM HIBRIDO
MERCEDES-BENZ,MERCEDES-BENZ,(sin modelo),GLC,ICE,2,2,2024-01,2024-07,24DA000000002816,1,1) UNA UNIDAD DE STATION WAGON USADO MARCA MERCEDES BENZ MODELO GLC A¿O 2018 COLOR NEGRO
MERCEDES-BENZ,MERCEDES-BENZ,(sin modelo),E220CDI,ICE,2,2,2024-01,2024-11,24DA000000022728,1,1 UNA UNIDAD AUTOMOVIL USADO MARCA MERCEDES BENZ MODELO E220CDI A¿O 2006 COLOR PLATA.-
NISSAN,NISSAN,(sin modelo),FRAILADY 350Z,ICE,2,2,2024-01,2024-01,24DA000000020533,4,UN AUTOMOVIL USADO MARCA NISSAN MODELO FRAILADY 350Z A¿O 2.006.-
GREATWALL,GREATWALL,2024,(sin modelo),BEV,2,2,2024-01,2024-01,24DA000000022476,2,"LOS DEMAS VEHICULOS, PROPULSADOS UNICAMENTE CON MOTOR ELECTRICO. EN:(01)UNIDAD, FUNK CAT, CC7000BJ04BBEV, 2024 YEAR MODEL, 4X2, NEDC RANGE 500, VERSION:TOP. FABRICACION 2023 MODELO 2024."
DODGE,DODGE,(sin modelo),CHALLENGER SRT 392,ICE,2,2,2024-01,2024-01,24DA000000038383,12,LOS DEMAS EN: (01) UNA UNIDAD TIPO AUTOMOVIL MARCA DODGE MODELO CHALLENGER SRT 392 A¿O 2016 COLOR BLANCO
PEUGEOT,PEUGEOT,5008 GT LINE 1,5008 GT LINE,ICE,2,2,2024-01,2024-10,24DA000000032677,2,STATION WAGON PARA EL TRANSPORTE DE PERSONAS MARCA PEUGEOT MODELO 5008 GT LINE 1.6 THP 165 EAT6 CON SUS ACCESORIOS CORRESPONDIENTES
GREATWALL,GREATWALL,(sin modelo),POER PASSENGER,ICE,2,2,2024-01,2024-01,24DA000000023440,2,"LOS DEMAS. VEHICULOS PARA EL TRANSPORTE DE MERCANCIAS. EN:(01)UNIDAD, GREAT WALL POER PASSENGER,CC1033QS62C (EURO IV), DOUBLE CABIN, DIESEL ENGINE GW4D20M, 8AT, 4X4, 2024 YEAR MODEL. VERSION:SUPER LUX"
NISSAN,NISSAN,(sin modelo),EBRO,ICE,2,2,2024-01,2024-10,24DA000000016335,1,01 VEHICULO USADO TIPO CAMION CON CHASIS MOTOR Y CABINA MARCA NISSAN MODELO EBRO A¿O 1990 MOVIDO A DIESEL
MITSUBISHI,MITSUBISHI,(sin modelo),FUSO CANTER GUTS CUSTOM,ICE,2,2,2024-01,2024-08,24DA000000019980,7,UN CAMION USADO MARCA MITSUBISHI MODELO FUSO CANTER GUTS CUSTOM A¿O 2.005.- (CON MOTOR 3.000 CC)
POLARIS,POLARIS,(sin modelo),MODEO,ICE,2,2,2024-01,2024-08,24DA000000042809,1,"1) UNA UNIDAD VEHICULO UTILITARIO UTV, DE LA MARCA POLARIS MODEO: RGR-24,1K, COLOR GRIS, FABRICACION 2023, MODELO A¿O 2024, MOTOR N. 1205831821919 , SERIAL N. 4XAT6E992R8456064"
CHEVROLET,CHEVROLET,(sin modelo),"TRACKER,5A76BR",ICE,2,2,2024-02,2024-02,24DA000000048758,3,"1 UNID. VEHICULO STATION WAGON MARCA CHEVROLET, MOD. TRACKER,5A76BR, PASAJERO, 5 LUG. 5 PUERTAS, MOTOR FLEX E100 3CIL. 1.2L TURBO, A¿O DE FAB. 2024, MOD. A¿O 2024, C/ACC. NORMALES Y OPCIONALES."
POLARIS,POLARIS,(sin modelo),RZR 2264 T,ICE,2,2,2024-02,2024-02,24DA000000049095,1,") UNA UNIDAD VEHICULO UTILITARIO DE LA MARCA POLARIS, MODELO; RZR 2264 T, COLOR BLANCO, A¿O DE FABRICACION ; 2022, MODELO DEL A¿O: 2022, MOTOR N. 0120864474745, SERIAL N. 3NSRAE922NF359248"
TOYOTA,TOYOTA,(sin modelo),MODEO ALLION,ICE,2,2,2024-02,2024-02,24DA000000058595,2,UN VEHICULO USADO TIPO AUTOMOVIL MARCA TOYOTA MODEO ALLION A¿O 2004 MOVIDO A GASOLINA
TOYOTA,TOYOTA,(sin modelo),MODEO GRAND HIACE,ICE,2,2,2024-02,2024-02,24DA000000058595,6,UN VEHICULO USADO TIPO STATION WAGON MARCA TOYOTA MODEO GRAND HIACE A¿O 2001 MOVIDO A DIESEL
KAWASAKI,KAWASAKI,2024,TERYX KRX4,ICE,2,2,2024-02,2024-02,24DA000000059074,3,1 UNID. VEHICULO DE RECREACION MARCA KAWASAKI MODELO TERYX KRX4 A¿O DE FABRICACION 2023 A¿O MODELO 2024
PEUGEOT,PEUGEOT,2008 ACTIVATE 1,2008 ACTIVATE,ICE,2,2,2024-02,2024-02,24DA000000065477,2,STATION WAGON PARA EL TRANSPORTE DE PERSONAS MARCA PEUGEOT MODELO 2008 ACTIVATE 1.6 FLEX 115HP AT6 CON SUS ACCESORIOS CORRESPONDIENTES
MERCEDES-BENZ,MERCEDES-BENZ,2024,E 220 D,ICE,2,2,2024-02,2024-02,24DA000000062185,2,"1 UNID AUTOMOVIL, MARCA MERCEDES BENZ, TIPO E 220 D, AO DE FABRICACION 2023, AO MODELO 2024, CON SUS ACCESORIOS NORMALES Y CORRESPONDIENTES"
TOYOTA,TOYOTA,(sin modelo),VOXI,ICE,2,2,2024-02,2024-07,24DA000000069115,1,01 VEHICULO USADO TIPO STATION WAGON DE LA MARCA TOYOTA MODELO VOXI A¿O 2008 MOVIDO A GASOLINA
BMW,BMW,(sin modelo),528I,ICE,2,2,2024-02,2025-01,24DA000000083956,1,UN AUTOMOVIL USADO MARCA BMW MODELO 528I A¿O 2.011.-
TOYOTA,TOYOTA,(sin modelo),CROWN ATHELE,ICE,2,2,2024-02,2026-04,24DA000000087236,6,01) UNA UNIDAD DE VEHICULO USADO TOYOTA CROWN ATHELE AO 2004
NISSAN,NISSAN,(sin modelo),STAGEA,ICE,2,2,2024-02,2024-03,24DA000000082810,4,1 UND STATION WAGON MODELO STAGEA A¿O 2001 COLOR PLATEADO
NISSAN,NISSAN,(sin modelo),SILVIA S15,ICE,2,2,2024-02,2026-09,24DA000000087257,4,1 UNIDAD DE AUTOMOVIL USADO NISSAN SILVIA S15 A¿O 2001 CHASIS:S15-029552 2000CC COLOR:PLATA
MERCEDES-BENZ,MERCEDES-BENZ,(sin modelo),SPRINTER 311,ICE,2,2,2024-02,2025-10,24DA000000049028,1,1 UNIDAD FURGONETA MARCA MERCEDES BENZ MODELO SPRINTER 311 A¿O 2011
MITSUBISHI,MITSUBISHI,(sin modelo),FIGHTER,ICE,2,2,2024-02,2024-11,24DA000000085771,6,UNA UNIDAD DE VEHICULO USADO TIPO CAMION MARCA MITSUBISHI MODELO FIGHTER A¿O 2005 MOVIDO A DIESEL
BMW,BMW,(sin modelo),330I,ICE,2,2,2024-03,2024-12,24DA000000097655,2,UN AUTOMOVIL USADO MARCA: BMW MODELO: 330I A¿O: 2020 COLOR: BLANCO
JEEP,JEEP,(sin modelo),WRANGLER UNLIMITED SAHARA,ICE,2,2,2024-03,2026-06,24DA000000101854,12,UN STATION WAGON USADO MARCA JEEP MODELO WRANGLER UNLIMITED SAHARA A¿O 2.015.-
MERCEDES-BENZ,MERCEDES-BENZ,(sin modelo),CLS 350,ICE,2,2,2024-03,2025-02,24DA000000114505,1,1 UNIDAD DE AUTOMOVIL USADO MERCEDES-BENZ CLS 350 A¿O:2012 COLOR:PLATA VIN:WDDLJ5KB8CA042216 CHOCADO
HONDA,HONDA,(sin modelo),RIDGELINE,ICE,2,2,2024-03,2025-12,24DA000000106022,1,UNA UNIDAD CAMIONETA USADA; MARCA: HONDA MODELO: RIDGELINE A¿O: 2006
NISSAN,NISSAN,(sin modelo),SKYLINE R33,ICE,2,2,2024-04,2025-01,24DA000000150474,1,1 UNIDAD DE AUTOMOVIL USADO NISSAN SKYLINE R33 A¿O 1993 2500CC COLOR:NEGRO CHASIS:ECR33-013387
NISSAN,NISSAN,(sin modelo),SKYLINE R34 GT,ICE,2,2,2024-04,2025-07,24DA000000161069,2,1 UNIDAD DE AUTOMOVIL USADO NISSAN SKYLINE R34 GT A¿O 2000 2500CC COLOR:PLATA CHASIS:ER34-029924
JETOUR,JETOUR,X70PLUS 1,X70PLUS,ICE,2,2,2024-04,2024-09,24DA000000170146,1,DE CILINDRADA SUPERIOR A 1.000 CM3. PERO INFERIOR O IGUAL A 1500CC EN:UN VEHICULO MARCA JETOUR MODELO X70PLUS 1.5T 6DCT-II A¿O DE FAB 2023 MOD A¿O 2024 CON SUS ACCESORIOS NORMALES.-
SUBARU,SUBARU,(sin modelo),IMPREZA XV,ICE,2,2,2024-05,2025-12,24DA000000198070,7,01 (UNA) UNIDAD STATION WAGON USADO MARCA SUBARU MODELO IMPREZA XV A¿O DE FABRICACION 2010 MOVIDO A GASOLINA COLOR ROJO
RENAULT,RENAULT,NUEVA DUSTER INTENSE CVT 1,NUEVA DUSTER INTENSE CVT,ICE,2,2,2024-05,2024-05,24DA000000205706,6,1 UND) STATION WAGON 0KM MARCA RENAULT MODELO NUEVA DUSTER INTENSE CVT 1.6
MERCEDES-BENZ,MERCEDES-BENZ,2024,GLC 200 D,ICE,2,2,2024-05,2024-05,24DA000000209220,1,"1 UNID CAMIONETA, MARCA MERCEDES BENZ, TIPO GLC 200 D, AO DE FABRICACION 2024, AO MODELO 2024, CON SUS ACCESORIOS NORMALES Y CORRESPONDIENTES.-"
MERCEDES-BENZ,MERCEDES-BENZ,GLS 450 D 4MATIC CON,GLS 450 D 4MATIC,ICE,2,2,2024-05,2026-02,24DA000000206317,9,1) UNA UNIDAD VEHICULO MARCA MERCEDES BENZ MODELO: GLS 450 D 4MATIC CON VIN NO: W1NFF3DE0RB169591 Y MOTOR NO: 65683080020978 A¿O MODELO: 2024.---
GAC,GAC,EMKOO GS 1,EMKOO GS,ICE,2,2,2024-05,2024-05,24DA000000213654,2,"LOS DEMAS; EN: AUTOMOVIL TIPO STATION WAGON, MODELO EMKOO GS 1.5 TB AT, 4X2, NAFTERO, ANO FABRICACION 2023, ANO MODELO 2024, CON AIRE ACONDICIONADO Y DEMAS ACCESORIOS.-"
TOYOTA,TOYOTA,(sin modelo),IUST,ICE,2,2,2024-05,2024-05,24DA000000207727,1,01) UN AUTOMOVIL USDO MARCA: TOYOTA MODELO: IUST A¿O: 2004 MOVIDO A GASOLINA
SCANIA,SCANIA,(sin modelo),R114 380,ICE,2,2,2024-05,2024-08,24DA000000180139,1,UNA UNIDAD DE CAMION USADO MARCA SCANIA MODELO R114 380 A¿O 2002 COLOR BLANCO
SCANIA,SCANIA,(sin modelo),P94 220,ICE,2,2,2024-05,2025-06,24DA000000222835,1,UNA UNIDAD DE CAMION SCANIA MODELO MODELO P94 220 A¿O 1996 COLOR BLANCO CON CHASSIS NUMERO XLEP4X200T436775
SUBARU,SUBARU,(sin modelo),LEVORG,ICE,2,2,2024-06,2026-04,24DA000000227864,1,"UNA UNIDAD DE STATION WAGON USADO, MARCA SUBARU MODELO LEVORG A¿O 2014.-"
JIANSHE,JIANSHE,(sin modelo),JL150ST,ICE,2,2,2024-06,2024-06,24DA000000259294,80,01) UN CUATRICICLO USADO MARCA: JIANSHE MODELO: JL150ST A¿O: 2008 MOVIDO A GASOLINA
RENAULT,RENAULT,(sin modelo),MEGANE,ICE,2,2,2024-06,2024-12,24DA000000253804,1,1 UNA UNIDAD AUTOMOVIL USADO MARCA RENAULT MODELO MEGANE A¿O 2003 COLOR AZUL.-
TOYOTA,TOYOTA,(sin modelo),V ITZ,ICE,2,2,2024-06,2024-09,24DA000000263528,7,01) UNA UNIDAD DE VEHICULO USADO MARCA TOYOTA MODELO V ITZ A¿O 2008
KAWASAKI,KAWASAKI,2024,MULE PRO,ICE,2,2,2024-06,2024-06,24DA000000235502,1,1 UNID. VEHICULO UTILITARIO MARCA KAWASAKI MODELO MULE PRO A¿O FABRICACION 2023 A¿O MODELO 2024 CON SUS ACCESORIOS NORMALES
CHEVROLET,CHEVROLET,(sin modelo),S10 WORK,ICE,2,2,2024-06,2024-06,24DA000000247321,2,CAMIONETA CHEVROLET S10 WORK 4X4 2.8 DIESEL M/T DOBLE CABINA
KIA,KIA,(sin modelo),PORTER II,ICE,2,2,2024-06,2025-12,24DA000000241789,2,01 VEHICULO USADO TIPO CAMION DOBLE CABINA MARCA KIA MODELO PORTER II A¿O 2004 MOVIDO A DIESEL
TOYOTA,TOYOTA,(sin modelo),CANTER,ICE,2,2,2024-06,2026-07,24DA000000258951,3,01 UNA UNIDAD CAMION TUMBAR USADO MITSUBISHI TOYOTA MODELO CANTER A¿O 1994 COLOR BLANCO
AUDI,AUDI,(sin modelo),A3,ICE,2,2,2024-07,2025-05,24DA000000277299,1,1 UNA UNIDAD DE AUTOMOVIL USADO MARCA AUDI MODELO A3 A¿O 2010 COLOR PLATA
TESLA,TESLA,Model Y,MODEL Y LONG RANGE,BEV,2,2,2024-07,2025-11,24DA000000279398,1,AUTOMOVILES PARA TURISMO Y DEMAS VEHICULOS CONCEBIDOS PARA EL TRANSPORTE DE PERSONAS. LOS DEM¿S VEH¿CULOS PROPULSADOS ¿NICAMENTE CON MOTOR ELECTRICO. 2024 TESLA Y LONG RANGE VIN:7SAYGDEE0RA227987
CFMOTO,CFMOTO,(sin modelo),CF800SZ-2,ICE,2,2,2024-07,2024-07,24DA000000281024,6,1 UNIDAD VEHICULO ATV TODO TERRENO MARCA CFMOTO;MODELO CF800SZ-2; COLOR GRIS; A¿O 2024;MOTOR 2V91W-B RJ193066;CHASIS LCELVYZP7R6000730
MERCEDES-BENZ,MERCEDES-BENZ,(sin modelo),C200 KOMPRESSOR,ICE,2,2,2024-07,2025-09,24DA000000276054,2,01 UNA UNIDAD AUTOMOVIL USADO MARCA MERCEDES BENZ MODELO C200 KOMPRESSOR A¿O 2001 COLOR BLANCO
DODGE,DODGE,(sin modelo),DURANGO,ICE,2,2,2024-07,2025-12,24DA000000302019,1,1 UND STATION WAGON MARCA DODGE MODELO DURANGO A¿O 2010 USADO
MAZDA,MAZDA,(sin modelo),AXELA SPORT,ICE,2,2,2024-07,2025-04,24DA000000295374,7,UN AUTOMOVIL USADO MARCA MAZDA MODELO AXELA SPORT A¿O 2.015.-
TOYOTA,TOYOTA,(sin modelo),MARK-X,ICE,2,2,2024-07,2024-10,24DA000000289996,3,TOYOTA MARK-X 2012.-
LAND ROVER,LAND ROVER,(sin modelo),FREELANDER,ICE,2,2,2024-07,2025-09,24DA000000308929,2,UNA UNIDAD STATION WAGON USADO MARCA LAND ROVER MODELO FREELANDER A¿O 2007
INFINITI,INFINITI,(sin modelo),G37,ICE,2,2,2024-07,2026-06,24DA000000328378,3,1 UND AUTOMOVIL MODELO G37 A¿O 2008 COLOR BORDO
RENAULT,RENAULT,NUEVA OROCH LIFE 1,NUEVA OROCH LIFE,ICE,2,2,2024-07,2024-07,24DA000000322760,6,"1)UNA UNIDAD PICK UP OKM;MARCA RENAULT;,MODELO NUEVA OROCH LIFE 1.6"
BMW,BMW,(sin modelo),120I CONVERTIBLE,ICE,2,2,2024-08,2025-08,24DA000000375488,3,"UNA UNIDAD DE AUTOMOVIL USADO, MARCA BMW MODELO 120I CONVERTIBLE A¿O 2009.-"
SCANIA,SCANIA,(sin modelo),R124-360,ICE,2,2,2024-08,2024-12,24DA000000349510,1,UNA UNIDAD DE TRACTO CAMION USADO MARCA SCANIA MODELO R124-360 A¿O 1997.-
MERCEDES-BENZ,MERCEDES-BENZ,(sin modelo),SPRINTER 519 CDI,ICE,2,2,2024-08,2024-08,24DA000000371500,2,UNA UNIDAD CAMION AMBULANCIA MARCA MERCEDES BENZ MODELO SPRINTER 519 CDI A¿O 2017
MERCEDES-BENZ,MERCEDES-BENZ,2024,GLB 200 D 4MATIC,ICE,2,2,2024-09,2024-09,24DA000000387496,2,"1 UNID CAMIONETA, MARCA MERCEDES BENZ, TIPO GLB 200 D 4MATIC, AO MODELO 2024 CON SUS ACCESORIOS NORMALES Y CORRESPONDIENTES"
KIA,KIA,(sin modelo),PICANTO,ICE,2,2,2024-09,2025-02,24DA000000426779,8,01 UNA UNIDAD DE AUTOMOVIL USADO MARCA KIA MODELO PICANTO A¿O 2.016 NAFTERO COLOR BEIGE.-
AUDI,AUDI,AUDI Q3 1,AUDI Q3,ICE,2,2,2024-09,2025-01,24DA000000431455,4,"1 (UNA) UNIDAD DE STATION WAGON MARCA AUDI, MODELO AUDI Q3 1.4 TFSI PREMIUM, CHASIS WAUZZZF36R1174436"
SCANIA,SCANIA,(sin modelo),114/340,ICE,2,2,2024-09,2026-01,24DA000000420761,2,CHASIS MOTOR Y CABINA...EN: 1 UND CAMION MARCA SCANIA MODELO 114/340 A¿O 2001 USADO
VOLVO,VOLVO,(sin modelo),VOLVO/VM 260,ICE,2,2,2024-09,2025-07,24DA000000429785,1,"CAMINHO MUNCK MARCA/MODELO: VOLVO/VM 260 6X2R - COMBUSTIVEL: DIESEL - ANO FAB./ANO MOD.: 2008/2009 - PLACA: ARE-7177 - COR: PRATA, CHASSI: 93KP0E0C09E116542 (USADO)."
MAXUS,MAXUS,2025,T60,ICE,2,2,2024-10,2025-01,24DA000000457133,1,"- 1 UNID CAMIONETA, MARCA MAXUS, TIPO T60, AO DE FABRICACION 2024, AO MODELO 2025, CON SUS ACCESORIOS NORMALES Y CORRESPONDIENTES.-"
MERCEDES-BENZ,MERCEDES-BENZ,GLC 200 4M CON,GLC 200 4M,ICE,2,2,2024-11,2024-11,24DA000000498212,2,1) UNA UNIDAD DE VEHICULO MARCA MERCEDES BENZ MODELO: GLC 200 4M CON VIN NO: W1NKM5BB2SF269828 Y MOTOR NO: 254920V0709471 A¿O MODELO: 2025.----
TOYOTA,TOYOTA,(sin modelo),SOARER,ICE,2,2,2024-11,2024-12,24DA000000499279,5,1 UND AUTOMOVIL MODELO SOARER A¿O 1993 COLOR VERDE
MERCEDES-BENZ,MERCEDES-BENZ,(sin modelo),C-CLASS C 300,ICE,2,2,2024-11,2024-11,24DA000000505554,3,LOS DEM¿S: 01 VEHICULO AUTOMOVIL MERCEDES-BENZ C-CLASS C 300 - 2018.-
LAND ROVER,LAND ROVER,(sin modelo),RANGE ROVER EVOQUE,ICE,2,2,2024-11,2025-05,24DA000000504036,1,UNA UNIDAD STATION WAGON USADO MARCA LAND ROVER MODELO RANGE ROVER EVOQUE A¿O 2012
VENTURA,VENTURA,(sin modelo),ATV M650L,ICE,2,2,2024-11,2024-11,24DA000000518538,5,"VEHICULO DISENADO PRINCIPALMENTE PARA TRANSPORTE DE PERSONAS, DE CILINDRADA INFERIOR O IGUAL A 1000CC, MODELO ATV M650L MARCA: VENTURA, COMPLETO, CON SUS ACCESORIOS."
BESTUNE,BESTUNE,2024,T77 LUXURIOUS,ICE,2,2,2024-11,2024-11,24DA000000512219,19,BESTUNE T77 LUXURIOUS NEGRO 1.5 AUT NAFT MODELO 2024
BESTUNE,BESTUNE,2024,T55,ICE,2,2,2024-11,2024-11,24DA000000512219,2,BESTUNE T55 DCT LUXURY PLATA AUT.1.5 NAF MODELO 2024
BESTUNE,BESTUNE,2024,T99 ENJOY,ICE,2,2,2024-11,2024-11,24DA000000512219,20,BESTUNE T99 ENJOY PLATA 2.0 AUT.NAFT. MODELO 2024
BESTUNE,BESTUNE,2024,T99 DLX,ICE,2,2,2024-11,2024-11,24DA000000512219,23,BESTUNE T99 DLX BLANCO 2.0 AUT.NAFT. MODELO 2024
MERCEDES-BENZ,MERCEDES-BENZ,(sin modelo),560 SL,ICE,2,2,2024-11,2025-10,24DA000000534011,1,01- UNID AUTOMOVIL MARCA MERCEDES BENZ MODELO 560 SL NAFTERO A¿O 1988.-
MERCEDES-BENZ,MERCEDES-BENZ,(sin modelo),300D,ICE,2,2,2024-11,2025-05,24DA000000531869,4,"UNA UNIDAD AUTOMOVIL USADO , MARCA: MERCEDES BENZ MODELO: 300D A¿O: 1986"
TOYOTA,TOYOTA,2008,ALLION,ICE,2,2,2024-11,2024-12,24DA000000543973,4,"01 UNIDAD DE AUTOMOVIL USADO MARCA:TOYOTA MODELO:ALLION A¿O DE FAB.:2008 A¿O MODELO:2008, COLOR:PLATA."
SIN MARCA,SIN MARCA,2025,(sin modelo),PHEV,2,2,2024-11,2024-11,24DA000000553371,7,"1 UNID CAMIONETA, MARCA: MG, TIPO: MG HS HIBRIDO ENCHUFABLE, AO DE FABRICACION: 2024, AO MODELO: 2025, CON SUS ACCESORIOS NORMALES Y CORRESPONDIENTES.-"
MERCEDES-BENZ,MERCEDES-BENZ,(sin modelo),815D,ICE,2,2,2024-11,2024-11,24DA000000501935,1,UNA UNIDAD DE VEHICULO USADO MARCA MERCEDES BENZ MODELO 815D A¿O 2003 COLOR BLANCO.-
MERCEDES-BENZ,MERCEDES-BENZ,(sin modelo),918,ICE,2,2,2024-11,2025-06,24DA000000501935,2,UNA UNIDAD DE VEHICULO USADO MARCA MERCEDES BENZ MODELO 918 A¿O 2011 COLOR BLANCO.-
MITSUBISHI,MITSUBISHI,(sin modelo),L200 TRITON STRADA,ICE,2,2,2024-11,2024-11,24DA000000526694,1,"UNA UNIDAD DE CAMIONETA USADO, MARCA:MITSUBISHI MODELO:L200 TRITON STRADA A¿O:2019.-"
HYUNDAI,HYUNDAI,(sin modelo),EX8,ICE,2,2,2024-11,2024-11,24DA000000544460,2,"VEHICULOS PARA EL TRANSPORTE DE MERCANCIAS,CAMION, FURGON REFRIGERADO MARCA: HYUNDAI MOD.: EX8"
MERCEDES-BENZ,MERCEDES-BENZ,(sin modelo),410 D,ICE,2,2,2024-11,2025-05,24DA000000540293,1,UNA UNIDAD CAMION USADO MARCA MERCEDES BENZ MODELO 410 D A¿O 1992
TOYOTA,TOYOTA,2010,PREMIO,ICE,2,2,2024-12,2024-12,24DA000000561541,2,01 UNIDAD DE AUTOMOVIL USADO MARCA:TOYOTA MODELO:PREMIO A¿O FAB. 2010 A¿O MOD 2010 COLOR PURPURA.-
BMW,BMW,(sin modelo),218D,ICE,2,2,2024-12,2025-06,24DA000000569178,1,"UNA UNIDAD DE AUTOMOVIL USADO, MARCA:BMW MODELO:218D A¿O:2017.-"
MERCEDES-BENZ,MERCEDES-BENZ,(sin modelo),GLC 220D 4MATIC,ICE,2,2,2024-12,2025-09,24DA000000573168,4,"UNA UNIDAD DE STATION WAGON USADO, MARCA:MERCEDES BENZ MODELO:GLC 220D 4MATIC A¿O:2018.-"
GAC,GAC,M6 PRO 1,M6 PRO,ICE,2,2,2024-12,2025-01,24DA000000605977,7,"LOS DEMAS; EN: AUTOMOVIL TIPO STATION WAGON, MODELO M6 PRO 1.5T GS, 4X2, NAFTERO, ANO FABRICACION 2024, ANO MODELO 2025, CON AIRE ACONDICIONADO Y DEMAS ACCESORIOS.-"
TOYOTA,TOYOTA,(sin modelo),PORTE,ICE,2,2,2024-12,2025-10,24DA000000614766,1,01) UNA UNIDAD DE VEHICULO USADO TOYOTA PORTE. A¿O: 2014
MERCEDES-BENZ,MERCEDES-BENZ,(sin modelo),1224,ICE,2,2,2024-12,2025-01,24DA000000579770,2,01) UN CAMION CON CHASIS Y CABINA USADO MARCA. MERCEDES BENZ MODELO: 1224 A¿O: 1997 MOVIDO A DIESEL.-
FORD,FORD,(sin modelo),F-150 RAPTOR,ICE,2,2,2024-12,2026-09,24DA000000588569,2,UNA UNIDAD DE VEHICULO USADO TIPO CAMIONETA DOBLE CABINA MARCA FORD MODELO F-150 RAPTOR A¿O 2024 MOVIDO A GASOLINA
MG,MG,2025,MG4 64,BEV,2,2,2025-01,2025-01,25DA000000000351,9,"1 UNID CAMIONETA, MARCA MG, TIPO MG4 64, AO DE FABRICACION 2024, AO MODELO 2025, CON SUS ACCESORIOS NORMALES Y CORRESPONDIENTES"
KAWASAKI,KAWASAKI,2025,KFX 90,ICE,2,2,2025-01,2025-01,25DA000000007391,41,1 UNID. CUADRICICLO MARCA KAWASAKI MODELO KFX 90 A¿O FABRICACION 2024 A¿O MODELO 2025
TOYOTA,TOYOTA,(sin modelo),LEVIN,HEV,2,2,2025-01,2025-01,25DA000000009571,1,01) UN AUTOMOVIL NUEVO OKM MARCA: TOYOTA MODELO: LEVIN A¿O FABRICACION 2024 A¿O MODELO: 2024 MOVIDO A GASOLINA (HIBRIDO)
TOYOTA,TOYOTA,(sin modelo),LANDCRUISER,HEV,2,2,2025-01,2025-06,25DA000000023382,1,1 UNID CAMIONETA TOYOTA LANDCRUISER 4WD STATION WAGON HUBRIDO. NUEVO. COLOR NEGRO.
DAIHATSU,DAIHATSU,(sin modelo),MOVE,ICE,2,2,2025-01,2026-07,25DA000000027263,7,"UNA UNIDAD DE STATION WAGON USADO, MARCA:DAIHATSU MODELO:MOVE A¿O:2011.-"
NISSAN,NISSAN,(sin modelo),SKYLINE R32,ICE,2,2,2025-01,2025-06,25DA000000030739,3,1 UNIDAD DE AUOMOVIL NISSAN SKYLINE R32 A¿O 1990 2500CC CHASIS:HR32-044418
MERCEDES-BENZ,MERCEDES-BENZ,2025,AMG 53 4MATIC +,ICE,2,2,2025-01,2025-02,25DA000000037684,1,"1 UNID CAMIONETA, MARCA MERCEDES BENZ, TIPO AMG 53 4MATIC + , AO DE FABRICACION 2024, AO MODELO 2025 CON SUS ACCESORIOS NORMALES Y CORRESPONDIENTES"
SCANIA,SCANIA,(sin modelo),P114/340,ICE,2,2,2025-01,2025-12,25DA000000001406,1,1 UNA UNIDAD CAMION USADO MARCA SCANIA MODELO P114/340 A¿O 1997 COLOR BLANCO
MERCEDES-BENZ,MERCEDES-BENZ,(sin modelo),1318,ICE,2,2,2025-01,2025-05,25DA000000028940,1,UNA UNIDAD CAMION FURGON CON FRIGORIFICO USADO MARCA: MERCEDES BENZ MODELO: 1318 A¿O: 2005. DIESEL. COLOR BALNCO
TOYOTA,TOYOTA,(sin modelo),YARIS GR RALLY 2,ICE,2,2,2025-02,2025-04,25DA000000070240,1,1) UNA UNIDAD AUTOMOVIL MARCA TOYOTA MODELO YARIS GR RALLY 2 - A¿O 2024 - VIN/SERIE N. JTDAB4E390A900009
JEEP,JEEP,(sin modelo),WRANGLER SAHARA UNLIMITED,ICE,2,2,2025-02,2026-03,25DA000000077312,3,01) UNA UNIDAD DE VEHICULO USADO JEEP WRANGLER SAHARA UNLIMITED AO 2008
MERCEDES-BENZ,MERCEDES-BENZ,(sin modelo),AMG GT,ICE,2,2,2025-02,2025-07,25DA000000089748,1,"UNA UNIDAD DE AUTOMOVIL USADO, MARCA:MERCEDES BENZ MODELO:AMG GT A¿O:2016.-"
MAZDA,MAZDA,(sin modelo),CX-3,ICE,2,2,2025-02,2026-04,25DA000000090818,1,UNA UNIDAD DE ST WAGON USADO MARCA MAZDA MODELO CX-3 A¿O 2016.-
SCANIA,SCANIA,(sin modelo),P93H,ICE,2,2,2025-02,2025-03,25DA000000058178,1,01) UN CAMION CON CHASIS Y CABINA USADO MARCA. SCANIA MODELO: P93H A¿O: 1995 MOVIDO A DIESEL
JAC,JAC,(sin modelo),B4X06,BEV,2,2,2025-02,2025-02,25DA000000048718,1,VEHICULOS PARA EL TRANSPORTE DE MERCADERIA ELECTRICOS EN : 01) UNIDAD DE CAMION CON MOTOR ELECTRICO MARCA JAC MODELO B4X06 A¿O 2.024 COLOR AZUL
FIAT,FIAT,(sin modelo),TORO FREEDOM,ICE,2,2,2025-02,2025-02,25DA000000081683,26,-DE PESO TOTAL CON CARGA M¿XIMA INFERIOR O IGUAL A 5T EN: UNA CAMIONETA MARCA FIAT MODELO TORO FREEDOM A¿O 2024 MOD A¿O 2025 CON SUS ACCESORIOS NORMALES.-.
SCANIA,SCANIA,(sin modelo),T114-340,ICE,2,2,2025-02,2025-02,25DA000000080347,4,UNA UNIDAD DE CAMION 6X4 USADO MARCA SCANIA MODELO T114-340 A¿O 2000.-
FORD,FORD,(sin modelo),RANGER RAPTOR DOUBLE CAB,ICE,2,2,2025-02,2025-02,25DA000000092642,1,NEW FORD RANGER RAPTOR DOUBLE CAB 2.0L DIESEL BI TURBO AT 4X4 COLOR: CONQUER GREY 2025
GAC,GAC,EMPOW 1,EMPOW,ICE,2,2,2025-03,2025-03,25DA000000115028,13,"LOS DEMAS; EN: AUTOMOVIL TIPO SEDAN, MODELO EMPOW 1.5TG+7WDCT GL, 4X2, NAFTERO, ANO FABRICACION 2024, ANO MODELO 2025, CON AIRE ACONDICIONADO Y DEMAS ACCESORIOS.-"
GAC,GAC,EMKOO 2,EMKOO,ICE,2,2,2025-03,2025-03,25DA000000115028,12,"LOS DEMAS; EN: AUTOMOVIL TIPO STATION WAGON, MODELO EMKOO 2.0ATK+GMC2.0 GL, 4X2, NAFTERO, ANO FABRICACION 2024, ANO MODELO 2025, CON AIRE ACONDICIONADO Y DEMAS ACCESORIOS.-"
MG,MG,2025,EHS PHEV LUX,PHEV,2,2,2025-03,2025-05,25DA000000106040,12,"1 UNID CAMIONETA, MARCA MG, TIPO: MG EHS PHEV LUX AO DE FABRICACION 2024, AO MODELO 2025, CON SUS ACCESORIOS NORMALES Y CORRESPONDIENTES.-"
YAMAHA,YAMAHA,(sin modelo),BANSHE,ICE,2,2,2025-03,2025-03,25DA000000111694,2,"LOS DEMAS, EN: 1) UNID. CUACICLON YAMAHA MODELO BANSHE A¿O 2018 COLOR AZUL/BLANCO MOTOR 350 CC CHASIS NRO. JY43GGA0XPA051489"
HYUNDAI,HYUNDAI,(sin modelo),PALISADE 8 W8 8PASAJERO,ICE,2,2,2025-03,2025-03,25DA000000145096,30,VEHICULOS AUTOMOVILES PARA EL TRANSPORTE DE PERSONAS. MARCA HYUNDAI. MODELO. PALISADE 8 W8¿ 8PASAJERO 2.2 DIESEL AT 4X4 LIMITED ..CON SUS ACCESORIOS CORRESPONDIENTES
NISSAN,NISSAN,(sin modelo),GT-R,ICE,2,2,2025-03,2025-07,25DA000000144133,1,UNA UNIDAD AUTOMOVIL USADO MARCA: NISSAN MODELO: GT-R A¿O: 2009.
NISSAN,NISSAN,(sin modelo),NP300,ICE,2,2,2025-03,2025-12,25DA000000114121,2,UNA CAMIONETA USADA MARCA NISSAN MODELO NP300 A¿O 2.018.-
FIAT,FIAT,TORO ULTRA 1,TORO ULTRA,ICE,2,2,2025-03,2025-03,25DA000000115618,54,LOSDEMAS VEHICULOS PARA EL TRANSPORTE DE MERCANCIAS EN: 01 UNIDAD CAMIONETA D/C MARCA: FIAT MODELO TORO ULTRA 1.3L FLEX AT 2WD A¿O 2026 CON SUS ACCEOSORIOS CORRESPONDIENTES
JMC,JMC,(sin modelo),CONQUER N801 EV,BEV,2,2,2025-03,2025-03,25DA000000138787,1,1 UNIDAD CAMION JMC CONQUER N801 EV
LANCIA,LANCIA,(sin modelo),DELTA,ICE,2,2,2025-04,2025-05,25DA000000148412,4,1 UND AUTOMOVIL MODELO DELTA A¿O 1990 COLOR ROJO
MERCEDES-BENZ,MERCEDES-BENZ,2025,G 450 D,ICE,2,2,2025-04,2025-08,25DA000000162615,1,"1 UNID CAMIONETA, MARCA: MERCEDES BENZ, TIPO: G 450 D, A¿O DE FABRICACION: 2024, A¿O MODELO: 2025 CON SUS ACCESORIOS NORMALES Y CORRESPONDINTES"
MITSUBISHI,MITSUBISHI,(sin modelo),LANCER EVOLUTION,ICE,2,2,2025-04,2026-01,25DA000000157412,12,UN AUTOMOVIL USADO MARCA MITSUBISHI MODELO LANCER EVOLUTION A¿O 2.003.-
DODGE,DODGE,(sin modelo),VIPER R/T 10,ICE,2,2,2025-04,2026-04,25DA000000152087,1,01-UNIDAD VEHICULO USADO DODGE VIPER R/T 10 A¿O 1993 COLOR ROJO
DODGE,DODGE,(sin modelo),CHALLENGER RT,ICE,2,2,2025-04,2026-02,25DA000000166746,2,01) UNA UNIDAD DE VEHICULO USADO DODGE CHALLENGER RT 2016
MERCEDES-BENZ,MERCEDES-BENZ,(sin modelo),SLK250,ICE,2,2,2025-04,2025-05,25DA000000187156,1,1 UNA UNIDAD AUTOMOVIL USADO MARCA MERCEDES BENZ MODELO SLK250 A¿O 2015 COLOR BLANCO.-
MAZDA,MAZDA,(sin modelo),BIANTE,ICE,2,2,2025-04,2026-05,25DA000000176731,7,UNA UNIDAD DE VEHICULO USADO TIPO STATION WAGON MARCA MAZDA MODELO BIANTE A¿O 2009 MOVIDO A GASOLINA
SEAT,SEAT,IBIZA 1,IBIZA,ICE,2,2,2025-04,2026-02,25DA000000195231,1,1 UNA UNIDAD AUTOMOVIL USADO MARCA SEAT MODELO IBIZA 1.9 A¿O 2000 COLOR GRIS.-
PORSCHE,PORSCHE,(sin modelo),911 4S,ICE,2,2,2025-05,2025-05,25DA000000211753,1,1 UNIDAD DE AUTOMOVIL USADO PORSCHE 911 4S A¿O 1995 COLOR:AZUL VIN:WP0ZZZ99ZTS311730
POLARIS,POLARIS,(sin modelo),RANGER,ICE,2,2,2025-05,2025-05,25DA000000212711,1,UNA UNIDAD VEHICULO USADO POLARIS RANGER A¿O:2017.-
TOYOTA,TOYOTA,(sin modelo),VANGUARD,ICE,2,2,2025-05,2025-05,25DA000000225731,4,UN STATION WAGON USADO MARCA TOYOTA MODELO VANGUARD A¿O 2.008.-
MERCEDES-BENZ,MERCEDES-BENZ,(sin modelo),CLA 200 CDI,ICE,2,2,2025-05,2026-06,25DA000000228030,1,"UNA UNIDAD DE AUTOMOVIL USADO, MARCA:MERCEDES BENZ MODELO:CLA 200 CDI A¿O:2015.-"
MERCEDES-BENZ,MERCEDES-BENZ,(sin modelo),G63,ICE,2,2,2025-05,2025-09,25DA000000207072,1,UNA UNIDAD STATION WAGON USADO MARCA MERCEDES BENZ MODELO G63 A¿O 2022 COLOR BLANCO
MERCEDES-BENZ,MERCEDES-BENZ,(sin modelo),GLA45 AMG,ICE,2,2,2025-05,2025-06,25DA000000207329,4,1 UND STATION WAGON MARCA: MERCEDES BENZ MODELO GLA45 AMG A¿O 2015 COLOR PLATA.
FIAT,FIAT,COMPASS SPORT 1,COMPASS SPORT,ICE,2,2,2025-05,2025-05,25DA000000198348,5,QUE UTILICEN INDISTINTAMENTE LOS SIGUIENTES COMBUSTIBLES: GASOLINA (NAFTA) O ALCOHOL EN:UN VEHICULO MARCA JEEP MODELO COMPASS SPORT 1.3 FLEX A¿O 2025 MOD A¿O 2026 CON SUS ACCESORIOS NORMALES.-
MERCEDES-BENZ,MERCEDES-BENZ,2026,ATEGO 2730 B/36,ICE,2,2,2025-05,2025-05,25DA000000224989,1,"01 UNID. CAMION , MARCA: BENZ TIPO: ATEGO 2730 B/36 6X4 , AO DE FABRICACION 2025, AO MOD 2026 CON SUS ACCESORIOS CORRESPONDIENTES.-"
VOLVO,VOLVO,(sin modelo),VM 330,ICE,2,2,2025-05,2025-05,25DA000000201430,5,CAMION REGADOR VOLVO VM 330 6X4 R ANO 2017 PATENTE AC062CD CHASIS 93KK0S1D2JE159887 MOTOR Y1A037584
MG,MG,2026,HS PHEV LUX,PHEV,2,2,2025-06,2025-06,25DA000000254472,2,"1 UNID CAMIONETA, MARCA MG, TIPO, MG HS PHEV LUX, AO DE FABRICACION 2025, AO MODELO 2026, CON SUS ACCESORIOS NORMALES Y CORRESPONDIENTES.-"
NISSAN,NISSAN,KICKS ADVANCE PLUS CVT 1,KICKS ADVANCE PLUS CVT,ICE,2,2,2025-06,2025-06,25DA000000264986,1,"DE LOS TIPOS DENOMINADOS ""FLEX FUEL"" EN: 01- UN AUTOMOVIL MARCA NISSAN MODELO KICKS ADVANCE PLUS CVT 1.0 FLEX AO DE FABRICACION 2025 MODELO AO 2026 CON SUS ACCESORIOS NORMALES"
DODGE,DODGE,(sin modelo),CHALLENGER HELLCAT,ICE,2,2,2025-06,2026-04,25DA000000266262,1,1 UNIDAD DE AUTOMOVIL DODGE CHALLENGER HELLCAT 2023 USADO
CHRYSLER,CHRYSLER,GD VOYAGER 2,GD VOYAGER,ICE,2,2,2025-06,2026-06,25DA000000294208,6,LOS DEM¿S: EN: 1) UND STATION WAGON MARCA: CHRYSLER MODELO: GD VOYAGER 2.8 A¿O: 2010 COLOR: AZUL CHASIS N. 1A8GYB1527Y509296
JETOUR,JETOUR,(sin modelo),X70GLS FL,ICE,2,2,2025-06,2025-06,25DA000000284373,1,DE CILINDRADA SUPERIOR A 1.000 CM3. PERO INFERIOR O IGUAL A 1500 CM3 EN:UN VEHICULO MARCA JETOUR MODELO X70GLS FL A¿O DE FAB 2024 MOD A¿O 2025 CON SUS ACCESORIOS NORMALES.-
HYUNDAI,HYUNDAI,ELANTRA CON,ELANTRA,ICE,2,2,2025-06,2025-06,25DA000000283982,1,"01) UNA UNIDAD AUTOMOVIL MARCA: HYUNDAI, MODELO: ELANTRA CON MOTOR NAFTERO TRANSMISION AUTOMATICA, MODELO A¿O: 2021, CON SUS ACCESORIOS CORRESPONDIENTES.-"
IVECO,IVECO,(sin modelo),DAILY 60 180 CS,ICE,2,2,2025-06,2026-07,25DA000000273341,1,"01) UNIDAD DE CAMION, DAILY 60 180 CS, ANIO DE FABRICACION 2.025, CON SUS ACCESORIOS CORRESPONDIENTES.-"
CHEVROLET,CHEVROLET,2025,MONTANA CD PREMIER,ICE,2,2,2025-06,2025-06,25DA000000274237,4,"CAMIONETA CHEVROLET MONTANA CD PREMIER 1.2 TB AT ANO FABRICACION 2024, ANO MODELO 2025 CON SUS CORRESPONDIENTES ACCESORIOS."
TOYOTA,TOYOTA,(sin modelo),HIACE GL,ICE,2,2,2025-06,2026-06,25DA000000278892,1,01 VEHICULO USADO TIPO FURGONETA MARCA TOYOTA MODELO HIACE GL A¿O 2010 MOVIDO A DIESEL
CHEVROLET,CHEVROLET,2026,S10 CD HC,ICE,2,2,2025-06,2025-06,25DA000000279110,1,"CAMIONETA CHEVROLET S10 CD HC 2.8 4X4 AT ANO FABRICACION 2025, ANO MODELO 2026 CON SUS CORRESPONDIENTES ACCESORIOS."
CHEVROLET,CHEVROLET,2026,S10 CD Z71,ICE,2,2,2025-06,2025-07,25DA000000281097,2,"CAMIONETA CHEVROLET S10 CD Z71 2.8 4X4 AT ANO DE FABRICACION 2025, ANO MODELO 2026 CON SUS CORRESPONDIENTES ACCESORIOS."
NISSAN,NISSAN,(sin modelo),ATLAS 200,ICE,2,2,2025-06,2025-11,25DA000000281137,8,"UNA UNIDAD DE CAMION CON BARANDA BAJA USADO, MARCA:NISSAN MODELO:ATLAS 200 A¿O:1995.-"
CHEVROLET,CHEVROLET,(sin modelo),TRAVERSE,ICE,2,2,2025-07,2025-12,25DA000000328621,1,VEHICULO USADO MARCA CHEVROLET MODELO TRAVERSE A¿O 2024 COLOR GRIS VIN# 1GNEVEKS2RJ193267
CHEVROLET,CHEVROLET,(sin modelo),BLAZER,ICE,2,2,2025-07,2025-07,25DA000000327744,1,01 UNIDAD DE VEHICULO USADO MARCA: CHEVROLET MODELO: BLAZER A¿O: 1986 COLOR: PLATEADO CHASIS: 1G8EK18H7GF127409
GAC,GAC,(sin modelo),TRUMPCHI E9,HEV,2,2,2025-08,2025-08,25DA000000379490,2,UNA UNIDAD VEHICULO NUEVO GAC TRUMPCHI E9 A¿O:2025.-
BYD,BYD,(sin modelo),SEAGULL MODEL,BEV,2,2,2025-08,2025-08,25DA000000378882,1,LOS DEMAS EN: 1 UNID. BYD SEAGULL MODEL 2025 305KM FREEDOM
BENDA,BENDA,2025,REDSTONE 550,ICE,2,2,2025-08,2025-08,25DA000000391169,2,1 UNID. CUADRICICLO MARCA BENDA MODELO REDSTONE 550 A¿O FABRICACION 2025 A¿O MODELO 2025
IVECO,IVECO,(sin modelo),TECTOR,ICE,2,2,2025-08,2025-08,25DA000000412344,2,"(01) UNIDAD DE TECTOR 260E30, ANIO DE FABRICACION 2.025, CON SUS ACCESORIOS CORRESPONDIENTES.-"
MITSUBISHI,MITSUBISHI,2022,L200 SPORTERO,ICE,2,2,2025-08,2025-08,25DA000000405320,2,"1 UNIDAD CAMIONETA MITSUBISHI L200 SPORTERO 2.2L, MODELO 2022, TRANSMISION AUTOMATICA, TIPO DE CARROCERIA: PICK-UP, COMBUSTIBLE: DIESEL, COLOR: BLANCO. CHASSIS: MMBNLW5D6NH022325"
FORD,FORD,(sin modelo),FIESTA RALLY3,ICE,2,2,2025-09,2025-09,25DA000000456140,2,FORD FIESTA RALLY3 VIN: WFOFXXGAHFNU99948. YEAR OF MANUFACTURE: 2022
SKODA,SKODA,(sin modelo),FABIA RS RALLY2 RALLY,ICE,2,2,2025-09,2025-09,25DA000000454539,1,SKODA FABIA RS RALLY2 RALLY CAR VIN NUMBER: TMB000PJ5N4003202
VOLKSWAGEN,VOLKSWAGEN,(sin modelo),GOLF 4,ICE,2,2,2025-09,2026-03,25DA000000460278,4,"LOS DEMAS; EN: 1 UNIDAD VOLKSWAGEN, USADO; MODELO: GOLF 4; COLOR: GRIS PLATA; A¿O: 2000; CHASIS NRO: WVWZZZ1JZXW040895"
KIA,KIA,(sin modelo),K3 AO2015,ICE,2,2,2025-09,2025-09,25DA000000467627,5,UNA UNIDAD DE VEHICULO USADOKIA K3 AO2015
KAWASAKI,KAWASAKI,2026,BRUTE FORCE 750,ICE,2,2,2025-09,2025-09,25DA000000440064,17,1 UNID. CUADRICICLO MARCA KAWASAKI MODELO BRUTE FORCE 750 A¿O FABRICACION 2025 A¿O MODELO 2026
DACIA,DACIA,(sin modelo),DUSTER GREY,ICE,2,2,2025-09,2025-09,25DA000000428014,1,AUTOMOVIL MARCA DACIA DUSTER GREY CHASSIS UU1HSDCM547587079
FOTON,FOTON,(sin modelo),MARS 7,HEV,2,2,2025-09,2025-09,25DA000000469519,1,LOS DEMAS EN 1 UNID) CAMIONETA 2025 FOTON MARS 7 2.0T DIESEL HYBRID AUTOMATIC 4WD LONG AXIS EXPLORER EDITION LVAV2MAB5SU033358
SEGWAY,SEGWAY,(sin modelo),AT5S STANDARD,ICE,2,2,2025-10,2025-12,25DA000000490671,11,"UNA UNIDAD CUATRICICLO, DE LA MARCA; SEGWAY, MODELO; AT5S STANDARD , COLOR; GRIS/AZUL, FARICACION Y MODELO A¿O 2025, CHASSIS N. H0MAANX12S8003238, MOTOR N. 193MR 5E210362"
JEEP,JEEP,(sin modelo),WRANGLER 4XE SAHARA,PHEV,2,2,2025-10,2026-02,25DA000000507160,1,"1.-UNIDAD JEEP WRANGLER 4XE SAHARA 4X4, 2.0L CON MOTOR ELECTRICO OKM"
MINI,MINI,(sin modelo),JCW ACEMAN E CHN,BEV,2,2,2025-10,2026-04,25DA000000511795,3,"LOS DEMAS VEHICULOS, PROPULSADOS UNICAMENTE CON MOTOR ELECTRICO: 01 UN AUTOMOVIL MARCA MINI MODELO JCW ACEMAN E CHN A¿O DE FABRICACION 2025 MODELO A¿O 2026 CON SUS ACCESORIOS NORMALES"
SEGWAY,SEGWAY,(sin modelo),UT6 PREMIUM,ICE,2,2,2025-10,2025-12,25DA000000490671,19,"UNA UNIDAD VEHICULO UTILITARIO UTV, DE LA MARCA; SEGWAY, MODELO; UT6 PREMIUM , COLOR; GRIS, FARICACION Y MODELO A¿O 2025, CHASSIS N. H0MUAPX12S8003328, MOTOR N. 199MS-1 5E290033"
SEGWAY,SEGWAY,(sin modelo),UT6 STANDARD,ICE,2,2,2025-10,2025-12,25DA000000490671,18,"UNA UNIDAD VEHICULO UTILITARIO UTV, DE LA MARCA; SEGWAY, MODELO; UT6 STANDARD , COLOR; NEGRO, FARICACION Y MODELO A¿O 2025, CHASSIS N. H0MUAPX10S8003327, MOTOR N. 199MS-1 5E290032"
MERCEDES-BENZ,MERCEDES-BENZ,2026,GLC 220 4MATIC,ICE,2,2,2025-11,2025-11,25DA000000565355,3,"1 UNID CAMIONETA, MARCA: MERCEDES BENZ, TIPO: GLC 220 4MATIC, AO DE FABRICACION: 2025, AO MODELO: 2026 CON SUS ACCESORIOS NORMALES Y CORRESPONDIENTES.-"
MERCEDES-BENZ,MERCEDES-BENZ,2026,ACCELO 1416/46,ICE,2,2,2025-11,2025-11,25DA000000563842,1,"1 UNID CAMION, MARCA MERCEDES BENZ TIPO ACCELO 1416/46 6X2 EURO III AO DE FABRICACION 2025, AO MODELO 2026 CON SUS ACCESORIOS NORMALES Y CORRESPONDIENTES.-"
MERCEDES-BENZ,MERCEDES-BENZ,2026,ATEGO 1416/46,ICE,2,2,2025-11,2025-11,25DA000000590357,1,"1 UNID CAMION, MARCA: MERCEDES BENZ, TIPO: ATEGO 1416/46, AO DE FABRICACION: 2025, MODELO: 2026, CON SUS ACCESORIOS NORMALES Y CORRESPONDIENTES.-"
CLUB CAR,CLUB CAR,(sin modelo),TEMPO AC LI 2PBLACK,ICE,2,2,2025-12,2025-12,25DA000000621694,12,TEMPO AC LI 2PBLACK FEAT OP GF2614 071430
CLUB CAR,CLUB CAR,(sin modelo),TEMPO 2 2 FLAGREEN,ICE,2,2,2025-12,2025-12,25DA000000621694,10,TEMPO 2 2 FLAGREEN FEAT OP KM2614 033730
CLUB CAR,CLUB CAR,(sin modelo),TEMPO 2PASS FLAGREEN FEAT,ICE,2,2,2025-12,2025-12,25DA000000621694,1,TEMPO 2PASS FLAGREEN FEAT OP EP2614 059350
CLUB CAR,CLUB CAR,(sin modelo),TEMPO 2PASS FLASAPPHIRE FEAT,ICE,2,2,2025-12,2025-12,25DA000000621694,4,TEMPO 2PASS FLASAPPHIRE FEAT OP EP2614 059308
CLUB CAR,CLUB CAR,(sin modelo),TEMPO AC LI 2PSAPPHIRE,ICE,2,2,2025-12,2025-12,25DA000000621694,14,TEMPO AC LI 2PSAPPHIRE FEAT OP GF2614 071564
PEUGEOT,PEUGEOT,(sin modelo),106,ICE,2,2,2025-12,2025-12,25DA000000624108,5,UNA UNIDAD DE VEHICULO USADO PEUGEOT 106 AO 2002
MERCEDES-BENZ,MERCEDES-BENZ,2026,GLE 300 D 4MATIC,PHEV,2,2,2025-12,2025-12,25DA000000624682,7,"1 UNID CAMIONETA, MARCA MERCEDES BENZ,TIPO GLE 300 D 4MATIC, AO DE FABRICACION 2025,AO MODELO 2026, CON SUS ACCESORIOS NORMALES Y CORRESPONDIENTES.-"
MITSUBISHI,MITSUBISHI,MONTERO SPORT GLS 4WD SAM 2,MONTERO SPORT GLS 4WD SAM,ICE,2,2,2025-12,2025-12,25DA000000626088,14,UNA UNIDAD STATION WAGON MARCA MITSUBISHI MODELO MONTERO SPORT GLS 4WD SAM 2.4DIT 8AT ANIO DE FABRICACION 2025 ANIO MODELO 2026 DIESEL
FORD,FORD,2025,BRONCO SPORT,ICE,2,2,2025-12,2025-12,25DA000000650589,1,UNA UNIDAD STATION WAGON MARCA FORD MODELO BRONCO SPORT¿ 2.0 AT WILDTRAK A¿O MODELO 2025
MG,MG,2026,RX9,ICE,2,2,2025-12,2025-12,25DA000000650613,2,"1 UNID CAMIONETA, MARCA: MG, TIPO RX9, AO DE FABRICACION: 2025, AO MODELO: 2026 CON SUS ACCESORIOS NORMALES Y CORRESPONDIENTES.-"
SCANIA,SCANIA,(sin modelo),P250,ICE,2,2,2025-12,2026-01,25DA000000657058,1,01) UNID. CAMION MARCA SCANIA MOD. P250 CHASIS NUMERO YS2P6X20009208727 COLOR BLANCO ANO 2.016
MITSUBISHI FUSO,MITSUBISHI FUSO,2026,FE71CB8L,ICE,2,2,2025-12,2025-12,25DA000000630956,3,"1 UNID CAMION, MARCA MITSUBISHI FUSO, TIPO FE71CB8L AO DE FABRICACION 2025 AO MODELO 2026 CON SUS ACCESORIOS NORMALES Y CORRESPONDIENTES"
MITSUBISHI FUSO,MITSUBISHI FUSO,2026,FE73CE6L,ICE,2,2,2025-12,2025-12,25DA000000630956,5,"1 UNID CAMION, MARCA MITSUBISHI FUSO, TIPO FE73CE6L AO DE FABRICACION 2025 AO MODELO 2026 CON SUS ACCESORIOS NORMALES Y CORRESPONDIENTES"
MITSUBISHI FUSO,MITSUBISHI FUSO,2026,FE85CHZL,ICE,2,2,2025-12,2025-12,25DA000000630956,9,"1 UNID CAMION, MARCA MITSUBISHI FUSO, TIPO FE85CHZL AO DE FABRICACION 2025 AO MODELO 2026 CON SUS ACCESORIOS NORMALES Y CORRESPONDIENTES"
MAHINDRA,MAHINDRA,(sin modelo),AW S11,ICE,2,2,2025-12,2025-12,25DA000000641250,13,"01) UNA UNIDAD CAMIONETA DOBLE CABINA, MARCA: MAHINDRA, AW S11 CON MOTOR DIESEL, TRANSMISION AUTOMATICA 4X4. A¿O FABRICACION: 2025, MODELO A¿O: 2026, CON SUS ACCESORIOS CORRESPONDIENTES.-"
MERCEDES-BENZ,MERCEDES-BENZ,(sin modelo),C250 CGI,ICE,2,2,2026-01,2026-01,26DA000000005067,1,UNA UNIDAD DE AUTOMOVIL USADO MARCA MERCEDES BENZ MODELO C250 CGI A¿O 2014.-
AUDI,AUDI,RS6 4,RS6,ICE,2,2,2026-01,2026-04,26DA000000001488,1,"1 (UNA) UNIDAD DE STATION WAGON MARCA AUDI, MODELO RS6 4.0 TFSI AVANT PERFORMANCE, CHASIS WUAZZZF28TN900021"
HYUNDAI,HYUNDAI,(sin modelo),MIGHTY GT9,ICE,2,2,2026-01,2026-01,26DA000000017740,7,"VEHICULOS PARA EL TRANSPORTE DE MERCANCIAS , CAMION, MARCA: HYUNDAI, MIGHTY GT9 CHASIS CABINA 7 TON."
MAXUS,MAXUS,(sin modelo),V90,ICE,2,2,2026-01,2026-01,26DA000000033625,5,V90 FURGON L3H2 MT
TOYOTA,TOYOTA,(sin modelo),FUNCARFO,ICE,2,2,2026-02,2026-02,26DA000000066872,10,UNA UNIDAD DE STATION WAGON USADO MARCA TOYOTA MODELO FUNCARFO A¿O 2000.-
LEXUS,LEXUS,(sin modelo),RZ500E,BEV,2,2,2026-02,2026-07,26DA000000065605,7,SUV DE LA MARCA LEXUS RZ500E AUT 4X4 (ELECTRICO) XEBM25L-AWDLS ANO DE FABRICACION 2025 MODELO ANO 2026 CON SUS ACCESORIOS CORRESPONDIENTES
MITSUBISHI,MITSUBISHI,MONTERO SPORT GLS SAM 2WD 2,MONTERO SPORT GLS SAM 2WD,ICE,2,2,2026-02,2026-02,26DA000000094073,10,UNA UNIDAD STATION WAGON MARCA MITSUBISHI MODELO MONTERO SPORT GLS SAM 2WD 2.4DIT 8AT ANIO DE FABRICACION 2025 ANIO MODELO 2026 DIESEL
FAW,FAW,(sin modelo),CA3312P2K2L4T4EA80,ICE,2,2,2026-02,2026-02,26DA000000101229,1,CAMION VOLQUETE; MARCA: FAW; TIPO: CA3312P2K2L4T4EA80; CILINDRADA: 9726 CC; A¿O DE FABRICACION: 2021; TRACCION:8 X 4 (DOBLE); NRO. DE RUEDAS: 12; CAP. DE CARGA: 35 TN; CHASIS NRO.: LFNMVXPX9MAD95001;
BMW,BMW,(sin modelo),IX1,PHEV,2,2,2026-03,2026-03,26DA000000138421,2,1) UNA UNID. DE SUV MARCA BMW IX1 25L M SPORT
HONDA,HONDA,(sin modelo),TRX300,ICE,2,2,2026-03,2026-03,26DA000000140622,6,CUADRICICLO USADO MARCA HONDA MOD. TRX300 ANHO 1997 COLOR VERDE SERIE NRO 478TE1405VA818381
XIAOMI,XIAOMI,(sin modelo),YU7,BEV,2,2,2026-03,2026-03,26DA000000133680,2,1 VEHICULO NUEVO ELECTRICO NEW XIAOMI YU7 YEAR 2025 MODEL 2026 SILVER VIN:HXML2A045SA245960
BYD,BYD,(sin modelo),SEALION 07 EV,BEV,2,2,2026-03,2026-03,26DA000000142733,2,"LOS DEMAS VEHICULOS EN: 1)UN. VEHICULO TIPO CAMIONETA ELECTRICO, MOD. SEALION 07 EV, SMART DRIVE 610KM DE AUTONOMIA, CHASSI N. LGXCH4CD2S2251916, ANO FAB. 2025, ANO MOD. 2026"
MERCEDES-BENZ,MERCEDES-BENZ,2026,GLC 200 4 MATIC,ICE,2,2,2026-03,2026-03,26DA000000133498,1,"1 UNID CAMIONETA, MARCA: MWECEDES BENZ, TIPO: GLC 200 4 MATIC, AO MODELO 2026 CON SUS ACCESORIOS CORRESPONDIENTES._"
MINI,MINI,(sin modelo),COOPER CABRIO,ICE,2,2,2026-03,2026-03,26DA000000157954,1,VEHCULO CON CAPACIDAD DE TRANSPORTE DE PERSONAS EN: 01-UN AUTOMOVIL MARCA MINI MODELO COOPER CABRIO S A¿O DE FABRICACION 2026 MODELO A¿O 2026 CON SUS ACCESORIOS NORMALES
FUSO,FUSO,2026,FIV1PHX2LNJA,ICE,2,2,2026-03,2026-03,26DA000000117599,2,"1 UNID CAMION, MARCA: FUSO, TIPO: FIV1PHX2LNJA, AO DE FABRICACION 2025, AO MODELO: 2026 CON SUS ACCESORIOS NORMALES Y CORRESPONDIENTES"
CADILLAC,CADILLAC,(sin modelo),SRX,ICE,2,2,2026-04,2026-04,26DA000000167640,3,"UNA UNIDAD DE STATION WAGON USADO, MARCA:CADILLAC MODELO:SRX A¿O:2011.-"
CHEVROLET,CHEVROLET,(sin modelo),ONIX SD PREMIER,ICE,2,2,2026-04,2026-09,26DA000000187765,8,CHEVROLET ONIX SD PREMIER 1.0 TB AT
MG,MG,(sin modelo),CYBERSTER-77KWH,BEV,2,2,2026-04,2026-04,26DA000000175275,11,"1 UNID AUTOMOVIL, MARCA MG, TIPO CYBERSTER-77KWH AWD ANO DE FABRICACION 2026, MODELO ANO 2027, CON SUS ACCESORIOS NORMALES Y CORRESPONDIENTES.-"
CHANGAN,CHANGAN,2027,NEW CS75 PLUS,ICE,2,2,2026-04,2026-04,26DA000000199644,7,"1 UNA UNIDAD DE VEHICULO MARCA: CHANGAN NEW CS75 PLUS 4WD 2.0 ELITE CON CHASSIS NO: LS4ASE2A2VD800009 Y MOTOR NO: JL484ZQ1*SHTAA011234* A¿O MODELO: 2027, CON SUS ACCESORIOS NORMALES Y C"
MERCEDES-BENZ,MERCEDES-BENZ,2027,ATEGO 2429/48,ICE,2,2,2026-04,2026-04,26DA000000172676,1,"1 UNID CAMION, MARCA MERCEDES BENZ TIPO ATEGO 2429/48 6X2 EURO III ANO DE FABRICACION 2026, ANO MODELO 2027 CON SUS ACCESORIOS NORMALES Y CORRESPONDIENTES.-"
KAWASAKI,KAWASAKI,2026,MULE XC,ICE,2,2,2026-04,2026-04,26DA000000204397,11,1 UNID. VEHICULO DE RECREACION MARCA KAWASAKI MODELO MULE XC A¿O FABRICACION 2025 A¿O MODELO 2026
MERCEDES-BENZ,MERCEDES-BENZ,2026,AMG G 63,ICE,2,2,2026-05,2026-06,26DA000000223647,1,"1 UNID CAMIONETA, MARCA MERCEDES BENZ, TIPO AMG G 63, AO DE FABRICACION 2026, AO MODELO 2026 CON SUS ACCESORIOS NORMALES Y CORRESPONDIENTES.-"
SAMSUNG,RENAULT SAMSUNG,(sin modelo),QM3,ICE,2,2,2026-05,2026-08,26DA000000269499,9,"UNA UNIDAD DE STATION WAGON USADO, MARCA SAMSUNG MODELO QM3 A¿O 2017.-"
CHEVROLET,CHEVROLET,2027,S10 CD LTZ,ICE,2,2,2026-05,2026-05,26DA000000268620,2,"CAMIONETA NEW S10 CD LTZ 2.8 4X4 AT A¿O FABRICACION 2026, A¿O MODELO 2027 CON SUS ACCESORIOS CORRESPONDIENTES"
CHEVROLET,CHEVROLET,(sin modelo),ONIX ACTIV,ICE,2,2,2026-06,2026-06,26DA000000291778,1,"1 UNID. AUTOMOVIL MARCA CHEVROLET, MOD. ONIX ACTIV, HB, 5K48HVR7V, PASAJERO, 5 LUG.,5 PTAS.,MOTOR FLEX E100 * 3 CIL. 1.0L TURBO, ANIO DE FABRICACION 2026, MOD. ANIO 2027, C/ACC. NORMALES Y OPCIONALES."
POLARIS,POLARIS,(sin modelo),RGR-24 1K,ICE,2,2,2026-06,2026-06,26DA000000303980,3,"UNA UNIDAD VEHICULO UTILITARIO, DE LA MARCA POLARIS, MODELO; RGR-24 1K, COLOR CAMUFLADO, FABRICACION Y MODELO ANO 2024, CHASSIS N. 4XAT6E990R8697993, MOTOR N. 1205831834261"
DRR,DRR,(sin modelo),DRX 90,ICE,2,2,2026-07,2026-08,26DA000000388537,8,"LOS DEMAS, EN: 1) UNID. CUACICLON MARCA DRR MODELO DRX 90 A¿O 2025 COLOR GRIS MOTOR 90CC CHASIS NRO. RK3STS039NB002799 ESTADO: NUEVO"
CHEVROLET,CHEVROLET,(sin modelo),MONTANA CD RS,ICE,2,2,2026-07,2026-07,26DA000000342632,2,CAMIONETA MONTANA CD RS 1.2 TB AT CON SUS ACCESORIOS CORRESPONDIENTES
CHEVROLET,CHEVROLET,(sin modelo),"SONIC RS,5D58DVR8F",ICE,2,2,2026-08,2026-08,26DA000000433480,10,"1 UNID. VEHICULO SUV MARCA CHEVROLET,MOD. SONIC RS,5D58DVR8F,PASAJERO,5 LUGARES, 5 PTAS, MOTOR FLEX E100, 3 CIL. 1.0L TURBO,ANIO DE FABRICACION 2026,MOD.ANIO 2027,C/ACC.NORMALES Y OPCIONALES"
TOYOTA,TOYOTA,(sin modelo),TACOMA TRD OFF ROAD,HEV,2,2,2026-08,2026-08,26DA000000426796,2,"1)UNA UNIDAD DE VEHICULO NUEVO TOYOTA TACOMA TRD OFF ROAD AO 2026 HIBRIDA , 0KM.-"
IVECO,IVECO,(sin modelo),DAILY 55 180,ICE,2,2,2026-08,2026-08,26DA000000398129,1,"01) UNIDAD DE FURGON, DAILY 55 180 , ANIO DE FABRICACION 2.026, CON SUS ACCESORIOS CORRESPONDIENTES.-"
HYUNDAI,HYUNDAI,(sin modelo),GT9,ICE,2,2,2026-08,2026-08,26DA000000455163,1,"VEHICULOS PARA EL TRANSPORTE DE MERCANCIAS , CAMION, MARCA: HYUNDAI, MOD.: GT9 CHASIS CABINA EXTRA LARGO 7 TON."
TOYOTA,TOYOTA,(sin modelo),GR YARIS RALLY,ICE,2,2,2026-09,2026-09,26DA000000464077,4,AUTOMOVIL TOYOTA GR YARIS RALLY ANHO 2021 CHASIS NRO JTDAFAE38NA011018
TOYOTA,TOYOTA,(sin modelo),ALTIS,ICE,2,2,2026-09,2026-09,26DA000000466355,3,1)UNA UNIDAD DE VEHICULO USADO TOYOTA ALTIS AO 2001
MITSUBISHI,MITSUBISHI,MONTERO MONTERO SPORT GLS SAM 4WD 2,MONTERO MONTERO SPORT GLS SAM 4WD,ICE,2,2,2026-09,2026-09,26DA000000469471,14,STATION WAGON PARA EL TRANSPORTE DE PERSONAS 0KM MARCA MITSUBISHI MODELO MONTERO MONTERO SPORT GLS SAM 4WD 2.4DIT 8AT
CHANGAN,CHANGAN,(sin modelo),UNI-K,ICE,2,2,2026-09,2026-09,26DA000000508599,40,"EN 1 UNIDAD DE VEHICULO DE LA MARCA: CHANGAN, ANO: 2027, MODE: UNI-K AWD, COLOR: BLANCO.-"
MAXUS,MAXUS,(sin modelo),G10 MINIB S 7,ICE,2,2,2026-09,2026-09,26DA000000512318,12,"1 UNID MINIBUS, MARCA: MAXUS, MODELO: G10 MINIB¿S 7 ASIENTOS AT, ANO DE FABRICACION 2026, MODELO ANO 2027, CON SUS ACCESORIOS NORMALES Y CORRESPONDIENTES.-"
MERCEDES-BENZ,MERCEDES-BENZ,2027,SPRINTER 311 CDI,ICE,2,2,2026-09,2026-09,26DA000000512029,2,"1 UNID DE FURGON TIPO SPRINTER 311 CDI, MARCA: MERCEDES BENZ, CON MOTOR DIESEL, AO DE FABRICACION: 2026 MODELO: 2027 CON SUS ACCESORIOS NORMALES Y CORRESPONDIENTES."
MERCEDES-BENZ,MERCEDES-BENZ,(sin modelo),C320 CDI,ICE,1,1,2022-01,2022-01,22DA000000000934,3,UN VEHICULO USADO MARCA MERCEDES BENZ MODELO C320 CDI A¿O 2007 COLOR NEGRO
MERCEDES-BENZ,MERCEDES-BENZ,(sin modelo),SPRINTER 312D,ICE,1,1,2022-01,2022-01,22DA000000001653,1,1) UNA UNIDAD DE AMBULANCIA TIPO STATION WAGON USADO MARCA MERCEDES BENZ MODELO SPRINTER 312D A¿O 1998 CON SUS ACCESORIOS CORRESPONDIENTES
MERCEDES-BENZ,MERCEDES-BENZ,2012,E350,ICE,1,1,2022-01,2022-01,22DA000000001721,1,1 UNIDAD MERCEDES BENZ MODELO E350 A¿O DE FAB. 2012 A¿O MODELO 2012 COLOR NEGRO
MERCEDES-BENZ,MERCEDES-BENZ,(sin modelo),SLK-230,ICE,1,1,2022-01,2022-01,22DA000000001732,1,UN AUTOMOVIL USADO MARCA MERCEDES BENZ MODELO SLK-230 A¿O 1998 COLOR NEGRO
PORSCHE,PORSCHE,MACAN III NAFTERO 2,MACAN III NAFTERO,ICE,1,1,2022-01,2022-01,22DA000000002857,1,"1) UNIDAD VEHICULO DE LA MARCA PORSCHE TIPO CAMIONETA; MODELO MACAN III NAFTERO 2.0, A¿O DE FABRICACION 2021; MODELO A¿O 2022 ; CON SUS ACCESORIOS NORMALES Y OPCIONALES.-"
MERCEDES-BENZ,MERCEDES-BENZ,(sin modelo),GL350 BLUETECH,ICE,1,1,2022-01,2022-01,22DA000000003218,2,UN STATION WAGON USADO MARCA MERCEDES BENZ MODELO GL350 BLUETECH A¿O 2014 COLOR MARRON
MERCEDES-BENZ,MERCEDES-BENZ,(sin modelo),C-300,ICE,1,1,2022-01,2022-01,22DA000000003218,1,UN AUTOMOVIL USADO MARCA MERCEDES BENZ MODELO C-300 A¿O 2011 COLOR NEGRO
SSANGYONG,KGM,TIVOLI,TIVOLI,ICE,1,1,2022-01,2022-01,22DA000000003413,1,"LOS DEM¿S, EN:1)UN VEHICULO MARCA SSANG YONG MODELO TIVOLI, A¿O DE FABRICACION 2020, MODELO A¿O 2021 CILINDRADA 1.497, COLOR AZUL, COMBUSTIBLE NAFTA, CHASIS NRO. KPBXH3AT1MP343299"
MERCEDES-BENZ,MERCEDES-BENZ,(sin modelo),A180 CDI,ICE,1,1,2022-01,2022-01,22DA000000003626,2,1(UNA) UNIDAD DE AUTOMOVIL USADO MARCA: MERCEDES BENZ MODELO: A180 CDI A¿O: 2009
BMW,BMW,(sin modelo),318D,ICE,1,1,2022-01,2022-01,22DA000000005341,2,01) UN AUTOMOVIL USADO MARCA: BMW MODELO: 318D A¿O: 2003 MOVIDO A DIESEL.-
MINI,MINI,(sin modelo),COOPER WORKS ALL4 COUNTRYMAN,ICE,1,1,2022-01,2022-01,22DA000000005972,2,VEHICULO CON CAPACIDAD DE TRANSPORTE DE PERSONAS EN: 01-UN AUTOMOVIL MARCA MINI MODELO COOPER WORKS ALL4 COUNTRYMAN A¿O DE FABRICACION 2021 MODELO A¿O 2022 CON SUS ACCESORIOS NORMALES
HYUNDAI,HYUNDAI,(sin modelo),SANTAA FE,ICE,1,1,2022-01,2022-01,22DA000000006270,3,UN VEHICULO USADO TIPO STATION WAGON MARCA HYUNDAI MODELO SANTAA FE A¿O 2009 MOVIDO A DIESEL
TOYOTA,TOYOTA,(sin modelo),WOSH,ICE,1,1,2022-01,2022-01,22DA000000006272,1,UN VEHICULO USADO TIPO STATION WAGON MARCA TOYOTA MODELO WOSH A¿O 2007 MOVIDO A GASOLINA
MERCEDES-BENZ,MERCEDES-BENZ,(sin modelo),C350/SPORT,ICE,1,1,2022-01,2022-01,22DA000000007112,1,1 UNA UNIDAD AUTOMOVIL USADO MARCA MERCEDES BENZ MODELO C350/SPORT A¿O 2009 COLOR AZUL OSCURO ./
VOLKSWAGEN,VOLKSWAGEN,(sin modelo),FUSCA 1200,ICE,1,1,2022-01,2022-01,22DA000000007835,1,"LOS DEMAS..., EN: (01) UNA UNID. VOLKSWAGEN FUSCA 1200, ANO: 1966, COLOR: ROJO, USADO, CON SUS ACCESORIOS CORRESPONDIENTES...."
MERCEDES-BENZ,MERCEDES-BENZ,(sin modelo),220SE,ICE,1,1,2022-01,2022-01,22DA000000008889,1,01 UNA UNIDAD DE AUTOMOVIL USADO MARCA MERCEDES BENZ MODELO 220SE A¿O 1964
CHANGAN,CHANGAN,CS35 PLUS MECANICO CON 1,CS35 PLUS MECANICO,ICE,1,1,2022-01,2022-01,22DA000000009914,11,"1) UNA UNIDAD DE VEHICULO MARCA CHANGAN MODELO: CS35 PLUS MECANICO CON 1.392CC, COLOR: GRIS CON CHASIS N: LS5A3DKR5NA964025, Y MOTOR N: JL473ZQ9*MM0AD078431, A¿O FABRICACION 2021,MODELO A¿O 2022"
MERCEDES-BENZ,MERCEDES-BENZ,(sin modelo),SLK 350,ICE,1,1,2022-01,2022-01,22DA000000016310,1,UNA UNIDAD DE AUTOMOVIL USADO MARCA: MERCEDES BENZ MODELO: SLK 350 A¿O: 2012
HONDA,HONDA,(sin modelo),TRX500,ICE,1,1,2022-01,2022-01,22DA000000016505,4,"1 UNIDAD DE CUACICLON,USADO MARCA HONDA MOD.TRX500,A¿O 2007"
BMW,BMW,2016,340I,ICE,1,1,2022-01,2022-01,22DA000000016671,1,UNA UNIDAD DE AUTOMOVIL USADO MARCA BMW MODELO 340I A¿O FABRICACION 2015 A¿O MODELO 2016
MERCEDES-BENZ,MERCEDES-BENZ,(sin modelo),ML 250,ICE,1,1,2022-01,2022-01,22DA000000016764,1,UNA UNIDAD DE STATION WAGON USADO MARCA: MERCEDES BENZ MODELO: ML 250 A¿O: 2015
HYUNDAI,HYUNDAI,(sin modelo),COUPE,ICE,1,1,2022-01,2022-01,22DA000000020438,3,UNA UNIDAD AUTOMOVIL USADO MARCA: HYUNDAI MODELO: COUPE A¿O: 2003.
MERCEDES-BENZ,MERCEDES-BENZ,(sin modelo),SL450,ICE,1,1,2022-01,2022-01,22DA000000020769,1,UNA UND. AUTOMOVIL MODELO SL450 A¿O 1979 NAFTEO.-
MERCEDES-BENZ,MERCEDES-BENZ,(sin modelo),380SL,ICE,1,1,2022-01,2022-01,22DA000000020769,2,UNA UND. AUTOMOVIL MODELO 380SL A¿O 1984 NAFTERO.-
AUDI,AUDI,(sin modelo),Q7,HEV,1,1,2022-01,2022-01,22DA000000020968,2,UN STATION WAGON USADO MARCA AUDI MODELO Q7 A¿O 2.021.-
ACURA,ACURA,(sin modelo),TL,ICE,1,1,2022-01,2022-01,22DA000000024710,1,UN AUTOMOVIL USADO MARCA ACURA MODELO TL A¿O 2013 COLOR NEGRO
DODGE,DODGE,(sin modelo),SXT,ICE,1,1,2022-01,2022-01,22DA000000026356,1,1 VEHICULO DODGE CHARGER SXT
MAPLE,MAPLE,2021,30X,BEV,1,1,2022-01,2022-01,22DA000000030228,2,"1)UNID. STATION WAGON MARCA MAPLE MODELO 30X A¿O DE FABRICACION 2021 A¿O MODELO 2021, CON SUS ACCESRIOS CORRESPONDIENTES"
WULING,WULING,2021,MINI EV,BEV,1,1,2022-01,2022-01,22DA000000030228,1,"1)UNID. AUTOMOVIL MARCA WULING MINI MODELO MINI EV A¿O DE FABRICACION 2021 A¿O MODELO 2021, CON SUS ACCESORIOS CORRESPONDIENTES"
FORD,FORD,2021,BRONCO SPORT CX430 XLT,ICE,1,1,2022-01,2022-01,22DA000000235495,1,UNA UNIDAD STATION WAGON MARCA FORD MODELO BRONCO SPORT CX430 XLT A¿O MODELO 2021
AUDI,AUDI,2022,Q7 E-TRON,PHEV,1,1,2022-01,2022-01,22DA000000236569,1,"CAMIONETA, MARCA AUDI, MODELO Q7 E-TRON (HYBRIDO), A¿O FABRICACION 2021, A¿O MODELO 2022, COLOR GRIS, VIN WAUZZZ4M8ND002123 Y SUS ACCESORIOS"
VOLKSWAGEN,VOLKSWAGEN,(sin modelo),CABRIO,ICE,1,1,2022-01,2022-01,22DA000000237211,3,UN AUTOMOVIL USADO MARCA VOLKSWAGEN MODELO CABRIO A¿O 1996 COLOR ROJO
MERCEDES-BENZ,MERCEDES-BENZ,(sin modelo),SL320,ICE,1,1,2022-01,2022-01,22DA000000240887,1,UN AUTOMOVIL USADO MARCA MERCEDES BENZ MODELO SL320 A¿O 1994 COLOR NEGRO
PORSCHE,PORSCHE,(sin modelo),CAYENNE E-HYBRID,PHEV,1,1,2022-01,2022-01,22DA000000248307,1,PORSCHE CAYENNE E-HYBRID 2022
MERCEDES-BENZ,MERCEDES-BENZ,(sin modelo),512D VARIO,ICE,1,1,2022-01,2022-01,22DA000000001848,3,UNA UNIDAD DE CAMION USADO MARCA: MERCEDES BENZ MODELO:512D VARIO A¿O: 1999 COLOR ROJO
SCANIA,SCANIA,(sin modelo),113M,ICE,1,1,2022-01,2022-01,22DA000000009178,1,LOS DEMAS EN: 01- UNA UNIDAD CAMION 6X2 MARCA SCANIA MODELO 113M - 320 A¿O 1992 COLOR BLANCO CHASIS NRO: XLERM6X2A04319762
MERCEDES-BENZ,MERCEDES-BENZ,906 2,906,ICE,1,1,2022-01,2022-01,22DA000000009880,2,"SIENDO: 01 UNIDAD DE CAMION USADO, MARCA MERCEDES BENZ, MODELO 906 2.1L L4 DOHC 16V RWD, A¿O 2007, CHASIS WDB9061131N369105"
SCANIA,SCANIA,(sin modelo),113 T,ICE,1,1,2022-01,2022-01,22DA000000010220,2,UNA UNIDAD CAMION VOLQUETE USADO MARCA: SCANIA MODELO: 113 T A¿O: 1990
NISSAN,NISSAN,(sin modelo),TRADE 100,ICE,1,1,2022-01,2022-01,22DA000000011849,3,UNA UNIDAD DE CAMION MODELO NISSAN MODELO TRADE 100 A¿O:1996
DODGE,DODGE,(sin modelo),RAM 3500,ICE,1,1,2022-01,2022-01,22DA000000016505,1,"1 UNIDAD DE VEHICULO,USADO MARCA DODGE RAM 3500 ,A¿O 2.021"
RENAULT,RENAULT,(sin modelo),M180,ICE,1,1,2022-01,2022-01,22DA000000016585,2,UNA UNIDAD CAMION CON GRUA USADO MARCA RENAULT MODELO M180 A¿O 1996
MERCEDES-BENZ,MERCEDES-BENZ,(sin modelo),407D,ICE,1,1,2022-01,2022-01,22DA000000016598,1,UNA UNIDAD CAMION USADO MARCA: MERCEDES BENZ MODELO: 407D A¿O: 1988. DIESEL.
MERCEDES-BENZ,MERCEDES-BENZ,(sin modelo),2628,ICE,1,1,2022-01,2022-01,22DA000000016598,3,UNIDAD CHASSIS CON MOTOR Y CABINA MARCA: MERCEDES BENZ MODELO: 2628 A¿O: 1996. DIESEL.
SSANGYONG,KGM,(sin modelo),MUSSO SPORTS,ICE,1,1,2022-01,2022-01,22DA000000018024,10,1 UNA UNIDAD DE CAMIONETA USADA MARCA SSANGYONG MODELO MUSSO SPORTS A¿O 2004 COLOR PLATA
MERCEDES-BENZ,MERCEDES-BENZ,(sin modelo),1514,ICE,1,1,2022-01,2022-01,22DA000000021150,2,LA DEMAS EN: 01- UNA UNIDAD CAMION MERCEDES BENZ 1514 A¿O 1993 COLOR BLANCO CHASIS NRO: WDB6750231K006254
MERCEDES-BENZ,MERCEDES-BENZ,(sin modelo),"915 E/31,5",ICE,1,1,2022-01,2022-01,22DA000000021635,1,"01 UNIDAD CAMION MARCA MERCEDES BENZ, MOD. 915 E/31,5, EQUIPADO C/CARROCERIA BLINDADA PARA TRANSPORTE DE VALORES MARCA MIB, COLOR BLANCO, A¿O DE FAB. 2021, MOD. A¿O 2022, CON SUS ACC. CORRESP.-"
FORD,FORD,(sin modelo),USO,ICE,1,1,2022-01,2022-01,22DA000000022879,1,"1 UND. CAMIONETA, F-100, CIL: 2500CC, C/S 4X2, PAIS FAB: BRASIL, A¿O FAB: 1978, COLOR: BICOLOR, MARCA MTR Y CHS: FORD, USO: PRIVADO.-"
CHRYSLER,CHRYSLER,(sin modelo),C 300,ICE,1,1,2022-02,2022-02,22DA000000029426,12,01) UN AUTOMOVIL USADO MARCA CHRYSLER MODELO C 300 A¿O 2008.-
PORSCHE,PORSCHE,MACAN S NAFTERO 2,MACAN S NAFTERO,ICE,1,1,2022-02,2022-02,22DA000000029852,1,"1) UNIDAD VEHICULO DE LA MARCA PORSCHE TIPO CAMIONETA; MODELO MACAN S NAFTERO 2.0, A¿O DE FABRICACION 2021; MODELO A¿O 2022 ; CON SUS ACCESORIOS NORMALES Y OPCIONALES.-"
MERCEDES-BENZ,MERCEDES-BENZ,(sin modelo),ML320 BLUETEC,ICE,1,1,2022-02,2022-02,22DA000000029864,1,01) UN STATION WAGON USADO MARCA: MERCEDES BENZ MODELO: ML320 BLUETEC A¿O: 2009 MOVIDO A DIESEL.-
PORSCHE,PORSCHE,(sin modelo),TAYCAN 48 CROSS TURISMO,BEV,1,1,2022-02,2022-02,22DA000000030216,1,"PORSCHE TAYCAN 48 CROSS TURISMO MODELO, A¿O 2022"
TOYOTA,TOYOTA,(sin modelo),LAND CRIUSER,ICE,1,1,2022-02,2022-02,22DA000000033157,12,01 UNIDAD AMBULANCIA MARCA TOYOTA MODELO LAND CRIUSER A¿O 2020
TOYOTA,TOYOTA,(sin modelo),MODEL ALLION,ICE,1,1,2022-02,2022-02,22DA000000033491,3,UNA UNIDAD DE AUTOMOVIL USADO MARCA TOYOTA MODEL ALLION A¿O 2002 COLOR PERLA
MINI,MINI,(sin modelo),JOHN COOPER WORD,ICE,1,1,2022-02,2022-02,22DA000000035714,1,VEHICULO CON CAPACIDAD DE TRANSPORTE DE PERSONAS EN: 01-UN AUTOMOVIL MARCA MINI MODELO JOHN COOPER WORD HATCH A¿O DE FABRICACION 2021 MODELO A¿O 2022 CON SUS ACCESORIOS NORMALES
MERCEDES-BENZ,MERCEDES-BENZ,(sin modelo),COUPE,ICE,1,1,2022-02,2022-02,22DA000000036421,1,1 UNA UNIDAD AUTOMOVIL USADO MARCA MERCEDES BENZ MODELO COUPE A¿O 2014 COLOR NEGRO.-
KIA,KIA,(sin modelo),NIRO,ICE,1,1,2022-02,2022-02,22DA000000056523,1,"LOS DEM¿S, EN; 1)UN VEHICULO MARCA KIA MODELO NIRO A¿O 2019 MODELO A¿O 2019, COLOR AZUL, TIPO SUV, CC1.580 CHASIS NRO. KNACC81CGK5271111"
BMW,BMW,X6 XDRIVE30D 3,X6 XDRIVE30D,ICE,1,1,2022-02,2022-02,22DA000000056991,1,"CON CAPACIDAD PARA EL TRANSPORTE DE PERSONAS SENTADAS INFERIOR O IGUAL A 6, INCLUIDO EL CONDUCTOR EN: 01 UNIDAD VEHICULO STATION WAGON, MARCA: BMW, A¿O 2012, MODELO: X6 XDRIVE30D 3.0 AUT, COLOR BLANCO"
FORD,FORD,2022,TERRITORY 2 WD,ICE,1,1,2022-02,2022-02,22DA000000075635,8,UNA UNIDAD STATION WAGON MARCA FORD MODELO TERRITORY 2 WD AT TREND A¿O MODELO 2022
HYUNDAI,HYUNDAI,(sin modelo),TUSCANI,ICE,1,1,2022-02,2022-02,22DA000000081819,11,01- UNA UNIDAD DE AUTOMOVIL USADO MARCA HYUNDAI MODELO TUSCANI A¿O 2006
KIA,KIA,(sin modelo),SPIRTAGE,ICE,1,1,2022-02,2022-02,22DA000000090364,6,1- UNA UNIDAD DE STATION WAGON USADO DE LA MARCA KIA MODELO SPIRTAGE A¿O 2006
MERCEDES-BENZ,MERCEDES-BENZ,(sin modelo),CLS55,ICE,1,1,2022-02,2022-02,22DA000000093485,12,UN VEHICULO USADO MARCA MERCEDES BENZ MODELO CLS55 A¿O 2008
FORD,FORD,EXPLORER 4 DR 4WD XLT 2,EXPLORER 4 DR 4WD XLT,ICE,1,1,2022-02,2022-02,22DA000000246362,1,UNA UNIDAD STATION WAGON MARCA FORD MODELO EXPLORER 4 DR 4WD XLT 2.3L ECOBOOST A¿O MODELO 2021
MINI,MINI,(sin modelo),JOHN COOPER WORD ALL4,ICE,1,1,2022-02,2022-02,22DA000000247126,1,VEHICULO CON CAPACIDAD DE TRANSPORTE DE PERSONAS EN: 01-UN AUTOMOVIL MARCA MINI MODELO JOHN COOPER WORD ALL4 COUNTRYMAN A¿O DE FABRICACION 2021 MODELO A¿O 2022 CON SUS ACCESORIOS NORMALES
PORSCHE,PORSCHE,(sin modelo),PANAMERA,PHEV,1,1,2022-02,2022-02,22DA000000285081,1,"LOS DEMAS VEHICULOS, EQUIPADOS PARA LA PROPULSION CON MOTOR EMBOLO PISTON ALTERNATIVO, DE ENCIDIDO POR CHISPA EN : 1 (UNO) AUTOMOVIL PORSCHE PANAMERA HIBRIDO A¿O 2019"
TOYOTA,TOYOTA,(sin modelo),MODEL WISH,ICE,1,1,2022-02,2022-02,22DA000000287071,1,UNST.WAGON USADO MARCA TOYOTA MODEL WISH A¿O 2009
HYUNDAI,HYUNDAI,(sin modelo),VERNA,ICE,1,1,2022-02,2022-02,22DA000000288035,3,"UNA UNIDAD DE AUTOMOVIL USADO, MARCA HYUNDAI MODELO VERNA A¿O 2011.-"
SUZUKI,SUZUKI,(sin modelo),ALTOS,ICE,1,1,2022-02,2022-02,22DA000000291329,1,UN AUTOMOVIL USADO MARCA SUZUKI MODELO ALTOS A¿O 2014
FORD,FORD,(sin modelo),MUSTANG,BEV,1,1,2022-02,2022-02,22DA000000291807,2,"LOS DEM¿S VEH¿CULOS, PROPULSADOS ¿NICAMENTE CON MOTOR ELECTRICO EN UNA UNIDAD DE AUTOMOVIL MARCA FORD MODELO MUSTANG A¿O DE FABRICACION 2021 MOD A¿O 2021 CON SUS ACCESORIOS"
MERCEDES-BENZ,MERCEDES-BENZ,(sin modelo),280 CE,ICE,1,1,2022-02,2022-02,22DA000000292653,8,"01 UNIDAD DE AUTOMOVIL USADO MARCA:MERCEDES BENZ MODELO:280 CE A¿O:1978, COLOR:BORDO, MOVIDO A GASOLINA.-"
SCANIA,SCANIA,(sin modelo),R124/400,ICE,1,1,2022-02,2022-02,22DA000000029702,1,1 UNA UNIDAD CAMION USADO MARCA SCANIA MODELO R124/400 A¿O 1998 COLOR AZUL.-
PLUTUS,PLUTUS,(sin modelo),DD1022E,ICE,1,1,2022-02,2022-02,22DA000000058644,1,01- UNA UNIDAD DE CAMIONETA DOBLE CABINA MARCA PLUTUS MODELO DD1022E A¿O 2012
FIAT,FIAT,STRADA VOLCANO CD 1,STRADA VOLCANO CD,ICE,1,1,2022-02,2022-02,22DA000000084556,35,"(1) UNA UNIDAD, CAMIONETA PICK UP, MARCA FIAT, MODELO STRADA VOLCANO CD 1.3 FLEX, A¿O DE FABRICACION 2022, MODELO DEL A¿O 2022, CON SUS ACCESORIOS CORRESPONDIENTES."
SCANIA,SCANIA,(sin modelo),113-310,ICE,1,1,2022-02,2022-02,22DA000000094328,1,UNA UNIDAD CAMION USADO MARCA SCANIA MODELO 113-310 A¿O 1988
VOLKSWAGEN,VOLKSWAGEN,2022,(sin modelo),ICE,1,1,2022-02,2022-02,22DA000000240267,1,"CAMION MARCA VOLKSWAGEN, 9.170 CUM E3, A¿O FABRICACION 2022, AO MODELO 2022, CON SUS ACCESORIOS CORRESPONDIENTES. -"
MERCEDES-BENZ,MERCEDES-BENZ,(sin modelo),VARIO 614D,ICE,1,1,2022-02,2022-02,22DA000000288857,2,UNA UNIDAD DE CAMION USADO MARCA MERCEDES BENZ MODELO VARIO 614D A¿O 2000 COLOR BLANCO
MERCEDES-BENZ,MERCEDES-BENZ,(sin modelo),ATEGO 1023,ICE,1,1,2022-02,2022-02,22DA000000340522,2,01) UN CAMION CON CHASIS MOTOR Y CABINA USADO MARCA. MERCEDES BENZ MODELO. ATEGO 1023 A¿O 2002 MOVIDO A DIESEL.-
TOYOTA,TOYOTA,(sin modelo),MODEO FUNCARGO,ICE,1,1,2022-03,2022-03,22DA000000038409,9,UNA UNIDAD DE STATION WAGON USADO MARCA TOYOTA MODEO FUNCARGO A¿O 2004
BAIC,BAIC,(sin modelo),X55 LEXURY,ICE,1,1,2022-03,2022-03,22DA000000040151,3,"1.-UNID. CAMIONETA STATION WAGON BAIC X55 LEXURY, CON SUS CORRESP.ACCESORIOS"
SANTANA,SANTANA,(sin modelo),ANIBAL,ICE,1,1,2022-03,2022-03,22DA000000045590,1,UNA UNIDAD DE STATION WAGON USADO MARCA: SANTANA MODELO: ANIBAL A¿O: 2004
TOYOTA,TOYOTA,(sin modelo),VERSO,ICE,1,1,2022-03,2022-03,22DA000000047651,2,UNA UNIDAD DE AUTOMOVIL USADO MARCA TOYOTA MODELO VERSO A¿O 2010 COLOR NEGRO
CHEVROLET,CHEVROLET,(sin modelo),VENTURE,ICE,1,1,2022-03,2022-03,22DA000000049135,1,UNA CAMIONETA USADA MARCA CHEVROLET MODELO VENTURE A¿O 2002 COLOR: BLANCO
SKODA,SKODA,(sin modelo),FABIA R5 RALLY,ICE,1,1,2022-03,2022-03,22DA000000054751,1,"01 UNA UNIDAD DE AUTOMOVIL DE COMPETICION - MARCA SKODA, MODELO FABIA R5 RALLY - A¿O 2017 - COLOR BLANCO - USADO"
TOYOTA,TOYOTA,2003,(sin modelo),ICE,1,1,2022-03,2022-03,22DA000000058361,2,1- UNA UNIDAD DE STATION WAGON USADO DE LA MARCA TOYOTA MODELO 2003
PORSCHE,PORSCHE,(sin modelo),911 GT3,ICE,1,1,2022-03,2022-03,22DA000000064562,1,UNA UNIDAD AUTOMOVIL NUEVO MARCA: PORSCHE MODELO: 911 GT3 A¿O: 2022 COLOR AZUL
TOYOTA,TOYOTA,(sin modelo),MMODELO ALLION,ICE,1,1,2022-03,2022-03,22DA000000064972,2,1 UNA UNIDAD DE AUTOMOVIL USADO MARCA TOYOTA MMODELO ALLION A¿O 2004 COLOR PERLA
SUZUKI,SUZUKI,NEW JIMNY VERSION 1,NEW JIMNY VERSION,ICE,1,1,2022-03,2022-03,22DA000000070091,1,01) UNIDAD DE VEHICULO TIPO STATION WAGON DE LA MARCA: SUZUKI MODELO: NEW JIMNY VERSION 1.5 GL M/T A¿O DE FABRICACION 2021 MODELO A¿O: 2022 CON SUS ACCESORIOS NORMALES Y CORRESPONDIENTES
BMW,BMW,(sin modelo),ACTIVEHYBRID 3,HEV,1,1,2022-03,2022-03,22DA000000075202,1,UNA UNIDAD DE VEHICULO USADO MARCA: BMW MODELO: ACTIVEHYBRID 3 A¿O: 2012 COLOR: BLANCO CHASIS: WBA3F91040F144613 MOTOR: 2970 CC
BMW,BMW,(sin modelo),318IS,ICE,1,1,2022-03,2022-03,22DA000000083507,1,UNA UNIDAD DE AUTOMOVIL USADO MARCA BMW MODELO 318IS A¿O 1991.
MERCEDES-BENZ,MERCEDES-BENZ,(sin modelo),CLK430,ICE,1,1,2022-03,2022-03,22DA000000096671,1,"CON CAPACIDAD PARA EL TRANSPORTE DE PERSONAS SENTADAS INFERIIOR O IGUAL A 6, INCLUIDO EL CONDUCTOR EN UN AUTOMOVIL MARCA MERCEDES BENZ MODELO CLK430 A¿O DE FABRICACION 2002 MOD A¿O 2002 USADO CHOCADO"
CHEVROLET,CHEVROLET,CAMARO SIX SS 6,CAMARO SIX SS,ICE,1,1,2022-03,2022-03,22DA000000251814,1,"1 UNID. AUTOMOVIL MARCA CHEVROLET, MODELO CAMARO SIX SS 6.2L RWD AT 1AK37PY, A¿O DE FABRICACION 2022, MOD. A¿O 2022, , C/ACCESORIOS NORMALES Y OPCIONALES.-"
FORD,FORD,(sin modelo),RANGER XL,ICE,1,1,2022-03,2022-03,22DA000000041931,1,01) UNA UNIDAD PIC KUP USADO MARCA FORD MODELO RANGER XL A¿O 2020 COLOR GRIS
JEEP,JEEP,(sin modelo),WRABGLER SAHARA,ICE,1,1,2022-03,2022-03,22DA000000042508,3,UN VEHICULO USADO TIPO CAMIONETA MARCA JEEP MODELO WRABGLER SAHARA A¿O 2014 MOVIDO A DIESEL
SCANIA,SCANIA,(sin modelo),94-300,ICE,1,1,2022-03,2022-03,22DA000000042788,1,"UNIDAD CAMION MARCA SCANIA, RECOLECTOR DE RESIDUOS, USADO, DIESEL, TIPO 94-300, A¿O 2005, COLOR VERDE"
MERCEDES-BENZ,MERCEDES-BENZ,(sin modelo),ECOLINER 814,ICE,1,1,2022-03,2022-03,22DA000000048989,1,UNA UNIDAD DE CAMION USADO MARCA MERCEDES BENZ MODELO ECOLINER 814 A¿O 1996 COLOR BLANCO
MERCEDES-BENZ,MERCEDES-BENZ,(sin modelo),711 D,ICE,1,1,2022-03,2022-03,22DA000000058163,2,UNA UNIDAD CAMION USADO MARCA MERCEDES BENZ MODELO 711 D A¿O: 1989
MERCEDES-BENZ,MERCEDES-BENZ,(sin modelo),811 D,ICE,1,1,2022-03,2022-03,22DA000000058163,3,UNA UNIDAD CAMION USADO MARCA MERCEDES BENZ MODELO 811 D A¿O: 1990
MERCEDES-BENZ,MERCEDES-BENZ,(sin modelo),608 D,ICE,1,1,2022-03,2022-03,22DA000000058508,2,UNA UNIDAD CAMION USADO MARCA MERCEDES BENZ MODELO 608 D A¿O 2001
SCANIA,SCANIA,(sin modelo),93M,ICE,1,1,2022-03,2022-03,22DA000000070157,1,01) UN CAMION CON CHASIS MOTOR Y CABINA USADO MARCA. SCANIA MODELO: 93M A¿O. 1990 MOVIDO A DIESEL.-
RENAULT,RENAULT,(sin modelo),MIDLINER S 100,ICE,1,1,2022-03,2022-03,22DA000000071101,1,CHASIS MOTOR Y CABINA EN ; 1 UND.CAMION MARCA RENAULT MODELO MIDLINER S 100 A¿O 1987 USADO
NISSAN,NISSAN,(sin modelo),EBRO L45,ICE,1,1,2022-03,2022-03,22DA000000080911,3,01) UN CAMION CON CHASIS MOTOR Y CABINA USADO MARCA. NISSAN MODELO: EBRO L45 A¿O: 1990
MERCEDES-BENZ,MERCEDES-BENZ,(sin modelo),410D,ICE,1,1,2022-03,2022-03,22DA000000080911,1,01) UN CAMION CON CHASIS MOTOR Y CABINA USADO MARCA: MERCEDES BENZ MODELO. 410D A¿O: 1992 MOVIDO A DIESEL.-
IVECO,IVECO,(sin modelo),MH 190,ICE,1,1,2022-03,2022-03,22DA000000096568,2,UNA UNIDAD DE CAMION USADO MARCA: IVECO MODELO: MH 190 A¿O: 2001
RENAULT,RENAULT,(sin modelo),S150,ICE,1,1,2022-03,2022-03,22DA000000097145,1,1 UNA UNIDAD CAMION USADO MARCA RENAULT MODELO S150 A¿O 1990 COLOR BLANCO.-
TOYOTA,TOYOTA,(sin modelo),HIACE COMMUTER,ICE,1,1,2022-03,2022-03,22DA000000241110,4,UN FURGON USADO MARCA TOYOTA MODELO HIACE COMMUTER A¿O 2.012.-
SSANGYONG,KGM,REXTON PICK-UP VERSION LONG NOBLESSE A/T,REXTON PICK-UP VERSION LONG NOBLESSE A/T,ICE,1,1,2022-03,2022-03,22DA000000245332,1,01) UNIDAD DE VEHICULO TIPO CAMIONETA DE LA MARCA SSANGYONG MODELO REXTON PICK-UP VERSION LONG NOBLESSE A/T 4X4 A¿O DE FABRICACION 2021 MODELO A¿O 2021 CON SUS ACCESORIOS NORMALES Y CORRESPONDIENTES.-
BMW,BMW,(sin modelo),SERIE 3,ICE,1,1,2022-04,2022-04,22DA000000039158,3,UNA UNIDAD DE AUTOMOVIL USADO MARCA BMW MODELO SERIE 3 A¿O 2001 COLOR AZUL
MERCEDES-BENZ,MERCEDES-BENZ,(sin modelo),C 220 D,ICE,1,1,2022-04,2022-04,22DA000000039733,1,1 UNIDAD AUTOMOVIL MARCA MERCEDES BENZ MODELO C 220 D A¿O DE FABRICACION 2021 MODELO A¿O 2022 CON SUS ACCESORIOS CORRESPONDIENTES
TOYOTA,TOYOTA,(sin modelo),PIXIS EPOCH,ICE,1,1,2022-04,2022-04,22DA000000041067,5,"01 UNIDAD DE AUTOMOVIL USADO MARCA:TOYOTA MODELO:PIXIS EPOCHA¿O:2012, COLOR:BLANCO, MOVIDO A GASOLINA.-"
HYUNDAI,HYUNDAI,(sin modelo),SNATA FE,ICE,1,1,2022-04,2022-04,22DA000000041504,4,"01) UNA UNIDAD STATION WAGON USADO MARCA HYUNDAI, MODELO SNATA FE A¿O 2006.-"
KIA,KIA,(sin modelo),NIRO,HEV,1,1,2022-04,2022-04,22DA000000044846,1,UNA UNIDAD DE VEHICULO USADO TIPO STATION WAGON MARCA KIA MODELO NIRO A¿O 2018 MOVIDO A GASOLINA
NISSAN,NISSAN,(sin modelo),FARILADY Z,ICE,1,1,2022-04,2022-04,22DA000000072946,1,01) UNA UNIDAD DE VEHICULO USADO NISSAN FARILADY Z A¿O 2003
NISSAN,NISSAN,(sin modelo),ROGUE RED,ICE,1,1,2022-04,2022-04,22DA000000075829,1,01 UNIDAD DE VEHICULO USADO MARCA NISSAN MODELO ROGUE RED A¿O 2012 CHASSIS NRO. JN8AS5MT9CW271239
MAZDA,MAZDA,(sin modelo),MPV,ICE,1,1,2022-04,2022-04,22DA000000077278,10,01) UNA UNIDAD DE VEHICULO USADO MAZDA MPV 2006
TOYOTA,TOYOTA,(sin modelo),PIXIS,ICE,1,1,2022-04,2022-04,22DA000000087767,10,01- UNA UNIDAD DE STATION WAGON USADO MARCA TOYOTA MODELO PIXIS VAN A¿O 2015
MITSUOKA,MITSUOKA,(sin modelo),NOUERA 6-02,ICE,1,1,2022-04,2022-04,22DA000000088216,9,01- UNA UNIDAD DE AUTOMOVIL USADO MARCA MITSUOKA MODELO NOUERA 6-02 A¿O 2009
LINCOLN,LINCOLN,(sin modelo),TOWN CAR,ICE,1,1,2022-04,2022-04,22DA000000088521,1,1) UNA UNIDAD DE AUTOMOVIL USADO MARCA LINCOLN MODELO TOWN CAR A¿O 2006
MERCEDES-BENZ,MERCEDES-BENZ,(sin modelo),E300D,ICE,1,1,2022-04,2022-04,22DA000000091496,1,01) UNIDAD AUTOMOVIL USADO MARCA MERCEDES BENZ MODELO E300D A¿O 1995 COLOR AZUL
TOYOTA,TOYOTA,(sin modelo),YARIS GR-FOUR,ICE,1,1,2022-04,2022-04,22DA000000093568,1,AUTOMOVIL TOYOTA YARIS GR-FOUR
DAIHATSU,DAIHATSU,(sin modelo),MIRAES,ICE,1,1,2022-04,2022-04,22DA000000095519,4,"01 UNIDAD DE AUTOMOVIL USADO MARCA:DAIHATSU MODELO:MIRAES A¿O:2012, COLOR:BLANCO, MOVIDO A GASOLINA.-"
TESLA,TESLA,(sin modelo),MODEL S PLAID,BEV,1,1,2022-04,2022-04,22DA000000138261,1,"LOS DEM¿S VEH¿CULOS, PROPULSADOS ¿NICAMENTE CON MOTOR ELECTRICO EN:UN AUTOMOVIL MARCA TESLA MODELO S PLAID NUEVE TOTALMENTE ELECTRICO A¿O DE FAB 2021 CON SUS ACCESORIOS NORMALES"
FORD,FORD,(sin modelo),MUSTANG MACH E CALIFORNIA,BEV,1,1,2022-04,2022-04,22DA000000138261,2,"LOS DEM¿S VEH¿CULOS, PROPULSADOS ¿NICAMENTE CON MOTOR ELECTRICO EN:UN VEHICULO MARCA FORD MODELO MUSTANG MACH E CALIFORNIA TOTALMENTE ELECTRICO A¿O 2021 CON SUS ACCESORIOS NORMALES"
MERCEDES-BENZ,MERCEDES-BENZ,(sin modelo),E 220 D BERLINA,ICE,1,1,2022-04,2022-04,22DA000000141668,1,"01 UNID. AUTOMOVIL, MARCA MERCEDES BENZ, TIPO E 220 D BERLINA, A¿O DE FABRICACION 2022, MODELO A¿O 2022, CON SUS ACCESORIOS CORRESPONDIENTES.-"
HONDA,HONDA,(sin modelo),CR-Z,HEV,1,1,2022-04,2022-04,22DA000000147267,1,UNA UNIDAD DE VEHICULO USADO TIPO AUTOMOVIL MARCA HONDA MODELO CR-Z A¿O 2010 MOVIDO A GASOLINA
JAC,JAC,(sin modelo),HFC1063EV1-X5014,BEV,1,1,2022-04,2022-04,22DA000000039593,3,VEHICULOS P/TRANSPORTE DE CARGA PROPULSADO UNICAMENTE POR MOTOR ELECTRICO EN: 1 UNIDAD CAMION CABINA SIMPLE 4X2 MARCA JAC MODELO HFC1063EV1-X5014 A¿O DE FABRICACION 2021 MODELO A¿O: 2021 CON CARGADOR
SCANIA,SCANIA,(sin modelo),114L-380,ICE,1,1,2022-04,2022-04,22DA000000040250,1,UNA UNIDAD DE CAMION USADO MARCA SCANIA MODELO 114L-380 A¿O 2002 COLOR AZUL
MAN,MAN,(sin modelo),L20,ICE,1,1,2022-04,2022-04,22DA000000050299,2,"1) UN VEHICULO (USADO) MARCA: MAN, MODELO: L20, A¿O: 2000, COLOR: BLANCO.-"
SCANIA,SCANIA,(sin modelo),R94,ICE,1,1,2022-04,2022-04,22DA000000071443,2,UNA UNIDAD DE TRACTO CAMION USADO MARCA SCANIA MODELO R94 A¿O 1998
MERCEDES-BENZ,MERCEDES-BENZ,(sin modelo),412,ICE,1,1,2022-04,2022-04,22DA000000073593,1,1 UNA UNIDAD CAMION USADO MARCA MERCEDES BENZ MODELO 412 A¿O 1999 COLOR BLANCO.-
MERCEDES-BENZ,MERCEDES-BENZ,(sin modelo),CITAN,ICE,1,1,2022-04,2022-04,22DA000000084248,1,1 UNIDAD VEHICULO USADO MARCA MERCEDES BENZ MODELO CITAN A¿O 2015 COLOR GRIS PLATA.-
VOLKSWAGEN,VOLKSWAGEN,(sin modelo),CADDY,ICE,1,1,2022-04,2022-04,22DA000000093769,2,UNA UNIDAD FURGONETA USADA MARCA VOLKSWAGEN MODELO CADDY A¿O 2005
TOYOTA,TOYOTA,(sin modelo),HULIX,ICE,1,1,2022-04,2022-04,22DA000000094651,1,UN VEHICULO USADO TIPO CAMIONETA MARCA TOYOTA MODELO HULIX A¿O 1997 MOVIDO A DIESEL
MERCEDES-BENZ,MERCEDES-BENZ,(sin modelo),A1524,ICE,1,1,2022-04,2022-04,22DA000000118281,3,01) UN CAMION CON CHASIS MOTOR Y CABINA USADO MARCA. MERCEDES BENZ MODELO: A1524 A¿O: 1994 MOVIDO A DIESEL.{-
MERCEDES-BENZ,MERCEDES-BENZ,(sin modelo),611,ICE,1,1,2022-04,2022-04,22DA000000118921,3,1 UNA UNIDAD DE CAMION CHASSIS CON CABINA USADO MARCA MERCEDES BENZ MODELO 611 A¿O 1995 COLOR BLANCO
MERCEDES-BENZ,MERCEDES-BENZ,(sin modelo),1215,ICE,1,1,2022-04,2022-04,22DA000000121006,2,01) UN CAMION CON CHASIS MOTOR Y CABINA USADO MARCA:MERCEDES BENZ MODELO. 1215 A¿O. 1998 MOVIDO A DIESEL.-
NISSAN,NISSAN,(sin modelo),TRADE,ICE,1,1,2022-04,2022-04,22DA000000124319,2,1 UNIDAD CAMION USADO MARCA NISSAN MODELO TRADE A¿O 1989 COLOR VERDE.-
MERCEDES-BENZ,MERCEDES-BENZ,(sin modelo),SPRINTER BLUETEC,ICE,1,1,2022-04,2022-04,22DA000000156506,1,( 1 ) UNA UNIDAD FURGON MARCA MERCEDES BENZ A¿O 2014 COLOR BLANCO MOVIDO A DIESEL MODELO SPRINTER BLUETEC ( USADO )
SCANIA,SCANIA,(sin modelo),P094,ICE,1,1,2022-04,2022-04,22DA000000158854,1,LOS DEMAS EN: (01) UNA UNIDAD TIPO CAMION MARCA SCANIA MODELO P094 A¿O 1999 COLOR BLANCO
MITSUBISHI,MITSUBISHI,(sin modelo),CANTER TUMBA,ICE,1,1,2022-04,2022-04,22DA000000163830,3,01) UNA UNIDAD DE VEHICULO USADO MITSUBISHI CANTER TUMBA 1995
MAXUS,MAXUS,T60 2,T60,ICE,1,1,2022-04,2022-04,22DA000000274840,1,"LOS DEMAS EN: 1) UNIDAD DE CAMIONETA MARCA MAXUS MODELO: T60 2.8, 4X2,M ELITE,COLOR:BLANCO CON VIN N: LSFAM11A1MA043681 , Y MOTOR N: R920A041484 , A¿O: 2021"
HYUNDAI,HYUNDAI,I30 1,I30,ICE,1,1,2022-05,2022-05,22DA000000107200,1,UN AUTOMOVIL USADO MARCA HYUNDAI MODELO I30 1.6 GDI COLOR BLANCO
MERCEDES-BENZ,MERCEDES-BENZ,(sin modelo),ML500,ICE,1,1,2022-05,2022-05,22DA000000108485,3,01) UN STATION WAGON USADO MARCA. MERCEDES BENZ MODELO. ML500 A¿O: 2002 MOVIDO A GASOLINA
MERCEDES-BENZ,MERCEDES-BENZ,(sin modelo),SL350,ICE,1,1,2022-05,2022-05,22DA000000116216,1,UN AUTOMOVIL USADO MARCA MERCEDES BENZ MODELO SL350 A¿O 2008
MERCEDES-BENZ,MERCEDES-BENZ,(sin modelo),SLK-CALSS,ICE,1,1,2022-05,2022-05,22DA000000118773,1,1 UNA UNIDAD AUTOMOVIL USADO MARCA MERCEDES BENZ MODELO SLK-CALSS A¿O 2002 COLOR PLATEADO METALICO BRILLANTE.-
HYUNDAI,HYUNDAI,(sin modelo),TRAJET,ICE,1,1,2022-05,2022-05,22DA000000124217,1,1 UNA UNIDAD STATION WAGON USADO MARCA HYUNDAI MODELO TRAJET A¿O 2002 COLOR GRIS.-
RENAULT,RENAULT,NUEVO ZEN 1,NUEVO ZEN,ICE,1,1,2022-05,2022-05,22DA000000126075,4,1)UNA UNIDAD AUTOMOVIL OKM;MARCA RENAULT;MODELO NUEVO ZEN 1.0
MITSUBISHI,MITSUBISHI,(sin modelo),LANCER EVOLUTION FINAL EDITION,ICE,1,1,2022-05,2022-05,22DA000000126917,1,UNA UNIDAD AUTOMOVIL USADO MARCA: MITSUBISHI MODELO: LANCER EVOLUTION FINAL EDITION A¿O: 2015
CHEVROLET,CHEVROLET,(sin modelo),EXPRESS,ICE,1,1,2022-05,2022-05,22DA000000129691,1,(01) UNA UNIDAD STATION WAGON USADO MARCA CHEVROLET MODELO EXPRESS A¿O 2.010
BMW,BMW,(sin modelo),535,ICE,1,1,2022-05,2022-05,22DA000000132822,1,"UNA UNIDAD DE AUTOMOVIL USADO MARCA BMW, MODELO 535 A¿O 2014"
INFINITI,INFINITI,(sin modelo),G35,ICE,1,1,2022-05,2022-05,22DA000000136308,1,1 UNIDAD AUTOMOVIL USADO MARCA INFINITI MODELO G35 A¿O 2004 COLOR GRIS
KIA,KIA,(sin modelo),SORTAGE,ICE,1,1,2022-05,2022-05,22DA000000139828,6,1 UNA UNIDAD DE STATION WAGON USADO MARCA KIA MODELO SORTAGE A¿O 2010 COLOR PLATEADO
CAN-AM,CAN-AM,(sin modelo),5FAF,ICE,1,1,2022-05,2022-05,22DA000000149931,1,"LAS DEMAS EN 1) UNA UNIDAD DE CUACICLON USADO MARCA CAN-AM, TIPO 5FAF, A¿O 2010.-"
SANYO,SANYO,(sin modelo),SGC-CR5ATS,ICE,1,1,2022-05,2022-05,22DA000000151386,4,UN VEHICULO USADO TIPO CARRO DE GOL MARCA SANYO MODELO SGC-CR5ATS A¿O 2006 MOVIDO A GASOLINA
NISSAN,NISSAN,(sin modelo),FAIRDALY Z,ICE,1,1,2022-05,2022-05,22DA000000152273,11,"01 UNIDAD DE AUTOMOVIL USADO MARCA.NISSAN MODELO:FAIRDALY Z A¿O:2002, COLOR:PLATEADO, MOVIDO A GASOLINA.-"
TOYOTA,TOYOTA,YARIS 1,YARIS,ICE,1,1,2022-05,2022-05,22DA000000152430,1,"01) UNIDAD AUTOMOVIL (USADO) MARCA: TOYOTA, MODELO: YARIS 1.3, A¿O: 2004, COLOR: GRIS"
MAZDA,MAZDA,(sin modelo),3I SPORT,ICE,1,1,2022-05,2022-05,22DA000000161501,1,UNA UNIDAD DE AUTOMOVIL USADO MARCA: MAZDA MODELO: 3I SPORT A¿O: 2016
JMC,JMC,(sin modelo),N801 EV,BEV,1,1,2022-05,2022-05,22DA000000098164,23,1 UNIDAD DE CAMION MARCA JMC N801 EV DE 3 TON. AC FG SIN CARROCERIA
MAHINDRA,MAHINDRA,(sin modelo),GOA,ICE,1,1,2022-05,2022-05,22DA000000101167,1,1 UNA UNIDAD DE CAMIONETA USADA MARCA MAHINDRA MODELO GOA A¿O 2006 COLOR GRIS 4X4
SCANIA,SCANIA,(sin modelo),P93 ML,ICE,1,1,2022-05,2022-05,22DA000000106061,1,UNA UNIDAD DE CAMION USADO MARCA SCANIA MODELO P93 ML A¿O 1994 COLOR BLANCO
NISSAN,NISSAN,(sin modelo),ATLEON TK140,ICE,1,1,2022-05,2022-05,22DA000000130699,2,01) UNA UNIDAD DE CAMION USADO MARCA NISSAN MODELO ATLEON TK140 A¿O 2001 COLOR ROJO CHASSIS NRO. VWANCFTKOY1500279
MERCEDES-BENZ,MERCEDES-BENZ,(sin modelo),VARIO 512D,ICE,1,1,2022-05,2022-05,22DA000000263538,1,01) UN CAMION CON CHASIS MOTOR Y CABINA USADO MARCA: MERCEDES BENZ MODELO: VARIO 512D A¿O. 1998 MOVIDO A DIESEL.-
MERCEDES-BENZ,MERCEDES-BENZ,(sin modelo),GLE 400,ICE,1,1,2022-06,2022-06,22DA000000106053,1,1 (UNO) VEHICULO USADO TIPO: STATION WAGON MARCA: MERCEDES BENZ MODELO: GLE 400 A¿O: 2018 COLOR: GRIS DE 2996CC VIN NRO: WDCED5GW3JA102447
MERCEDES-BENZ,MERCEDES-BENZ,(sin modelo),E450,ICE,1,1,2022-06,2022-06,22DA000000115055,1,01) UNA UNIDAD DE AUTOMOVIL MARCA MERCEDES BENZ MODELO E450 A¿O 2022
HYUNDAI,HYUNDAI,(sin modelo),TUCSON CRDI,ICE,1,1,2022-06,2022-06,22DA000000115567,1,1 UNIDAD DE AUTOMOVIL USADO HYUNDAI TUCSON CRDI A¿O 2012 2000CC COLOR:PLATA
VOLKSWAGEN,VOLKSWAGEN,(sin modelo),T CROSS CL,ICE,1,1,2022-06,2022-06,22DA000000116367,1,1 (UNO) VEHICULO USADO TIPO: STATION WAGON MARCA: VOLKSWAGEN MODELO: T CROSS CL TSI AD A¿O: 2020 COLOR: GRIS DE 999CC CHASSIS: 9BWBH6BF8L4010414
POLARIS,POLARIS,(sin modelo),"RZR-20,1000S,60",ICE,1,1,2022-06,2022-06,22DA000000150044,1,"1) UNIDAD VEHICULO UTILITARIO (UTV), DE LA MARCA: POLARIS, MOD.RZR-20,1000S,60,PS,LTN,T.SLV .A¿O DE FABRICACION: 2021, MODELO A¿O 2022, COLOR: PLATA, VIN N. 3NSASE998LH212862 MOTOR N. 0120623552617"
TESLA,TESLA,Y,MODEL Y,BEV,1,1,2022-06,2022-06,22DA000000152043,1,"LOS DEM¿S VEH¿CULOS, PROPULSADOS ¿NICAMENTE CON MOTOR ELECTRICO; EN ; 01 UNIDAD DE AUTOMOVIL, MARCA TESLA, MODELO Y, COLOR NEGRO, A¿O 2022"
BMW,BMW,(sin modelo),335I,PHEV,1,1,2022-06,2022-06,22DA000000156292,2,01 UNA AUTOMOVIL USADO MARCA BMW MODELO 335I A¿O 2013 COLOR GRIS
HYUNDAI,HYUNDAI,(sin modelo),KONA KAUAI,HEV,1,1,2022-06,2022-06,22DA000000158251,1,1 UNA UNIDAD STATION WAGON USADO MARCA HYUNDAI MODELO KONA KAUAI A¿O 2020 COLOR BLANCO.-
HDK,HDK,(sin modelo),DEL3022G,ICE,1,1,2022-06,2022-06,22DA000000174198,9,PROPULSADOS POR MOTOR ELECTRICO DE FORMA EXCLUSIVA (VEHICULOS ELECTRICOS) O ALTERNATIVA (VEHICULOS HIBRIDOS) EN: 1) UNID CARRITO DE GOLF MODEL DEL3022G
VOLKSWAGEN,VOLKSWAGEN,(sin modelo),GOLF CABRIO,ICE,1,1,2022-06,2022-06,22DA000000178855,2,UNA UNIDAD DE AUTOMOVIL USADO MARCA VOLKSWAGEN MODELO GOLF CABRIO A¿O 1993 COLOR NEGRO
TOYOTA,TOYOTA,(sin modelo),HILUX SURF,ICE,1,1,2022-06,2022-06,22DA000000182056,9,1 UNA UNIDAD DE STATION WAGON USADO MARCA TOYOTA MODELOHILUX SURF A¿O 1996 COLOR BEIGE
FORD,FORD,(sin modelo),ELNAGH,ICE,1,1,2022-06,2022-06,22DA000000183194,2,LOS DEMAS EN: 01- UNA UNIDAD CASA RODANTE MARCA FORD MODELO ELNAGH A¿O 1994 COLOR BLANCO CHASIS NRO: SFAAXXBDVART42347
VOLVO,VOLVO,(sin modelo),FL619,ICE,1,1,2022-06,2022-06,22DA000000101286,1,1 UNA UNIDAD CAMION USADO MARCA VOLVO MODELO FL619 A¿O 1997 COLOR BLANCO.-
MERCEDES-BENZ,MERCEDES-BENZ,(sin modelo),1150,ICE,1,1,2022-06,2022-06,22DA000000101286,2,1 UNA UNIDAD CAMION USADO MARCA MERCEDES BENZ MODELO 1150 A¿O 1993 COLOR AMARILLO.-
MERCEDES-BENZ,MERCEDES-BENZ,(sin modelo),711-D,ICE,1,1,2022-06,2022-06,22DA000000104006,2,UNA UNIDAD CAMION VOLQUETE USADO MARCA: MERCEDES BENZ MODELO: 711-D A¿O: 1992
MERCEDES-BENZ,MERCEDES-BENZ,(sin modelo),ATEGO 1217,ICE,1,1,2022-06,2022-06,22DA000000111295,1,01 UNID. VEHICULO MERCEDEZ BENZ ATEGO 1217
MERCEDES-BENZ,MERCEDES-BENZ,(sin modelo),ATEGO 2430/48,ICE,1,1,2022-06,2022-06,22DA000000136943,1,"01 UNID. CHASSIS C/MOTOR Y CABINA, MARCA MERCEDES BENZ, TIPO ATEGO 2430/48 6X2, A¿O DE FABRICACION 2021, MODELO A¿O 2022, CON SUS ACCESORIOS CORRESPONDIENTES.-"
MERCEDES-BENZ,MERCEDES-BENZ,(sin modelo),111 VITO,ICE,1,1,2022-06,2022-06,22DA000000146558,1,UNA UNIDAD FURGONETA USADA MARCA MERCEDES BENZ MODELO 111 VITO A¿O 2006
JEEP,JEEP,(sin modelo),GLADIADOR,ICE,1,1,2022-06,2022-06,22DA000000156292,1,01 UNA CAMIONETA DOBLE CABINA USADA MARCA JEEP MODELO GLADIADOR A¿O 2021 COLOR PLATA
NISSAN,NISSAN,(sin modelo),ECO T135,ICE,1,1,2022-06,2022-06,22DA000000171823,1,1 UNA UNIDAD DE CAMION CHASSIS CON MOTOR Y CABINA USADO MARCA NISSAN MODELO ECO T135 A¿O 1998 COLOR BLANCO/AZUL
NISSAN,NISSAN,(sin modelo),ECO-T100,ICE,1,1,2022-06,2022-06,22DA000000171940,1,1 UNA UNIDAD CAMION USADO MARCA NISSAN MODELO ECO-T100 A¿O 1999 COLOR BLACO.-
VOLKSWAGEN,VOLKSWAGEN,(sin modelo),LT80,ICE,1,1,2022-06,2022-06,22DA000000178855,3,UNA UNIDAD DE CAMION USADO MARCA VOLKSWAGEN MODELO LT80 A¿O 1995 COLOR GRIS
SCANIA,SCANIA,(sin modelo),R113 ML,ICE,1,1,2022-06,2022-06,22DA000000184166,1,LAS DEMAS EN: 01- UNA UNIDAD CAMION MARCA SCANIA 6X2 MODELO R113 ML A¿O 1995 COLOR ROJO CHASIS NRO: XLERM6X2A04347753
MERCEDES-BENZ,MERCEDES-BENZ,SPRINTER 313 2,SPRINTER 313,ICE,1,1,2022-06,2022-06,22DA000000190606,1,"1 (UNA) UNIDAD DE VEHICULO, MARCA MERCEDES BENZ, TIPO FURGON, MODELO SPRINTER 313 2.2 CDI, A¿O 2010, COLOR GRIS, CHASIS WDB9066331S510459"
SCANIA,SCANIA,(sin modelo),124G,ICE,1,1,2022-06,2022-06,22DA000000280949,1,"01-UNIDAD CAMION USADO CON CAJA BASCULANTE, MARCA: SCANIA, MODELO; 124G, COLOR: AZUL, A¿O: 2000, CHASIS N. XLEP6X40004423320.-"
TOYOTA,TOYOTA,(sin modelo),AYGO,ICE,1,1,2022-07,2022-07,22DA000000163995,2,UNA UNIDAD DE AUTOMOVIL USADO MARCA TOYOTA MODELO AYGO A¿O 2010 COLOR AZUL
TOYOTA,TOYOTA,(sin modelo),AUIS,ICE,1,1,2022-07,2022-07,22DA000000170626,3,UN VEHICULO USADO TIPO AUTOMOVIL MARCA TOYOTA MODELO AUIS A¿O 2012 MOVIDO A GASOLINA
HYUNDAI,HYUNDAI,KONA TGDI 1,KONA TGDI,ICE,1,1,2022-07,2022-07,22DA000000175994,1,"UNA UNIDAD AUTOMOVIL MARCA HYUNDAI MODELO KONA TGDI 1.0, A¿O 2020. USADO"
RENAULT,RENAULT,NUEVO KWID INTENSE 1,NUEVO KWID INTENSE,ICE,1,1,2022-07,2022-07,22DA000000179719,5,1)UNA UNIDAD AUTOMOVIL OKM;MARCA RENAULT;MODELO NUEVO KWID INTENSE 1.0
MERCEDES-BENZ,MERCEDES-BENZ,(sin modelo),E250 CDI 4MATIC,ICE,1,1,2022-07,2022-07,22DA000000188106,4,1 UNA UNIDAD DE AUTOMOVIL USADO MARCA MERCEDES BENZ MODELO E250 CDI 4MATIC A¿O 2013 COLOR AZUL
TOYOTA,TOYOTA,(sin modelo),RUHS,ICE,1,1,2022-07,2022-07,22DA000000188106,2,1 UNA UNIDAD DE STATION WAGON USADO MARCA TOYOTA MODELO RUHS A¿O 2009 COLOR NEGRO
AUDI,AUDI,Q3 BLACK 1,Q3 BLACK,ICE,1,1,2022-07,2022-07,22DA000000190318,1,"1) UNID VEHICULO MARCA AUDI MODELO Q3 BLACK 1.4 TFSI STRONIC, A¿O 2021, CON SUS ACCESORIOS.-"
CHEVROLET,CHEVROLET,(sin modelo),CAMARO SIX SS,ICE,1,1,2022-07,2022-07,22DA000000204326,1,AUTOMOVIL PARA EL TRANSPORTE DE PERSONAS MARCA CHEVROLET CAMARO SIX SS 6.2L RWD AT CON SUS ACCESORIOS CORRESPONDIENTES
TOYOTA,TOYOTA,(sin modelo),PERMIO,ICE,1,1,2022-07,2022-07,22DA000000207319,7,01) UN AUTOMOVIL USADO MARCA TOYOTA MODELO PERMIO A¿O 2007.-
VOLVO,VOLVO,(sin modelo),V40 D2,ICE,1,1,2022-07,2022-07,22DA000000213865,1,"LOS DEM¿S, EN: 1)UN VEHICULO MARCA VOLVO MODELO V40 D2 A¿O 2017 COLOR AZUL METALIZADO CHASIS NRO. YV1MV74L0H2428820, DIESEL 1969 CC"
HYUNDAI,HYUNDAI,(sin modelo),CLIK,ICE,1,1,2022-07,2022-07,22DA000000218193,1,01) UN AUTOMOVIL USADO MARCA: HYUNDAI MODELO: CLIK A¿O: 2010 MOVIDO A DIESEL.-
HYUNDAI,HYUNDAI,(sin modelo),FISCAL,ICE,1,1,2022-07,2022-07,22DA000000220615,1,LOS DEMAS DE CILINDRADA SUPERIOR A 1.500 CM3 PERO INFERIOR O IGUAL A 2.500 CM3 EN: 01 UNIDADE DE USED AMBULANCE MARKER : HYUNDAI FISCAL YEAR:2014 ENGINE TYPE: D4CB (AMBULANCIA USADA DONADA )
TOYOTA,TOYOTA,(sin modelo),FYUNCARGO,ICE,1,1,2022-07,2022-07,22DA000000220783,12,"01 UNIDAD DE ST. WAGON USADO MARCA:TOYOTA MODELO:FYUNCARGO A¿O:2003, COLOR:AZUL, MOVIDO A GASOLINA,."
MAZDA,MAZDA,(sin modelo),PREMACY,ICE,1,1,2022-07,2022-07,22DA000000223376,7,UNA UNIDAD DE VEHIUCLO USADO TIPO STATION WAGON MARCA MAZDA MODELO PREMACY A¿O 2010 MOVIDO A GASOLINA
TOYOTA,TOYOTA,(sin modelo),KODELO PREMIO,ICE,1,1,2022-07,2022-07,22DA000000227035,9,1 UNA UNIDAD DE AUTOMOVIL USADO MARCA TOYOTA KODELO PREMIO A¿O 2003 COLOR AZUL
JEEP,JEEP,(sin modelo),WRANGLER SAHARA 4XE,PHEV,1,1,2022-07,2022-07,22DA000000283301,1,LOS DEMAS VEHICULOS PROPULSADOS CON MOTOR EMBOLO PISTON Y MOTOR ELECTRICO CON CAPACIDAD DE CARGA MEDIANTE CONEXION EXTERNA: 1 VEHICULO MARCA JEEP MOD. WRANGLER SAHARA 4XE A¿O 2022 CON ACC. NORMALES
NISSAN,NISSAN,(sin modelo),INTERSTAR,ICE,1,1,2022-07,2022-07,22DA000000204887,3,01) UNA FURGONETA USADA MARCA: NISSAN MODELO: INTERSTAR A¿O: 2002 MOVIDO A DIESEL.-
IVECO,IVECO,(sin modelo),S3513,ICE,1,1,2022-07,2022-07,22DA000000220268,1,UNA UNIDAD DE VEHICULO USADO MARCA IVECO MODELO S3513 A¿O 2003 COLOR BLANCO
FORD,FORD,(sin modelo),F-100,ICE,1,1,2022-07,2022-07,22DA000000227216,1,UNA UNIDAD DE CAMIONETA MARCA FORD MODELO F-100 A¿O;1986 ORIGEN ARGENTINA DIESEL
SCANIA,SCANIA,(sin modelo),R124 470,ICE,1,1,2022-07,2022-07,22DA000000275610,2,UNA UNIDAD DE VEHICULO USADO TIPO CAMION TUMBA MARCA SCANIA MODELO R124 470 A¿O 2001 MOVIDO A DIESEL
MITSUBISHI,MITSUBISHI,(sin modelo),ASX,ICE,1,1,2022-08,2022-08,22DA000000195086,1,UNA UNIDAD STATION WAGON USADO MARCA MITSUBISHI MODELO ASX A¿O 2010
VOLKSWAGEN,VOLKSWAGEN,(sin modelo),183-01,ICE,1,1,2022-08,2022-08,22DA000000197628,1,"1 UNID VEHICULO USADO, VOLKSWAGEN BOMBARDIER ILTIS, TIPO: 183-01."
GMC,GMC,(sin modelo),YUKON DELANI,ICE,1,1,2022-08,2022-08,22DA000000202047,1,01- UNA UNIDAD DE STATION WAGON USADO MARCA GMC MODELO YUKON DELANI A¿O 2017
BMW,BMW,(sin modelo),730 D,ICE,1,1,2022-08,2022-08,22DA000000202760,4,01) UN AUTOMOVIL USADO MARCA BMW MODELO 730 D A¿O 2001.-
PORSCHE,PORSCHE,(sin modelo),911 TARGA 4 GTS,ICE,1,1,2022-08,2022-08,22DA000000228431,1,"LOS DEMAS VEHICULOS,EN:01)UNID.DE AUTOMOVIL PORSCHE 911 TARGA 4 GTS A¿O 2022 MOVIDO A NAFTA.-"
MINI,MINI,(sin modelo),COOPER OUNTRYMAN,ICE,1,1,2022-08,2022-08,22DA000000229170,2,VEHICULO CON CAPACIDAD DE TRANSPORTE DE PERSONAS EN: 01-UN VEHICULO MARCA MINI MODELO COOPER OUNTRYMAN A¿O DE FABRICACION 2022 MODELO A¿O 2023 CON SUS ACCESORIOS NORMALES.
JEEP,JEEP,(sin modelo),WRANGLER RUBICON,PHEV,1,1,2022-08,2022-08,22DA000000232574,1,AUTOMOVILES PARA EL TURISMO Y DEMAS EN; 01 UNIDAD AUTOMOVIL MARCA JEEP WRANGLER RUBICON 2021 4XES 4-DOOR 4X4 2.0L ELECTRIC-GAS ENGINE
FORD,FORD,(sin modelo),MUSTANG MACH-E,BEV,1,1,2022-08,2022-08,22DA000000235601,1,1 UNIDAD AUTOMOVIL FORD MUSTANG MACH-E 2021
FORD,FORD,(sin modelo),FUSSION,PHEV,1,1,2022-08,2022-08,22DA000000245847,1,1 UNIDAD AUTOMOVIL FORD FUSSION A¿O 2020
TOYOTA,TOYOTA,(sin modelo),COTOLLA,ICE,1,1,2022-08,2022-08,22DA000000248971,4,01 UN AUTOMOVIL MARCA TOYOTA MODELO COTOLLA A¿O DE FABRICACION 2005 COLOR PLATEADO
CHEVROLET,CHEVROLET,(sin modelo),TAHOE Z71,ICE,1,1,2022-08,2022-08,22DA000000253343,1,( 1 ) UNA UNIDAD STATION WAGON MARCA CHEVROLET MODELO TAHOE Z71 A¿O 2021 ( USADO ) MOVIDO A NAFTA COLOR BLANCO
MERCEDES-BENZ,MERCEDES-BENZ,(sin modelo),SLK 32 AMG,ICE,1,1,2022-08,2022-08,22DA000000256195,2,1.-UNIDAD VEHICULO MARCA MERCEDES BENZ SLK 32 AMG USADO A¿O 2002
TOYOTA,TOYOTA,(sin modelo),COUPE MR2,ICE,1,1,2022-08,2022-08,22DA000000256814,1,01 UNID. AUTOMOVIL USADO MARCA TOYOTA MODELO COUPE MR2 A¿O 1994
HYUNDAI,HYUNDAI,(sin modelo),MODEDLO SANTA FE,ICE,1,1,2022-08,2022-08,22DA000000256821,1,01) UN ST. WAGTON USADO MARCA HYUNDAI MODEDLO SANTA FE A¿O A¿O 2009.-
MERCEDES-BENZ,MERCEDES-BENZ,(sin modelo),GLA 200 CDI,ICE,1,1,2022-08,2022-08,22DA000000258477,1,1 UNA UNIDAD DE STATION WAGON USADO MARCA MERCEDES BENZ MODELO GLA 200 CDI A¿O 2016 COLOR GRIS
RENAULT,RENAULT,(sin modelo),MASTER II,ICE,1,1,2022-08,2022-08,22DA000000259606,1,1) UNA UNIDAD DE AMBULANCIA USADO MARCA RENAULT MODELO MASTER II A¿O 2006 EQUIPADO CON TODOS SUS ACCESORIOS
BMW,BMW,(sin modelo),640D XDRIVE,ICE,1,1,2022-08,2022-08,22DA000000262992,7,01) UNA UNIDAD VEHICULO USADO BMW 640D XDRIVE A¿O 2014
RENAULT,RENAULT,(sin modelo),TRAFIC,ICE,1,1,2022-08,2022-08,22DA000000263316,1,01 UNIDAD VEHICULO USADO MARCA RENAULT MODELO TRAFIC A¿O 2017
MITSUBISHI,MITSUBISHI,(sin modelo),GALANT FORTIS,ICE,1,1,2022-08,2022-08,22DA000000264976,7,01) UNA UNIDAD VEHICULO USADO MITSUBISHI GALANT FORTIS A¿O 2012
RENAULT,RENAULT,(sin modelo),SAMSUNG QM5,ICE,1,1,2022-08,2022-08,22DA000000267724,8,UN VEHICULO USADO TIPO STATION WAGON MARCA RENAULT MODELO SAMSUNG QM5 A¿O 2008 MOVIDO A DIESEL
KIA,KIA,(sin modelo),FORTE,ICE,1,1,2022-08,2022-08,22DA000000268691,5,UN VEHICULO USADO TIPO AUTOMOVIL MARCA KIA MODELO FORTE A¿O 2010 MOVIDO A GASOLINA
RENAULT,RENAULT,KWID INTENSE 1,KWID INTENSE,ICE,1,1,2022-08,2022-08,22DA000000269628,1,1)UNA UNIDAD AUTOMOVIL OKM;MARCA RENAULT;MODELO KWID INTENSE 1.0
NISSAN,NISSAN,(sin modelo),DATSUN AD,ICE,1,1,2022-08,2022-08,22DA000000197437,10,01- UNA UNIDAD DE CAMIONETA DOBLE CABINA USADO MARCA NISSAN MODELO DATSUN AD A¿O 2000
JOHN DEERE,JOHN DEERE,(sin modelo),GATOR HPX,ICE,1,1,2022-08,2022-08,22DA000000198360,1,"1)UNA UNIDAD VEHICULO UTILITARIO MULTIUSO, MARCA JOHN DEERE GATOR HPX 4X4.-"
PEUGEOT,PEUGEOT,(sin modelo),EXPERT,ICE,1,1,2022-08,2022-08,22DA000000198558,1,01) UNA FURGONETA USADA MARCA: PEUGEOT MODELO: EXPERT A¿O: 2006 MOVIDO A DIESEL.
MERCEDES-BENZ,MERCEDES-BENZ,(sin modelo),ATEGO 1725/48,ICE,1,1,2022-08,2022-08,22DA000000219431,1,"01 UNID. CHASIS C/MOTOR Y CABINA, MARCA MERCEDES BENZ, TIPO ATEGO 1725/48, A¿O DE FABRICACION 2022, MODELO A¿O 2023, CON SUS ACCESORIOS CORRESPONDIENTES.-"
FORD,FORD,(sin modelo),TRANSIT TT350L,ICE,1,1,2022-08,2022-08,22DA000000228921,2,UNA UNIDAD DE FURGONETA USADA MARCA FORT MODELO TRANSIT TT350L A¿O 2006 COLOR BLANCO CHASIS WF0XXXTTFX6P48782
SCANIA,SCANIA,(sin modelo),114 C340,ICE,1,1,2022-08,2022-08,22DA000000229522,1,"(1)UNID.CAMION MOD.114 C340, MARCA: SCANIA,CON SISTEMA DE ELEVACION DE CAJA BASCULANTE, (USADO)"
NISSAN,NISSAN,FRONTIER CON,FRONTIER,ICE,1,1,2022-08,2022-08,22DA000000264879,1,"01) UNA UNIDAD CAMIONETA DOBLE CABINA, MARCA: NISSAN, MODELO: FRONTIER CON MOTOR DIESEL, TRANSMISION AUTOMATICA 4X4, A¿O FABRICACION: 2022, MODELO A¿O: 2022, CON SUS ACCESORIOS CORRESPONDIENTES.-"
IVECO,IVECO,(sin modelo),AD380T38,ICE,1,1,2022-08,2022-08,22DA000000265935,1,UNA UNIDAD CAMION CON SISTEMA DE ELEVACION USADO MARCA IVECO MODELO AD380T38 A¿O 2007
MONDIAL,MONDIAL,(sin modelo),FD200S,ICE,1,1,2022-09,2022-09,22DA000000295365,7,01- UNA UNIDAD DE CUATRICICLO USADO MARCA MONDIAL MODELO FD200S A¿O 2005 COLOR NEGRO 200CC.-
JAGUAR,JAGUAR,(sin modelo),XK8,ICE,1,1,2022-09,2022-09,22DA000000299053,1,UNA UNIDAD DE AUTOMOVIL USADO MARCA JAGUAR MODELO XK8 A¿O 1999
POLARIS,POLARIS,(sin modelo),RZR PRO XP,ICE,1,1,2022-09,2022-09,22DA000000300772,1,UNA UNIDAD DE VEHICULO TIPO UTV USADO MARCA POLARIS MODELO RZR PRO XP A¿O 2020 COLOR NEGRO
MERCEDES-BENZ,MERCEDES-BENZ,(sin modelo),E250 CDI 4 MATIC,ICE,1,1,2022-09,2022-09,22DA000000311669,1,1 UNA UNIDAD DE AUTOMOVIL USADO MARCA MERCEDES BENZ MODELO E250 CDI 4 MATIC A¿O 2014 COLOR PLATA
TOYOTA,TOYOTA,(sin modelo),GRAND HICE,ICE,1,1,2022-09,2022-09,22DA000000314392,6,UN VEHICULO USADO TIPO STATION WAGON MARCA TOYOTA MODELO GRAND HICE A¿O 2000 MOVIDO A DIESEL
BMW,BMW,(sin modelo),X6 M50I,ICE,1,1,2022-09,2022-09,22DA000000321780,1,UNA UNIDAD STATION WAGON USADO MARCA BMW MODELO X6 M50I A¿O 2022 COLOR NEGRO
KIA,KIA,(sin modelo),SOROENTO,ICE,1,1,2022-09,2022-09,22DA000000323393,2,01 UN STATION WAGON MARCA KIA MODELO SOROENTO A¿O DE FABRICACION 2010
BMW,BMW,(sin modelo),850 CI,ICE,1,1,2022-09,2022-09,22DA000000327177,1,01 UNIDAD DE AUTOMOVIL USADO MARCA BMW MODELO 850 CI A¿O 1.992 COLOR AZUL 5.000 CC. CHASSIS N. WBAEG11010CB14676 A RESTAURAR
JAGUAR,JAGUAR,(sin modelo),F PACE,ICE,1,1,2022-09,2022-09,22DA000000327397,1,UNA UNIDAD DE STATION WAGON USADO MARCA JAGUAR MODELO F PACE A¿O 2017 COLOR GRIS
MERCEDES-BENZ,MERCEDES-BENZ,(sin modelo),E 320,ICE,1,1,2022-09,2022-09,22DA000000327704,9,01) UN AUTOMOVIL USADO MARCA MERCEDES BENZ MODELO E 320 A¿O 2003.-
YAMAHA,YAMAHA,(sin modelo),350,ICE,1,1,2022-09,2022-09,22DA000000330373,2,UNA UNIDAD DE CUACICLON USADO MARCA YAMAHA MODELO 350 A¿O 2002 COLOR AZUL CHASIS JY43GD00020342436X
TESLA,TESLA,X,MODEL X,BEV,1,1,2022-09,2022-09,22DA000000331210,2,"01 UNA UNIDAD DE STATION WAGON, MARCA TESLA, MODELO X, A¿O 2018, USADO"
FIAT,FIAT,(sin modelo),SPIDER,ICE,1,1,2022-09,2022-09,22DA000000333567,2,01) UNA UNIDAD VEHICULO USADO FIAT SPIDER A¿O:2020.-
SUBARU,SUBARU,(sin modelo),LEGACY OUTBACK,ICE,1,1,2022-09,2022-09,22DA000000334092,1,1 UNA UNIDAD DE STATION WAGON USADO MARCA SUBARU MODELO LEGACY OUTBACK A¿O 2013 COLOR BURDEO NAFTERO
MAN,MAN,(sin modelo),8163,ICE,1,1,2022-09,2022-09,22DA000000299760,1,UNA UNIDAD CAMION USADO MARCA MAN MODELO 8163 A¿O 1998
FIAT,FIAT,STRADA RANCH 1,STRADA RANCH,ICE,1,1,2022-09,2022-09,22DA000000302677,9,"(1) UNA UNIDAD CAMIONETA PICK UP, MARCA FIAT, MODELO STRADA RANCH 1.3 CVT FLEX, A¿O DE FABRICACION 2022, MODELO DEL A¿O 2023, CON SUS ACCESORIOS CORRESPONDIENTES.-"
MERCEDES-BENZ,MERCEDES-BENZ,2023,ATEGO 2425/48,ICE,1,1,2022-09,2022-09,22DA000000303187,1,"1 UNID CAMION, MARCA: MERCEDES BENZ, TIPO: ATEGO 2425/48 6X2, A¿O DE FABRICACION: 2022, MODELO: 2023, CON SUS ACCESORIOS NORMALES Y CORRESPONDIENTES.-"
MERCEDES-BENZ,MERCEDES-BENZ,(sin modelo),1844,ICE,1,1,2022-09,2022-09,22DA000000312984,1,1 UND CAMION MARCA MERCEDES BENZ MODELO 1844 A¿O 2007
MERCEDES-BENZ,MERCEDES-BENZ,(sin modelo),515 SPRINTER,ICE,1,1,2022-09,2022-09,22DA000000317050,2,1 UNA UNIDAD CAMION USADO MARCA MERCEDES BENZ MODELO 515 SPRINTER A¿O 2006 COLOR BLANCO.
FORD,FORD,2022,F150 DC,ICE,1,1,2022-09,2022-09,22DA000000318679,3,UNA UNIDAD CAMIONETA MARCA FORD F150 DC 4X4 3.5L XLT A¿O MODELO 2022
JIM,JIM,JXW10323BSAD 2,JXW10323BSAD,ICE,1,1,2022-09,2022-09,22DA000000319186,12,1)UNIDAD DE CAMIONETA PICKUP DOBLE CABINA 4X2 MARCA JIM RE-MAX CLASSIC MOVIDO A DIESEL VERSION 5MT MODELO JXW10323BSAD 2.800CC.
VOLVO,VOLVO,(sin modelo),FM7-250,ICE,1,1,2022-09,2022-09,22DA000000320289,1,LOS DEMAS EN: 01) UNA UNIDAD DE CAMION MARCA CON GRUA MARCA VOLVO MODELO FM7-250 A¿O 1999 COLOR ROJO CHASSIS YV2J4DGC1Y1201496
MITSUBISHI FUSO,MITSUBISHI FUSO,2022,FE71CB8L,ICE,1,1,2022-09,2022-09,22DA000000322372,1,"1 UNID CAMION, MARCA: MITSUBISHI FUSO, TIPO: FE71CB8L, A¿O DE FABRICACION: 2021, A¿O MODELO: 2022, CON SUS ACCESORIOS NORMALES Y CORRESPONDIENTES"
SCANIA,SCANIA,(sin modelo),94G/260,ICE,1,1,2022-09,2022-09,22DA000000328576,1,1 UNA UNIDAD CAMION USADO MARCA SCANIA MODELO 94G/260 A¿O 2002 COLOR ROJO
SCANIA,SCANIA,(sin modelo),94G 220,ICE,1,1,2022-09,2022-09,22DA000000330373,4,UNA UNIDAD DE CAMION USADO MARCA SCANIA MODELO 94G 220 A¿O 1999 COLOR CREMA
MITSUBISHI,MITSUBISHI,(sin modelo),CHALLENGER,ICE,1,1,2022-10,2022-10,22DA000000397167,10,01) UN ST. WAGON USADO MARCA MITSUBISHI MODELO CHALLENGER A¿O 1999.-
FIAT,FIAT,FREEMONT 2,FREEMONT,ICE,1,1,2022-10,2022-10,22DA000000397827,1,VEHICULO USADO MARCA FIAT MODELO FREEMONT 2.0 AWD A¿O 2013 VIN: 3C4PFBCY2DT706535
MERCEDES-BENZ,MERCEDES-BENZ,(sin modelo),SL-500,ICE,1,1,2022-10,2022-10,22DA000000401339,1,"--DE CILINDRADA SUPERIOR A 3.000 CM3 EN : 1 (UNA) UNIDAD DE AUTOMOVIL DE LA MARCA MERCEDES BENZ, COLOR BLANCO, TIPO SL-500, CILINDRADA 4973, CHASIS NR. WDB1290671F107016, A¿O DE FAB. 1.995"
MINI,MINI,(sin modelo),ONE CABRIO DESCAPOTABLE,ICE,1,1,2022-10,2022-10,22DA000000417456,1,01 UNIDAD AUTOMOVIL USADO MARCA MINI MODELO ONE CABRIO DESCAPOTABLE A¿O 2014 NAFTERO 1.600 C.C. CHASSIS N. WMWZM31020T567799 COLOR MARRON METALIZADO
MERCEDES-BENZ,MERCEDES-BENZ,(sin modelo),S-500,ICE,1,1,2022-10,2022-10,22DA000000421818,1,"-LOS DEM¿S VEH¿CULOS CON MOTOR DE EMBOLO (PIST¿N) EN : 1 (UNA) UNIDAD DE AUTOMOVIL DE LA MARCA MERCEDES BENZ, COLOR PLATEADO, TIPO S-500, CILINDRADA 5000, CHASIS NR WDB2201751A016864, A¿O DE FAB. 2000"
TOYOTA,TOYOTA,(sin modelo),HIAE REGIUS,ICE,1,1,2022-10,2022-10,22DA000000423558,1,1 UNA UNIDAD DE STATION WAGON USADO MARCA TOYOTA MODELO HIAE REGIUS A¿O 1999 COLOR CELESTE
SCANIA,SCANIA,(sin modelo),124/400,ICE,1,1,2022-10,2022-10,22DA000000388261,1,1 UNA UNIDAD CAMION USADO MARCA SCANIA MODELO 124/400 A¿O 1999 COLOR AZUL.-
VOLVO,VOLVO,(sin modelo),FM340,ICE,1,1,2022-10,2022-10,22DA000000393405,1,LOS DEMAS EN: (01) UNA UNIDAD TIPO CAMION CON BRAZO HIDRAULICO MARCA VOLVO MODELO FM340 6X4 A¿O 2000 COLOR BLANCO
SSANGYONG,KGM,REXTON PICK-UP VERSION NOBLESSE A/T,REXTON PICK-UP VERSION NOBLESSE A/T,ICE,1,1,2022-10,2022-10,22DA000000398699,1,01) UNIDAD DE VEHICULO TIPO CAMIONETA DE LA MARCA SSANGYONG MODELO REXTON PICK-UP VERSION NOBLESSE A/T 4X4 A¿O DE FABRICACION 2022 MODELO A¿O 2023 CON SUS ACCESORIOS NORMALES Y CORRESPONDIENTES.-
CHEVROLET,CHEVROLET,(sin modelo),K10,ICE,1,1,2022-10,2022-10,22DA000000399441,1,CAMIONETA USADA CABINA SIMPLE MARCA CHEVROLET MODELO K10 A¿O 1984 A RESTAURAR
SCANIA,SCANIA,(sin modelo),124 C 420,ICE,1,1,2022-10,2022-10,22DA000000403305,1,"LOS DEMAS EN: (01) UNA UNIDAD TIPO CAMION CON BRAZO HIDRAULICO MARCA SCANIA MODELO 124 C 420 6X4 A¿O 2001 COLOR BLANCO,AMATILLO Y CELESTE"
SCANIA,SCANIA,(sin modelo),R124/470,ICE,1,1,2022-10,2022-10,22DA000000404757,1,CHASIS MOTOR Y CABINA EN: 1 UND CAMION MARCA SCANIA MODELO R124/470 A¿O 2003 USADO
FORD,FORD,F150 3,F150,ICE,1,1,2022-10,2022-10,22DA000000408090,1,UNA UNIDAD CAMIONETA MARCA FORD MODELO F150 3.5L LARIAT A¿O MODELO 2022
SCANIA,SCANIA,(sin modelo),T113-310,ICE,1,1,2022-10,2022-10,22DA000000417250,1,1 UNA UNIDAD DE CAMION VOLQUETE USADO MARCA SCANIA MODELO T113-310 A¿O 1988 COLOR BLANCO
MERCEDES-BENZ,MERCEDES-BENZ,(sin modelo),1317 ATEGO,ICE,1,1,2022-10,2022-10,22DA000000418092,2,UNA UNIDAD CAMION USADO MARCA MERCEDES BENZ MODELO 1317 ATEGO A¿O 2000
MERCEDES-BENZ,MERCEDES-BENZ,(sin modelo),1515,ICE,1,1,2022-10,2022-10,22DA000000422107,1,UNA UNIDAD DE CAMION USADO MARCA MERCEDES BENZ MODELO 1515 A¿O 2003
NISSAN,NISSAN,(sin modelo),EBRO 110,ICE,1,1,2022-10,2022-10,22DA000000423844,3,"01) UN CAMION CON CHASIS MOTOR Y CABINA USADO MARCA: NISSAN MODELO: EBRO 110 A¿O: 1993 MOVIDO A DIESEL., CON SUS ACCESORIOS CORRESPONDIENTES"
MERCEDES-BENZ,MERCEDES-BENZ,(sin modelo),300 D,ICE,1,1,2022-11,2022-11,22DA000000425250,3,( 1 ) UNA UNIDAD AUTOMOVIL MARCA MERCEDES BENZ A¿O 1982 MODELO 300 D TURBO DIESEL ( USADO ) COLOR GRIS
VOLKSWAGEN,VOLKSWAGEN,(sin modelo),GOLF R32,ICE,1,1,2022-11,2022-11,22DA000000425250,2,( 1 ) UNA UNIDAD AUTOMOVIL MARCA VOLKSWAGEN MODELO GOLF R32 A¿O 2008 COLOR AZUL MOVIDO A NAFTA ( USADO )
PEUGEOT,PEUGEOT,(sin modelo),3008 STY,ICE,1,1,2022-11,2022-11,22DA000000425619,3,1 UNA UNIDAD STATION WAGON USADO MARCA PEUGEOT MODELO 3008 STY A¿O 2015 COLOR BLANCO.-
VOLKSWAGEN,VOLKSWAGEN,(sin modelo),GOLF PLUS,ICE,1,1,2022-11,2022-11,22DA000000428145,2,01) UN AUTOMOVIL USADO MARCA: VOLKSWAGEN MODELO: GOLF PLUS TDI A¿O: 2007 MOVIDO A DIESEL
MERCEDES-BENZ,MERCEDES-BENZ,(sin modelo),280 SL,ICE,1,1,2022-11,2022-11,22DA000000430131,1,1) UN VEHICULO USADO MARCA MERCEDES BENZ MODELO 280 SL A¿O 1980 COLOR PLATA (A RESTAURAR)
FORD,FORD,2022,BRONCO SPORT,ICE,1,1,2022-11,2022-11,22DA000000443415,1,UNA UNIDAD STATION WAGON MARCA FORD BRONCO SPORT 2.0L AT 4X4 WILDTRAK A¿O MODELO 2022
NISSAN,NISSAN,(sin modelo),LAUREL,ICE,1,1,2022-11,2022-11,22DA000000448294,1,1 UNA UNIDAD DE AUTOMOVIL USADO MARCA NISSAN MODELO LAUREL A¿O 1997 COLOR VERDE
TOYOTA,TOYOTA,(sin modelo),VENZA,HEV,1,1,2022-11,2022-11,22DA000000450484,1,01) UNA UNIDAD ST WAGON USADO MARCA TOYOTA MODELO VENZA A¿O 2022 COLOR AZUL
JEEP,JEEP,(sin modelo),RANGLER X,ICE,1,1,2022-11,2022-11,22DA000000454324,1,UNA UNIDAD DE STATION WAGON MARCA JEEP MODELO RANGLER X A¿O 2004
MERCEDES-BENZ,MERCEDES-BENZ,(sin modelo),190E,ICE,1,1,2022-11,2022-11,22DA000000459874,1,01) UN AUTOMOVIL USADO MARCA: MERCEDES BENZ MODELO: 190E A¿O 1989 MOVIDO A GASOLINA
BMW,BMW,(sin modelo),525 TDS,ICE,1,1,2022-11,2022-11,22DA000000459885,1,1 UNA UNIDAD AUTOMOVIL USADO MARCA BMW MODELO 525 TDS A¿O 1997 COLOR VERDE.-
POLARIS,POLARIS,(sin modelo),SPORTSMAN,ICE,1,1,2022-11,2022-11,22DA000000460926,1,01) UNA UNIDAD ATV USADO MARCA: POLARIS MODELO: SPORTSMAN A¿O:2019
MAZDA,MAZDA,(sin modelo),2,ICE,1,1,2022-11,2022-11,22DA000000462474,1,1) UNA UNIDAD DE AUTOMOVIL USADO MARCA MAZADA MODELO 2 A¿O 2018
TOYOTA,TOYOTA,LC300 3,LC300,ICE,1,1,2022-11,2022-11,22DA000000464184,1,"LOS DEMAS, EN (01) UNIDAD DE STATION WAGON MARCA TOYOTA MODELO LC300 3.3 TT DSL VXR-Z EXCL A¿O MODELO2023"
BMW,BMW,(sin modelo),M2 COMPETTION,ICE,1,1,2022-11,2022-11,22DA000000464854,1,1 UNA UNIDAD STATION WAGON USADO MARCA BMW MODELO M2 COMPETTION A¿O 2021 COLOR PLATEADO.-
OPEL,OPEL,(sin modelo),AGILA,ICE,1,1,2022-11,2022-11,22DA000000466516,2,01 UNIDAD USADA STATION MARCA OPEL MODELO AGILA A¿O 2002
NISSAN,NISSAN,(sin modelo),ATLEON 140,ICE,1,1,2022-11,2022-11,22DA000000426672,2,01) UN CAMION FRIGORIFICO USADO MARCA. NISSAN MODELO: ATLEON 140 A¿O: 2001 MOVIDO A DIESEL.-
FUSO,FUSO,(sin modelo),FIV1PHX2LNJA,ICE,1,1,2022-11,2022-11,22DA000000427949,1,"1 UNID CAMION, MARCA: FUSO, TIPO: FIV1PHX2LNJA, A¿O DE FABRICACION: 2021, MODELO A¿O: 2022, CON SUS ACCESORIOS NORMALES Y CORRESPONDIENTES.-"
VOLKSWAGEN,VOLKSWAGEN,FURGON 2,FURGON,ICE,1,1,2022-11,2022-11,22DA000000433693,1,UNA UNIDAD DE VEHICULO USADO MARCA VOLKSWAGEN MODELO FURGON 2.5 A¿O 2001 COLOR BLANCO
SCANIA,SCANIA,(sin modelo),P113,ICE,1,1,2022-11,2022-11,22DA000000436410,1,LOS DEMAS EN: (01) UN A UNIDAD TIPO CAMION CON BRAZO HIDRAULICO MARCA SCANIA MODELO P113 A¿O 1994 COLOR AZUL
MERCEDES-BENZ,MERCEDES-BENZ,(sin modelo),816D,ICE,1,1,2022-11,2022-11,22DA000000438942,2,) UN CAMION FRIGORIFICO USADO MARCA: MERCEDES BENZ MODELO: 816D A¿O 2007 MOVIDO A DIESEL.-
JCB,JCB,(sin modelo),7FT,ICE,1,1,2022-11,2022-11,22DA000000463132,1,"(01) UNA UNIDAD DE VOLQUETE AUTOMOTOR USADO MARCA JCB MODELO 7FT A¿O 2018 SERIE JCB7TFTREJ2561419, CON SUS PARTES Y ACCESORIOS DESMONTADOS"
MERCEDES-BENZ,MERCEDES-BENZ,(sin modelo),SPRINTER F-3665 415 CDI,ICE,1,1,2022-11,2022-11,22DA000000464802,1,"1 UNID FURGON, MARCA: MERCEDES BENZ, TIPO: SPRINTER F-3665 415 CDI, A¿O DE FABRICACION: 2022, MODELO A¿O: 2023, CON SUS ACCESORIOS NORMALES Y CORRESPONDIENTES"
RAM,RAM,(sin modelo),2500 LONGHORN CREW CAB,ICE,1,1,2022-11,2022-11,22DA000000464854,2,1 UNA UNIDAD CAMIONETA USADO MARCA RAM MODELO 2500 LONGHORN CREW CAB A¿O 2019 COLOR BLANCO.-
SCANIA,SCANIA,(sin modelo),124G 420,ICE,1,1,2022-11,2022-11,22DA000000465810,1,"(1)UNIDAD CAMION , MARCA: SCANIA, MOD.124G 420, CON SISTEMA DE ELEVACION, USADO.-"
MERCEDES-BENZ,MERCEDES-BENZ,2022,SPRINTER F-3250 311 CDI,ICE,1,1,2022-11,2022-11,22DA000000467610,1,"1 UNID FURGON, MARCA: MERCEDES BENZ, TIPO: SPRINTER F-3250 311 CDI, A¿O DE FABRICACION: 2022, A¿O MODELO: 2022, CON SUS ACCESORIOS NORMALES Y CORRESPONDIENTES"
MERCEDES-BENZ,MERCEDES-BENZ,(sin modelo),MODEL E270 CDI,ICE,1,1,2022-12,2022-12,22DA000000345514,3,1) UNA UNIDAD AUTOMOVIL USADO MARCA MERCEDES BENZ MODEL E270 CDI A¿O 2004 COLOR AZUL
MERCEDES-BENZ,MERCEDES-BENZ,(sin modelo),CL300,ICE,1,1,2022-12,2022-12,22DA000000348183,1,UN AUTOMOVIL USADO MARCA MERCEDES BENZ MODELO CL300 A¿O 2008 COLOR NEGRO
KAWASAKI,KAWASAKI,(sin modelo),KFA820B,ICE,1,1,2022-12,2022-12,22DA000000348183,2,UNA UNIDAD DE VEHICULO TIPO UTV MARCA KAWASAKI MODELO KFA820B A¿O 2015 COLOR VERDE
CHRYSLER,CHRYSLER,(sin modelo),GRAND VOYAGER,ICE,1,1,2022-12,2022-12,22DA000000352153,1,1 UNA UNIDAD STATION WAGON UADO MARCA CHRYSLER MODELO GRAND VOYAGER A¿O 2006 COLOR GRIS OSCURO.-
CHEVROLET,CHEVROLET,(sin modelo),SUBURBAN LS,ICE,1,1,2022-12,2022-12,22DA000000353068,1,"LOS DEMAS VEHICULOS, EN: (1) UNIDAD VEHICULO CHEVROLET SUBURBAN LS 4X4 MOTOR 3.0L DURAMAX TURBO DIESEL COLOR NEGRO"
MERCEDES-BENZ,MERCEDES-BENZ,2023,GLE 300D 4MATIC,ICE,1,1,2022-12,2022-12,22DA000000354403,1,"1 UNID CAMIONETA, MARCA: MERCEDES BENZ, TIPO: GLE 300D 4MATIC, A¿O DE FABRICACION: 2022, A¿O MODELO: 2023, CON SUS ACCESORIOS NORMALES Y CORRESPONDIENTES.-"
TESLA,TESLA,(sin modelo),MODEL Y PERFORMANCE,BEV,1,1,2022-12,2022-12,22DA000000354890,1,"LOS DEM¿S VEH¿CULOS, PROPULSADOS ¿NICAMENTE CON MOTOR ELECTRICO EN:UN VEHICULO MARCA TESLA MODELO Y PERFORMANCE 100% ELECTRICO A¿O DE FABRICACION 2022 MODELO A¿O 2022 CON SUS ACCESORIOS NORMALES"
CHERY,CHERY,2023,T8 PRO,ICE,1,1,2022-12,2022-12,22DA000000355545,1,UNA UNIDAD STATION WAGON MARCA CHERY T8 PRO 1.6TGDI 7DCT ADAS A¿O MODELO 2023
NISSAN,NISSAN,(sin modelo),ROGUE,PHEV,1,1,2022-12,2022-12,22DA000000356857,1,"LOS DEMAS, EN: 1 UNIDAD STATION WAGON MARCA NISSAN MODELO ROGUE A¿O 2019 COLOR BLANCO.-"
MERCEDES-BENZ,MERCEDES-BENZ,(sin modelo),500 SL,ICE,1,1,2022-12,2022-12,22DA000000358097,1,UNA UNIDAD AUTOMOVIL USADO MARCA: MERCEDES BENZ MODELO: 500 SL A¿O: 1992
TOYOTA,TOYOTA,(sin modelo),A PREMIO,ICE,1,1,2022-12,2022-12,22DA000000360572,3,UN VEHICULO USADO TIPO AUTOMOVIL MARCA TOYOTA MODELO A PREMIO A¿O 2006 MOVIDO A GASOLINA
MERCEDES-BENZ,MERCEDES-BENZ,(sin modelo),B180 CDI,ICE,1,1,2022-12,2022-12,22DA000000366183,1,"AUTOMOVIL CON CAPACIDAD PARA EL TRANSPORTE DE PERSONAS SENTADAS INFERIOR O IGUAL A 6, INCLUIDO EL CONDUCTOR EN (1) UNID. MERCEDES BENZ B180 CDI"
MERCEDES-BENZ,MERCEDES-BENZ,(sin modelo),E-CLASS,ICE,1,1,2022-12,2022-12,22DA000000366698,1,01) UNA UNIDAD DE AUTOMOVIL USADO MARCA MERCEDES BENZ MODELO E-CLASS A¿O 2011
JAGUAR,JAGUAR,(sin modelo),XK,ICE,1,1,2022-12,2022-12,22DA000000368690,1,UN VEHICULO USADO MARCA JAGUAR MODELO XK A¿O 1999 COLOR PLATA (A RESTAURAR)
MERCEDES-BENZ,MERCEDES-BENZ,(sin modelo),S320CDI,ICE,1,1,2022-12,2022-12,22DA000000369795,1,1 UNA UNIDAD AUTOMOVIL USADO MARCA MERCEDES BENZ MODELO S320CDI A¿O 2006 COLOR NEGRO (A RESTAURAR).-
MERCEDES-BENZ,MERCEDES-BENZ,(sin modelo),CLK 320,ICE,1,1,2022-12,2022-12,22DA000000372436,1,1 UNA UNIDAD AUTOMOVIL USADO MARCA MERCEDES BENZ MODELO CLK 320 A¿O 2004 COLOR PLATA.
SUBARU,SUBARU,(sin modelo),IMPEZA,ICE,1,1,2022-12,2022-12,22DA000000373529,1,UN STATION WAGON USADO MARCA SUBARU MODELO IMPEZA A¿O 2.008.-
MERCEDES-BENZ,MERCEDES-BENZ,(sin modelo),SLK 350 CLASS,ICE,1,1,2022-12,2022-12,22DA000000377408,5,UN AUTOMOVIL USADO MARCA MERCEDES BENZ MODELO SLK 350 CLASS A¿O 2.005.-
AUDI,AUDI,(sin modelo),A8,ICE,1,1,2022-12,2022-12,22DA000000379847,1,01) UNA UNIDAD VEHICULO USADO AUDI A8 A¿O 2005
JAGUAR,JAGUAR,(sin modelo),S-TYPE,ICE,1,1,2022-12,2022-12,22DA000000379852,1,01)UNA UNIDAD VEHICULO USADO JAGUAR S-TYPE A¿O 2003
MERCEDES-BENZ,MERCEDES-BENZ,(sin modelo),1828,ICE,1,1,2022-12,2022-12,22DA000000342662,2,UNA UNIDAD CAMION USADO MARCA MERCEDES BENZ MODELO 1828 A¿O 2002
SCANIA,SCANIA,(sin modelo),R124G-400,ICE,1,1,2022-12,2022-12,22DA000000354634,1,"LOS DEMAS; EN: 1 UNIDAD, CAMION CON GRUA SCANIA, USADO; MODELO: R124G-400; COLOR:ROJO; A¿O: 1999; CHASSIS NRO: XLEP8X40004402094"
MERCEDES-BENZ,MERCEDES-BENZ,SPRINTER 2,SPRINTER,ICE,1,1,2022-12,2022-12,22DA000000361765,1,"1)UNA UNID. VEHICULO MARCA MERCEDES BENZ TIPO FURGON, MODELO SPRINTER 2.2, A¿O 2011, COLOR BLANCO.-"
MERCEDES-BENZ,MERCEDES-BENZ,(sin modelo),ATEGO 2730B/36,ICE,1,1,2022-12,2022-12,22DA000000374054,1,"1 UNID CAMION, MARCA: MERCEDES BENZ: TIPO: ATEGO 2730B/36 6X4, A¿O DE FABRICACION: 2022, MODELO A¿O: 2023 CON SUS ACCESORIOS NORMALES Y CORREPONDIENTES.-"
PICKMAN,PICKMAN,2022,KY10231,BEV,1,1,2022-12,2022-12,22DA000000375182,3,"VEHICULO PARA EL TRANSPORTE DE MERCANCIAS,EN: CAMIONETA DOBLE CABINA CON MOTOR ELECTRICO MARCA PICKMAN MODELO KY10231 A¿O FABRIC.2022, A¿O MODELO 2022 CON SUS ACCESORIOS."
MERCEDES-BENZ,MERCEDES-BENZ,(sin modelo),611D,ICE,1,1,2022-12,2022-12,22DA000000375545,1,UNA UNIDAD DE CAMION REFRIGERADO USADO MARCA MERCEDES BENZ MODELO: 611D A¿O 1996
VOLKSWAGEN,VOLKSWAGEN,(sin modelo),KOMBI,ICE,1,1,2022-12,2022-12,22DA000000375773,1,UNA UNIDAD FURGONETA USADA MARCA VOLKWAGEN MODELO KOMBI A¿O 2000
SCANIA,SCANIA,(sin modelo),93H/220,ICE,1,1,2022-12,2022-12,22DA000000376992,1,CHASIS MOTOR Y CABINA...EN: 1 UND CAMION MARCA SCANIA MODELO 93H/220 A¿O 1992 USADO.
MERCEDES-BENZ,MERCEDES-BENZ,(sin modelo),ACCELO 915/37,ICE,1,1,2022-12,2022-12,22DA000000383667,1,"1 UNID CAMION, MARCA: MERCEDES BENZ, TIPO: ACCELO 915/37, A¿O DE FABRICACION: 2022, MODELO A¿O: 2023, CON SUS ACCESORIOS NORMALES Y CORRESPONDIENTES.-"
MERCEDES-BENZ,MERCEDES-BENZ,(sin modelo),R 320 CDI 4MATIC,ICE,1,1,2023-01,2023-01,23DA000000000292,2,"EN: 01 UNIDAD DE VEHICULO USADO MARCA MERCEDES BENZ R 320 CDI 4MATIC, A¿O 2007, CHASSIS WDC2510221A047686"
POLARIS,POLARIS,(sin modelo),RZR-22 200,ICE,1,1,2023-01,2023-01,23DA000000001348,7,"LOS DEMAS EN: 1) UND VEHICULO UTILITARIO (UTV), DE LA MARCA POLARIS, MODELO; RZR-22 200 , COLOR BLANCO, A¿O DE FABRI.2022, MODELO A¿O 2022, MOTOR N. 1P62F21109054, CHASIS N. L6KHCB186NS002699"
SEGWAY,SEGWAY,(sin modelo),VILLAIN SX10 E SGW1000F-S2,ICE,1,1,2023-01,2023-01,23DA000000001723,19,"1) UNA UNID. VEHICULO UTILITARIO UTV, DE LA MARCA SEGWAY, MODELO; VILLAIN SX10 E SGW1000F-S2 , COLOR; NEGRO/VERDE, MOTOR N. 293MY 2A230537, CHASSIS N. H0MSBWX68N8000125, 1000 CC, MODELO A¿O Y FABRI"
MERCEDES-BENZ,MERCEDES-BENZ,(sin modelo),GLC43 BITURBO 4MATIC AMG,ICE,1,1,2023-01,2023-01,23DA000000003749,1,UNA UNIDAD DE CAMIONETA USADA CHOCADA MARCA MERCEDES BENZ MODELO GLC43 BITURBO 4MATIC AMG A¿O 2020
YAMAHA,YAMAHA,(sin modelo),YMF700,ICE,1,1,2023-01,2023-01,23DA000000004592,1,UNA UNIDAD DE ATV USADO MARCA YAMAHA MODELO YMF700 A¿O 2016.
MINI,MINI,(sin modelo),D COUNTRYMAN,ICE,1,1,2023-01,2023-01,23DA000000005136,3,01) UNA UNIDAD VEHICULO USADO MINI COOPER D COUNTRYMAN A¿O 2012
MERCEDES-BENZ,MERCEDES-BENZ,(sin modelo),GLE 43,ICE,1,1,2023-01,2023-01,23DA000000006303,10,01) UNIDAD DE VEHICULO MARCA MERCEDES BENZ MODELO SUV GLE 43 - A¿O YEAR: 2018
MERCEDES-BENZ,MERCEDES-BENZ,(sin modelo),E220D,ICE,1,1,2023-01,2023-01,23DA000000009228,1,01- UNA UNIDAD DE AUTOMOVIL USADO MARCA MERCEDES BENZ MODELO E220D A¿O 2011
TESLA,TESLA,(sin modelo),MODEL X,BEV,1,1,2023-01,2023-01,23DA000000012303,1,LOS DEMAS VEHICULOS PROPULSADOS CON MOTOR ELECTRICOS EN; 01 UNIDAD AUTOMOVIL MARCA TESLA MOD. X A¿O 2.022 DE ORIGEN USA.-
MERCEDES-BENZ,MERCEDES-BENZ,(sin modelo),ML 320,ICE,1,1,2023-01,2023-01,23DA000000014346,1,1-UNA UNIDAD VEHICULO MARCA MERCEDES BENZ MODELO ML 320 A¿O 2008 COLOR NEGRO
FIAT,FIAT,(sin modelo),500C,ICE,1,1,2023-01,2023-01,23DA000000014760,2,"01) UNA UNIDAD DE AUTOMOVIL USADO MARCA FIAT MODELO 500C A¿O 2.010 NAFTERO, CON CHASSIS NRO.: ZFA31200000550674, COLOR AMARILLO.-"
FORD,FORD,(sin modelo),ESCAPE,HEV,1,1,2023-01,2023-01,23DA000000016877,1,01 UNID. STATION WAGON USADO MARCA FORD MODELO ESCAPE A¿O 2.011
MERCEDES-BENZ,MERCEDES-BENZ,(sin modelo),GLK350,ICE,1,1,2023-01,2023-01,23DA000000018403,1,UN VEHICULO USADO TIPO STATION WAGON MARCA MERCEDES BENZ MODELO GLK350 A¿O 2014 COLOR BLANCO
MERCEDES-BENZ,MERCEDES-BENZ,(sin modelo),GLK-CLAS,ICE,1,1,2023-01,2023-01,23DA000000022418,2,1 UNIDAD STATION WAGON USADO MARCA MERCEDES BENZ MODELO GLK-CLAS A¿O 2013 COLOR NEGRO.-
MICROCAR,MICROCAR,(sin modelo),MC2,ICE,1,1,2023-01,2023-01,23DA000000025747,1,1 UNA UNIDAD AUTOMOVIL USADO MARCA MICROCAR MODELO MC2 A¿O 2005 COLOR GRIS.-
MERCEDES-BENZ,MERCEDES-BENZ,2023,GLB 220 D 4,ICE,1,1,2023-01,2023-01,23DA000000027845,1,"1 UNID CAMIONETA, MARCA: MERCEDES BENZ, TIPO: GLB 220 D 4 MATIC, A¿O DE FABRICACION: 2022, A¿O MODELO: 2023 CON SUS ACCESORIOS NORMALES Y CORRESPONDIENTES.-"
TOYOTA,TOYOTA,(sin modelo),ISH,ICE,1,1,2023-01,2023-01,23DA000000028550,4,"01 UNIDAD DE AUTOMOVIL USADO MARCA:TOYOTA MODELO:ISH A¿O:2011, COLOR:PERLA, MOVIDO A GASOLINA.-"
KIA,KIA,(sin modelo),SPOTARGE,ICE,1,1,2023-01,2023-01,23DA000000031015,1,UN VEHICULO USADO MARCA KIA MODELO SPOTARGE A¿O 2011
HYUNDAI,HYUNDAI,(sin modelo),NEW GRACE,ICE,1,1,2023-01,2023-01,23DA000000032138,4,1- UNA UNIDAD DE STATION WAGON USADO DE LA MARCA HYUNDAI MODELO NEW GRACE A¿O 2003
VOLVO,VOLVO,(sin modelo),FM 340,ICE,1,1,2023-01,2023-01,23DA000000014725,2,"UNA UNIDAD CHASIS CON CABINA Y MOTOR VOLVO, MODELO FM 340 A¿O 2003. USADO"
MERCEDES-BENZ,MERCEDES-BENZ,(sin modelo),1322,ICE,1,1,2023-01,2023-01,23DA000000016792,1,UN CAMION USADO MARCA MERCEDES BENZ MODELO 1322 A¿O 2010 COLOR GRIS
MERCEDES-BENZ,MERCEDES-BENZ,(sin modelo),SPRINTER F3250 311 CDI,ICE,1,1,2023-01,2023-01,23DA000000016883,2,"1 UNID FURGON, MARCA: MERCEDES BENZ, TIPO: SPRINTER F3250 311 CDI, A¿O DE FABRICACION: 2022, MODELO A¿O: 2023 CON SUS ACCESORIOS NORMALES Y CORRESPONDIENTES.-"
IVECO,IVECO,(sin modelo),EUROCARGO,ICE,1,1,2023-01,2023-01,23DA000000017151,2,01) UN CAMION CON CHASI SMOTOR Y CABINA USADO MARCA: IVECO MODELO. EUROCARGO 128E28 A¿O: 2005 MOVIDO A DIESEL.-
SCANIA,SCANIA,(sin modelo),R124G,ICE,1,1,2023-01,2023-01,23DA000000027943,2,LOS DEMAS EN: 01) UNA UNIDAD DE CAMION USADO MARCA SCANIA MODELO R124G- A¿O 1999 COLOR CELESTE CHASSIS YS2R6X20001225160
LAND ROVER,LAND ROVER,2023,RANGE ROVER P510,PHEV,1,1,2023-02,2023-02,23DA000000107041,1,UNA UNIDAD DE STATION WAGON MARCA: LAND ROVER MODELO: RANGE ROVER P510 A¿O DE FABRICACION 2022 A¿O MODELO: 2023 CON SUS ACCESORIOS CORRESPONDIENTES
MERCEDES-BENZ,MERCEDES-BENZ,(sin modelo),E270 CDI,ICE,1,1,2023-02,2023-02,23DA000000109749,1,UNA UNIDAD AUTOMOVIL USADO MARCA MERCEDES BENZ MODELO E270 CDI A¿O 2003
LEXUS,LEXUS,(sin modelo),GX460,ICE,1,1,2023-02,2023-02,23DA000000110436,1,"LOS DEM¿S VEH¿CULOS CON MOTOR DE EMBOLO (PIST¿N) ALTERNATIVO, DE ENCENDIDO POR CHISPA:.- EN 1 UNA UNID. VEHICULO MARCA LEXUS MODELO GX460 A¿O 2.022.-"
PORSCHE,PORSCHE,911 CON,911,ICE,1,1,2023-02,2023-02,23DA000000113289,1,"01) UNA UNIDAD VEHICULO USADO, MARCA PORSCHE, MODELO: 911 CON MOTOR: NAFTERO, A¿O: 1979. VEHICULO A RESTAURAR."
MERCEDES-BENZ,MERCEDES-BENZ,(sin modelo),GLS450,ICE,1,1,2023-02,2023-02,23DA000000113448,1,1 UNA UNIDAD STATON WAGON USADO MARCA MERCEDES BENZ MODELO GLS450 A¿O 2020 COLOR NEGRO.-
MERCEDES-BENZ,MERCEDES-BENZ,2023,S 580 4 MATIC,ICE,1,1,2023-02,2023-02,23DA000000114591,1,"1 UNID AUTOMOVIL, MARCA: MERCEDES BENZ, TIPO: S 580 4 MATIC BERLINA LARGA, A¿O DE FABRICACION: 2022, A¿O MODELO: 2023 CON SUS ACCESORIOS NORMALES Y CORRESPONDIENTES.-"
MERCEDES-BENZ,MERCEDES-BENZ,2023,GLB,ICE,1,1,2023-02,2023-02,23DA000000115751,1,"1 UNID CAMIONETA, MARCA: MERCEDES BENZ , TIPO: GLB, A¿O DE FABRICACION: 2022, A¿O MODELO: 2023, CON SUS ACCESORIOS NORMALES Y CORRESPONDIENTES.-"
MERCEDES-BENZ,MERCEDES-BENZ,(sin modelo),GLC200 4MATIC,ICE,1,1,2023-02,2023-02,23DA000000119672,1,"LOS DEM¿S, EN: 1) VEHICULO MARCA MERCEDES BENZ MODELO GLC200 4MATIC A¿O 2022, COLOR GRIS, CHASIS NRO. W1N2539811G000743, CC 1991, NAFTERO"
HONDA,HONDA,(sin modelo),ACCORD,ICE,1,1,2023-02,2023-02,23DA000000124486,1,01) UN AUTOMOVIL USADO MARCA. HONDA MODELO: ACCORD A¿O:_ 2001 MOVIDO A GASOLINA
ARTIC CAT,ARTIC CAT,(sin modelo),WILDCAT TRAIL LIMITED,ICE,1,1,2023-02,2023-02,23DA000000125411,4,LOS DEMAS EN: (01) UNA UNIDAD TIPO ATV (TODO TERRENO) MARCA ARTIC CAT MODELO WILDCAT TRAIL LIMITED A¿O 2017 COLOR BLANCO Y VERDE
MERCEDES-BENZ,MERCEDES-BENZ,(sin modelo),C 230,ICE,1,1,2023-02,2023-02,23DA000000125814,4,01) UN AUTOMOVIL USADO MARCA MERCEDES BENZ MODELO C 230 A¿O 2005.-
VENTURA,VENTURA,(sin modelo),ATV M550 L,ICE,1,1,2023-02,2023-02,23DA000000129357,1,"LOS DEMAS VEHICULOS,UNICAMENTE CON MOTORDE EMBOLO,DE ENCENDIDO POR CHISPA, DE CILINDRADA INF.O IGUAL 1.000 CM3, COMPLETOS, C/ACC.EN:(1) VEHICULO CUADRICICLO MOD. ATV M550 L ,DE 500 CC."
SUZUKI,SUZUKI,(sin modelo),WR STRINGUEY,ICE,1,1,2023-02,2023-02,23DA000000141508,1,1 UNA UNIDAD STATION WAGON USADO MARCA SUZUKI MODELO WR STRINGUEY A¿O 2013 COLOR BORDO.-
MERCEDES-BENZ,MERCEDES-BENZ,(sin modelo),CLK 220,ICE,1,1,2023-02,2023-02,23DA000000144181,2,UN AUTOMOVIL USADO MARCA MERCEDES BENZ MODELO CLK 220 A¿O 2.008.-
MERCEDES-BENZ,MERCEDES-BENZ,(sin modelo),C230 KOMPRESSOR,ICE,1,1,2023-02,2023-02,23DA000000144902,2,01 UNA UNIDAD AUTOMOVIL USADO MARCA MERCEDES BENZ MODELO C230 KOMPRESSOR A¿O 2004 COLOR PLATA
FORD,FORD,2023,RANGER DC,ICE,1,1,2023-02,2023-02,23DA000000106828,1,UNA UNIDAD CAMIONETA MARCA FORD RANGER DC 4X4 XLT 3.2L D A¿O MODELO 2023
MERCEDES-BENZ,MERCEDES-BENZ,(sin modelo),515 CDI,ICE,1,1,2023-02,2023-02,23DA000000109749,2,UNA UNIDAD CAMION USADO MARCA MERCEDES BENZ MODELO 515 CDI A¿O 2007
FORD,FORD,(sin modelo),RANGER RAPTOR AC,ICE,1,1,2023-02,2023-02,23DA000000113247,1,"UNA UNIDAD DE CAMIONETA DOBLE CABINA, MARCA: FORD, RANGER RAPTOR AC 2.0 CD 4X4 TA CON MOTOR DIESEL, A¿O DE FABRICACI¿N: 2021, MODELO A¿O:2021"
MERCEDES-BENZ,MERCEDES-BENZ,(sin modelo),VARIO 614,ICE,1,1,2023-02,2023-02,23DA000000116055,4,UN CAMION USADO MARCA MERCEDES BENZ MODELO VARIO 614 A¿O 2.005.-
NISSAN,NISSAN,(sin modelo),M110.14,ICE,1,1,2023-02,2023-02,23DA000000118314,2,01) UN CAMION CON CHASIS MOTOR Y CABINA USADO MARCA: NISSAN MODELO. M110.14 ¿O: 1990 MOVIDO A DIESEL.-
NISSAN,NISSAN,(sin modelo),ECO T 160,ICE,1,1,2023-02,2023-02,23DA000000121429,1,1 UNA UNIDAD CAMION USADO MARCA NISSAN MODELO ECO T 160 A¿O 1997 COLOR BLANCO.-
RENAULT,RENAULT,(sin modelo),EXPRESS,ICE,1,1,2023-02,2023-02,23DA000000124486,2,01) UNA FURGONETA USADA MARCA RENAULT MODELO: EXPRESS A¿O. 1992 MOVIDO A GASOLINA
MERCEDES-BENZ,MERCEDES-BENZ,(sin modelo),308D,ICE,1,1,2023-02,2023-02,23DA000000126526,3,) UN CAMION CON CHASIS MOTOR Y CABINA USADO MARCA: MERCEDES BENZ MODELO: 308D A¿O: 1995 MOVIDO A DIESEL
IVECO,IVECO,(sin modelo),EUROTECH,ICE,1,1,2023-02,2023-02,23DA000000128799,1,1 UNIDAD DE CAMION USADO MARCA IVECO MODELO EUROTECH 240E340 A¿O 1995 COLOR AMARILLO.-
MERCEDES-BENZ,MERCEDES-BENZ,(sin modelo),MB 100 D,ICE,1,1,2023-02,2023-02,23DA000000129818,1,"01) UNA UNIDAD VEHICULO MARCA: MERCEDES BENZ MODELO: MB 100 D TIPO: CAMIONETA FURGON CON MOTOR DIESEL, TRANSMISION MECANICA, A¿O: 1993. CON SUS ACCESORIOS CORRESPONDIENTES. USADO.-"
CHEVROLET,CHEVROLET,(sin modelo),S10 HIG COUNTRY,ICE,1,1,2023-02,2023-02,23DA000000130159,1,"CAMIONETA PARA EL TRANSPORTE DE CARGAS MOTOR DIESEL, MARCA CHEVROLET S10 HIG COUNTRY 4X4 DOBLE CABINA CON SUS ACCESORIOS CORRESPONDIENTES"
NISSAN,NISSAN,(sin modelo),ATLAS CONDOR,ICE,1,1,2023-02,2023-02,23DA000000134107,8,01- UNA UNIDAD DE CAMION CABINA SIMPLE USADO MARCA NISSAN MODELO ATLAS CONDOR A¿O 1996
RENAULT,RENAULT,(sin modelo),RVI,ICE,1,1,2023-02,2023-02,23DA000000138732,2,01) UNA UNIDAD USADO CAMION MARCA RENAULT MODELO RVI A¿O 1980 COLOR AZUL
MERCEDES-BENZ,MERCEDES-BENZ,(sin modelo),E1520,ICE,1,1,2023-02,2023-02,23DA000000139697,2,01- UNID CAMION CON BRAZO GRUA MARCA MERCEDES BENZ MODELO E1520 DIESEL A¿O 1996 COLOR BLANCO.-
MERCEDES-BENZ,MERCEDES-BENZ,2023,SPRINTER F-3665 416 CDI,ICE,1,1,2023-02,2023-02,23DA000000143131,1,"1 UNID FURGON, MARCA: MERCEDES BENZ, TIPO: SPRINTER F-3665 416 CDI, A¿O DE FABRICACION: 2022, A¿O MODELO: 2023 CON SUS ACCESORIOR NORMALES Y CORRESPONDIENTES.-"
JEEP,JEEP,(sin modelo),WRANGLER XL,ICE,1,1,2023-03,2023-03,23DA000000063535,1,"UNA UNIDAD DE STATION WAGON USADO, MARCA JEEP MODELO WRANGLER XL A¿O 2002"
LEXUS,LEXUS,(sin modelo),UX250H HIDRIDO ECVT,HEV,1,1,2023-03,2023-03,23DA000000063631,8,"CAMIONETA DE LA MARCA LEXUS MODELO UX250H HIDRIDO ECVT (ELECTRICO/NAFTA) 4X4 1.987 C.C., MZAH15L-AWXBB, A¿O DE FABRICACION 2022 MODELO A¿O 2023 CON SUS ACCESORIOS CORRESPONDIENTES.-"
CHEVROLET,CHEVROLET,(sin modelo),CORVETTE 3LT,ICE,1,1,2023-03,2023-03,23DA000000067018,1,01) UNA UNIDAD AUTOMOVIL USADO MARCA CHEVROLET MODELO CORVETTE 3LT A¿O 2023 COLOR AZUL
BMW,BMW,(sin modelo),X4 M40I,ICE,1,1,2023-03,2023-03,23DA000000067791,1,01) UNA UNIDAD ST. WAGON USADO MARCA:BMW MODELO:X4 M40I A¿O: 2017.-
MERCEDES-BENZ,MERCEDES-BENZ,(sin modelo),GL 350,ICE,1,1,2023-03,2023-03,23DA000000069678,1,UNA UNIDAD DE STATION WAGON MARCA MERCEDES BENZ MODELO GL 350 A¿O 2013
HYUNDAI,HYUNDAI,(sin modelo),GENESIS COUPE,ICE,1,1,2023-03,2023-03,23DA000000071991,2,"UNA UNIDAD DE AUTOMOVIL USADO, MARCA HYUNDAI MODELO GENESIS COUPE A¿O 2010.-"
RENAULT SAMSUNG,RENAULT SAMSUNG,(sin modelo),QM3,ICE,1,1,2023-03,2023-03,23DA000000071991,1,"UNA UNIDAD DE AUTOMOVIL USADO, MARCA RENAULT SAMSUNG MODELO QM3 A¿O 2014.-"
MAZDA,MAZDA,(sin modelo),CX-7,ICE,1,1,2023-03,2023-03,23DA000000073494,1,1 UNA UNIDAD STATION WAGON USADO MARCA MAZDA MODELO CX-7 A¿O 2010 COLOR BLANCO.-
KIA,KIA,(sin modelo),C ARNIVAL,ICE,1,1,2023-03,2023-03,23DA000000073736,1,01) UN STATION WAGON USADO MARCA. KIA MODELO-.C ARNIVAL A¿O: 2007 MOVIDO A DIESEL.-
TOYOTA,TOYOTA,C-HR 2,C-HR,ICE,1,1,2023-03,2023-03,23DA000000085986,1,"AUTOMOVILES PARA PARA TURISMO, DE CILINDRADA SUPERIOR A 1.500 CM3. PERO A 3.000 CC; EN 1 UNA UNID DE VEHICULO USADO TIPO STATION WAGON MARCA TOYOTA MOD C-HR 2.0 NAFTERO 2WD A¿O 2021 COLOR GRIS OSCURO"
MERCEDES-BENZ,MERCEDES-BENZ,(sin modelo),180 PONTON,ICE,1,1,2023-03,2023-03,23DA000000093823,1,1 UNIDAD DE AUTOMOVIL USADO DE COLECCION MARCA MERCEDEZ BENZ MODELO 180 PONTON A¿O 1960 COLOR NEGRO
FERRARI,FERRARI,(sin modelo),F430 SCUDERIA,ICE,1,1,2023-03,2023-03,23DA000000102685,1,"FERRARI F430 SCUDERIA 2009, COLOR AMARILLO, (USADO), VIN NRO. ZFFKW64A290167035, A RESTAURAR"
MERCEDES-BENZ,MERCEDES-BENZ,(sin modelo),600,ICE,1,1,2023-03,2023-03,23DA000000105986,1,1 UNIDAD DE AUTOMOVIL USADO MARCA MERCEDES BENZ MODELO 600 A¿O 1972 COLOR NEGRO
MITSUBISHI,MITSUBISHI,2007,EVO IX,ICE,1,1,2023-03,2023-03,23DA000000148178,1,"AUTOMOVIL MARCA MITSUBISHI LANCER TIPO EVO IX, REACONDICIONADO MODELO 2007"
PORSCHE,PORSCHE,(sin modelo),PANAMERA 4S,ICE,1,1,2023-03,2023-03,23DA000000154563,2,"AUTOMOVIL MARCA PORSCHE TIPO PANAMERA 4S,MODELO A¿O 2009, CHASIS NO. WP0ZZZ97ZAL040224, MOTOR NO. A00533, PAIS DE ORIGEN ALEMANIA"
OLDSMOBILE,OLDSMOBILE,(sin modelo),TORNADO,ICE,1,1,2023-03,2023-03,23DA000000162272,3,AUTOMOVIL MARCA OLDSMOVIL TORNADO VIN: 3Y57W4M725933
TOYOTA,TOYOTA,(sin modelo),TS040 HYBRIDO,ICE,1,1,2023-03,2023-03,23DA000000162982,1,VEHICULO MARCA TOYOTA TS040 HYBRIDO (2014 REPLICA)
HYUNDAI,HYUNDAI,BR2 CON,BR2,ICE,1,1,2023-03,2023-03,23DA000000165401,1,"UNA UNIDAD VEHICULO MARCA: HYUNDAI, MODELO: BR2 CON MOTOR FLEX, TRANSMISION MECANICA, MODELO A¿O: 2019, CON SUS ACCESORIOS CORRESPONDIENTES"
CHEVROLET,CHEVROLET,BLAZER RS 3,BLAZER RS,ICE,1,1,2023-03,2023-03,23DA000000176162,1,"AUTOMOVIL, TIPO STATION WAGON, MARCA CHEVROLET, MODELO BLAZER RS 3.6L AWD, NAFTERO, A¿O DE FABRICACION 2018, A¿O MODELO 2019, CHASIS NUMERO 3GNKB8RS5KS543322, MOTOR NUMERO CKS543322"
TOYOTA,TOYOTA,(sin modelo),AURYS,ICE,1,1,2023-03,2023-03,23DA000000184781,2,UNA UNIDAD DE VEHICULO USADO MARCA TOYOTA MODELO AURYS A¿O 2009 CLOR AZUL
IVECO,IVECO,(sin modelo),EIUROCARGO,ICE,1,1,2023-03,2023-03,23DA000000063381,1,01) UN CAMION CON CHASIS MOTOR CABINA USADO MARCA: IVECO MODELO: EIUROCARGO A¿O: 2004 MOVIDO A DIESEL.-
SCANIA,SCANIA,(sin modelo),114C 340,ICE,1,1,2023-03,2023-03,23DA000000068571,1,"(1) UNIDADES CAMION, MARCA: SCANIA, MOD.114C 340, A¿O:2.002, CON SISTEMA DE ELEVACION Y CAJA BASCULANTE.-"
NISSAN,NISSAN,(sin modelo),L60,ICE,1,1,2023-03,2023-03,23DA000000069775,2,"UNA UND. CAMION USADO, CHASIS CON CABINA, MARCA NISSAN, MODELO L60, A¿O 1996, COLOR BLANCO, ORIGEN: JAPON"
PEGASO,PEGASO,(sin modelo),2217,ICE,1,1,2023-03,2023-03,23DA000000079927,1,UNA UNIDAD DE CAMION USADO MARCA PEGASO MODELO 2217 A¿O 1989.-
MERCEDES-BENZ,MERCEDES-BENZ,(sin modelo),PIG LIFE,ICE,1,1,2023-03,2023-03,23DA000000081206,1,"01 UNID. CAMION P/TRANSP. DE CERDOS, 4 PISOS MARCA TRIEL-HT, MOD. PIG LIFE, A¿O 2023, CARROC. N. 2511; MONT/SOBRE CHASIS MARCA MERCEDES BENZ ATEGO 2430/48 6X2, FAC 2022. MOS. A¿O 2023, CON SUS ACC..-"
MERCEDES-BENZ,MERCEDES-BENZ,(sin modelo),SPRINTER 412D,ICE,1,1,2023-03,2023-03,23DA000000088090,1,UNA UNIDAD CAMION USADO MARCA: MERCEDES BENZ MODELO: SPRINTER 412D A¿O: 2000.
SCANIA,SCANIA,(sin modelo),R310,ICE,1,1,2023-03,2023-03,23DA000000089786,2,"LOS DEMAS; EN: 1 UNIDAD SCANIA, USADO; MODELO: R310; COLOR VERDE / BLANCO; A¿O: 2006; CHASSIS NRO: XLER4X20005144393.-"
SCANIA,SCANIA,(sin modelo),94C 260,ICE,1,1,2023-03,2023-03,23DA000000089786,1,"LOS DEMAS; EN: 1 UNIDAD SCANIA, USADO; MODELO: 94C 260; COLOR: BLANCO; A¿O: 1998; CHASSIS NRO: VLUP4X20009029590.-"
VOLVO,VOLVO,(sin modelo),VM260,ICE,1,1,2023-03,2023-03,23DA000000149931,3,"CAMINHAO BASCULANTE TRUCADO E TRACADO VOLVO COM 260 CV MOD. VM260 6X4R, A¿O/MOD 2011/2011-PLACA MJZ-8458-CHASSI: 93KK0E0D0BE131969-NCM 8704.23.20"
VOLKSWAGEN,VOLKSWAGEN,(sin modelo),AMAROK DARK LABEL,ICE,1,1,2023-03,2023-03,23DA000000156604,1,"VEHICULO VW AMAROK DARK LABEL 2.0 TDI 180 CV 4X2 MOTOR: CNE 076464, CHASIS: 8AWDB22H5FA044503, A¿O 2015, DOBLE CABINA"
VOLKSWAGEN,VOLKSWAGEN,(sin modelo),AMAROK ULTIMATE,ICE,1,1,2023-03,2023-03,23DA000000156604,2,"VEHICULO VW AMAROK ULTIMATE 2.0 TDI 180 CV 4X4 AT MOTOR: CSH 116801, CHASIS: 8AWDB22H8GA002232, A¿O 2015, DOBLE CABINA"
VOLKSWAGEN,VOLKSWAGEN,(sin modelo),RENAVAM 320507-PLACA QJK90774,ICE,1,1,2023-03,2023-03,23DA000000168640,1,"CAMION VW, RENAVAM 320507-PLACA QJK90774,PLACA 320507,PLACA QJK9074-CHASIS 95365824KR919376,MOTOR 2095170A325162,A¿O 18/19, MARCA VOLKSWAGEN-VM 24.280 CRM 6X2, CON SUS ACCESORIOS COMPLETOS"
NISSAN,NISSAN,(sin modelo),ALTAS,ICE,1,1,2023-03,2023-03,23DA000000170021,4,1 UNA UNIDAD DE CAMIONETA USADA MARCA NISSAN MODELO ALTAS A¿O 2004 COLOR BLANCO
NISSAN,NISSAN,(sin modelo),ATLAS CUSTOM,ICE,1,1,2023-03,2023-03,23DA000000170021,7,1 UNA UNIDAD DE CAMIONETA USADA MARCA NISSAN MODELO ATLAS CUSTOM A¿O 2000 COLOR VERDE
AVIA,AVIA,(sin modelo),1601,ICE,1,1,2023-03,2023-03,23DA000000172977,1,UNA UNIDAD CAMION USADO MARCA AVIA MODELO 1601 A¿O 1990
VOLVO,VOLVO,(sin modelo),FH12,ICE,1,1,2023-03,2023-03,23DA000000180373,1,UNA UNIDAD CAMION USADO MARCA: VOLVO MOELO: FH12 A¿O: 1997. DIESEL.
SCANIA,SCANIA,(sin modelo),P124 360,ICE,1,1,2023-03,2023-03,23DA000000188005,1,01) UN CAMION TUMBA USADO MARCA: SCANIA MODELO: P124 360 A¿O: 1999 MOVIDO A DIESEL.-
MOKE,MOKE,(sin modelo),CRUISER,BEV,1,1,2023-04,2023-04,23DA000000035842,1,UNA UNIDAD AUTOMOVIL NUEVO ELECTRICO MOKE CRUISER A¿O: 2022.-
JAGUAR,JAGUAR,F-TYPE 2,F-TYPE,ICE,1,1,2023-04,2023-04,23DA000000036451,1,UNA UNIDAD AUTOMOVIL MARCA JAGUAR MODELO F-TYPE 2.0 LITRE T/C 300PS PETROL RWD 2 DOOR AUTO R-DYNAMIC A¿O MODELO 2023
TOYOTA,TOYOTA,(sin modelo),YARIS VERSO,ICE,1,1,2023-04,2023-04,23DA000000036852,2,UNA UNIDAD DE AUTOMOVIL USADO MARCA TOYOTA MODELO YARIS VERSO A¿O 2001 COLOR VERDE
JEEP,JEEP,(sin modelo),WRANGLER RUBICON 392,ICE,1,1,2023-04,2023-04,23DA000000040552,1,01) UNA UNIDAD ST. WAGON USADO JEEP WRANGLER RUBICON 392 A¿O: 2021
CHEVROLET,CHEVROLET,(sin modelo),EQUINOX LT,ICE,1,1,2023-04,2023-04,23DA000000041611,1,UNA CAMIONETA USADA MARCA: CHEVROLET MODELO: EQUINOX LT A¿O: 2020 COLOR: NEGRO
VOLKSWAGEN,VOLKSWAGEN,(sin modelo),GOLF SPORTWAGEN,ICE,1,1,2023-04,2023-04,23DA000000041611,3,UN STATION WAGON USADO MARCA: VOLKSWAGEN MODELO: GOLF SPORTWAGEN A¿O: 2017 COLOR: GRIS
MINI,MINI,(sin modelo),CLUBMAN,ICE,1,1,2023-04,2023-04,23DA000000042580,1,UNA UNIDAD DE VEHICULO USADO MARCA MINI COOPER MODELO CLUBMAN A¿O 2018 COLOR NEGRO
MERCEDES-BENZ,MERCEDES-BENZ,(sin modelo),SLC43,ICE,1,1,2023-04,2023-04,23DA000000042605,3,01) UNA UNIDAD AUTOMOVIL USADO MARCA MERCEDES BENZ MODELO SLC43 A¿O 2018 COLOR GRIS
SUZUKI,SUZUKI,(sin modelo),LT-4WD,ICE,1,1,2023-04,2023-04,23DA000000042721,19,"LOS DEMAS EN: 01-UNIDAD DE CUACICLON USADO, MARCA SUZUKI, MOD., LT-4WD, A¿O 1994, COLOR ROJO, NRO DE SERIE JSAAJ45A2R2103300."
MERCEDES-BENZ,MERCEDES-BENZ,2023,G 500,ICE,1,1,2023-04,2023-04,23DA000000044637,1,"1 UNID CAMIONETA, MARCA: MERCEDES BENZ, TIPO: G 500, A¿O DE FABRICACION: 2022, A¿O MODELO: 2023, CON SUS ACCESORIOS NORMALES Y CORRESPONDIENTES"
TOYOTA,TOYOTA,(sin modelo),RACRIS,ICE,1,1,2023-04,2023-04,23DA000000044965,5,01) UN AUTOMOVIL USADO MARCA: TOYOTA MODELO: RACRIS A¿O: 2009 MOVIDO A GASOLINA
MERCEDES-BENZ,MERCEDES-BENZ,(sin modelo),AMG GLC 43 COUPE,ICE,1,1,2023-04,2023-04,23DA000000046671,2,1 - UNA UNIDAD DE STATION WAGON USADO MARCA MERCEDES BENZ MODELO AMG GLC 43 COUPE A¿O 2021 COLOR NEGRO
MERCEDES-BENZ,MERCEDES-BENZ,(sin modelo),GLS 63 AMG,ICE,1,1,2023-04,2023-04,23DA000000046671,1,1 - UNA UNIDAD DE STATION WAGON USADO MARCA MERCEDES BENZ MODELO GLS 63 AMG A¿O 2019 COLOR NEGRO
TOYOTA,TOYOTA,(sin modelo),VOCY,ICE,1,1,2023-04,2023-04,23DA000000049754,10,01) UN STATION WAGON USADO MARCA: TOYOTA MODELO: VOCY A¿O: 2007 MOVIDO A GASOLINA
TOYOTA,TOYOTA,(sin modelo),FUNCCARGO,ICE,1,1,2023-04,2023-04,23DA000000053265,8,01 UNA UNIDAD DE STATION WAGON USADO MARCA TOYOTA MODELO FUNCCARGO A¿O 2004
TRABANT,TRABANT,(sin modelo),P60,ICE,1,1,2023-04,2023-04,23DA000000053680,1,01 UNIDAD AUTOMOVIL USADO MARCA TRABANT MODELO P60 A¿O 1.965 COLOR AZUL CHASSIS N. 0504253 500 C.C.
MINI,MINI,(sin modelo),JOHN COOPER S CABRIO,ICE,1,1,2023-04,2023-04,23DA000000054072,1,VEHICULO CON CAPACIDAD DE TRANSPORTE DE PERSONAS EN: 01-UN VEHICULO MARCA MINI MODELO JOHN COOPER S CABRIO A¿O DE FABRICACION 2023 MODELO A¿O 2023 CON SUS ACCESORIOS NORMALES.
MINI,MINI,(sin modelo),COOPER S CABRIO,ICE,1,1,2023-04,2023-04,23DA000000054072,2,VEHICULO CON CAPACIDAD DE TRANSPORTE DE PERSONAS EN: 01-UN VEHICULO MARCA MINI MODELO COOPER S CABRIO A¿O DE FABRICACION 2023 MODELO A¿O 2023 CON SUS ACCESORIOS NORMALES.
LAND ROVER,LAND ROVER,VELAR 2,VELAR,ICE,1,1,2023-04,2023-04,23DA000000056056,3,UNA UNIDAD STATION WAGON MARCA LAND ROVER MODELO VELAR 2.0L T/C PETROL 250P/S AWD 5 DOOR AUTO A¿O MODELO 2023
LAND ROVER,LAND ROVER,RANGER ROVER EVOQUE 2,RANGER ROVER EVOQUE,OTHERS,1,1,2023-04,2023-04,23DA000000056056,1,UNA UNIDAD STATION WAGON MARCA LAND ROVER MODELO RANGER ROVER EVOQUE 2.0L T/C PETROL MILD HYBRID ELECTRIC VEHICLE AWD 5 DOOR AUTO 300PS HST A¿O MODELO 2023
PORSCHE,PORSCHE,(sin modelo),CARRERA 911 S COUPE,ICE,1,1,2023-04,2023-04,23DA000000057878,9,"LOS DEMAS EN (1) UNIDAD PORSCHE CARRERA 911 S COUPE AUTO WP0AB2A97FS124173, A¿O 2015 USADO"
MERCEDES-BENZ,MERCEDES-BENZ,(sin modelo),450SL,ICE,1,1,2023-04,2023-04,23DA000000058044,1,1) UNA UNIDAD DE AUTOMOVIL USADO MARCA MERCEDES BENZ MODELO 450SL A¿O 1980 (A RESTAURAR)
MERCEDES-BENZ,MERCEDES-BENZ,(sin modelo),GLB 200 D 4,ICE,1,1,2023-04,2023-04,23DA000000060630,2,"01 UNIDAD CAMIONETA, MARCA MERCEDES BENZ, TIPO GLB 200 D 4 MATIC; A¿O DE FABRICACION 2023, MODELO A¿O 2023, CON SUS ACCESORIOS CORRESPONDIENTES.-"
INFINITI,INFINITI,(sin modelo),FX35,ICE,1,1,2023-04,2023-04,23DA000000061606,8,UN VEHICULO USADO TIPO STATION WAGON MARCA INFINITI MODELO FX35 A¿O 2010 MOVIDO A GASOLINA
MITSUBISHI,MITSUBISHI,(sin modelo),CANTER GUTS FUSO,ICE,1,1,2023-04,2023-04,23DA000000034944,2,01 UNA UNIDAD DE CAMION USADO MARCA MITSUBISHI MODELO CANTER GUTS FUSO A¿O 2004
MITSUBISHI FUSO,MITSUBISHI FUSO,2023,(sin modelo),ICE,1,1,2023-04,2023-04,23DA000000043283,1,"1 UNID CAMION, MARCA: MITSUBISHI FUSO, A¿O DE FABRICACION: 2022, A¿O MODELO: 2023 CON SUS ACCESORIOS NORMALES Y CORRESPONDIENTES"
SCANIA,SCANIA,(sin modelo),124/360,ICE,1,1,2023-04,2023-04,23DA000000043676,1,1 UNA UNIDAD CAMION USADO MARCA SCANIA MODELO 124/360 8X4 A¿O 1999 COLOR BLANCO.-
MERCEDES-BENZ,MERCEDES-BENZ,(sin modelo),ACTROS,ICE,1,1,2023-04,2023-04,23DA000000045556,1,UNA UNIDAD DE VEHICULO USADO MARCA MERCEDES BENZ MODELO ACTROS A¿O 2004 COLOR PLATA
CHEVROLET,CHEVROLET,2023,TRAILBLAZER PREMIER,ICE,1,1,2023-04,2023-04,23DA000000047416,6,"CHEVROLET, TRAILBLAZER PREMIER 4X4, 7 PASAJEROS, 5 PORTAS ,MOTOR 2.8L DIESEL, AT POTENCIA 200@ 3400 , A¿O MODELO 2023, MODELO DE VENTAS 156YKP, A¿O FABRICACION 2023"
MERCEDES-BENZ,MERCEDES-BENZ,(sin modelo),813,ICE,1,1,2023-04,2023-04,23DA000000053130,1,"LOS DEMAS EN 1) UNA UNIDAD DE CAMION USADO MARCA MERCEDES BENZ, TIPO 813, A¿O 1974 COLOR VERDE.-"
MITSUBISHI,MITSUBISHI,CANTER 2,CANTER,ICE,1,1,2023-04,2023-04,23DA000000053767,1,"1) UNIDAD DE CHASIS CON MOTOR Y CABINA MARCA MITSUBISHI FUSO,MODELO: CANTER 2.5 T CON CHASIS N: FE71CBA65959 Y MOTOR N: 4D33R77315, A¿O:2023.-"
TOYOTA,TOYOTA,(sin modelo),RSIENTA,ICE,1,1,2023-05,2023-05,23DA000000191782,4,UN VEHICULO USADO TIPO STATION WAGON MARCA TOYOTA MODELO RSIENTA A¿O 2012 MOVIDO A GASOLINA
HONDA,HONDA,(sin modelo),SIMING M-NV,BEV,1,1,2023-05,2023-05,23DA000000192795,1,UN STATION WAGON ELECTRICO NUEVO MARCA HONDA MODELO SIMING M-NV A¿O 2.022.-
MERCEDES-BENZ,MERCEDES-BENZ,(sin modelo),GLK-CLASS,ICE,1,1,2023-05,2023-05,23DA000000193818,3,1 UNA UNIDAD STATION WAGON USADO CHOCADO MARCA MERCEDES BENZ MODELO GLK-CLASS A¿O 2013 COLOR BLANCO
MERCEDES-BENZ,MERCEDES-BENZ,(sin modelo),GLA,ICE,1,1,2023-05,2023-05,23DA000000193818,2,1 UNA UNIDAD STATION WAGON USADO CHOCADO MARCA MERCEDES BENZ MODELO GLA A¿O 2017 COLOR NEGRO.-
TOYOTA,TOYOTA,(sin modelo),NOHA,ICE,1,1,2023-05,2023-05,23DA000000194977,5,UN STATION WAGON USADO MARCA TOYOTA MODELO NOHA A¿O 2010
BESTUNE,BESTUNE,(sin modelo),T55,ICE,1,1,2023-05,2023-05,23DA000000195623,3,STATION WAGON BESTUNE T55 DCT EXCLUSIVE
DAIHATSU,DAIHATSU,(sin modelo),COPEN,ICE,1,1,2023-05,2023-05,23DA000000197256,1,1 UNIDAD AUTOMOVIL USADO MARCA DAIHATSU MODELO COPEN A¿O 2010
CHEVROLET,CHEVROLET,(sin modelo),SUBURBAN K,ICE,1,1,2023-05,2023-05,23DA000000197316,2,UNA CAMIONETA USADA MARCA: CHEVROLET MODELO: SUBURBAN K A¿O: 2018 COLOR: PLATEADO
FORD,FORD,(sin modelo),EXCURSION,ICE,1,1,2023-05,2023-05,23DA000000197316,1,UNA CAMIONETA USADA MARCA: FORD MODELO: EXCURSION A¿O: 2005 COLOR: NEGRO
MAZDA,MAZDA,(sin modelo),MX-5,ICE,1,1,2023-05,2023-05,23DA000000201379,1,1) UNA UNIDAD DE AUTOMOVIL USADO MARCA MAZDA MODELO MX-5 A¿O 2010
HYUNDAI,HYUNDAI,(sin modelo),MDELO SANTA FE,ICE,1,1,2023-05,2023-05,23DA000000201684,2,1 UNA UNIDAD DE STATION WAGON USADO MARCA HYUNDAI MDELO SANTA FE A¿O 2019 COLOR BLANCO
TOYOTA,TOYOTA,(sin modelo),LITEACE NOAN,ICE,1,1,2023-05,2023-05,23DA000000209659,1,UN STATION WAGON USADO MARCA TOYOTA MODELO LITEACE NOAN A¿O 1.998.-
MERCEDES-BENZ,MERCEDES-BENZ,(sin modelo),ML 270 CDI,ICE,1,1,2023-05,2023-05,23DA000000210240,2,UNA UNIDAD STATION WAGON MARCA MERCEDES BENZ MODELO ML 270 CDI A¿O 2004
RENAULT,RENAULT,(sin modelo),CLIO,BEV,1,1,2023-05,2023-05,23DA000000211159,3,1) UNA UNIDAD DE AUTOMOVIL USADO MARCA RENAULT MODELO CLIO A¿O 2020
DACIA,DACIA,(sin modelo),SANDERO,BEV,1,1,2023-05,2023-05,23DA000000211159,4,1) UNA UNIDAD DE AUTOMOVIL USADO MARCA DACIA MODELO SANDERO A¿O 2006
HYUNDAI,HYUNDAI,(sin modelo),UCSON,ICE,1,1,2023-05,2023-05,23DA000000211284,7,01) UN STATION WAGON USADO MARCA. HYUNDAI MODELO: UCSON A¿O: 2016 MOVIDO A DIESEL.-
BMW,BMW,(sin modelo),X6 XDRIVE30D,ICE,1,1,2023-05,2023-05,23DA000000211480,2,"1 UNIDAD DE STATION WAGON MARCA: BMW, MODELO; X6 XDRIVE30D"
JEEP,JEEP,2017,GRAND CHEROKEE LAREDO,ICE,1,1,2023-05,2023-05,23DA000000211952,1,"LOS DEM¿S, EN: 1)UNIDAD DE VEHICULO MARCA JEEP MODELO GRAND CHEROKEE LAREDO A¿O DE FABRICACION 2017 A¿O MODELO 2017 COLOR MARRON, CHASIS NRO. 1C4RJFAG6HC829782"
AUDI,AUDI,TT 1,TT,ICE,1,1,2023-05,2023-05,23DA000000214430,1,1 UNA UNIDAD AUTOMOVIL USADO MARCA AUDI MODELO TT 1.8 L L4 DOHC 20V AWD A¿O 2005 COLOR ROJO.-
BYD,BYD,(sin modelo),TANG,BEV,1,1,2023-05,2023-05,23DA000000217763,1,"01 VEHICULO NUEVO TIPO STATION WAGON MARCA BYD MODELO TANG A¿O 2023, ELECTRICO"
MAZDA,MAZDA,(sin modelo),MX-5 MAITA,ICE,1,1,2023-05,2023-05,23DA000000218366,1,1) UNA UNIDAD DE AUTOMOVIL USADO MARCA MAZDA MODELO MX-5 MAITA A¿O 2008
KIA,KIA,(sin modelo),SPORTAGE,ICE,1,1,2023-05,2023-05,23DA000000218583,6,UN STATION WAGON USADO MARCA KIA MODELO SPORTAGEA¿O 2.012.-
ALFA ROMEO,ALFA ROMEO,(sin modelo),SPIDER DUETTO,ICE,1,1,2023-05,2023-05,23DA000000219261,1,"VEHICULO PARA EL TRANSPORTE DE PERSONA,EN:UNA UNIDAD DE AUTOMOVIL ANTIGUO MARCA ALFA ROMEO MODELO SPIDER DUETTO DEL A¿O 1.967, COLOR ROJO, CON SUS ACCESORIOS."
JAGUAR,JAGUAR,F PACE 2,F PACE,ICE,1,1,2023-05,2023-05,23DA000000221071,1,UNA UNIDAD DE STATION WAGON MARCA: JAGUAR MODELO: F PACE 2.5T A¿O: 2019
BMW,BMW,(sin modelo),M850I XDRIVE CONVERTIBLE AWD2019,ICE,1,1,2023-05,2023-05,23DA000000222301,1,BMW M850I XDRIVE CONVERTIBLE AWD2019
FORD,FORD,(sin modelo),MUSTANG MACH 1,ICE,1,1,2023-05,2023-05,23DA000000222308,1,"01 UNA UNIDAD DE AUTOMOVIL USADO MARCA FORD MODELO MUSTANG MACH 1 A¿O 1969 , A RESTAURAR"
HYUNDAI,HYUNDAI,(sin modelo),I20 N RALLY2 GRAVEL,ICE,1,1,2023-05,2023-05,23DA000000224070,1,"LOS DEMAS VEHICULOS AUTOMOVILES PARA CARRERAS,EN: AUTOMOVIL DE CARRERAS MARCA HYUNDAI I20 N RALLY2 GRAVEL 35, CON MOTOR NAFTERO DE 1600 CC, COLOR GRIS, CON SUS ACCESORIOS CORRESPONDIENTES"
MERCEDES-BENZ,MERCEDES-BENZ,(sin modelo),280 SE,ICE,1,1,2023-05,2023-05,23DA000000224906,1,UNA UNIDAD AUTOMOVIL USADO ; MARCA : MERCEDES BENZ MODELO: 280 SE A¿O: 1971
JAGUAR,JAGUAR,(sin modelo),F-TYPE,ICE,1,1,2023-05,2023-05,23DA000000225079,1,"1.-UNIDAD VEHICULOS JAGUAR F-TYPE, CUPE USADO A¿O 2021"
TOYOTA,TOYOTA,(sin modelo),PREEMIO,ICE,1,1,2023-05,2023-05,23DA000000226169,5,"UNA UNIDAD DE AUTOMOVIL USADO, MARCA TOYOTA MODELO PREEMIO A¿O 2002.-"
BMW,BMW,(sin modelo),335 D,ICE,1,1,2023-05,2023-05,23DA000000226227,1,1 UNA UNIDAD AUTOMOVIL USADO MARCA BMW MODELO 335 D A¿O 2011 COLOR BLANCO
TOYOTA,TOYOTA,(sin modelo),DELTA,ICE,1,1,2023-05,2023-05,23DA000000194268,1,01 UNA UNIDAD DE CAMION CON PLATAFORMA HIADRAULICA CON ¿CAPACIDAD PARA 2 VEHICULOS MARCA TOYOTA MODELO DELTA A¿O 1996 CILINDRADA 4104 CC
MAN,MAN,(sin modelo),26-320,ICE,1,1,2023-05,2023-05,23DA000000198251,1,"LOS DEMAS EN 1 UNIDAD DE CAMION USADO, MARCA MAN, TIPO 26-320, A¿O 1990, COLOR BLANCO.-"
SCANIA,SCANIA,(sin modelo),114G 380,ICE,1,1,2023-05,2023-05,23DA000000202880,1,"LOS DEMAS; EN. 1 UNIDAD SCANIA, USADO; MODELO: 114G 380; COLOR: AZUL / BLANCO; A¿O: 2003 ; CHASIS NRO: YS2P6X20001287026"
MERCEDES-BENZ,MERCEDES-BENZ,2024,AXOR 3131/48,ICE,1,1,2023-05,2023-05,23DA000000203318,1,"1 UNID CAMION, MARCA: MERCEDES BENZ, TIPO: AXOR 3131/48, A¿O DE FABRICACION: 2023, A¿O MODELO: 2024, CON SUS ACCESORIOS NORMALES Y CORRESPONDIENTES.-"
SCANIA,SCANIA,(sin modelo),94G-220,ICE,1,1,2023-05,2023-05,23DA000000210240,1,UNA UNIDAD CAMION USADO MARCA SCANIA MODELO 94G-220 A¿O 2000
MERCEDES-BENZ,MERCEDES-BENZ,(sin modelo),VITO 111 CDI,ICE,1,1,2023-05,2023-05,23DA000000210751,1,1 UNA UNIDAD FURGONETA USADO MARCA MERCEDES BENZ MODELO VITO 111 CDI A¿O 2010 COLOR BLANCO.-
SCANIA,SCANIA,(sin modelo),93-250,ICE,1,1,2023-05,2023-05,23DA000000218499,2,UNA UNIDAD CAMION CON GRUA USADO MARCA SCANIA MODELO 93-250 A¿O 1989
VOLVO,VOLVO,(sin modelo),FM7,ICE,1,1,2023-05,2023-05,23DA000000219365,1,01) UN CAMION CON CHASIS MOTOR Y CABINA USADO MARCA: VOLVO MODELO: FM7 A¿O: 2000 MOVIDO A DIESEL.-
CHEVROLET,CHEVROLET,(sin modelo),"MONTANA LTZ,5N43BP",ICE,1,1,2023-05,2023-05,23DA000000222677,2,"1 UNID. CAMIONETA DE CARGA CABINA DOBLE, MARCA CHEVROLET, MOD. MONTANA LTZ,5N43BP, MOTOR FLEX E100, 3 CIL., 1.2L TURBO, A¿O DE FABRICACION 2023, MOD. A¿O 2023, C/ACCESORIOS NORMALES Y OPCIONALES.-"
CHEVROLET,CHEVROLET,(sin modelo),SILVERADO Z71 RST,ICE,1,1,2023-05,2023-05,23DA000000223851,1,( 1 ) UNA UNIDAD CAMIONETA MARCA CHEVROLET MODELO SILVERADO Z71 RST A¿O 2022 ( USADO ) COLOR AZUL MOVIDO A DIESEL
MERCEDES-BENZ,MERCEDES-BENZ,(sin modelo),C220 CDI BLUETEC,ICE,1,1,2023-06,2023-06,23DA000000227135,1,UN AUTOMOVIL USADO MARCA MERCEDES BENZ MODELO C220 CDI BLUETEC A¿O 2015
TOYOTA,TOYOTA,(sin modelo),GRAND/HIACE,ICE,1,1,2023-06,2023-06,23DA000000228914,3,01 VEHICULO USADO TIPO STATION WAGON DE LA MARCA TOYOTA MODELO GRAND/HIACE A¿O 2001 MOVIDO A DIESEL
MINI,MINI,(sin modelo),COOPER ALL4 COUNTRYMAN,PHEV,1,1,2023-06,2023-06,23DA000000231785,3,LOS DEMAS VEHICULOS PROPULSADOS CON MOTOR EMBOLO PISTON Y MOTOR ELECTRICO CON CAPACIDAD DE CARGA MEDIANTE CONEXION EXTERNA: 1 VEHICULO MARCA MINI MOD. COOPER ALL4 COUNTRYMAN A¿O 2024.
TOYOTA,TOYOTA,(sin modelo),REGIUS WIND TOURER,ICE,1,1,2023-06,2023-06,23DA000000232888,1,01 UNA UNIDAD DE STATION WAGON USADO MARCA TOYOTA MODELO REGIUS WIND TOURER A¿O 1999
SUBARU,SUBARU,CROSSTRECK 2,CROSSTRECK,ICE,1,1,2023-06,2023-06,23DA000000234217,2,"(1) UNA UNIDAD, AUTOMOVIL MARCA SUBARU, MODELO CROSSTRECK 2.0I-S ES CVT GU7ALPL E3 JI, A¿O DE FABRICACION 2023, MODELO DEL A¿O 2024, CON SUS ACCESORIOS CORRESPONDIENTES.-"
MERCEDES-BENZ,MERCEDES-BENZ,(sin modelo),GLE 450,ICE,1,1,2023-06,2023-06,23DA000000236494,1,( 1 ) UNA UNIDAD STATION WAGON MARCA MERCEDES BENZ MODELO GLE 450 A¿O 2016 ( USADO ) COLOR ROJO MOVIDO A NAFTA
LEXUS,LEXUS,(sin modelo),LS500H,HEV,1,1,2023-06,2023-06,23DA000000236930,36,"AUTOMOVIL DE LA MARCA LEXUS LS500H HIBRIDO (ELECTRICO/NAFTA) 4X4 DE 3.456 C.C. GVF50L-AEVGH, A¿O DE FABRICACION 2023 MODELO A¿O 2024 CON SUS ACCESORIOS CORRESPONDIENTES"
NISSAN,NISSAN,(sin modelo),YUKE,ICE,1,1,2023-06,2023-06,23DA000000237342,4,UN STATION WAGON USADO MARCA NISSAN MODELO YUKE A¿O 2.011.-
VOLKSWAGEN,VOLKSWAGEN,(sin modelo),PASSAT SE WHITE,ICE,1,1,2023-06,2023-06,23DA000000237383,1,1 UNA UNIDAD AUTOMOVIL CHOCADO USADO MARCA VOLKSWAGEN MODELO PASSAT SE WHITE A¿O 2015 COLOR BLANCO.-
CHEVROLET,CHEVROLET,(sin modelo),BEL AIR,ICE,1,1,2023-06,2023-06,23DA000000238305,1,"1 AUTOMOVIL MARCA: CHEVROLET MODELO; BEL AIR ANO DE FABRICACION: 1950, COLOR: GRIS/AZUL CASSIS NRO: HAA1269392 TIPO DE COMBUSTIBLE: NAFTA.-"
MASERATI,MASERATI,(sin modelo),QUATTROPORTE,ICE,1,1,2023-06,2023-06,23DA000000240502,11,01) UNA UNIDAD VEHICULO USADO MASERATI QUATTROPORTE A¿O 2006
VOLKSWAGEN,VOLKSWAGEN,(sin modelo),GTI,ICE,1,1,2023-06,2023-06,23DA000000243421,2,1 UNIDAD AUTOMOVIL USADO MARCA VOLKSWAGEN MODELO GTI A¿O 2022 COLOR BLANCO
BMW,BMW,(sin modelo),X4 XDRIVE28I,ICE,1,1,2023-06,2023-06,23DA000000244301,1,( 1 ) UNA UNIDAD STATION WAGON MARCA BMW MODELO X4 XDRIVE28I A¿O 2015 COLOR NEGRO MOVIDO A NAFTA ( USADO )
MERCEDES-BENZ,MERCEDES-BENZ,(sin modelo),GL 350 BLUE TEC,ICE,1,1,2023-06,2023-06,23DA000000245595,3,"CON CAPACIDAD PARA EL TRANSPORTE DE PERSONAS SENTADAS INFERIOR O IGUAL A 6, INCLUIDO EL CONDUCTOR EN: 01) UNIDAD DE 2015 WHITE SUV MERCEDES BENZ GL 350 BLUE TEC DIESEL 4JGDF2EE8FA582010"
FORD,FORD,(sin modelo),F53,ICE,1,1,2023-06,2023-06,23DA000000246023,1,1) UNA UNIDAD DE CASA RODANTE USADO MARCA FORD MODELO F53 A¿O 2014 CON SUS ACCESORIOS CORRESPONDIENTES
TOYOTA,TOYOTA,(sin modelo),ILL,ICE,1,1,2023-06,2023-06,23DA000000249038,9,01- UNA UNIDAD DE AUTOMOVIL USADO MARCA TOYOTA MODELO ILL A¿O 2010
MERCEDES-BENZ,MERCEDES-BENZ,(sin modelo),GLE 53 AMG,ICE,1,1,2023-06,2023-06,23DA000000249436,1,( 1 ) UNA UNIDAD STATION WAGON MARCA MERCEDES BENZ MODELO GLE 53 AMG A¿O 2021 COLOR BLANCO MOVIDO A NAFTA ( USADO )
FERRARI,FERRARI,(sin modelo),599 GTB FIORANO,ICE,1,1,2023-06,2023-06,23DA000000250264,1,1.-UNIDAD FERRARI 599 GTB FIORANO USADO A¿O 2007
YAMAHA,YAMAHA,(sin modelo),GRIZZLY 660,ICE,1,1,2023-06,2023-06,23DA000000251023,3,UNA UNIDAD DE CUACICLON USADO MARCA YAMAHA MODELO GRIZZLY 660 A¿O 2000 COLOR ROJO
CHEVROLET,CHEVROLET,(sin modelo),SUBURBAN HIGH COUNTRY,ICE,1,1,2023-06,2023-06,23DA000000255395,1,UNA UNIDAD STATION WAGON USADO MARCA: CHEVROLET MODELO: SUBURBAN HIGH COUNTRY A¿O: 2023
TOYOTA,TOYOTA,(sin modelo),MDELO ALLION,ICE,1,1,2023-06,2023-06,23DA000000256017,1,"1) UNA UNIDAD AUTOMOVIL USADO DE LA MARCA TOYOTA, MDELO ALLION, A¿O 2008.-"
MERCEDES-BENZ,MERCEDES-BENZ,(sin modelo),SPRINTER),ICE,1,1,2023-06,2023-06,23DA000000257931,1,"UN VHICULO USADO MARCA MERCEDES BENZ, MODELO 311CDI(SPRINTER) A¿O FAB. 2007, MOD A¿O:2007, COLOR BLANCO(CASA-RODANTE).-CHASIS:WDB9061351N361550.-"
FORD,FORD,(sin modelo),MUSTANG FASTBACK M1,ICE,1,1,2023-06,2023-06,23DA000000258267,2,"01 AUTOMOVIL FORD MUSTANG FASTBACK M1, A¿O: 1969, COLOR: BLANCO, SERIE NRO. 202165"
DODGE,DODGE,(sin modelo),CORONET R/T,ICE,1,1,2023-06,2023-06,23DA000000258550,3,"01 AUTOMOVIL DODGE CORONET R/T, A¿O: 1968, COLOR: ROJO, SERIE NRO. 182226"
JAGUAR,JAGUAR,(sin modelo),XJS COUPE,ICE,1,1,2023-06,2023-06,23DA000000258550,1,"01 AUTOMOVIL JAGUAR XJS COUPE, A¿O: 1989, COLOR: BEIGE, SERIE NRO. 155620"
BUICK,BUICK,(sin modelo),SPECIAL,ICE,1,1,2023-06,2023-06,23DA000000258570,2,"01 UNA UNIDAD DE AUTOMOVIL USADO MARCA BUICK MODELO SPECIAL A¿O 1958 , A RESTAURAR"
JAGUAR,JAGUAR,(sin modelo),XJS V12,ICE,1,1,2023-06,2023-06,23DA000000258570,1,"01 UNA UNIDAD DE AUTOMOVIL COVERTIBLE USADO MARCA JAGUAR MODELO XJS V12 A¿O 1992 , A RESTAURAR"
PONTIAC,PONTIAC,(sin modelo),TRANS AM,ICE,1,1,2023-06,2023-06,23DA000000258570,3,"01 UNA UNIDAD DE AUTOMOVIL USADO MARCA PONTIAC MODELO TRANS AM A¿O 1979 , A RESTAURAR"
DODGE,DODGE,(sin modelo),CORONET 440,ICE,1,1,2023-06,2023-06,23DA000000260100,3,"01 AUTOMOVIL DODGE CORONET 440, A¿O 1969, COLOR BEIGE, SERIE NRO. 187530"
JEEP,JEEP,(sin modelo),GRANBD CHEROKEE,ICE,1,1,2023-06,2023-06,23DA000000260237,1,UN STATION WAGON USADO MARCA JEEP MODELO GRANBD CHEROKEE A¿O 2014
VOLKSWAGEN,VOLKSWAGEN,(sin modelo),CABRIOLET,ICE,1,1,2023-06,2023-06,23DA000000260237,3,UN AUTOMOVIL USADO MARCA VOLKSWAGEN MODELO CABRIOLET A¿O 1992
SAMSUNG,RENAULT SAMSUNG,DUSTER INTENS AT6 DIESEL,DUSTER INTENS AT6 DIESEL,ICE,1,1,2023-06,2023-06,23DA000000260571,4,1)UNA UNIDAD STATION WAGON OKM;MARCA RENAULT;MODELO DUSTER INTENS AT6 DIESEL
IVECO,IVECO,(sin modelo),MODEL,ICE,1,1,2023-06,2023-06,23DA000000260607,1,"UTILITARIO AMBULANCIA IVECO, MODEL: DAILY-AMBULANCIA, YEAR: 2013, CHASSI/SERIAL: LNJSBAA3XDV701551, ENGINE NUMBER: SOFIM8140435/13G1482, ENGINE POWER: 92 KW, FUEL TYPE: DIESEL, COLOR: BRANCO, WORKING"
HYUNDAI,HYUNDAI,(sin modelo),NMODELO,ICE,1,1,2023-06,2023-06,23DA000000261035,1,01) UN STATION WAGON USADO MARCA: HYUNDAI NMODELO: TUCSON A¿O: 2011 MOVIDO A DIESEL.-
PORSCHE,PORSCHE,(sin modelo),914,ICE,1,1,2023-06,2023-06,23DA000000267318,2,"01 AUTOMOVIL PORSCHE 914, COLOR VERDE, A¿O 1971"
PONTIAC,PONTIAC,(sin modelo),GTO 2 DOOR HARDTOP,ICE,1,1,2023-06,2023-06,23DA000000267318,3,"01 AUTOMOVIL PONTIAC GTO 2 DOOR HARDTOP, COLOR NEGRO, A¿O 1971"
KIA,KIA,2003,K2700,ICE,1,1,2023-06,2023-06,23DA000000237977,1,"VEH¿CULOS AUTOM¿VILES PARA EL TRANSPORTE DE MERCANC¿AS. EN: 1 UN VEHICULO MARCA KIA, MODELO K2700 A¿O MODELO 2003 COLOR BLANCO, D/C 2.7 D M/T 4X4 A.A. , CON SUS ACCESORIOS CORRESPONDIENTES"
RENAULT,RENAULT,NUEVA OROCH OUTSIDER 1,NUEVA OROCH OUTSIDER,ICE,1,1,2023-06,2023-06,23DA000000241469,1,1)UNA UNIDAD PICK UP OKM;MARCA RENAULT;MODELO NUEVA OROCH OUTSIDER 1.3 CVT
MERCEDES-BENZ,MERCEDES-BENZ,2024,ATEGO 3030/48,ICE,1,1,2023-06,2023-06,23DA000000246416,1,"01 UNID CAMION, MARCA: MERCEDES BENZ, TIPO: ATEGO 3030/48 8X2, A¿O DE FABRICACION: 2023, A¿O MODELO: 2024, CON SUS ACCESORIOS NORMALES Y CORRESPONDIENTES.-"
SCANIA,SCANIA,(sin modelo),94-360,ICE,1,1,2023-06,2023-06,23DA000000253854,1,UNA UNIDAD CAMION USADO MARCA SCANIA MODELO 94-360 A¿O 2002
SCANIA,SCANIA,(sin modelo),124G/470,ICE,1,1,2023-06,2023-06,23DA000000266760,1,"LOS DEM¿S VEHICULOS PARA EL TRANSPORTE DE MERCANCIAS, DE PESO TOTAL CON CARGA M¿XIMA SUPERIOR A 20 T., EN: CAMI¿N SCANIA 124G/470 - INCORPORADO SISTEMA HIDRAULICO DE GRUA."
TOYOTA,TOYOTA,(sin modelo),RATCIS,ICE,1,1,2023-07,2023-07,23DA000000280995,1,01) UN STATION WAGON USADO MARCA: TOYOTA MODELO: RATCIS A¿O: 2008 MOVIDO A GASOLINA
QUANTUM,QUANTUM,(sin modelo),E4,BEV,1,1,2023-07,2023-07,23DA000000286709,1,01) UNA UNIDAD DE AUTOMOVIL ELECTRICO MARCA QUANTUM MODELO E4 A¿O COLOR ROJO METALICO CHASIS NRO 829UM4E64NC002400.-
CAN-AM,CAN-AM,(sin modelo),MAVERICK X3-2022,ICE,1,1,2023-07,2023-07,23DA000000283219,1,"QUE UTILICEN INDISTINTAMENTE LOS SIGUIENTES COMBUSTIBLES,GASOLINA(NAFTA)O ALCOHOL,Y SUS MEZCLAS EN CUALQUIER PROPORCI¿N,D LOS TIPOS DENOMINADOS""FLEX FUEL"",EN CAN-AM MAVERICK X3-2022,C/ ACCESORIOS"
BMW,BMW,2023,I7,BEV,1,1,2023-07,2023-07,23DA000000281561,1,"LOS DEM¿S VEH¿CULOS, PROPULSADOS ¿NICAMENTE CON MOTOR ELECTRICO: EN 1- VEHICULO MARCA BMW MODELO I7 A¿O MODELO 2023 CON SUS ACCESORIOS CORRESPONDIENTES."
MERCEDES-BENZ,MERCEDES-BENZ,(sin modelo),GLE 400D 4MATIC,ICE,1,1,2023-07,2023-07,23DA000000279461,8,01 VEHICULO USADO TIPO STATION WAGON MARCA MERCEDES BENZ MODELO GLE 400D 4MATIC A¿O 2021 MOVIDO A DIESEL
MERCEDES-BENZ,MERCEDES-BENZ,(sin modelo),GLC250,ICE,1,1,2023-07,2023-07,23DA000000308821,1,01 UNA UNIDAD VEHICULO AUTOMOVIL USADO MARCA MERCEDES BENZ MODELO GLC250 A¿O 2018
TOYOTA,TOYOTA,(sin modelo),NVITZ,ICE,1,1,2023-07,2023-07,23DA000000309351,7,UN VEHICULO USADO TIPO AUTOMOVIL MARCA TOYOTA MODELO NVITZ A¿O 2010 MOVIDO A GASOLINA
TOYOTA,TOYOTA,(sin modelo),MDOELOVITZ,ICE,1,1,2023-07,2023-07,23DA000000309351,1,UN VEHICULO USADO TIPO AUTOMOVIL MARCA TOYOTA MDOELOVITZ A¿O 2010 MOVIDO A GASOLINA
MERCEDES-BENZ,MERCEDES-BENZ,2023,AMG 53 4MATIC,ICE,1,1,2023-07,2023-07,23DA000000313821,3,"1 UNID CAMIONETA, MARCA: MERCEDES BENZ, TIPO: AMG 53 4MATIC, A¿O MODELO: 2023 CON SUS ACCESORIOS NORMALES Y CORRESPONDIENTES.-"
MERCEDES-BENZ,MERCEDES-BENZ,2023,AMG 53 4MATIC COUPE,ICE,1,1,2023-07,2023-07,23DA000000313821,1,"1 UNID CAMIONETA, MARCA: MERCEDES BENZ, TIPO: AMG 53 4MATIC COUPE, A¿O MODELO: 2023 CON SUS ACCESORIOS NORMALES Y CORRESPONDIENTES.-"
YAMAHA,YAMAHA,(sin modelo),G29,ICE,1,1,2023-07,2023-07,23DA000000302643,1,1) - UNA UNIDAD DE CARRO DE GOLF USADO MARCA YAMAHA MODELO G29 A¿O 2005 COLOR BLANCO
CITROEN,CITROEN,(sin modelo),SPACE TOURER XS B,ICE,1,1,2023-07,2023-07,23DA000000311287,1,1 UNA UNIDAD FURGONETA USADO MARCA CITROEN MODELO SPACE TOURER XS B A¿O 2018 COLOR NEGRO.-
MERCEDES-BENZ,MERCEDES-BENZ,(sin modelo),GLE COUPE,ICE,1,1,2023-07,2023-07,23DA000000319745,2,UNA CAMIONETA USADA MARCA: MERCEDES BENZ MODELO: GLE COUPE A¿O: 2016 COLOR: PLATEADO
AUDI,AUDI,TT COUPE 1,TT COUPE,ICE,1,1,2023-07,2023-07,23DA000000336279,1,1 UNA UNIDAD AUTOMOVIL USADO MARCA AUDI MODELO TT COUPE 1.8 A¿O 1998 COLOR GRIS.-
YAMAHA,YAMAHA,(sin modelo),GRIZZLY,ICE,1,1,2023-07,2023-07,23DA000000347657,3,UN CUACICLON USADO MARCA YAMAHA MODELO GRIZZLY A¿O 2005 COLOR AZUL
TOYOTA,TOYOTA,(sin modelo),RACTS,ICE,1,1,2023-07,2023-07,23DA000000336893,4,UNA UNIDAD DE STATION WAGON MARCA TOYOTA MODELO RACTS A¿O 2010
HYUNDAI,HYUNDAI,(sin modelo),G STAREX,ICE,1,1,2023-07,2023-07,23DA000000344687,2,01) UN STATION WAGON USADO MARCA: HYUNDAI MODELO: G STAREX A¿O: 2011 MOVIDO A DIESEL.-
CHEVROLET,CHEVROLET,(sin modelo),S10 LS 148 DKR,ICE,1,1,2023-07,2023-07,23DA000000291823,1,"1 UNID. CAMIONETA DE CARGA CABINA DOBLE, MARCA CHEVROLET, MOD. S10 LS 148 DKR 4X4, MOTOR DIESEL; 2.8L, 4 CIL., A¿O DE FAB. 2023, MOD. A¿O 2024, C/ACC. NORMALES Y OPCIONALES.-"
MERCEDES-BENZ,MERCEDES-BENZ,(sin modelo),312 D,ICE,1,1,2023-07,2023-07,23DA000000299137,5,UNA UNIDAD DE VEHICULO USADO MARCA MERCEDES BENZ MODELO 312 D A¿O 1995 COLOR NARANJA CON PLUMA (AUTOCARGABLE)
MAN,MAN,(sin modelo),530FN,ICE,1,1,2023-07,2023-07,23DA000000312981,1,01 UNIDAD DE CAMION USADO MARCA: MAN MODELO: 530FN A¿O: 2003 CHASIS: WMAH20ZZZ4W051782
ISUZU,ISUZU,(sin modelo),TFS85,ICE,1,1,2023-07,2023-07,23DA000000348669,3,UN VEHICULO USADO MARCA ISUZU MODELO TFS85 A¿O 2009 COLOR BLANCO
HYUNDAI,HYUNDAI,(sin modelo),MIGHTY 2,ICE,1,1,2023-07,2023-07,23DA000000346261,1,UNA UNIDAD CAMION VOLQUETE USADO ; MARCA : HYUNDAI MODELO: MIGHTY 2 A¿O: 2003
FORD,FORD,(sin modelo),F 150,ICE,1,1,2023-07,2023-07,23DA000000344223,1,01) UNA UNIDAD CAMIONETA USADA FORD F 150 A¿O:2012
BMW,BMW,(sin modelo),335I CONVERTIBLE,ICE,1,1,2023-08,2023-08,23DA000000523429,7,"UNA UNIDAD DE AUTOMOVIL USADO, MARCA BMW MODELO 335I CONVERTIBLE A¿O 2007.-"
MERCEDES-BENZ,MERCEDES-BENZ,(sin modelo),C-180,ICE,1,1,2023-08,2023-08,23DA000000566629,3,1 UNA UNIDAD DE AUTOMOVIL USADO MARCA MERCEDES BENZ MODELO C-180 A¿O 2002 COLOR NEGRO
MERCEDES-BENZ,MERCEDES-BENZ,(sin modelo),C 220 CDI 4MATIC,ICE,1,1,2023-08,2023-08,23DA000000566691,4,01 VEHICULO USADO TIPO AUTOMOVIL DE LA MARCA MERCEDES BENZ MODELO C 220 CDI 4MATIC A¿O 2014 MOVIDO A DIESEL
MERCEDES-BENZ,MERCEDES-BENZ,(sin modelo),E250 CGI,ICE,1,1,2023-08,2023-08,23DA000000560047,4,1- UNA UNIDAD DE STATION WAGON USADO DE LA MARCA MERCEDES BENZ MODELO E250 CGI A¿O 2010
MERCEDES-BENZ,MERCEDES-BENZ,2023,GLB200,ICE,1,1,2023-08,2023-08,23DA000000560728,3,"1 UNID CAMIONETA, MARCA: MERCEDES BENZ, TIPO: GLB200, A¿O MODELO: 2023, CON SUS ACCESORIOS NORMALES Y CORRESPONDIENTES.-"
MERCEDES-BENZ,MERCEDES-BENZ,(sin modelo),E240,ICE,1,1,2023-08,2023-08,23DA000000571811,1,UNA UNIDAD AUTOMOVIL USADO MARCA MERCEDES BENZ MODELO E240 A¿O 1997
BMW,BMW,(sin modelo),I20I CONVERTIBLE,ICE,1,1,2023-08,2023-08,23DA000000571438,8,"UNA UNIDAD DE AUTOMOVIL USADO, MARCA BMW MODELO I20I CONVERTIBLE A¿O 2008.-"
HYUNDAI,HYUNDAI,(sin modelo),MODDELO SANTA FE,ICE,1,1,2023-08,2023-08,23DA000000649270,1,UN VEHICULO USADO MARCA HYUNDAI MODDELO SANTA FE A¿O 2013 MOVIDO A DIESEL
TOYOTA,TOYOTA,(sin modelo),REGUIS,ICE,1,1,2023-08,2023-08,23DA000000650201,2,01) UNA UNIDAD DE STATION WAGON USADO MARCA TOYOTA MODELO REGUIS A¿O 1999
MCLAREN,MCLAREN,(sin modelo),GT LUXE,ICE,1,1,2023-08,2023-08,23DA000000659237,2,"01 UNIDAD DE AUTOMOVIL MCLAREN GT LUXE, 2021, USED.-"
MERCEDES-BENZ,MERCEDES-BENZ,(sin modelo),ML320,ICE,1,1,2023-08,2023-08,23DA000000660026,1,"LOS DEMAS EN 1) UNA UNIDAD DE VEHICULO USADO MARCA MERCEDES BENZ, TIPO ML320, A¿O 2007, COLOR VERDE.-"
AUDI,AUDI,A8 4,A8,ICE,1,1,2023-08,2023-08,23DA000000669202,1,UN AUTOMOVIL USADO MARCA AUDI MODELO A8 4.2 QUATTRO A¿O 2012 CON MOTOR NAFTERO DE 4.200CC
MITSUBISHI FUSO,MITSUBISHI FUSO,2023,FE71CB8L,ICE,1,1,2023-08,2023-08,23DA000000544742,1,"1 UNID CAMION, MARCA: MITSUBISHI FUSO, TIPO: FE71CB8L, A¿O DE FABRICACION: 2022, A¿O MODELO: 2023, CON SUS ACCESORIOS NORMALES Y CORRESPONDIENTES.-"
SCANIA,SCANIA,(sin modelo),MAODELO P94 220,ICE,1,1,2023-08,2023-08,23DA000000548799,1,UNA UNIDAD DE CAMION USADO MARCA SCANIA MAODELO P94 220 A¿O 2000 COLOR ROJO
HYUNDAI,HYUNDAI,(sin modelo),PORTE II,ICE,1,1,2023-08,2023-08,23DA000000566168,2,01 VEHICULO USADO TIPO CAMIONETA MARCA HYUNDAI MODELO PORTE II A¿O 2008 MOVIDO A DIESEL
MERCEDES-BENZ,MERCEDES-BENZ,(sin modelo),VARIO 818,ICE,1,1,2023-08,2023-08,23DA000000556385,3,01) UN CAMION CON CHASIS Y CABINA USADO MARCA: MERCEDES BENZ MODELO: VARIO 818 A¿O: 2004 MOVIDO A DIESEL.-
GMC,GMC,(sin modelo),2500 HD DENALI,ICE,1,1,2023-08,2023-08,23DA000000560223,1,VEHICULOS PARA EL TRANSPORTE DE MERCANCIA EN 1 UNID) CAMIONETA DOBLE CABINA MARCA GMC 2500 HD DENALI 2023
MERCEDES-BENZ,MERCEDES-BENZ,(sin modelo),MDELO,ICE,1,1,2023-08,2023-08,23DA000000574567,1,UN CAMION CON MOTOR CHASIS Y CABINA USADO MARCA: MERCEDES BENZ MDELO: 1117 A¿O: 1997 COLOR: AMARILLO
NISSAN,NISSAN,(sin modelo),TLAS,ICE,1,1,2023-08,2023-08,23DA000000662891,5,UN CAMION USADO MARCA NISSAN MODELO TLAS A¿O 1.992.- (CARROCERIA BASCULANTE CON MOTOR 2.950 CC)
PEGASO,PEGASO,(sin modelo),1217,ICE,1,1,2023-08,2023-08,23DA000000669565,3,1 UNA UNIDAD CAMION USADO MARCA PEGASO MODELO 1217 A¿O 1991 COLOR AMARILLO.-
CFMOTO,CFMOTO,(sin modelo),ZFORCE 500,ICE,1,1,2023-09,2023-09,23DA000000718138,3,LOS DEMAS EN: (01) UNA UNIDAD TIPO ATV MARCA CF MOTO MODELO ZFORCE 500 A¿O 2019 COLOR NEGRO SERIE N. LCELDTZ77K6000807
MERCEDES-BENZ,MERCEDES-BENZ,(sin modelo),208D,ICE,1,1,2023-09,2023-09,23DA000000727851,1,1) UNA UNIDAD DE AMBULANCIA USADO MARCA MERCEDES BENZ MODELO 208D A¿O 1995 CON SUS ACCESORIOS CORRESPONDIENTES
LAMBORGHINI,LAMBORGHINI,(sin modelo),URUS PERFORMANTE V8,ICE,1,1,2023-09,2023-09,23DA000000723682,1,UNA UNIDAD ST. WAGON USADO MARCA: LAMBORGHINI MODELO: URUS PERFORMANTE V8 A¿O: 2023. NAFTERO.
TOYOTA,TOYOTA,(sin modelo),RS,ICE,1,1,2023-09,2023-09,23DA000000722635,6,UN VEHICULO USADO MARCA TOYOTA MODELO RS A¿O 2010
NISSAN,NISSAN,(sin modelo),FRAILADY Z,ICE,1,1,2023-09,2023-09,23DA000000727736,10,UN AUTOMOVIL USADO MARCA NISSAN MODELO FRAILADY Z A¿O 2.002.-
JEEP,JEEP,(sin modelo),GRD CHEROKEE L LIMITED,ICE,1,1,2023-09,2023-09,23DA000000746024,1,VEHICULO CON CAPACIDAD DE TRANSPORTE DE PERSONAS INFERIOR O IGUAL A 6 PERSONAS EN: 01-UN VEHICULO MARCA JEEP MODELO GRD CHEROKEE L LIMITED A¿O DE FAB. 2023 MOD. A¿O 2023 CON SUS ACC. NORMALES
BMW,BMW,(sin modelo),X3 XDRIVE30I,ICE,1,1,2023-09,2023-09,23DA000000741419,2,1 UNIDAD DE STATION WAGON MARCA: X3 XDRIVE30I
SUNYU,SUNYU,(sin modelo),SY-A1,BEV,1,1,2023-09,2023-09,23DA000000736830,1,1- UNA UNIDAD DE STATION WAGON NUEVO DE LA MARCA SUNYU MODELO SY-A1 A¿O 2023 CON SUS ACCESORIOS
BMW,BMW,(sin modelo),325 IS,ICE,1,1,2023-09,2023-09,23DA000000760074,1,UNA UNIDAD DE AUTOMOVIL MARCA BMW MODELO 325 IS A¿O 1988
FREIGHTLINER,FREIGHTLINER,(sin modelo),CROSSCOUNTRY MH 376DS SE,ICE,1,1,2023-09,2023-09,23DA000000756715,1,1) UNIDAD MOTORHOME MARCA: FREIGHTLINER MODELO: CROSSCOUNTRY MH 376DS SE A¿O:2007 COLOR: GRIS
BMW,BMW,(sin modelo),530 D,ICE,1,1,2023-09,2023-09,23DA000000749169,1,UNA UNIDAD AUTOMOVIL USADO MARCA BMW MODELO 530 D A¿O 2001
SEAT,SEAT,(sin modelo),TOLEDO,ICE,1,1,2023-09,2023-09,23DA000000750051,1,01) UN AUTOMOVIL USADO MARCA: SEAT MODELO: TOLEDO A¿O: 1999 MOVIDO A GASOLINA
CITROEN,CITROEN,(sin modelo),C6,ICE,1,1,2023-09,2023-09,23DA000000749180,1,1 UNA UNIDAD AUTOMOVIL USADO MARCA CITROEN MODELO C6 A¿O 2007 COLOR NEGRO.-
TOYOTA,TOYOTA,(sin modelo),JUKE,ICE,1,1,2023-09,2023-09,23DA000000753407,11,UN STATION WAGON USADO MARCA TOYOTA MODELO JUKE A¿O 2.012.-
SIN MARCA,SIN MARCA,(sin modelo),CITY TOURING,ICE,1,1,2023-09,2023-09,23DA000000753618,8,"QUE UTILICEN INDISTINTAMENTE LOS SIGUIENTES COMBUSTIBLES: GASOLINA (NAFTA) O ALCOHOL, DE LOS TIPOS DENOMINADOS ""FLEX FUEL"". SE TRATA DE: 1 UNIDAD VEHICULO TIPO AUTOMOVIL MOD. CITY TOURING"
MERCEDES-BENZ,MERCEDES-BENZ,(sin modelo),SMART FORTWO,ICE,1,1,2023-09,2023-09,23DA000000751424,4,"LOS DEMAS; EN: 1 UNIDAD MERCEDES BENZ USADO, MODELO: SMART FORTWO; COLOR: NEGRO; A¿O:2001; CHASIS NRO: WME01MC011H089539"
FOTON,FOTON,(sin modelo),BJ5039XXY00-ZA,ICE,1,1,2023-09,2023-09,23DA000000730109,7,"01) UNA UNIDAD VEHICULO MARCA: FOTON MODELO: BJ5039XXY00-ZA TIPO: CAMIONETA FURGON CON MOTOR DIESEL, TRANSMISION MECANICA, A¿O FABRICACI¿N: 2023, MODELO A¿O: 2023, CON SUS ACCESORIOS CORRESPONDIENTES."
SCANIA,SCANIA,(sin modelo),R144 530,ICE,1,1,2023-09,2023-09,23DA000000746769,1,01) UN CAMION CON CHASIS Y CABINA USADO MARCA: SCANIA MODELO: R144 530 A¿O. 1998 MOVIDO A DIESEL.-
MERCEDES-BENZ,MERCEDES-BENZ,2024,SPRINTER F 3665 416,ICE,1,1,2023-09,2023-09,23DA000000735062,1,"01 UNID FURGON, MARCA: MERCEDES BENZ, TIPO: SPRINTER F 3665 416 CDI, A¿O DE FABRICACION: 2023, A¿O MODELO: 2024, CON SUS ACCESORIOS NORMALES Y CORRESPONDIENTES.-"
TOYOTA,TOYOTA,(sin modelo),CANTER GUTS,ICE,1,1,2023-09,2023-09,23DA000000743275,1,1- UNA UNIDAD DE CAMION USADO DE LA MARCA MITSUIBISHI MODELO CANTER GUTS A¿O 2003 COLOR BLANCO
MERCEDES-BENZ,MERCEDES-BENZ,(sin modelo),ACTROS 3241,ICE,1,1,2023-09,2023-09,23DA000000736839,1,"DE CHASIS ARTICULADO, PARA EL TRANSPORTE DE TRONCOS (""FORWARDER"") CON GR?A INCORPORADA, DE POTENCIA M?XIMA SUPERIOR O IGUAL A 126 KW (170 HP) EN:CAMION 8X4 CON GRUA TRUCK MERCEDES ACTROS 3241"
MERCEDES-BENZ,MERCEDES-BENZ,(sin modelo),SPRINTER 211,ICE,1,1,2023-09,2023-09,23DA000000752587,2,UNA UNIDAD DE FURGON CARGERO USADO MARCA MERCEDES BENZ MODELO SPRINTER 211 A¿O 2008.-
SCANIA,SCANIA,(sin modelo),MOLDELO P114-380,ICE,1,1,2023-09,2023-09,23DA000000752587,1,UNA UNIDAD DE CAMION 6X4 USADO MARCA SCANIA MOLDELO P114-380 A¿O 2002.-
SCANIA,SCANIA,(sin modelo),MODEL P93M-250,ICE,1,1,2023-09,2023-09,23DA000000750407,1,LOS DEMAS EN: 01) UNID DE CAMION USADO PARA TRANSPORTE DE MERCANCIA MARCA SCANIA MODEL P93M-250 ANO 1995 COLOR BLANCO BASC CON DISPOS DE ELEV HIDRA.
MERCEDES-BENZ,MERCEDES-BENZ,(sin modelo),2524,ICE,1,1,2023-09,2023-09,23DA000000750262,2,UNA UNIDAD DE CAMION USADO MARCA MERCEDES BENZ MODELO 2524 A¿O 1993 COLOR ROJO
SCANIA,SCANIA,(sin modelo),R113 360,ICE,1,1,2023-09,2023-09,23DA000000750051,2,01) UN CAMION CON CHASIS Y CABINA USADO MARCA: SCANIA MODELO: R113 360 A¿O: 1994 MOVIDO A DIESEL.-
SCANIA,SCANIA,(sin modelo),P93-220,ICE,1,1,2023-09,2023-09,23DA000000758299,1,UNA UNIDAD DE CAMION CHASSIS LARGO USADO CON GRUA MARCA SCANIA MODELO P93-220 A¿O 1994.-
MERCEDES-BENZ,MERCEDES-BENZ,(sin modelo),MB 809,ICE,1,1,2023-09,2023-09,23DA000000757466,1,01- UNID CAMION CON CAJA BASCULANTE (TUMBA) MARCA MERCEDES BENZ MODELO MB 809 DIESEL A¿O 1995.-
SCANIA,SCANIA,(sin modelo),G 440,ICE,1,1,2023-09,2023-09,23DA000000753438,2,UNA UNIDAD CAMION USADO MARCA SCANIA MODELO G 440 A¿O 2014
MINI,MINI,(sin modelo),JOHN COOPER COUNTRYMAN,ICE,1,1,2023-10,2023-10,23DA000000771600,3,VEHICULO CON CAPACIDAD DE TRANSPORTE DE PERSONAS EN: 01-UN VEHICULO MARCA MINI MODELO JOHN COOPER COUNTRYMAN A¿O DE FABRICACION 2023 MODELO A¿O 2024 CON SUS ACCESORIOS NORMALES
HYUNDAI,HYUNDAI,(sin modelo),TUCSONE,ICE,1,1,2023-10,2023-10,23DA000000767424,5,01 VEHICULO USADO TIPO STATION WAGON MARCA HYUNDAI MODELO TUCSONE A¿O 2012 MOVIDO A DIESEL
CITROEN,CITROEN,(sin modelo),C2,ICE,1,1,2023-10,2023-10,23DA000000770074,1,1 UNA UNIDAD AUTOMOVIL USADO MARCA CITREON MODELO C2 A¿O 2004 COLOR VERDE.-
TOYOTA,TOYOTA,(sin modelo),4 RUNNER,ICE,1,1,2023-10,2023-10,23DA000000771921,1,01) UNA UNIDAD STATION WAGON USADO MARCA TOYOTA MODELO 4 RUNNER A¿O 2022 COLOR GRIS
BMW,BMW,(sin modelo),228I,ICE,1,1,2023-10,2023-10,23DA000000765149,1,UNA UNIDAD AUTOMOVIL USADO MARCA : BMW MODELO: 228I A¿O: 2015
HYUNDAI,HYUNDAI,2014,SANTA FE,ICE,1,1,2023-10,2023-10,23DA000000775582,3,"LOS DEMAS EN; (01) UNA UNIDAD DE AUTOMOVIL, MARCA; HYUNDAI, MODELO; SANTA FE 4X2 DIESEL, A¿O/FABRICACION; 2014 A¿O/MODELO 2014, COLOR GRIS, CHASSIS N. KMHSW81UBEU222261"
HYUNDAI,HYUNDAI,2021,SANTA FE,ICE,1,1,2023-10,2023-10,23DA000000775582,4,"LOS DEMAS EN; (01) UNA UNIDAD DE AUTOMOVIL, MARCA; HYUNDAI, MODELO; SANTA FE 4X2 DIESEL, A¿O/FABRICACION; 2021 A¿O/MODELO 2021, COLOR BLANCO, CHASSIS N. KMHS581HGMU340009"
BMW,BMW,(sin modelo),328,ICE,1,1,2023-10,2023-10,23DA000000778522,2,1) - UN AUTOMOVIL USADO MARCA BMW MODELO 328 A¿O 2013 COLOR GRIS
BMW,BMW,(sin modelo),650,ICE,1,1,2023-10,2023-10,23DA000000787530,3,UN AUTOMOVIL MARCA: BMW MODELO: 650 I A¿O: 2012 COLOR: BLANCO
TOYOTA,TOYOTA,(sin modelo),AGYA,ICE,1,1,2023-10,2023-10,23DA000000785203,1,"AUTOMOVIL DE LA MARCA TOYOTA AGYA AUT. NAFTERO A350LA-GBEE, A¿O DE FABRICACION 2023 MODELO A¿O 2024 CON SUS ACCESORIOS CORRSPONDIENTES.-"
VENTURA,VENTURA,(sin modelo),M 550 L,ICE,1,1,2023-10,2023-10,23DA000000788914,2,"LOS DEM¿S VEH¿CULOS CON MOTOR DE EMBOLO (PIST¿N) ALTERNATIVO, DE ENCENDIDO POR CHISPA DE CILINDRADA INFERIOR O IGUAL A 1.000 CM3, EN: 1 UNID. CUADRICICLO VENTURA M 550 L"
HONDA,HONDA,(sin modelo),TRX 500,ICE,1,1,2023-10,2023-10,23DA000000788322,1,UNA UNIDAD DE ATV MARCA HONDA MODELO TRX 500 A¿O 2017
TOYOTA,TOYOTA,(sin modelo),BZ4X XLE,BEV,1,1,2023-10,2023-10,23DA000000789123,1,"VEHICULOS AUTOMOVILES PARA EL TRANSPORTE DE MERCANCIAS.LOS DEMAS, UNICAMENTE PROPULSADOS CON MOTOR ELECTRICO.2023 TOYOTA BZ4X XLE VIN: JTMAAAAA2PA011553"
TOYOTA,TOYOTA,(sin modelo),BEGO,ICE,1,1,2023-10,2023-10,23DA000000791252,4,1 UNA UNIDAD DE STATION WAGON USADO MARCA TOYOTA MODELO BEGO A¿O 2006 COLOR GRIS
MERCEDES-BENZ,MERCEDES-BENZ,(sin modelo),GL320,ICE,1,1,2023-10,2023-10,23DA000000780750,1,UNA UNIDAD DE STATION WAGON USADO MARCA MERCEDES BENZ MODELO GL320 A¿O 2008
NISSAN,NISSAN,(sin modelo),SILVIA S13,ICE,1,1,2023-10,2023-10,23DA000000793865,5,1 UNIDAD DE AUTOMOVIL USADO NISSAN SILVIA S13 A¿O 1990 COLOR:BLANCO CHASSIS:S13-116324
FORD,FORD,(sin modelo),E-350,ICE,1,1,2023-10,2023-10,23DA000000795931,1,1) UNA UNIDAD DE STATION WAGON TIPO AMBULANCIA USADO MARCA FORD MODELO E-350 A¿O 1999 CON SUS ACCESORIOS CORRESPONDIENTES
MERCEDES-BENZ,MERCEDES-BENZ,(sin modelo),GLE350D 4 MATIC,ICE,1,1,2023-10,2023-10,23DA000000802459,5,1 UND STATION WAGON MODELO GLE350D 4 MATIC A¿O 2016 COLOR PLATEADO
MERCEDES-BENZ,MERCEDES-BENZ,(sin modelo),GL 320,ICE,1,1,2023-10,2023-10,23DA000000794867,1,UNA CAMIONETA USADA MARCA: MERCEDES BENZ MODELO: GL 320 A¿O: 2008 COLOR: PLATEADO
MERCEDES-BENZ,MERCEDES-BENZ,(sin modelo),E350 BLUE,ICE,1,1,2023-10,2023-10,23DA000000794867,3,UN AUTOMOVIL USADO MARCA: MERCEDES BENZ MODELO: E350 BLUE A¿O: 2011 COLOR: PLATEADO
MERCEDES-BENZ,MERCEDES-BENZ,(sin modelo),GLC 300 COUPE,ICE,1,1,2023-10,2023-10,23DA000000794867,2,UNA CAMIONETA USADA MARCA: MERCEDES BENZ MODELO: GLC 300 COUPE A¿O: 2018 COLOR: GRIS
NISSAN,NISSAN,(sin modelo),ARMADA,ICE,1,1,2023-10,2023-10,23DA000000794885,1,UNA UNIDAD DE STATION WAGON USADO MARCA: NISSAN MODELO; ARMADA A¿O: 2017
FORD,FORD,FOCUS VERSION 2,FOCUS VERSION,ICE,1,1,2023-10,2023-10,23DA000000803349,1,"1 (UNA) UNIDAD DE VEHICULO USADO, TIPO STATION WAGON,MARCA FORD, MODELO FOCUS VERSION 2.0 TDCI TITANIUM, COLOR: NEGRO CHASIS WF05XXGCD57K09802"
LAND ROVER,LAND ROVER,DISCOVERY 3,DISCOVERY,ICE,1,1,2023-10,2023-10,23DA000000793112,1,UNA UNIDAD STATION WAGON MARCA LAND ROVER MODELO DISCOVERY 3.0 LITRE T/C 360PS PETROL MILD HYBRID ELECTRIC VEHICLE AWD 5 DOOR AUTO SE A¿O MODELO 2023.-
DONGFENG,DONGFENG,(sin modelo),EX1 NANO,BEV,1,1,2023-10,2023-10,23DA000000793993,3,"VEHICULO ELECTRICO, MARCA: DONGFENG MOD EX1 NANO: BOX A¿O: 2023 COLOR: NEGRO, CHASIS. LDP42A969P9008364, ELECTRICO"
POLARIS,POLARIS,(sin modelo),"ATV-22,570 SPMN",ICE,1,1,2023-10,2023-10,23DA000000808899,2,"1) UNIDAD CUATRICICLO DE LA MARCA POLARIS, MOD:: ATV-22,570 SPMN,D.SAND, COLOR; ARENA, FABRI., 2022, MODELO A¿O 2022, MOTOR N. 0120615789165, CHASISI N. 4XASEA574NA158999, 570 CC. NO APLICA RES 454"
KAWASAKI,KAWASAKI,(sin modelo),BRUTE FORCE 650,ICE,1,1,2023-10,2023-10,23DA000000807602,3,UNA UNIDAD CUASI USADO MARCA: KAWASAKI MODELO: BRUTE FORCE 650 A¿O: 2007
MERCEDES-BENZ,MERCEDES-BENZ,(sin modelo),ML 350 BLUETEC,ICE,1,1,2023-10,2023-10,23DA000000807602,1,UNA UNIDAD STATION WAGON USADO MARCA: MERCEDES BENZ MODELO: ML 350 BLUETEC A¿O: 2014
MERCEDES-BENZ,MERCEDES-BENZ,2024,GLA 35 4MATIC,ICE,1,1,2023-10,2023-10,23DA000000806319,1,"1 UNID CAMIONETA, MARCA: MERCEDES BENZ, TIPO: GLA 35 4MATIC, A¿O DE FABRICACION: 2023, A¿O MODELO: 2024, CON SUS ACCESORIOS NORMALES Y CORRESPONDIENTES.-"
MERCEDES-BENZ,MERCEDES-BENZ,(sin modelo),2528,ICE,1,1,2023-10,2023-10,23DA000000761019,3,UNA UNIDAD DE CAMION USADO MARCA MERCEDES BENZ MODELO 2528 A¿O 2000.-
MERCEDES-BENZ,MERCEDES-BENZ,2024,SPRINTER F-3665 416 CDI,ICE,1,1,2023-10,2023-10,23DA000000764636,1,"1 UNID FURGON, MARCA: MERCEDES BENZ, TIPO: SPRINTER F-3665 416 CDI, A¿O DE FABRICACION: 2023, MODELO: 2024 CON SUS ACCESORIOS NORMALES Y CORRESPONDIENTES.-"
MERCEDES-BENZ,MERCEDES-BENZ,(sin modelo),SPRINTER 209,ICE,1,1,2023-10,2023-10,23DA000000771572,2,1 (UN) MERCEDES BENZ SPRINTER 209 - CHASIS: WDB9062131N354305
SCANIA,SCANIA,(sin modelo),R114G-340,ICE,1,1,2023-10,2023-10,23DA000000761765,1,LOS DEMAS EN: 01) UNA UNIDAD DE CAMION MARCA SCANIA MODELO R114G-340 A¿O 2000 COLOR AZUL CHASSIS YS2R8X20001260967
MERCEDES-BENZ,MERCEDES-BENZ,(sin modelo),1625,ICE,1,1,2023-10,2023-10,23DA000000773719,1,UNA UNIDAD DE CAMION USADO MARCA MERCEDES BENZ MODELO 1625 A¿O 1990 COLOR BLANCO
MERCEDES-BENZ,MERCEDES-BENZ,(sin modelo),MOLDELO SPRINTER L766,ICE,1,1,2023-10,2023-10,23DA000000776127,2,UNA UNIDAD DE FURGON CARGUERO USADO MARCA MERCEDES BENZ MOLDELO SPRINTER L766 A¿O 2010.-
MERCEDES-BENZ,MERCEDES-BENZ,(sin modelo),SPRINTER 310 CDI,ICE,1,1,2023-10,2023-10,23DA000000782391,1,"FRIGOR?FICOS O ISOT?RMICOS., EN:1)UN CAMION MERCEDES BENZ SPRINTER 310 CDI"
FOTON,FOTON,(sin modelo),BJ5039XXY-ZA,ICE,1,1,2023-10,2023-10,23DA000000782200,39,"01) UNA UNIDAD VEHICULO MARCA: FOTON MODELO: BJ5039XXY-ZA TIPO: CAMIONETA FURGON CON MOTOR DIESEL, TRANSMISION MECANICA, A¿O FABRICACI¿N: 2023, MODELO A¿O: 2024, CON SUS ACCESORIOS CORRESPONDIENTES.-"
NISSAN,NISSAN,(sin modelo),L50.095,ICE,1,1,2023-10,2023-10,23DA000000787731,1,"1 UNA UNIDAD CAMION USADO MARCA NISSAN MODELO L50.095, A¿O 1988 COLOR BLANCO.-"
SCANIA,SCANIA,(sin modelo),R730,ICE,1,1,2023-10,2023-10,23DA000000781143,1,1- UNA UNIDAD DE CAMION USADO DE LA MARCA SCANIA MODELO R730 A¿O 2013 COLOR BLANCO
TOYOTA,TOYOTA,(sin modelo),DYNA FRIGORIFICO,ICE,1,1,2023-10,2023-10,23DA000000791087,1,01) UNA UNIDAD DE CAMION USADO TOYOTA DYNA FRIGORIFICO 2005
MERCEDES-BENZ,MERCEDES-BENZ,(sin modelo),ATEGO 1224,ICE,1,1,2023-10,2023-10,23DA000000800244,1,1 (UN) TRACTO CAMION MERCEDES BENZ ATEGO 1224 CON CABINA - CHASIS: WDB9702571L578827
KIA,KIA,(sin modelo),BONGO 3,ICE,1,1,2023-10,2023-10,23DA000000807398,12,01) UN CAMION USADO MARCA KIA MODELO BONGO 3 A¿O 2015.-
FORD,FORD,(sin modelo),F700,ICE,1,1,2023-10,2023-10,23DA000000808542,1,01) UN CAMION CON CHASIS Y CABINA USADO MARCA. FORD F700 A¿O. 1989 MOVIDO A DIESEL.-
SCANIA,SCANIA,(sin modelo),P124/360,ICE,1,1,2023-10,2023-10,23DA000000807454,1,1 UNA UNIDAD CAMION USADO MARCA SCANIA MODELO P124/360 A¿O 1997 COLOR BLANCO.-
TOYOTA,TOYOTA,(sin modelo),CALDIN,ICE,1,1,2023-11,2023-11,23DA000000810681,1,01) UNA UNIDAD DE VEHICULO USADO TOYOTA CALDIN A¿O 2006
FORD,FORD,(sin modelo),GALAXIE,ICE,1,1,2023-11,2023-11,23DA000000819656,3,UNA UNIDAD DE AUTOMOVIL MARCA FORD MODELO GALAXIE A¿O 1968
CLUB CAR,CLUB CAR,(sin modelo),TEMPO,ICE,1,1,2023-11,2023-11,23DA000000812697,14,"VEHICULOS ELECTRICOS EN (1) UNIDAD VEHICULO ELECTRICO CLUB CAR TEMPO 2020 SEMINUEVO PARA 2 PASAJEROS COLOR GRIS Y ASIENTOS GRISES SERIE NRO BN2050-135318, CARGADOR SERIE DQSG481951106174"
CHRYSLER,CHRYSLER,(sin modelo),TOWN CONTRY,ICE,1,1,2023-11,2023-11,23DA000000814223,1,1 UNA UNIDAD DE AUTOMOVIL USADO MARCA CHRYSLER MODELO TOWN CONTRY A¿O 2005 COLOR CELESTE
DODGE,DODGE,(sin modelo),GRAND CARAVAN,ICE,1,1,2023-11,2023-11,23DA000000814223,2,1 UNA UNIDAD DE STATION WAGON USADO MARCA DODGE MODELO GRAND CARAVAN A¿O 2003 COLOR BURDEO
KIA,KIA,(sin modelo),SPAORTAGE,ICE,1,1,2023-11,2023-11,23DA000000816031,8,UNA UNIDAD DE VEHICULO USADO TIPO STATION WAGON MARCA KIA MODELO SPAORTAGE A¿O 2012 MOVIDO A DIESEL
BMW,BMW,(sin modelo),218I SERIE 2 GRAN,ICE,1,1,2023-11,2023-11,23DA000000814993,1,"AUTOM¿VIL (USADO, CHOCADO) BMW 218I SERIE 2 GRAN COUPE COLOR BLANCO VIN WBA11AK0307K31435"
TOYOTA,TOYOTA,(sin modelo),M0DELO WISH,ICE,1,1,2023-11,2023-11,23DA000000832480,7,01) UN ST. WAGON USADO MARCA TOYOTA M0DELO WISH A¿O 2011.-
HYUNDAI,HYUNDAI,(sin modelo),TUCSO,ICE,1,1,2023-11,2023-11,23DA000000829164,3,01)UNA UNIDAD DE VEHICULO USADO HYUNDAI TUCSO A¿O 2011
BARMON,BARMON,(sin modelo),LT A827.2,ICE,1,1,2023-11,2023-11,23DA000000828521,9,CARRITO DE GOLF ELECTRICO MODELO MODELO LT- A827.2
BARMON,BARMON,(sin modelo),LT-A827.2,ICE,1,1,2023-11,2023-11,23DA000000828521,8,CARRITO DE GOLF ELECTRICO MODELO MODELO LT-A827.2
HYUNDAI,HYUNDAI,(sin modelo),M0DELO TUCSON,ICE,1,1,2023-11,2023-11,23DA000000832555,7,UN STATION WAGON USADO MARCA HYUNDAI M0DELO TUCSON A¿O 2.016.-
HYUNDAI,HYUNDAI,(sin modelo),M0DELO SANTA FE,ICE,1,1,2023-11,2023-11,23DA000000832555,6,UN STATION WAGON USADO MARCA HYUNDAI M0DELO SANTA FE A¿O 2.013.-
MERCEDES-BENZ,MERCEDES-BENZ,(sin modelo),M0DELO C220,ICE,1,1,2023-11,2023-11,23DA000000832555,11,UN AUTOMOVIL USADO MARCA MERCEDES BENZ M0DELO C220 A¿O 2.009.-
BMW,BMW,(sin modelo),M850I,ICE,1,1,2023-11,2023-11,23DA000000824431,1,01) UN AUTOMOVIL USADO MARCA. BMW MODELO: M850I A¿O: 2019 MOVIDO A GASOLINA
MERCEDES-BENZ,MERCEDES-BENZ,(sin modelo),GLE 450 D 4MATIC,ICE,1,1,2023-11,2023-11,23DA000000825306,2,"1 UNID CAMIONETA, MARCA: MERCEDES BENZ, TIPO: GLE 450 D 4MATIC, A¿O DE FABRICACION: 2023, MODELO A¿O; 2024, CON SUS ACCESORIOS NORMALES Y CORRESPONDIENTES.-"
AUDI,AUDI,QQ3 1,QQ3,ICE,1,1,2023-11,2023-11,23DA000000832628,1,"1(UNA) UNIDAD DE STATION WAGON MARCA AUDI, MODELO QQ3 1.4 TFSI SPORBACK ELITE, CHASIS WAUZZZF31P1133046"
LAND ROVER,LAND ROVER,(sin modelo),R-DYNAMIC SE,ICE,1,1,2023-11,2023-11,23DA000000839064,1,UNA UNIDAD STATION WAGON USADO MARCA LAND ROVER MODELO R-DYNAMIC SE A¿O 2021 COLOR NEGRO
HYUNDAI,HYUNDAI,(sin modelo),GRANDEUR,ICE,1,1,2023-11,2023-11,23DA000000847854,6,UN VEHICULO USADO TIPO AUTOMOVIL MARCA HYUNDAI MODELO GRANDEUR A¿O 2016 MOVIDO A DIESEL
HYUNDAI,HYUNDAI,(sin modelo),SNTA FE,ICE,1,1,2023-11,2023-11,23DA000000848625,4,01) UN STATION WAGON USADO MARCA: HYUNDAI MODELO: SNTA FE A¿O. 2014 MOVIDSO A DIESEL
SIMPA,SIMPA,(sin modelo),JDMTITANE II,ICE,1,1,2023-11,2023-11,23DA000000839627,3,1 UNA UNIDAD AUTOMOVIL USADO MARCA SIMPA MODELO JDMTITANE II A¿O 2002 COLOR BORDO.-
BMW,BMW,(sin modelo),32D,ICE,1,1,2023-11,2023-11,23DA000000841370,1,UN AUTOMOVIL USADO MARCA BMW MODELO 32D A¿O 2.015.-
KAWASAKI,KAWASAKI,(sin modelo),TERIX,ICE,1,1,2023-11,2023-11,23DA000000841611,1,LOS DEM¿S.EN: 1)UNIDAD UTV MARCA:KAWASAKI MODELO:TERIX A¿O 2014 COLOR ROJO
POLARIS,POLARIS,(sin modelo),SLINGSHOT,ICE,1,1,2023-11,2023-11,23DA000000841611,2,LOS DEM¿S.EN: 1)UND MOTOCICLETA DE TRES RUEDAS MARCA:POLARIS MODELO:SLINGSHOT A¿O:2015 COLOR ROJO
MERCEDES-BENZ,MERCEDES-BENZ,(sin modelo),CLA250,ICE,1,1,2023-11,2023-11,23DA000000843141,2,"UNA UNIDAD DE AUTOMOVIL USADO MARCA MERCEDES BENZ, MODELO CLA250 A¿O 2018"
MERCEDES-BENZ,MERCEDES-BENZ,(sin modelo),C-CLASS C63,ICE,1,1,2023-11,2023-11,23DA000000839892,1,LOS DEMAS AUTOMOVILES EN 1 UNID) MERCEDES-BENZ C-CLASS C63 2014
LAND ROVER,LAND ROVER,NEW RANGE ROVER SPORT 3,NEW RANGE ROVER SPORT,ICE,1,1,2023-11,2023-11,23DA000000839914,1,UNA UNIDAD STATION WAGON MARCA LAND ROVER MODELO NEW RANGE ROVER SPORT 3.0 LITRE T/C PETROL MILD HYBRID ELECTRIC VEHICLE AWD 5 DOOR AUTO 400PS DYNAMIC HSE A¿O MODELO 2023.
BMW,BMW,(sin modelo),M235I,ICE,1,1,2023-11,2023-11,23DA000000853032,3,01) UN AUTOMOVIL USADO MARCA: BMW MODELO: M235I A¿O: 2016 MOVIDO A GASOLINA
BMW,BMW,(sin modelo),840I,ICE,1,1,2023-11,2023-11,23DA000000849288,2,"UNA UNIDAD AUTOMOVIL USADO , MARCA: BMW MODELO: 840I A¿O: 2022"
MERCEDES-BENZ,MERCEDES-BENZ,(sin modelo),SL63 AMG ROADSTER,ICE,1,1,2023-11,2023-11,23DA000000852191,1,01) UNA UNIDAD AUTOMOVIL USADO MARCA MERCEDES BENZ MODELO SL63 AMG ROADSTER A¿O 2022 COLOR AZUL
TOYOTA,TOYOTA,(sin modelo),CROWN XLE,PHEV,1,1,2023-11,2023-11,23DA000000855071,1,"AUTOMOVILES PARA TURISMO Y DEMAS VEHICULOS AUTOMOVILES CONCEBIDOS PRINCIPALMENTE PARA EL TRANSPORTE DE PERSONAS, Y LOS DE CARRERAS.DETALLADOS EN:2023 TOYOTA CROWN XLE VIN: JTDAAAAF7P3008499"
BMW,BMW,(sin modelo),M4,ICE,1,1,2023-11,2023-11,23DA000000858974,1,UNA UNIDAD AUTOMOVIL USADO MARCA: BMW MODELO: M4 A¿O: 2018
FORD,FORD,(sin modelo),MUSTANG GT PREMUIM COUPE,ICE,1,1,2023-11,2023-11,23DA000000859698,1,UNA UNIDAD AUTOMOVIL USADO MARCA FORD MODELO MUSTANG GT PREMUIM COUPE A¿O 2017
HYUNDAI,HYUNDAI,(sin modelo),PORTER2,ICE,1,1,2023-11,2023-11,23DA000000809165,1,"1)UNID. CAMION MARCA HYUNDAI MODELO PORTER2 A¿O 2014, CON SUS ACCESORIOS CORRESPONDIENTES"
KIA,KIA,(sin modelo),BONGO3,ICE,1,1,2023-11,2023-11,23DA000000809165,2,"1)UNID. CAMION MARCA KIA MODELO BONGO3 A¿O 2015, CON SUS ACCESORIOS CORRESPONDIENTES"
SCANIA,SCANIA,(sin modelo),113-340,ICE,1,1,2023-11,2023-11,23DA000000814824,1,1 UNA UNIDAD CAMION USADO MARCA SCANIA MODELO 113-340 6X4 A¿O 1989 COLOR BLANCO.-
INTERNATIONAL,INTERNATIONAL,(sin modelo),4300,ICE,1,1,2023-11,2023-11,23DA000000823901,1,1) UNA UNIDAD DE CAMION USADO MARCA INTERNATIONAL MODELO 4300 A¿O 2008 COLOR BLANCO
TOYOTA,TOYOTA,(sin modelo),HILUC D/C,ICE,1,1,2023-11,2023-11,23DA000000832409,1,CAMIONETA DE LA MARCA TOYOYA HILUC D/C 4X4 2.4 AUT DIESEL GUN125L-DGTSXF A¿O DE FABRICACION 2023 MODELO DE A¿O 2024 CON SUS ACCESORIOS CORRESPONDIENTES
SCANIA,SCANIA,2006,R 380,ICE,1,1,2023-11,2023-11,23DA000000847253,1,LAS DEMAS EN: 01- UNA UNIDAD CAMION BASCULANTE 6X2 MARCA SCANIA MODELO R 380 A¿O MODELO 2006 COLOR BLANCO CHASIS NRO XLER6X20005134621
MERCEDES-BENZ,MERCEDES-BENZ,2023,915/37,ICE,1,1,2023-11,2023-11,23DA000000846195,1,"01 UNID CAMION, MARCA: MERCEDES BENZ, TIPO: 915/37, A¿O MODELO: 2023, CON SUS ACCESORIOS NORMALES Y CORRESPONDIENTES.-"
MERCEDES-BENZ,MERCEDES-BENZ,(sin modelo),213 CDI,ICE,1,1,2023-11,2023-11,23DA000000851675,2,1) UNA UNIDAD DE VEHICULO USADO MARCA MERCEDES BENZ MODELO 213 CDI A¿O 2015 COLOR VERDE
SCANIA,SCANIA,(sin modelo),R93-280,ICE,1,1,2023-11,2023-11,23DA000000849086,1,UNA UNIDAD DE CAMION CHASIS LARGO USADO MARCA SCANIA MODELO R93-280 A¿O 1995.-
SUBARU,SUBARU,(sin modelo),SAMBAR TT2,ICE,1,1,2023-11,2023-11,23DA000000849111,1,1 UNA UNIDAD CAMIONETA USADO MARCA SUBARU MODELO SAMBAR TT2 A¿O 2003 COLOR DE 800CC
HONDA,HONDA,(sin modelo),HA4,ICE,1,1,2023-11,2023-11,23DA000000849111,2,1 UNA UNIDAD CAMIONETA USADO MARCA HONDA MODELO HA4 A¿O 1995 COLOR DE 800CC
JEEP,JEEP,(sin modelo),GLADIATOR RUBICON,ICE,1,1,2023-11,2023-11,23DA000000853032,2,01) UNA CAMIONETA USADA MARCA: JEEP MODELO: GLADIATOR RUBICON A¿O: 2021 MOVIDO A GASOLINA
JEEP,JEEP,(sin modelo),GRAND CHEROKEE TRAILHAWK 4XE,PHEV,1,1,2023-12,2023-12,23DA000000864538,1,01) UNA UNIDAD VEHICULO NUEVO JEEP GRAND CHEROKEE TRAILHAWK 4XE A¿O:2022.-
LEXUS,LEXUS,(sin modelo),GS,ICE,1,1,2023-12,2023-12,23DA000000867668,1,1 UND AUTOMOVIL MODELO LEXUS GS A¿O 2006 COLOR GRIS
BMW,BMW,(sin modelo),740I,ICE,1,1,2023-12,2023-12,23DA000000866345,1,UN AUTOMOVIL USADO MARCA BMW MODELO 740I A¿O 2010
VOLVO,VOLVO,(sin modelo),V40,ICE,1,1,2023-12,2023-12,23DA000000864230,1,UN AUTOMOVIL USADO MARCA VOLVO MODELO V40 A¿O 2001 COLOR NEGRO
BMW,BMW,(sin modelo),X6 XDRIVE35I,ICE,1,1,2023-12,2023-12,23DA000000864597,2,01) UNA UNIDAD VEHICULO USADO BMW X6 XDRIVE35I A¿O:2015.-
TOYOTA,TOYOTA,(sin modelo),IPSUM 240,ICE,1,1,2023-12,2023-12,23DA000000865209,4,01) UN ST. WAGON USADO MARCA TOYOTA MODELO IPSUM 240 S A¿O 2004.-
BMW,BMW,(sin modelo),750I,ICE,1,1,2023-12,2023-12,23DA000000864642,1,UNA UNIDAD AUTOMOVIL USADO ; MARCA: BMW MODELO: 750I A¿O: 2009
POLARIS,POLARIS,(sin modelo),RZR-22,ICE,1,1,2023-12,2023-12,23DA000000869261,1,"1) UNIDAD VEHICULO UTILITARIO UTV, DE LA MARCA POLARIS, MODELO; RZR-22 64T COLOR; BLANCO, FABRICACION 2022, MODELO A¿O 2022, MOTOR 0120864471863, SERIA N. 3NSRAE922NF357421"
JEEP,JEEP,(sin modelo),COMMANDER COMMANDER,ICE,1,1,2023-12,2023-12,23DA000000873669,8,VEHICULO CON CAPACIDAD DE TRANSPORTE DE PERSONAS EN:01-UN VEHICULO MARCA JEEP MODELO COMMANDER COMMANDER A¿O DE FABRICACION 2023 MODELO A¿O 2024 CON SUS ACC. NORMALES
MERCEDES-BENZ,MERCEDES-BENZ,(sin modelo),E550,ICE,1,1,2023-12,2023-12,23DA000000878278,1,UNA UNIDAD AUTOMOVIL USADO : MARCA: MERCEDES BENZ MODELO: E550 A¿O: 2012
JAGUAR,JAGUAR,(sin modelo),XTYPE,ICE,1,1,2023-12,2023-12,23DA000000884912,1,1 UNA UNIDAD AUTOMOVIL USADO MARCA JAGUAR MODELO XTYPE A¿O 2006 COLOR NEGRO
KIA,KIA,2021,MORNING,ICE,1,1,2023-12,2023-12,23DA000000883604,1,"LOS DEM¿S, EN: 1)UNIDAD DE VEHICULO MARCA KIA MODELO MORNING A¿O DE FABRICACION 2020 A¿O MODELO 2021, COLOR CREMA 5 PUERTAS TIPO DE CARROCERIA COCHE COMPACTO 1.200 CC CHASIS KNAB3518BMT767734"
POLARIS,POLARIS,(sin modelo),RZR,ICE,1,1,2023-12,2023-12,23DA000000878770,1,01) UNA UNIDAD VEHICULO USADO POLARIS RZR A¿O:2017.-
KAWASAKI,KAWASAKI,2024,TERYX 800,ICE,1,1,2023-12,2023-12,23DA000000890421,54,1 UNID. VEHICULO DE RECREACION MARCA KAWASAKI MODELO TERYX 800 A¿O DE FABRICACION 2023 A¿O MODELO 2024
GAC,GAC,NEW GS4 GB 1,NEW GS4 GB,ICE,1,1,2023-12,2023-12,23DA000000887781,1,"LOS DEMAS; EN: AUTOMOVIL TIPO STATION WAGON, MODELO NEW GS4 GB 1.5T AT, 4X2, NAFTERO, ANO FABRICACI¿N 2023, ANO MODELO 2024, CON AIRE ACONDICIONADO Y DEM¿S ACCESORIOS.-"
TOYOTA,TOYOTA,(sin modelo),SINETA DICE,ICE,1,1,2023-12,2023-12,23DA000000887576,6,01) UNA UNIDAD DE VEHICULO USADO TOYOTA SINETA DICE AO 2012
OPEL,OPEL,(sin modelo),VECTRA,ICE,1,1,2023-12,2023-12,23DA000000878833,1,1) UNA UNIDAD AUTOMOVIL USADO MARCA OPEL MODELO VECTRA A¿O 1997 COLOR AZUL
TOYOTA,TOYOTA,(sin modelo),RACTIOS,ICE,1,1,2023-12,2023-12,23DA000000876905,4,01) UN STATION AGON USADO MARCA: TOYOTA MODLEO: RACTIOS A¿O: 2008 MOVIDO A GASOLINA
TOYOTA,TOYOTA,(sin modelo),MODEO,ICE,1,1,2023-12,2023-12,23DA000000876905,8,01) UN AUTOMOVIL USADO MARCA: TOYOTA MODEO: ALLION A¿O: 2002 MOVIDO A GASOLINA
TOYOTA,TOYOTA,(sin modelo),CORONA,ICE,1,1,2023-12,2023-12,23DA000000885510,12,UNA UNIDAD DE VEHICULO USADO TIPO AUTOMOVIL MARCA TOYOTA MODELO CORONA A¿O 2001 MOVIDO A DIESEL
LEXUS,LEXUS,(sin modelo),ES 350,ICE,1,1,2023-12,2023-12,23DA000000890137,2,UN VEHICULO USADO MARCA LEXUS MODELO ES 350 A¿O 2008 COLOR NEGRO
KIA,KIA,(sin modelo),MORNIG,ICE,1,1,2023-12,2023-12,23DA000000891462,7,UNA UNIDAD DE AUTOMOVIL MARCA KIA MODELO MORNIG A¿O 2012
SUZUKI,SUZUKI,(sin modelo),KEY CAR SUZUKI ALTO,ICE,1,1,2023-12,2023-12,23DA000000891042,1,1 UNIDAD DE AUTOMOVIL TIPO KEY CAR SUZUKI ALTO A¿O 2016
MERCEDES-BENZ,MERCEDES-BENZ,(sin modelo),GLC 300 4MATIC,PHEV,1,1,2023-12,2023-12,23DA000000890625,1,UN STATION WAGON NUEVO HIBRIDO MARCA MERCEDES BENZ MODELO GLC 300 4MATIC A¿O 2.023.-
TESLA,TESLA,(sin modelo),MODEL Y LONG RANGE AWD,BEV,1,1,2023-12,2023-12,23DA000000890661,10,"TESLA-Y-LRTESLA MODELO Y DE LARGO ALCANCE - A¿O: 2023 CONDICI¿N: NUEVO MOTOR DUAL AWD ELECTRICO ¿NICAMENTE, RUEDAS DE 19, CINCO ASIENTOS, CONECTOR M¿VIL, CUBIERTA AUTOM¿TICA DE 1 VELOCIDAD CO"
CAN-AM,CAN-AM,2024,SSV DEF BASE 62,ICE,1,1,2023-12,2023-12,23DA000000903761,4,01- UNID UTV MARCA CAN-AM MODELO SSV DEF BASE 62 HD7 A¿O FABRICACION 2023 A¿O MODELO 2024 CON SUS ACCESORIOS CORRESPONDIENTES.-
LINCOLN,LINCOLN,(sin modelo),NAVIGATOR,ICE,1,1,2023-12,2023-12,23DA000000892422,1,"1 UNID DE VEHICULO USADO - LINCOLN NAVIGATOR, 2022, COLOR INFINITY BLACK, 19.205 MILLAS."
RENAULT,RENAULT,CLIO-LUTECIA 2,CLIO-LUTECIA,ICE,1,1,2023-12,2023-12,23DA000000890685,1,1 UNIDAD DE VEHICULO USADO MARCA RENAULT MODELO CLIO-LUTECIA 2.0 COLOR PLATA A¿O 2001
LAND ROVER,LAND ROVER,(sin modelo),LR4 DISCOVERY,ICE,1,1,2023-12,2023-12,23DA000000890696,1,1 UNA UNIDAD DE STATION WAGON USADO MARCA LAND ROVER MODELO LR4 DISCOVERY A¿O 2016 COLOR NEGRO
MERCEDES-BENZ,MERCEDES-BENZ,(sin modelo),GLK 350,ICE,1,1,2023-12,2023-12,23DA000000897713,2,UN STATION WAGON USADO MARCA MERCEDES BENZ MODELO GLK 350 A¿O 2.010.-
BMW,BMW,(sin modelo),645CI,ICE,1,1,2023-12,2023-12,23DA000000899898,6,01 VEHICULO USADO TIPO AUTOMOVIL DE LA MARCA BMW MODELO 645CI A¿O 2005 MOVIDO A GASOLINA
CHRYSLER,CHRYSLER,(sin modelo),TOWN COUNTRY,ICE,1,1,2023-12,2023-12,23DA000000897775,2,UN STATION WAGON USADO MARCA CHRYSLER MODELO TOWN & COUNTRY A¿O 2003
MERCEDES-BENZ,MERCEDES-BENZ,(sin modelo),S320 CDI,ICE,1,1,2023-12,2023-12,23DA000000897783,9,01) UN AUTOMOVIL USADO MARCA: MERCEDES BENZ MODELO: S320 CDI A¿O: 2008 MOVIDO A DIESEL.-
MERCEDES-BENZ,MERCEDES-BENZ,(sin modelo),C180,ICE,1,1,2023-12,2023-12,23DA000000905761,2,1 UNA UNIDAD AUTOMOVIL USADO MARCA MERCEDES BENZ MODELO C180 A¿O 2002 COLOR AZUL.-
TOYOTA,TOYOTA,(sin modelo),TERRANO,ICE,1,1,2023-12,2023-12,23DA000000904686,6,01 VEHICULO USADO TIPO STATION WAGON MARCA TOYOTA MODELO TERRANO A¿O 1996 MOVIDO A DIESEL
TESLA,TESLA,Model Y,MODEL Y AWD,BEV,1,1,2023-12,2023-12,23DA000000906492,1,"LOS DEM¿S VEH¿CULOS, PROPULSADOS ¿NICAMENTE CON MOTOR ELECTRICO.,EN: 1) 2023 TESLA MODEL Y ALL-WHEEL DRIVE"
MERCEDES-BENZ,MERCEDES-BENZ,(sin modelo),GLC 250 D,ICE,1,1,2023-12,2023-12,23DA000000907601,3,UNA UNIDAD AUTOMOVIL USADO MARCA MERCEDES BENZ MODELO GLC 250 D A¿O 2016
POLARIS,POLARIS,(sin modelo),GEN-21 1K PREM,ICE,1,1,2023-12,2023-12,23DA000000867480,1,"1) UNIDAD VEHICULO UTILITARIO UTV, DE LA MARCA POLARIS, MODELO; GEN-21 1K PREM COLOR; GRIS,FABRICACION 2021,MODELO A¿O 2021."
VOLVO,VOLVO,(sin modelo),FL612B180,ICE,1,1,2023-12,2023-12,23DA000000864868,1,UNA UNIDAD CAMION USADO MARCA: VOLVO MODELO: FL612B180 A¿O: 2004. DIESEL.-
CHEVROLET,CHEVROLET,2024,S10 CD LS,ICE,1,1,2023-12,2023-12,23DA000000881192,1,"CAMIONETA DE CARGA PICK-UP, MODEL S10 CD LS 2.8 4X4, DOBLE CABINA, 4X4, DIESEL, ANO FABRICACION 2023, ANO MODELO 2024, CON AIRE ACONDICIONADO Y DEMAS ACCESORIOS.-"
SCANIA,SCANIA,(sin modelo),P114-380 CHASSIS-CABINE,ICE,1,1,2023-12,2023-12,23DA000000880595,1,"CHASIS CON MOTOR Y CABINA, EN: (1) UNIDAD DE SCANIA P114-380 CHASSIS-CABINE DIESEL XLEP6X20004423589 BTW A¿O 2.000"
SCANIA,SCANIA,(sin modelo),P124G-420,ICE,1,1,2023-12,2023-12,23DA000000892561,1,LOS DEMA EN: 01) UNA UNIDAD DE CAMION MARCA SCANIA MODELO P124G-420 A¿O 2003 COLOR BLANCO CHASSIS YS2P6X20001286191
RENAULT,RENAULT,(sin modelo),MASTER T35,ICE,1,1,2023-12,2023-12,23DA000000903995,1,UN VEHICULO USADO MARCA RENAULT MODELO MASTER T35 A¿O 2001 COLOR ROJO
IVECO,IVECO,(sin modelo),TRAKKER 380,ICE,1,1,2023-12,2023-12,23DA000000903396,1,UNA UNIDAD CHASSIS CON MOTOR Y CABINA MARCA: IVECO MODELO: TRAKKER 380 A¿O: 2004.
VOLKSWAGEN,VOLKSWAGEN,(sin modelo),CRAFTER,ICE,1,1,2023-12,2023-12,23DA000000903884,1,UNA UNIDAD DE VEHICULO USADO MARCA VOLKSWAGEN MODELO CRAFTER A¿O 2012 COLOR BLANCO/AZUL
SUZUKI,SUZUKI,(sin modelo),VITARA,ICE,1,1,2024-01,2024-01,24DA000000004308,1,UNA UND DE VEHICULO TIPO STATION WAGON MARCA SUZUKI MODELO VITARA A¿O 2001
MERCEDES-BENZ,MERCEDES-BENZ,(sin modelo),312D SPRINTER,ICE,1,1,2024-01,2024-01,24DA000000002764,1,"AUTOMOVILES PARA TURISMO Y DEMAS VEHICULOS AUTOMOVILES CONCEBIDOS , LAS DEMAS EN: 01 UNID. STATION WAGON USADO MARCA MERCEDES BENZ MODELO 312D SPRINTER A¿O 2.000 (AMBULANCIA EQUIPADO FULL)"
HONDA,HONDA,(sin modelo),CIVIC SPORT,ICE,1,1,2024-01,2024-01,24DA000000008107,2,01) UN AUTOMOVIL USADO MARCA: HONDA MODELO. CIVIC SPORT A¿O: 2019 MOVIDO A GASOLINA
CADILLAC,CADILLAC,(sin modelo),FLEETWOOD,ICE,1,1,2024-01,2024-01,24DA000000009221,2,01) UNA UNIDAD DE VEHICULO FUNEBRE USADO CADILLAC FLEETWOOD AO 1990
MERCEDES-BENZ,MERCEDES-BENZ,(sin modelo),E250CDI,ICE,1,1,2024-01,2024-01,24DA000000002423,1,1 UNA UNIDAD AUTOMOVIL USADO MARCA MERCEDES BENZ MODELO E250CDI A¿O 2011 COLOR NEGRO.-
HYUNDAI,HYUNDAI,(sin modelo),IONIQ HEV,HEV,1,1,2024-01,2024-01,24DA000000000456,3,"01) UNA UNIDAD AUTOMOVIL CON MOTOR HIBRIDO, TRANSMISION AUTOMATICA, MARCA: HYUNDAI, MODELO: IONIQ¿HEV. MODELO A¿O: 2017, CON SUS ACCESORIOS CORRESPONDIENTES."
BMW,BMW,(sin modelo),430,ICE,1,1,2024-01,2024-01,24DA000000005358,3,UNA UNIDAD DE AUTOMOVIL USADO MARCA BMW MODELO 430 I A¿O 2017 COLOR NEGRO
MERCEDES-BENZ,MERCEDES-BENZ,2024,C 220 D,ICE,1,1,2024-01,2024-01,24DA000000026707,1,"1 UNID AUTOMOVIL, MARCA: MERCEDES BENZ, TIPO: C 220 D, A¿O DE FABRICACION: 2023, A¿O MODELO: 2024, CON SUS ACCESORIOS CORRESPONDIENTES.-"
BMW,BMW,(sin modelo),X5 XDR 40 E,PHEV,1,1,2024-01,2024-01,24DA000000014698,1,1 UNIDAD STATION WAGON BMW X5 XDR 40 E
MERCEDES-BENZ,MERCEDES-BENZ,(sin modelo),E300DT,ICE,1,1,2024-01,2024-01,24DA000000023835,2,01) UN AUTOMOVIL USADO MARCA: MERCEDES BENZ MODELO: E300DT A¿O: 1998 MOVIDO A DIESEL.
MERCEDES-BENZ,MERCEDES-BENZ,(sin modelo),CLASS 200,ICE,1,1,2024-01,2024-01,24DA000000020533,5,UN AUTOMOVIL USADO MARCA MERCEDES BENZ MODELO CLASS 200 A¿O 2.014.-
PEUGEOT,PEUGEOT,(sin modelo),2008,ICE,1,1,2024-01,2024-01,24DA000000017651,1,STATION WAGON PARA EL TRANSPORTE DE PERSONAS PEUGEOT 2008 1.6 FLEX AT6 CON SUS ACCESORIOS CORRESPONDIENTES
CHANGAN,CHANGAN,(sin modelo),BENBEN E-STAR,BEV,1,1,2024-01,2024-01,24DA000000016833,1,"UNA UNIDAD DE VEHICULO NUEVO MARCA CHANGAN MODELO BENBEN E-STAR A¿O 2024, ELECTRICO"
PRIDE,PRIDE,(sin modelo),SC710,ICE,1,1,2024-01,2024-01,24DA000000027566,8,PROPULSADOS POR MOTOR ELECTRICO.EN: 1) UND SCOOTER PARA DISCAPACITADO MARCA: PRIDE MODELO:SC710; A¿O: 2012; COLOR: AZUL; SERIAL N. SE415414061FV0
SKODA,SKODA,(sin modelo),OCTAVIA,ICE,1,1,2024-01,2024-01,24DA000000024677,3,01) UN AUTOMOVIL USADO MARCA: SKODA MODELO: OCTAVIA A¿O: 2005 MOVIDO A DIESEL
CHEVROLET,CHEVROLET,(sin modelo),CAMARO 2SS,ICE,1,1,2024-01,2024-01,24DA000000030537,1,AUTOMOVIL 13 CHEV CAMARO 2SS
BMW,BMW,(sin modelo),325IS,ICE,1,1,2024-01,2024-01,24DA000000036738,2,UNA UNIDAD DE AUTOMOVIL USADO MARCA BMW MODELO 325IS A¿O 1990
FORD,FORD,ECOSPORT 1,ECOSPORT,ICE,1,1,2024-01,2024-01,24DA000000040951,1,01 UNIDAD VEHICULO USADO MARCA FORD MODELO ECOSPORT 1.6 A¿O 2016
VOLKSWAGEN,VOLKSWAGEN,(sin modelo),BEETLE CABRIOLET,ICE,1,1,2024-01,2024-01,24DA000000032116,1,UNA UNIDAD DE AUTOMOVIL USADO MARCA VOLKSWAGEN MODELO BEETLE CABRIOLET A¿O 1979 A RESTAURAR
TOYOTA,TOYOTA,(sin modelo),HULUX SURF,ICE,1,1,2024-01,2024-01,24DA000000035245,2,01) UNA UNIDAD DE VEHICULO USADO TOYOTA HULUX SURF AO 1995
TOYOTA,TOYOTA,WISH 1,WISH,ICE,1,1,2024-01,2024-01,24DA000000029090,2,01) UN ST. WAGON USADO MARCA TOYOTA MODELO WISH 1.8S A¿O 2011.-
KIA,KIA,(sin modelo),SEDONA LX MINI,ICE,1,1,2024-01,2024-01,24DA000000037303,1,AUTOMOVIL STATION WAGON KIA SEDONA LX MINI VAN A¿O 2019 USADO COLOR PLATA VIN KNDMB5C16K6557945
LAND ROVER,LAND ROVER,(sin modelo),DISCOVERY LR4,ICE,1,1,2024-01,2024-01,24DA000000040429,3,UNA UNIDAD STATION WAGON USADO; MARCA: LAND ROVER MODELO: DISCOVERY LR4 A¿O: 2011
SCANIA,SCANIA,(sin modelo),R124 L420,ICE,1,1,2024-01,2024-01,24DA000000022960,1,"CHASIS CON MOTOR Y CABINA, EN: (1) UNIDAD DE SCANIA R124 L420 6X4 GB6X4 A¿O 1.999 CHASIS XLER6X40004408205"
MERCEDES-BENZ,MERCEDES-BENZ,2024,SPRINTER F-3250 311 CDI,ICE,1,1,2024-01,2024-01,24DA000000015877,3,"1 UNID FURGON, MARCA: MERCEDES BENZ, TIPO: SPRINTER F-3250 311 CDI, A¿O DE FABRICACION: 2023, A¿O MODELO: 2024, CON SUS ACCESORIOS NORMALES Y CORRESPONDIENTES.-"
GMC,GMC,(sin modelo),SIERRA,ICE,1,1,2024-01,2024-01,24DA000000018522,1,"UNA UNIDAD, VEHICULO GMC SIERRA COLOR ROJO"
RENAULT,RENAULT,(sin modelo),S100,ICE,1,1,2024-01,2024-01,24DA000000014776,3,01) UN CAMION CON CHASIS MOTOR Y CABINA USADO MARCA: RENAULT MODELO: S100 A¿O: 1990 MOVIDO A DIESEL.-
BMW,BMW,323I CON,323I,ICE,1,1,2024-02,2024-02,24DA000000059405,1,"01) UNA UNIDAD AUTOMOVIL MARCA: BMW MODELO: 323I CON MOTOR NAFTERO, TRANSMISION MECANICA, MODELO A¿O: 1984"
BMW,BMW,316 CON,316,ICE,1,1,2024-02,2024-02,24DA000000059405,2,"01) UNA UNIDAD AUTOMOVIL MARCA: BMW MODELO: 316 CON MOTOR NAFTERO, TRANSMISION MECANICA, MODELO A¿O: 1983"
TOYOTA,TOYOTA,(sin modelo),WSH,ICE,1,1,2024-02,2024-02,24DA000000049649,2,1- UNA UNIDAD DE STATION WAGON USADO DE LA MARCA TOYOTA MODELO WSH A¿O 2008
AUDI,AUDI,R8 5,R8,ICE,1,1,2024-02,2024-02,24DA000000049116,1,"1 (UNA) UNIDAD DE AUTOMOVIL MARCA AUDI, MODELO R8 5.2 FSI LEGENDE, CHASSIS WUAZZZFXXP7901841"
BMW,BMW,(sin modelo),352,ICE,1,1,2024-02,2024-02,24DA000000049690,1,( 1 ) UNA UNIDAD AUTOMOVIL MARCA BMW MODELO 352 I A¿O 1989 COLOR BLANCO MOVIDO A NAFTA ( USADO )
CITROEN,CITROEN,(sin modelo),C4 CACTUS FELL,ICE,1,1,2024-02,2024-02,24DA000000052640,2,STATION WAGON CITROEN C4 CACTUS FELL 1.6 BVA FLEX CON SUS ACCESORIOS CORRESPONDIENTES
KIA,KIA,(sin modelo),SPORTAGHE,ICE,1,1,2024-02,2024-02,24DA000000058615,1,01) UN STATION WAGON USADO MARCA: KIA MODELO: SPORTAGHE A¿O: 2007 MOVIDO A DIESEL.-
TOYOTA,TOYOTA,(sin modelo),HIACE SUPER CUSTOM LIMITED,ICE,1,1,2024-02,2024-02,24DA000000053599,3,01) UNA UNIDAD DE STATION WAGON USADO MARCA TOYOTA MODELO HIACE SUPER CUSTOM LIMITED A¿O 2004
LAND ROVER,LAND ROVER,DISCOVERY 2,DISCOVERY,ICE,1,1,2024-02,2024-02,24DA000000055393,1,UNA UNIDAD STATION WAGON MARCA LAND ROVER MODELO DISCOVERY 2.0 LITRE T/C DIESEL MILD HYBRID ELECTRIC VEHICLE AWD 5 DOOR AUTO 204PS R-DYNAMIC SE A¿O MODELO 2023.-
TOYOTA,TOYOTA,2010,RUSH,ICE,1,1,2024-02,2024-02,24DA000000058411,9,01 UNIDAD DE ST. WAGON USADO MARCA:TOYOTA MODELO:RUSH A¿O DE FABRICACION:2010 A¿O MODELO:2010 COLOR:PLATA .-
TOYOTA,TOYOTA,2003,PREMIO,ICE,1,1,2024-02,2024-02,24DA000000058411,2,01 UNIDAD DE AUTOMOVIL USADO MARCA:TOYOTA MODELO:PREMIO A¿O DE FABRICACION:2003 A¿O MODELO:2003 COLOR:PLATEADO-
FIAT,FIAT,(sin modelo),SPIDER 124,ICE,1,1,2024-02,2024-02,24DA000000059303,2,01) UNA UNIDAD VEHICULO USADO FIAT SPIDER 124 A¿O:2019
MERCEDES-BENZ,MERCEDES-BENZ,(sin modelo),C200 CDO,ICE,1,1,2024-02,2024-02,24DA000000048952,2,UNA UNIDAD DE AUTOMOVIL USADO MARCA MERCEDES BENZ MODELO C200 CDO A¿O 2002 COLOR BLANCO
HONDA,HONDA,(sin modelo),FOREMAN RUBICON,ICE,1,1,2024-02,2024-02,24DA000000054535,1,1 UND CUACICLON MARCA HONDA MODELO FOREMAN RUBICON A¿O 2021.
TOYOTA,TOYOTA,(sin modelo),SENTA,ICE,1,1,2024-02,2024-02,24DA000000058076,4,01) UNA UNIDAD DE VEHICULO USADO TOYOTA SENTA AO 2006
MERCEDES-BENZ,MERCEDES-BENZ,G500 CON,G500,ICE,1,1,2024-02,2024-02,24DA000000053673,3,01) UNA UNIDAD VEHICULO TIPO ST WAGON MARCA: MERCEDES BENZ MODELO: G500 CON MOTOR NAFTERO A¿O: 2003. USADO
NISSAN,NISSAN,FAIRLADY Z CON,FAIRLADY Z,ICE,1,1,2024-02,2024-02,24DA000000053673,1,01) UNA UNIDAD VEHICULO TIPO AUTOMOVIL DESCAPOTABLE MARCA: NISSAN MODELO: FAIRLADY Z CON MOTOR NAFTERO A¿O: 2003. USADO.
NISSAN,NISSAN,SILVIA CON,SILVIA,ICE,1,1,2024-02,2024-02,24DA000000053673,2,"01) UNA UNIDAD VEHICULO TIPO AUTOMOVIL, MARCA: NISSAN MODELO SILVIA CON MOTOR NAFTERO. A¿O: 1998. USADO"
CHRYSLER,CHRYSLER,(sin modelo),300 LX,ICE,1,1,2024-02,2024-02,24DA000000059092,1,UN AUTOMOVIL USADO MARCA CHRYSLER MODELO 300 LX A¿O 2011
PEUGEOT,PEUGEOT,(sin modelo),607,ICE,1,1,2024-02,2024-02,24DA000000065902,1,1 UNIDAD AUTOMOVIL USADO MARCA PEUGEOT MODELO 607 A¿O 2001 COLOR VERDE OSCURO.-
MERCEDES-BENZ,MERCEDES-BENZ,2024,C 200,ICE,1,1,2024-02,2024-02,24DA000000062185,3,"1 UNID AUTOMOVIL, MARCA MERCEDES BENZ, TIPO C 200, AO DE FABRICACION 2023, AO MODELO 2024, CON SUS ACCESORIOS NORMALES Y CORRESPONDIENTES"
TOYOTA,TOYOTA,(sin modelo),GRAVIA,ICE,1,1,2024-02,2024-02,24DA000000065096,3,01 UNA UNIDAD STATION WAGON USADO MARCA TOYOTA MODELO GRAVIA A¿O 1999 COLOR PLATA
HYUNDAI,HYUNDAI,(sin modelo),IONIQ5,BEV,1,1,2024-02,2024-02,24DA000000065334,1,"LOS DEMAS VEHICULOS PROPULSADOS UNICAMENTE CON MOTOR ELECTRICO, VEHICULOS PARA EL TRANSPORTE DE PERSONAS, MARCA: HYUNDAI , MOD.: IONIQ5, ELECTRICO 58 KW, AUT. GLS."
CITROEN,CITROEN,(sin modelo),XSARA PICASSO,ICE,1,1,2024-02,2024-02,24DA000000061173,1,1) UNA UNIDAD DE VEHICULO USADO MARCA CITROEN MODELO XSARA PICASSO A¿O 2003 COLOR BEIGE
NISSAN,NISSAN,(sin modelo),LEAF,ICE,1,1,2024-02,2024-02,24DA000000064558,1,01 UNA UNIDAD AUTOMOVIL USADO MARCA NISSAN MODELO LEAF A¿O 2011 COLOR PLATA
BMW,BMW,(sin modelo),320,ICE,1,1,2024-02,2024-02,24DA000000070013,1,1 UNA UNIDAD AUTOMOVIL USADO MARCA BMW MODELO 320 I A¿O 2015 COLOR BLANCO.-
MERCEDES-BENZ,MERCEDES-BENZ,(sin modelo),GLE 350 D 4MATIC,ICE,1,1,2024-02,2024-02,24DA000000070897,7,UNA UNIDAD DE VEHICULO USADO TIPO STATION WAGON MARCA MERCEDES BENZ MODELO GLE 350 D 4MATIC A¿O 2019 MOVIDO A DIESEL
AUDI,AUDI,Q5 2,Q5,HEV,1,1,2024-02,2024-02,24DA000000063204,1,"CON 1 (UNO) UNIDAD DE STATION WAGON, MARCA: AUDI MODELO: Q5 2.0 TDI S LINE 2023 CHASIS: WAUZZZFY3P2048618"
KYMCO,KYMCO,(sin modelo),MX 500,ICE,1,1,2024-02,2024-02,24DA000000061445,2,1 UNA UNIDAD DE CUACICLON USADO MARCA KYMCO MODELO MX 500 A¿O 2017 COLOR VERDE
SSANGYONG,KGM,(sin modelo),KORANDO SPORT,ICE,1,1,2024-02,2024-02,24DA000000084830,10,UN STATION WAGON USADO MARCA SSANGYONG MODELO KORANDO SPORT A¿O 2.002.-
JEEP,JEEP,(sin modelo),WRANGLER UNLIMITED,ICE,1,1,2024-02,2024-02,24DA000000085703,1,1 UNA UNIDAD STATION WAGON USADO MARCA JEEP MODELO WRANGLER UNLIMITED A¿O 2010 COLOR NEGRO.-
TOYOTA,TOYOTA,(sin modelo),GRAMD HIACE,ICE,1,1,2024-02,2024-02,24DA000000076117,8,01 UNA UNIDAD STATION WAGON USADO MARCA TOYOTA MODELO GRAMD HIACE A¿O 1999 COLOR PERA/GRIS-
MITSUBISHI,MITSUBISHI,(sin modelo),LANCER EVOLUTION X GSR,ICE,1,1,2024-02,2024-02,24DA000000075022,8,UN AUTOMOVIL USADO MARCA MITSUBISHI MODELO LANCER EVOLUTION X GSR A¿O 2.010.-
MERCEDES-BENZ,MERCEDES-BENZ,(sin modelo),SLK230,ICE,1,1,2024-02,2024-02,24DA000000081210,2,01 UNA UNIDAD AUTOMOVIL USADO MARCA MERCEDES BENZ MODELO SLK230 A¿O 2000 COLOR ROJO
ROVER,ROVER,(sin modelo),MINI COOPER,ICE,1,1,2024-02,2024-02,24DA000000085372,1,1 UND AUTOMOVIL MODELO MINI COOPER A¿O 1994 COLOR BLANCO PERLA
PORSCHE,PORSCHE,(sin modelo),CARRERA 911,ICE,1,1,2024-02,2024-02,24DA000000085372,2,1 UND AUTOMOVIL MODELO CARRERA 911 A¿O 2006 COLOR BLANCO
PEUGEOT,PEUGEOT,(sin modelo),2008ACTIVE,ICE,1,1,2024-02,2024-02,24DA000000074636,2,STATION WAGON PEUGEOT 2008ACTIVE 1.6 FLEX 115HP AT6 CON SUS ACCESORIOS CORRESPONDIENTES
BMW,BMW,(sin modelo),X1 M35I XDRIVE,ICE,1,1,2024-02,2024-02,24DA000000082353,2,"1 UNIDAD DE STATION WAGON MARCA: BMW, MODELO:: X1 M35I XDRIVE"
ASTON MARTIN,ASTON MARTIN,(sin modelo),DBX 707,ICE,1,1,2024-02,2024-02,24DA000000085430,1,UNA UNID. STATION WAGON USADO MARCA ASTON MARTIN COLOR TURQUESA MODELO DBX 707 A¿O 2023
HONDA,HONDA,(sin modelo),CIVIC EP3,ICE,1,1,2024-02,2024-02,24DA000000087257,3,1 UNIDAD DE AUTOMOVIL USADO HONDA CIVIC EP3 A¿O 2003 CHASIS:EP3-1002970 2000CC COLOR BLANCO
HONDA,HONDA,(sin modelo),INTEGRA TYPE R,ICE,1,1,2024-02,2024-02,24DA000000087257,1,1 UNIDAD DE AUTOMOVIL USADO HONDA INTEGRA TYPE R A¿O 2003 CHASIS:DC5-2300298 2000CC COLOR:BLANCO
NISSAN,NISSAN,(sin modelo),SILVIA S14,ICE,1,1,2024-02,2024-02,24DA000000087257,2,1 UNIDAD DE AUTOMOVIL USADO NISSAN SILVIA S14 A¿O 1998 2000CC CHASIS:S14-151504 COLOR:GRIS
TOYOTA,TOYOTA,(sin modelo),AUTRIS,ICE,1,1,2024-02,2024-02,24DA000000087518,6,1 UNIDAD DE AUTOMOVIL USADO MARCA:TOYOTA MODELO:AUTRIS A¿O:2010 COLOR:PERLA
PEUGEOT,PEUGEOT,2008ACTIVE 1,2008ACTIVE,ICE,1,1,2024-02,2024-02,24DA000000080187,2,STATION WAGON PARA EL TRANSPORTE DE PERSONAS MARCA PEUGEOT MODELO 2008ACTIVE 1.6 FLEX 115HP AT6 CON SUS ACCESORIOS CORRESPONDIENTES
MERCEDES-BENZ,MERCEDES-BENZ,(sin modelo),CLK 280,ICE,1,1,2024-02,2024-02,24DA000000090281,1,"LOS DEMAS; EN: (01) UNIDAD MERCEDES BENZ, USADO; MODELO: CLK 280; COLOR: NEGRO; A¿O: 2005; CHASIS NRO: WDB2094541F85982"
MERCEDES-BENZ,MERCEDES-BENZ,2024,S 500 4MATIC,ICE,1,1,2024-02,2024-02,24DA000000088516,1,"1 UNID AUTOMOVIL, MARCA: MERCEDES BENZ, TIPO: S 500 4MATIC, A¿O DE FABRICACION: 2023, A¿O MODELO: 2024, CON SUS ACCESORIOS NORMALES Y CORRESPONDIENTES.-"
IVECO,IVECO,(sin modelo),EUROTECH 190E 27,ICE,1,1,2024-02,2024-02,24DA000000049555,2,UNA UNIDAD DE VEHICULO USADO TIPO CAMION CON CHASIS MOTOR Y CABINA MARCA IVECO MODELO EUROTECH 190E 27 A¿O 1994 MOVIDO A DIESEL
MERCEDES-BENZ,MERCEDES-BENZ,2025,ACCEO 915/37,ICE,1,1,2024-02,2024-02,24DA000000047772,1,"1 UNID CAMION, MARCA MERCEDES BENZ, TIPO ACCEO 915/37, AO DE FABRICACION 2024, AO MODELO 2025, CON SUS ACCESORIOS NORMALES Y CORRESPONDIENTES.-"
SCANIA,SCANIA,(sin modelo),MOLDELO R124-360,ICE,1,1,2024-02,2024-02,24DA000000054313,1,UNA UNIDAD DE CAMION USADO MARCA SCANIA MOLDELO R124-360 A¿O 2000.-
IVECO,IVECO,(sin modelo),DAYLI,ICE,1,1,2024-02,2024-02,24DA000000065902,3,1 UNIDAD FURGONETA USADO MARCA IVECO MODELO DAYLI A¿O 2003 COLOR BLANCO.-
IVECO,IVECO,(sin modelo),ML100E15,ICE,1,1,2024-02,2024-02,24DA000000065902,2,1 UNIDAD CAMION USADO MARCA IVECO MODELO ML100E15 A¿O 2000 COLOR GRIS.-
NISSAN,NISSAN,(sin modelo),NAVARA NP300,ICE,1,1,2024-02,2024-02,24DA000000071860,2,01) UNA CAMIONETA USADA MARCA. NISSAN MODELO: NAVARA NP300 A¿O: 2016 MOVIDO A DIESEL.-
ISUZU,ISUZU,(sin modelo),RODEO,ICE,1,1,2024-02,2024-02,24DA000000070664,3,UNA UNIDAD CAMIONETA USADA MARCA ISUZU MODELO RODEO A¿O 2006
NISSAN,NISSAN,(sin modelo),MOSELO DATSUN,ICE,1,1,2024-02,2024-02,24DA000000065893,1,UNA CAMIONETA USADA MARCA NISSAN MOSELO DATSUN A¿O 2.001.-(TRACCIO 4X4)
MERCEDES-BENZ,MERCEDES-BENZ,(sin modelo),LATEGO 817,ICE,1,1,2024-02,2024-02,24DA000000085416,1,UNA UNIDAD DE CAMION USADO MARCA MERCEDES BENZ MODELO LATEGO 817 A¿O 2000.-
JOHN DEERE,JOHN DEERE,(sin modelo),1510G ARTICULADO,ICE,1,1,2024-02,2024-02,24DA000000074256,1,"01.-UNIDAD FORWARDER, MOD. 1510G ARTICULADO (TRANSPORTADOR DE TRONCOS AUTOPROPULSADO CON GRUA INCORPORADO), COLOR VERDE, ANIO DE FAB. 2023, MOD/ANIO 2024, CON SUS CORRESP.ACCESORIOS.-"
OPEL,OPEL,COMBO VAN 1,COMBO VAN,ICE,1,1,2024-02,2024-02,24DA000000079319,1,"01 UNIDAD DE VEHICULO TIPO FURGON MARCA OPEL MODELO COMBO VAN 1.3 CDTI USADO, A¿O 2016"
MAZDA,MAZDA,(sin modelo),B 2500,ICE,1,1,2024-02,2024-02,24DA000000088557,10,01) UNA UNIDAD DE VEHICULO USADO MAZDA B 2500 AO 2005
VOLVO,VOLVO,(sin modelo),FM742,ICE,1,1,2024-02,2024-02,24DA000000087789,1,"UNA UNIDAD CAMION CHASIS CON CABINA MARCA VOLVO, MOD. FM742, A¿O 1999. USADO"
HYUNDAI,HYUNDAI,SANTA FE GL 2,SANTA FE GL,ICE,1,1,2024-03,2024-03,24DA000000097481,1,"1 UNID VEHICULO MARCA HYUNDAI, MODELO: SANTA FE GL 2.4L, 4X4, A¿O: 2018."
TOYOTA,TOYOTA,(sin modelo),TERCEL,ICE,1,1,2024-03,2024-03,24DA000000091819,4,"UNA UNIDAD DE AUTOMOVIL USADO, MARCA:TOYOTA MODELO:TERCEL A¿O:1997.-"
RENAULT,RENAULT,(sin modelo),MEGANE SCENIC,ICE,1,1,2024-03,2024-03,24DA000000096646,1,UNA UNIDAD DE VEHICULO USADO TIPO STATION WAGON MARCA RENAULT MODELO MEGANE SCENIC A¿O 2004 MOVIDO A DIESEL
GAC,GAC,GS8 GX 2,GS8 GX,ICE,1,1,2024-03,2024-03,24DA000000100921,4,"LOS DEM¿S; EN: AUTOMOVIL TIPO STATION WAGON, MODELO GS8 GX 2.0 TB 4WD AT, 4X4, NAFTERO, ANO FABRICACI¿N 2023, ANO MODELO 2024, CON AIRE ACONDICIONADO Y DEM¿S ACCESORIOS.-"
GAC,GAC,EMPOW GS 1,EMPOW GS,ICE,1,1,2024-03,2024-03,24DA000000100921,5,"LOS DEM¿S; EN: AUTOMOVIL TIPO STATION WAGON, MODELO EMPOW GS 1.5 TB AT, 4X2, NAFTERO, ANO FABRICACI¿N 2023, ANO MODELO 2024, CON AIRE ACONDICIONADO Y DEM¿S ACCESORIOS.-"
GAC,GAC,EMPOW GE 1,EMPOW GE,ICE,1,1,2024-03,2024-03,24DA000000100921,9,"LOS DEM¿S; EN: AUTOMOVIL TIPO STATION WAGON, MODELO EMPOW GE 1.5 TB AT, 4X2, NAFTERO, ANO FABRICACI¿N 2023, ANO MODELO 2024, CON AIRE ACONDICIONADO Y DEM¿S ACCESORIOS.-"
TOYOTA,TOYOTA,(sin modelo),VITRZ RS,ICE,1,1,2024-03,2024-03,24DA000000110335,6,01) UNA UNIDAD DE VEHICULO USADO TOYOTA VITRZ RS AO 2008
MERCEDES-BENZ,MERCEDES-BENZ,(sin modelo),GLA 250 4 MATIC,ICE,1,1,2024-03,2024-03,24DA000000116891,1,1) - UNA UNIDAD DE VEHICULO USADO MARCA MERCEDES BENZ MODELO GLA 250 4 MATIC A¿O 2015 COLOR GRIS PLATA
MERCEDES-BENZ,MERCEDES-BENZ,(sin modelo),GLC 220 D,ICE,1,1,2024-03,2024-03,24DA000000114595,10,01) UNA UNIDAD DE VEHICULO USADO MERCEDES BENZ GLC 220 D AO 2017
KIA,KIA,(sin modelo),RETONA,ICE,1,1,2024-03,2024-03,24DA000000120798,1,01) UN STATION WAGON USADO MARCA: KIA MODELO: RETONA A¿O: 2003 MOVIDO A DIESEL.-
POLARIS,POLARIS,(sin modelo),RANGER EV AVALANCHE GRAY,ICE,1,1,2024-03,2024-03,24DA000000122089,1,CON 1 (UNA) UNIDAD DE: VEHICULO UTILITARIO MARCA POLARIS MODELO RANGER EV AVALANCHE GRAY A¿O 2016 USADO.-
FORD,FORD,(sin modelo),EXPEDITION,ICE,1,1,2024-03,2024-03,24DA000000114644,5,CON 1 (UNA) UNIDAD SUV FORD USADO MODELO EXPEDITION A{O 2023.-
MERCEDES-BENZ,MERCEDES-BENZ,(sin modelo),2024EQA 260,BEV,1,1,2024-03,2024-03,24DA000000123237,1,"MERCEDES BENZ, 2024EQA 260, 4463*1834*1619MM, 100% ELECTRIC SUV, 5, WHITE+BLACK, LE49N0CB2PL035986"
BMW,BMW,(sin modelo),MINI COOPER D CLUBMAN,ICE,1,1,2024-03,2024-03,24DA000000130844,1,1 UNA UNIDAD AUTOMOVIL USADO MARCA BMW MODELO MINI COOPER D CLUBMAN A¿O 2018 COLOR GRIS.-
TOYOTA,TOYOTA,(sin modelo),VGITZ JEWELA,ICE,1,1,2024-03,2024-03,24DA000000125548,7,UNA UNIDAD DE VEHICULO USADO TIPO AUTOMOVIL MARCA TOYOTA MODELO VGITZ JEWELA A¿O 2012 MOVIDO A GASOLINA
MERCEDES-BENZ,MERCEDES-BENZ,(sin modelo),S350,ICE,1,1,2024-03,2024-03,24DA000000123808,1,UN AUTOMOVIL MORTUARIO USADO MARCA MERCEDES BENZ MODELO S350 A¿O 2.006.-
HYUNDAI,HYUNDAI,(sin modelo),IONIQ 5,BEV,1,1,2024-03,2024-03,24DA000000127632,1,01) UNA UNIDAD ST. WAGON NUEVO HYUNDAI IONIQ 5 A¿O:2023.-
MERCEDES-BENZ,MERCEDES-BENZ,(sin modelo),SPRINTER 411,ICE,1,1,2024-03,2024-03,24DA000000095328,1,1 UNA UNIDAD CAMION USADO MARCA MERCEDES BENZ MODELO SPRINTER 411 A¿O 2005 COLOR BLANCO.-
SCANIA,SCANIA,(sin modelo),P94D 220,ICE,1,1,2024-03,2024-03,24DA000000093019,2,"UN CAMION USADO MARCA SCANIA MODELO P94D 220 A¿O 1.997.-(CHASIS, MOTOR Y CABINA)"
SUZUKI,SUZUKI,(sin modelo),HIJET,ICE,1,1,2024-03,2024-03,24DA000000100391,11,01 VEHICULO USADO TIPO CAMIONETA DE LA MARCA SUZUKI MODELO HIJET A¿O 1997 MOVIDO A GASOLINA
PEUGEOT,PEUGEOT,(sin modelo),PICK UP 504,ICE,1,1,2024-03,2024-03,24DA000000113198,1,"1) UNA UNIDAD DE CAMIONETA MARCA PEUGEOT MODELO PICK UP 504 DE ORIGEN ARGENTINA DE A¿O DE FABRICACION 1995, F18 NRO. 87067.-"
SCANIA,SCANIA,(sin modelo),P93/23,ICE,1,1,2024-03,2024-03,24DA000000120229,1,1 UNA UNIDAD CAMION USADO MARCA SCANIA MODELO P93/23 A¿O 1990 COLOR BLANCO.-
HONDA,HONDA,(sin modelo),PILOT,ICE,1,1,2024-04,2024-04,24DA000000134449,1,"UNA UNIDAD DE STATION WAGON USADA, MARCA HONDA MODELO PILOT A¿O 2019"
MERCEDES-BENZ,MERCEDES-BENZ,2024,E 220 D BERLINA,ICE,1,1,2024-04,2024-04,24DA000000141742,1,"1 UNID AUTOMOVIL, MARCA: MERCEDES BENZ, TIPO: E 220 D BERLINA, A¿O MODELO: 2024 CON SUS ACCESORIOS NORMALES Y CORRESPONDIENTES.-"
FIAT,FIAT,(sin modelo),124 SPIDER,ICE,1,1,2024-04,2024-04,24DA000000140850,1,UNA UNIDAD VEHICULO USADO FIAT 124 SPIDER A¿O:2018.-
LAND ROVER,LAND ROVER,(sin modelo),RANGE-ROVER EVOQUE SE,ICE,1,1,2024-04,2024-04,24DA000000142454,1,( 1 ) UNA UNIDAD STATION WAGON LAND ROVER MODELO RANGE-ROVER EVOQUE SE A¿O 2020 COLOR GRIS MOVIDO A NAFTA ( USADO )
NISSAN,NISSAN,(sin modelo),AD EXPERT,ICE,1,1,2024-04,2024-04,24DA000000134535,5,"UNA UNIDAD DE STATION WAGON USADO, MARCA:NISSAN MODELO:AD EXPERT A¿O:2009.-"
BMW,BMW,(sin modelo),1 118D,ICE,1,1,2024-04,2024-04,24DA000000137504,1,1 UNA UNIDAD AUTOMOVIL USADO MARCA BMW MODELO 1 118D A¿O 2005 COLOR NEGRO.-
MERCEDES-BENZ,MERCEDES-BENZ,(sin modelo),C CLASS,ICE,1,1,2024-04,2024-04,24DA000000148214,5,01) UN AUTOMOVIL USADO MARCA MERCEDES BENZ MODELO C CLASS A¿O 2012.-
MERCEDES-BENZ,MERCEDES-BENZ,(sin modelo),E 300 D,ICE,1,1,2024-04,2024-04,24DA000000158485,1,UNA UNIDAD DE AUTOMOVIL USADO MARCA MERCEDES BENZ MODELO E 300 D A¿O 1995 COLOR BEIGE DIESEL 3000 CC.
CHEVROLET,CHEVROLET,(sin modelo),"TRACKER PREMIER,5P76BS",ICE,1,1,2024-04,2024-04,24DA000000149771,1,"1 UNID. VEHICULO STATION WAGON MARCA CHEVROLET, MOD. TRACKER PREMIER,5P76BS,PASAJERO, 5 LUG. 5 PTAS,MOTOR FLEX E100 * 3 CIL. 1.2L TURBO, A¿O DE FAB. 2024, MOD. A¿O 2025, C/ACC. NORMALES Y OPCIONALES.-"
MERCEDES-BENZ,MERCEDES-BENZ,E 220 D BERLINA CON,E 220 D BERLINA,ICE,1,1,2024-04,2024-04,24DA000000162831,4,"1) UNA UNIDAD DE VEHICULO MARCA MERCEDES BENZ MODELO: E 220 D BERLINA CON VIN N: W1KLF0EB7RA024704 Y MOTOR N: 65482080161548, A¿O MODELO: 2024"
BMW,BMW,(sin modelo),1M,ICE,1,1,2024-04,2024-04,24DA000000163283,6,UNA UNIDAD DE VEHICULO USADO TIPO AUTOMOVIL MARCA BMW MODELO 1M A¿O 2012 MOVIDO A GASOLINA
MERCEDES-BENZ,MERCEDES-BENZ,SPRINTER 518CDI V6 3,SPRINTER 518CDI V6,ICE,1,1,2024-04,2024-04,24DA000000164663,1,1 UND TRUCK USADO MARCA MERCEDES BENZ MODELO SPRINTER 518CDI V6 3.0L A¿O DE FAB. 2007 DIESEL.
JETOUR,JETOUR,(sin modelo),DASHING X1 GLX,ICE,1,1,2024-04,2024-04,24DA000000170146,2,DE CILINDRADA SUPERIOR A 1.500 CM3. PERO INFERIOR O IGUAL A 3000CC EN:UN VEHICULO MARCA JETOUR MODELO DASHING X1 GLX A¿O DE FAB 2023 MOD A¿O 2024 CON SUS ACCESORIOS NORMALES.-
MERCEDES-BENZ,MERCEDES-BENZ,(sin modelo),SLK 250,ICE,1,1,2024-04,2024-04,24DA000000174676,1,UNA UNIDAD AUTOMOVIL USADO; MARCA: MERCEDES BENZ MODELO: SLK 250 A¿O: 2015
MERCEDES-BENZ,MERCEDES-BENZ,(sin modelo),CLS 635 AMG,ICE,1,1,2024-04,2024-04,24DA000000172688,8,"UNA UNIDAD DE AUTOMOVIL USADO, MARCA:MERCEDES BENZ MODELO:CLS 635 AMG A¿O:2017.-"
MITSUBISHI,MITSUBISHI,(sin modelo),EVOLUTION VII,ICE,1,1,2024-04,2024-04,24DA000000175900,4,01) UNA UNIDAD DE VEHICULO USADO MITSUBISHI EVOLUTION VII AO 2002
TOYOTA,TOYOTA,(sin modelo),VIYTZ,ICE,1,1,2024-04,2024-04,24DA000000176579,3,01 VEHICULO USADO TIPO AUTOMOVIL DE LA MARCA TOYOTA MODELO VIYTZ A¿O 2016 MOVIDO A GASOLINA
TOYOTA,TOYOTA,(sin modelo),HIKUX,ICE,1,1,2024-04,2024-04,24DA000000131648,7,01 UNA UNIDAD CAMIONETA DOBRE CABINA USADO MARCA TOYOTA MODELO HIKUX A¿O 1997 COLOR NEGRO/GRIS
NISSAN,NISSAN,(sin modelo),L80.96,ICE,1,1,2024-04,2024-04,24DA000000141787,1,01) UN CAMION CON CHASIS Y CABINA USADO MARCA. NISSAN MODELO: L80.96 A¿O: 1998 MOVIDO A DIESEL.-
FUSO,FUSO,2024,(sin modelo),ICE,1,1,2024-04,2024-04,24DA000000164779,1,"1 UNID CAMION, MARCA: MITSUBISHI FUSO, TIPO: FAV1PH1LNJA, A¿O DE FABRICACION: 2023, A¿O MODELO: 2024, CON SUS ACCESORIOS NORMALES Y CORRESPONDIENTES.-"
RADAR,RADAR,2025,RD6,BEV,1,1,2024-04,2024-04,24DA000000166162,1,UNA UNIDAD CAMIONETA MARCA RADAR MODELO RD6 ELECTRIC VEHICLE A¿O MODELO 2025-.
SCANIA,SCANIA,(sin modelo),R113-360,ICE,1,1,2024-04,2024-04,24DA000000163539,1,UNA UNIDAD DE CAMION 6X4 CON CARROCERIA METALICA USADO MARCA SCANIA MODELO R113-360 A¿O 1992.-
SCANIA,SCANIA,(sin modelo),114G 340,ICE,1,1,2024-04,2024-04,24DA000000170114,1,01) UN CAMION CON GRUA GRUA USADO MARCA: SCANIA MODELO: 114G 340 A¿O: 1999 MOVIDO A DIESEL.-
BMW,BMW,(sin modelo),X4 XDRIVE20I,ICE,1,1,2024-05,2024-05,24DA000000189452,7,"1 UNDIAD DE STATION WAGON MARCA: BMW, MODELO:: X4 XDRIVE20I"
BMW,BMW,(sin modelo),X1 SDRIVE18I,ICE,1,1,2024-05,2024-05,24DA000000188332,2,"1 UNIDAD DE STATION WAGON MARCA: BMW, MODELO:: X1 SDRIVE18I"
TOYOTA,TOYOTA,(sin modelo),CALDINA GT-FOUR,ICE,1,1,2024-05,2024-05,24DA000000192163,10,01 VEHICULO USADO TIPO STATION WAGON MARCA TOYOTA MODELO CALDINA GT-FOUR A¿O 2004 MOVIDO A GASOLINA
MERCEDES-BENZ,MERCEDES-BENZ,2024,GLC 220 4MATIC COUPE,ICE,1,1,2024-05,2024-05,24DA000000193755,2,"1 UNID CAMIONETA, MARCA MERCEDES BENZ, TIPO GLC 220 4MATIC COUPE, AO DE FABRICACION 2024, AO MODELO 2024, CON SUS ACCESORIOS NORMALES Y CORRESPONDIENTES.-"
CHRYSLER,CHRYSLER,(sin modelo),GRAND TOWN Y COUNTRY,ICE,1,1,2024-05,2024-05,24DA000000189120,1,"UNA UNIDAD DE STATION WAGON USADO, MARCA:CHRYSLER MODELO:GRAND TOWN Y COUNTRY LX A¿O:2012.-"
DAIHATSU,DAIHATSU,(sin modelo),BE GO,ICE,1,1,2024-05,2024-05,24DA000000183434,2,UNA UNIDAD DE STATION WAGON USADO MARCA DAIHATSU MODELO BE GO A¿O 2009 COLOR GRIS
JINLI,JINLI,(sin modelo),JL250ST,ICE,1,1,2024-05,2024-05,24DA000000184805,59,01) UN CUATRICILO MARCA: JINLI MODELO: JL250ST A¿O: 2008 MOVIDO GASOLINA ORIGEN CHINA
VOLKSWAGEN,VOLKSWAGEN,(sin modelo),OTHER,ICE,1,1,2024-05,2024-05,24DA000000199056,3,01 UNA UNIDAD AUTOMOVIL CONVERTIBLE USADO MARCA VOLKSWAGEN MODELO OTHER A¿O 1994 COLOR ROJO
LAND ROVER,LAND ROVER,DISCOVERY SPORTS 2,DISCOVERY SPORTS,ICE,1,1,2024-05,2024-05,24DA000000196720,1,"1 UNID VEHICULO, USADO, MARCA: LAND ROVER, MODELO: DISCOVERY SPORTS 2.0D, A¿O: 2018."
MERCEDES-BENZ,MERCEDES-BENZ,(sin modelo),G320,ICE,1,1,2024-05,2024-05,24DA000000217167,1,01) UNA UNIDAD DE VEHICULO USADO MERCEDES BENZ G320. A¿O: 2001
MERCEDES-BENZ,MERCEDES-BENZ,(sin modelo),GLA 220 AMG,ICE,1,1,2024-05,2024-05,24DA000000206052,1,UNA UNIDAD DE STATION WAGON MARCA MERCEDES BENZ MODELO GLA 220 AMG A¿O 2022 COLOR AZUL
RENAULT,RENAULT,(sin modelo),LUTECIA,ICE,1,1,2024-05,2024-05,24DA000000209711,3,01 UNA UNIDAD AUTOMOVIL USADO MARCA RENAULT MODELO LUTECIA A¿O 2010 COLOR PLATA
MERCEDES-BENZ,MERCEDES-BENZ,AMG GLE 53 4MATIC+ CON,AMG GLE 53 4MATIC+,ICE,1,1,2024-05,2024-05,24DA000000206317,6,1) UNA UNIDAD VEHICULO MARCA MERCEDES BENZ MODELO: AMG GLE 53 4MATIC+ CON VIN NO: W1NFB6BB6RB177295 Y MOTOR NO: 25683030061921 A¿O MODELO: 2024.---
TOYOTA,TOYOTA,(sin modelo),MDODELO CROWN,ICE,1,1,2024-05,2024-05,24DA000000209070,1,"UN VEHICULO USADO, MARCA TOYOTA, MDODELO CROWN"
MERCEDES-BENZ,MERCEDES-BENZ,(sin modelo),E-CLASS 350,ICE,1,1,2024-05,2024-05,24DA000000215424,5,UN AUTOMOVIL USADO MARCA MERCEDES BENZ MODELO E-CLASS 350 A¿O 2.013.-
MERCEDES-BENZ,MERCEDES-BENZ,(sin modelo),CLK 350,ICE,1,1,2024-05,2024-05,24DA000000210940,1,1 UNIDAD AUTOMOVIL USADO MARCA MERCEDES BENZ MODELO CLK 350 A¿O 2007 COLOR BLANCO.-
DAIHATSU,DAIHATSU,(sin modelo),ATRAI,ICE,1,1,2024-05,2024-05,24DA000000219097,5,1 UNA UNIDAD DE STATION WAGON USADO MARCA DAIHATSU MODELO ATRAI A¿O 2007 COLOR NEGRO
HITACHI,HITACHI,(sin modelo),HIC-863WH-J-H-N,ICE,1,1,2024-05,2024-05,24DA000000220030,5,"UNA UNIDAD DE CARRO DEL GOLF ELECTRICO USADO, MARCA:HITACHI MODELO:HIC-863WH-J-H-N A¿O:2000.-"
JEEP,JEEP,(sin modelo),GRAND CHEROKEE TRAILHAWK,PHEV,1,1,2024-05,2024-05,24DA000000218943,1,UNA UNIDAD DE VEHICULO USADO JEEP GRAND CHEROKEE TRAILHAWK A¿O:2023
JEEP,JEEP,(sin modelo),GRAND CHEROKEE 4XE,PHEV,1,1,2024-05,2024-05,24DA000000218943,2,01) UNA UNIDAD VEHICULO JEEP GRAND CHEROKEE 4XE A¿O:2023
SUZUKI,SUZUKI,(sin modelo),GRAND VITARA,ICE,1,1,2024-05,2024-05,24DA000000225169,1,"UNIDAD VEHICULO USADO,MARCA: SUZUKI GRAND VITARA 2006,3 PUERTAS, CHASSIS: JSAJTA74V00115169, NAFTERO"
HONDA,HONDA,(sin modelo),CR-X,ICE,1,1,2024-05,2024-05,24DA000000221786,4,1 UND AUTOMOVIL MODELO CR-X DEL SOL A¿O 1993 COLOR AZUL
TOYOTA,TOYOTA,(sin modelo),GRANDHIACE,ICE,1,1,2024-05,2024-05,24DA000000221592,5,01 UNA UNIDAD STATION WAGON USADO MARCA TOYOTA MODELO GRANDHIACE A¿O 2000 COLOR PLATEADO
MERCEDES-BENZ,MERCEDES-BENZ,(sin modelo),C300 4MATIC,ICE,1,1,2024-05,2024-05,24DA000000221836,1,1 UNA UNIDAD AUTOIMOVIL USADO MARCA MERCEDES BENZ MODELO C300 4MATIC A¿O 2018 COLOR BLANCO.-
MERCEDES-BENZ,MERCEDES-BENZ,(sin modelo),612D,ICE,1,1,2024-05,2024-05,24DA000000180139,2,UNA UNIDAD DE CAMION USADO MARCA MERCEDES BENZ MODELO 612D A¿O 1999 COLOR ROJO
SCANIA,SCANIA,(sin modelo),MODEO,ICE,1,1,2024-05,2024-05,24DA000000184341,1,UNA UNIDAD CHASSIS CON MOTOR Y CABINA MARCA: SCANIA MODEO: P114 A¿O: 2003. DIESEL.-
PEUGEOT,PEUGEOT,BOXER HDI 2,BOXER HDI,ICE,1,1,2024-05,2024-05,24DA000000185928,1,1)UNA UNIDAD FURGON USADO;MARCAPEUGEOT;MODELO BOXER HDI 2.2
NISSAN,NISSAN,(sin modelo),CANTER,ICE,1,1,2024-05,2024-05,24DA000000190101,1,01 VEHICULO USADO TIPO CAMION DOBLE CABINA DE LA MARCA NISSAN MODELO CANTER A¿O 2009 MOVIDO A DIESEL
VOLVO,VOLVO,(sin modelo),FM9/340,ICE,1,1,2024-05,2024-05,24DA000000183971,1,LOS DEMAS EN: (01) UNA UNIDAD TIPO CAMION CISTERNA CAPACIDAD DE 25500 LITROS MARCA VOLVO MODELO FM9/340 8X2 6* A¿O 2005 COLOR AMARILLO
SCANIA,SCANIA,(sin modelo),93M 220,ICE,1,1,2024-05,2024-05,24DA000000195899,1,UNA UNIDAD DE VEHICULO USADO TIPO CAMION CON CHASIS MOTOR Y CABINA MARCA SCANIA MODELO 93M 220 A¿O 1994 MOVIDO A DIESEL
SCANIA,SCANIA,(sin modelo),94 220,ICE,1,1,2024-05,2024-05,24DA000000219574,1,UNA UNIDAD CAMION USADO MARCA SCANIA MODELO 94- 220 A¿O 1998
HYUNDAI,HYUNDAI,(sin modelo),MOEDELO I40,ICE,1,1,2024-06,2024-06,24DA000000230465,3,01) UN AUTOMOVIL USADO MARCA HYUNDAI MOEDELO I40 A¿O 2014
WULING,WULING,(sin modelo),BINGO VERSION YUEXING+,BEV,1,1,2024-06,2024-06,24DA000000230403,1,1 UNIDAD VEHICULO ELECTRICO MARCA WULING MODELO BINGO VERSION YUEXING+ A¿O 2023
BMW,BMW,(sin modelo),328I SERIES,ICE,1,1,2024-06,2024-06,24DA000000236307,1,1 UND AUTOMOVIL MODELO 328I SERIES A¿O 2015 COLOR BLANCO
TOYOTA,TOYOTA,(sin modelo),HILUZ SURF,ICE,1,1,2024-06,2024-06,24DA000000237371,3,"UNA UNIDAD DE STATION WAGON USADO, MARCA:TOYOTA MODELO:HILUZ SURF A¿O:1996.-"
TOYOTA,TOYOTA,(sin modelo),FUCNARGO,ICE,1,1,2024-06,2024-06,24DA000000229428,4,01) UN STATION WAGON USADO MARCA. TOYOTA MODELO: FUCNARGO A¿O: 2003 MOVIDO A GASOLINA
NISSAN,NISSAN,(sin modelo),240SX,ICE,1,1,2024-06,2024-06,24DA000000243187,2,UNA UNIDAD DE AUTOMOVIL USADO MARCA NISSAN MODELO 240SX A¿O 1995 A RESTAURAR
CADILLAC,CADILLAC,(sin modelo),CTS,ICE,1,1,2024-06,2024-06,24DA000000246525,2,01) UN AUTOMOVIKL USADO MARCA. CADILLAC MODELO: CTS A¿O: 2012 MOVIDO A GASOLINA
MINI,MINI,(sin modelo),COUNTRYMAN COOPER SD,ICE,1,1,2024-06,2024-06,24DA000000242993,1,"UNA UNIDAD DE AUTOMOVIL USADO, MARCA:MINI MODELO:COUNTRYMAN COOPER SD A¿O:2012.-"
TOYOTA,TOYOTA,(sin modelo),ARISTO V300,ICE,1,1,2024-06,2024-06,24DA000000249587,2,UN AUTOMOVIL USADO MARCA TOYOTA MODELO ARISTO V300 A¿O 2.001.-
SMART,SMART,(sin modelo),FORTWO,ICE,1,1,2024-06,2024-06,24DA000000241454,1,UNA UNIDAD DE VEHICULO USADO TIPO AUTOMOVIL MARCA SMART MODELO FORTWO A¿O 2010 MOVIDO A GASOLINA
HONDA,HONDA,(sin modelo),INTEGRATYPE R,ICE,1,1,2024-06,2024-06,24DA000000239916,1,1 UNA UNIDAD DE AUTOMOVIL USADO MARCA HONDA MODELO INTEGRATYPE R A¿O 2001 COLOR AZUL 2000CC NAFTERO
JEEP,JEEP,(sin modelo),COMPASS SPORT TF,ICE,1,1,2024-06,2024-06,24DA000000244251,1,"PARA EL TRANSPORTE DE PERSONAS SENTADAS INFERIOR O IGUAL A 6, INCLUIDO EL CONDUCTOR EN:UN VEHICULO MARCA JEEP MODELO COMPASS SPORT TF A¿O 2024 MODELO A¿O 2025 CON SUS ACCESORIOS CORRESPONDIENTES"
VOLKSWAGEN,VOLKSWAGEN,(sin modelo),TIGUAN HIGHLINE,ICE,1,1,2024-06,2024-06,24DA000000249154,1,VEHICULO USADO MARCA VOLKSWAGEN MODELO TIGUAN HIGHLINE A¿O 2021 VIN: 3VVB7AX9MM100229 EN EL ESTADO EN QUE SE ENCUENTRA SEGUN EXPEDIENTE DE LA DIRECCION DE PROCEDIMIENTOS ADUANEROS NRO 24000058789T
BMW,BMW,(sin modelo),IX2 XDRIVE30,BEV,1,1,2024-06,2024-06,24DA000000252882,1,"1 UNIDAD DE STATION WAGON MARCA: BMW, MODLEO: IX2 XDRIVE30"
TOYOTA,TOYOTA,(sin modelo),ALEX,ICE,1,1,2024-06,2024-06,24DA000000267566,12,1 UNIDAD AUTOMOVIL USADO MARCA TOYOTA MODELO ALEX A¿O 2006 COLOR PLATEADO
SMART,SMART,(sin modelo),#3 BRABUS,BEV,1,1,2024-06,2024-06,24DA000000254256,1,"01) UNA UNIDAD CAMIONETA ST WAGON CON MOTOR ELECTRICO, TRANSMISION AUTOMATICA 4X2, MARCA: SMART, MODELO: #3 BRABUS. A¿O FABRICACION: 2023, MODELO A¿O: 2023, CON SUS ACCESORIOS CORRESPONDIENTES.-"
LAND ROVER,LAND ROVER,(sin modelo),DISCOVERY 3,ICE,1,1,2024-06,2024-06,24DA000000265549,1,UN AUTOMOVIL USADO MARCA LAND ROVER MODELO DISCOVERY 3 A¿O 2008
SUBARU,SUBARU,(sin modelo),IMREZA,ICE,1,1,2024-06,2024-06,24DA000000272511,1,1- UNA UNIDAD DE AUTOMOVIL USADO DE LA MARCA SUBARU MODELO IMREZA A¿O 2010
JETOUR,JETOUR,DASHING X1 GLX 1,DASHING X1 GLX,ICE,1,1,2024-06,2024-06,24DA000000268403,1,DE CILINDRADA SUPERIOR A 1.500 CM3. PERO INFERIOR O IGUAL A 3.000CC EN: UN VEHICULO MARCA JETOUR MODELO DASHING X1 GLX 1.6T 7DCT A¿O DE FABRICACION 2024 MODELO A¿O 2025 CON ACCESORIOS NORMALES
SCANIA,SCANIA,(sin modelo),P94G-260,ICE,1,1,2024-06,2024-06,24DA000000228308,1,LOS DEMAS EN: 01) UNA UNIDAD DE CAMION CON CISTERNA MARCA SCANIA MODELO P94G-260 A¿O 2002 COLOR AZUL CHASSIS YS2P6X20001283477
SCANIA,SCANIA,(sin modelo),R 340,ICE,1,1,2024-06,2024-06,24DA000000244980,1,UNA UNIDAD DE CAMION USADO MARCA SCANIA MODELO R 340 A¿O 2008 COLOR BLANCO
MITSUBISHI,MITSUBISHI,(sin modelo),MINICAB,ICE,1,1,2024-06,2024-06,24DA000000239865,6,1 UND CAMIONETA MODELO MINICAB A¿O 1998 COLOR BLANCO
SCANIA,SCANIA,(sin modelo),92H,ICE,1,1,2024-06,2024-06,24DA000000251152,1,UNA UNIDAD CAMION CON GRUA USADA MARCA SCANIA MODELO 92H A¿O 1990
CLW,CLW,(sin modelo),CLW5250CLGT3,ICE,1,1,2024-06,2024-06,24DA000000249657,2,UNA UNIDAD CAMION BASURERO MARCA CLW MODELO CLW5250CLGT3 A¿O 2024 COLOR BLANCO
CLW,CLW,(sin modelo),CLW5200CLGT3,ICE,1,1,2024-06,2024-06,24DA000000249657,1,UNA UNIDAD CAMION BASURERO MARCA CLW MODELO CLW5200CLGT3 A¿O 2024 COLOR BLANCO
KIA,KIA,(sin modelo),BONGO 2,ICE,1,1,2024-06,2024-06,24DA000000257158,1,1 UNIDAD DE KIA BONGO 2 USADO A¿O A¿O 2011 COLOR:AZUL CHASIS;KNCSJZ74ABK603418
SCANIA,SCANIA,(sin modelo),124G 380,ICE,1,1,2024-06,2024-06,24DA000000262680,1,CHASIS MOTOR Y CABINA EN: 1 UND CAMION MARCA SCANIA MODELO 124G 380 A¿O 2005 USADO
SCANIA,SCANIA,(sin modelo),P93-210,ICE,1,1,2024-06,2024-06,24DA000000262182,2,UNA UNIDAD DE CAMION USADO MARCA SCANIA MODELO P93-210 A¿O 1989.-
MERCEDES-BENZ,MERCEDES-BENZ,(sin modelo),VARIO 814,ICE,1,1,2024-06,2024-06,24DA000000259097,2,"01 UNIDAD DE CAMION MERCEDES BENZ MODELO VARIO 814; A¿O 2003, COLOR NEGRO/GRIS; CHASIS N. WDB6703221N111321."
MERCEDES-BENZ,MERCEDES-BENZ,(sin modelo),SPRINTER 514 CDI,ICE,1,1,2024-06,2024-06,24DA000000269511,1,"LOS DEMAS VEHICULOS AUTOMOVILES PARA EL TRANSPORTE DE MERCANCIAS, EN: (1) UNA UNIDAD VEH¿CULO USADO, MARCA MERCEDES-BENZ, TIPO SPRINTER 514 CDI, CON CARROCERIA CERRADA REFRIGERADA, A¿O 2020."
CHEVROLET,CHEVROLET,(sin modelo),CAMARO LS,ICE,1,1,2024-07,2024-07,24DA000000277935,2,UNA UNIDAD VEHICULO USADO CHEVROLET CAMARO LS A¿O:2019.-
SUBARU,SUBARU,(sin modelo),IMPREZA WXR,ICE,1,1,2024-07,2024-07,24DA000000288147,2,01) UNA UNIDAD DE VEHICULO USADO SUBARU IMPREZA WXR. A¿O: 2005
MERCEDES-BENZ,MERCEDES-BENZ,(sin modelo),SLK-320,ICE,1,1,2024-07,2024-07,24DA000000273730,1,1 UND AUTOMOVIL MODELO SLK-320 A¿O 1999 COLOR PLATA
MINI,MINI,(sin modelo),ROVER,ICE,1,1,2024-07,2024-07,24DA000000275993,4,1- UNA UNIDAD DE AUTOMOVIL USADO DE LA MARCA MINI MODELO ROVER A¿O 1992
MERCEDES-BENZ,MERCEDES-BENZ,(sin modelo),E320 BLUETEC,ICE,1,1,2024-07,2024-07,24DA000000276027,1,1) UNA UNIDAD DE VEHICULO USADO MARCA MERCEDES BENZ MODELO E320 BLUETEC A¿O 2008 COLOR NEGRO
GENESIS,GENESIS,GV70 CON,GV70,ICE,1,1,2024-07,2024-07,24DA000000286758,1,"01) UNA UNIDAD CAMIONETA ST WAGON MARCA: GENESIS, MODELO: GV70 CON MOTOR DIESEL, TRANSMISION AUTOMATICA 4X4, A¿O FABRICACION: 2022, MODELO A¿O: 2023, CON SUS ACCESORIOS CORRESPONDIENTES.-"
DODGE,DODGE,(sin modelo),JOURNEY,ICE,1,1,2024-07,2024-07,24DA000000282671,1,1 UNA UNIDAD STATION WAGON USADO MARCA DODGE MODELO JOURNEY A¿O 2008 COLOR NEGRO
MERCEDES-BENZ,MERCEDES-BENZ,(sin modelo),CLS 63S AMG,ICE,1,1,2024-07,2024-07,24DA000000291373,1,UNA UNIDAD DE VEHICULO USADO TIPO AUTOMOVIL MARCA MERCEDES BENZ MODELO CLS 63S AMG A¿O 2017 MOVIDO GASOLINA
TOYOTA,TOYOTA,(sin modelo),HIACE SUPER CUSTOM G,ICE,1,1,2024-07,2024-07,24DA000000299773,3,01 UNA UNIDAD DE STATION WAGON USADO MARCA TOYOTA MODELO HIACE SUPER CUSTOM G A¿O 2002
SUBARU,SUBARU,(sin modelo),XV,ICE,1,1,2024-07,2024-07,24DA000000300222,1,"1 UNID, AUTOMOVIL MARCA SUBARU MOD. XV, A¿O DE FABRICACION 2013, MOD. A¿O 2013, C/ ACCESORIOS NORMALES Y OPCIONALES.-"
KIA,KIA,(sin modelo),SP RTAGE,ICE,1,1,2024-07,2024-07,24DA000000295939,1,1 UNA UNIDAD DE STATION WAGON USADO MARCA KIA MODELO SP¿RTAGE A¿O 2013 COLOR GRIS
MERCEDES-BENZ,MERCEDES-BENZ,(sin modelo),C-220,ICE,1,1,2024-07,2024-07,24DA000000292931,2,1- UNA UNIDAD DE AUTOMOVIL USADO DE LA MARCA MERCEDES BENZ MODELO C-220 A¿O 2013
MERCEDES-BENZ,MERCEDES-BENZ,(sin modelo),GLA 200,ICE,1,1,2024-07,2024-07,24DA000000292931,1,1- UNA UNIDAD DE AUTOMOVIL USADO DE LA MARCA MERCEDES BENZ MODELO GLA 200 A¿O 2015
MERCEDES-BENZ,MERCEDES-BENZ,(sin modelo),E-250,ICE,1,1,2024-07,2024-07,24DA000000302762,4,1 UND AUTOMOVIL MODELO E-250 A¿O 2014 COLOR GRIS
YAMAHA,YAMAHA,(sin modelo),G1,ICE,1,1,2024-07,2024-07,24DA000000310805,5,"01) UNIDAD CONTENIENDO CARRITO DE GOLF ELECTRICO YAMAHA G1 A¿O 2015, S/N J31-159082.-"
LEXUS,LEXUS,(sin modelo),CT200H,ICE,1,1,2024-07,2024-07,24DA000000313115,2,UN STATION WAGON USADO MARCA LEXUS MODELO CT200H A¿O 2.014.-
BACKDRAFT,BACKDRAFT,(sin modelo),ROADSTER,ICE,1,1,2024-07,2024-07,24DA000000314297,1,01) UNA UNIDAD DE AUTOMOVIL USADO MARCA BACKDRAFT MODELO ROADSTER A¿O 2021 (REPLICA DE SHELBY COBRA 1965)
TOYOTA,TOYOTA,(sin modelo),HULIX SURF,ICE,1,1,2024-07,2024-07,24DA000000312940,7,UN STATION WAGON USADO MARCA TOYOTA MODELO HULIX SURF A¿O 2.001.-
PEUGEOT,PEUGEOT,(sin modelo),407,ICE,1,1,2024-07,2024-07,24DA000000315563,1,1 UNA UNIDAD AUTOMOVIL USADO MARCA PEUGEOT MODELO 407 A¿O 2005 COLOR AZUL
YAMAHA,YAMAHA,(sin modelo),YFZ35O,ICE,1,1,2024-07,2024-07,24DA000000307565,1,UNA UNIDAD CUASICLON ATV YAMAHA YFZ35O USADO A¿O 2004 CHASIS NUMERO JY43GG03X4C053335
PEUGEOT,PEUGEOT,GRIFFE 1,GRIFFE,ICE,1,1,2024-07,2024-07,24DA000000311685,2,AUTOMOVIL PEUGEOT MODELO GRIFFE 1.0 T 125 CVT FLEX CON SUS ACCESORIOS CORRESPONDIENTES
MERCEDES-BENZ,MERCEDES-BENZ,(sin modelo),GLK 300 4MATIC,ICE,1,1,2024-07,2024-07,24DA000000326388,8,UNA UNIDAD DE VEHICULO USADO TIPO STATION WAGON MARCA MERCEDES BENZ MODELO GLK 300 4MATIC A¿O 2008 MOVIDO A GASOLINA
BMW,BMW,(sin modelo),325IX,ICE,1,1,2024-07,2024-07,24DA000000324359,3,1 UND AUTOMOVIL MODELO 325IX A¿O 1991 COLOR BLANCO
CADILLAC,CADILLAC,(sin modelo),KRYSTAL KOACH,ICE,1,1,2024-07,2024-07,24DA000000324359,1,1 UND STATION WAGON MODELO KRYSTAL KOACH A¿O 1999 COLOR NEGRO
LAND ROVER,LAND ROVER,(sin modelo),LR4,ICE,1,1,2024-07,2024-07,24DA000000321209,1,UNA UNIDAD DE STATION WAGON MARCA LAND ROVER MODELO LR4 A¿O 2016
MAZDA,MAZDA,(sin modelo),SPEED3,ICE,1,1,2024-07,2024-07,24DA000000322340,3,( 1 ) UNA UNIDAD AUTOMOVIL MARCA MAZDA MODELO MAZDA SPEED3 A¿O 2010 COLOR ROJO MOVIDO A NAFTA ( USADO )
MERCEDES-BENZ,MERCEDES-BENZ,(sin modelo),GLC 350D,ICE,1,1,2024-07,2024-07,24DA000000322794,1,1) UN STATION WAGON USADO MARCA MERCEDES BENZ MODELO GLC 350D A¿O 2017 COLOR GRIS.-
MERCEDES-BENZ,MERCEDES-BENZ,(sin modelo),E-350,ICE,1,1,2024-07,2024-07,24DA000000325818,1,1- UNA UNIDAD DE AUTOMOVIL USADO DE LA MARCA MERCEDES BENZ MODELO E-350 A¿O 2011
MITSUBISHI,MITSUBISHI,(sin modelo),CANTER FUSO GUTS,ICE,1,1,2024-07,2024-07,24DA000000286148,4,1- UNA UNIDAD DE CAMION CHASIS CON CABINA USADO DE LA MARCA MITSUBISHI MODELO CANTER FUSO GUTS A¿O 2009
VOLKSWAGEN,VOLKSWAGEN,LT46 2,LT46,ICE,1,1,2024-07,2024-07,24DA000000274363,1,1 UND CAMION MARCA VOLKSWAGEN MODELO LT46 2.5 A¿O 2005
SCANIA,SCANIA,(sin modelo),ATEGO 818,ICE,1,1,2024-07,2024-07,24DA000000281874,3,"CHASIS CON MOTOR Y CABINA; EN: 01) UNIDAD MERCEDES BENZ, USADO; MODELO: ATEGO 818; COLOR: ROJO; A¿O: 2003; CHASIS NRO: WDB9700151K851637"
SCANIA,SCANIA,(sin modelo),P 310,ICE,1,1,2024-07,2024-07,24DA000000287147,1,UNA UNIDAD CAMION USADO MARCA SCANIA MODELO P 310 A¿O 2007
SCANIA,SCANIA,(sin modelo),114-380,ICE,1,1,2024-07,2024-07,24DA000000287809,1,1 UNA UNIDAD CAMION USADO MARCA SCANIA MODELO 114-380 A¿O 2001 COLOR ROJO.--
MERCEDES-BENZ,MERCEDES-BENZ,(sin modelo),SPRINTER 314 CDI,ICE,1,1,2024-07,2024-07,24DA000000289836,1,"LOS DEMAS VEHICULOS AUTOMOVILES PARA EL TRANSPORTE DE MERCANCIAS FRIGORIFICOS O ISOTERMICOS, EN: (1) UNIDAD VEHICULO USADO, MARCA MERCEDES BENZ, TIPO SPRINTER 314 CDI, A¿O 2019."
SCANIA,SCANIA,(sin modelo),P 400,ICE,1,1,2024-07,2024-07,24DA000000309722,1,UNA UNIDAD CAMION USADO MARCA SCANIA MODELO P 400 A¿O 2011
KIA,KIA,(sin modelo),BONGO II,ICE,1,1,2024-07,2024-07,24DA000000315192,4,01) UNA UNIDAD DE VEHICULO USADO KIA BONGO II. A¿O: 2011
SCANIA,SCANIA,(sin modelo),P 114,ICE,1,1,2024-07,2024-07,24DA000000312250,1,UNA UNIDAD CAMION USADO MARCA SCANIA MODELO P 114 - 360 A¿O 2001
CHEVROLET,CHEVROLET,(sin modelo),APACHE,ICE,1,1,2024-07,2024-07,24DA000000314865,1,01) UNA UNIDAD DE CAMIONETA USADO MARCA CHEVROLET MODELO APACHE A¿O 1957
FIAT,FIAT,ULTRA D/C 1,ULTRA D/C,ICE,1,1,2024-07,2024-07,24DA000000322983,7,-DE PESO TOTAL CON CARGA M¿XIMA INFERIOR O IGUAL 5T:UNA CAMIONETA MARCA FIAT MODELO ULTRA D/C 1.0L T CVT FLEX FLEX A¿O DE FABRICACION 2024 MOD A¿O 2025 CON SUS ACCESORIOS NORMA
IVECO,IVECO,(sin modelo),240 E42,ICE,1,1,2024-07,2024-07,24DA000000325771,1,PARTES Y PIEZAS EN UNA UNIDAD CHASSIS CCON MOTOR Y CABINA MARCA: IVECO MODELO: 240 E42 A¿O: 1997. DIESEL.-
TOYOTA,TOYOTA,2009,(sin modelo),ICE,1,1,2024-08,2024-08,24DA000000339763,5,01)UNA UNIDAD DE VEHICULO USADO MARCA TOYOTA MODELO 2009
TOYOTA,TOYOTA,(sin modelo),VENZA XLE,HEV,1,1,2024-08,2024-08,24DA000000332618,1,"VEHICULOS CONCEBIDOS PARA EL TRANSPORTE DE PERSONAS.LOS DEM¿S VEH¿CULOS, EQUIPADOS PARA LA PROPULSI¿N CON MOTOR DE EMBOLO ALTERNATIVO.2024 TOYOTA VENZA XLE HIBRIDO VIN:JTEAAAAH8RJ161081"
SUBARU,SUBARU,(sin modelo),WRX SR,ICE,1,1,2024-08,2024-08,24DA000000341383,1,01 UNA UNIDAD DE AUTOMOVIL USADO MARCA SUBARU MODELO WRX SR A¿O 2015
MERCEDES-BENZ,MERCEDES-BENZ,(sin modelo),B150,ICE,1,1,2024-08,2024-08,24DA000000342155,1,1 UNA UNIDAD AUTOMOVIL USADO MARCA MERCEDES BENZ MODELO B150 A¿O 2007 COLOR GRIS.-
VOLKSWAGEN,VOLKSWAGEN,(sin modelo),LUPO,ICE,1,1,2024-08,2024-08,24DA000000339353,5,01 UNA UNIDAD AUTOMOVIL USADO MARCA VOLKSWAGEN MODELO LUPO A¿O 2004 COLOR NEGRO
AUDI,AUDI,(sin modelo),R8,ICE,1,1,2024-08,2024-08,24DA000000336569,1,"DE CILINDRADA SUPERIOR A 3.000 CM3, LAS DEMAS, EN 01 UNA UNIDAD DE AUTOMOVIL MARCA AUDI MODELO R8 A¿O 2009"
TOYOTA,TOYOTA,(sin modelo),RACCTIS,ICE,1,1,2024-08,2024-08,24DA000000332713,5,1 UNA UNIDAD DE STATION WAGON USADO MARCA TOYOTA MODELO RACCTIS A¿O 2012 COLOR NEGRO
TOYOTA,TOYOTA,(sin modelo),LLION,ICE,1,1,2024-08,2024-08,24DA000000345602,4,UNA UNIDAD VEHICULO USADO TOYOTA LLION A¿O: 2004.-
LAND ROVER,LAND ROVER,(sin modelo),RANGER ROVER,ICE,1,1,2024-08,2024-08,24DA000000351082,1,UNA UNIDAD DE STATION WAGON MARCA LAND ROVER MODELO RANGER ROVER A¿O 2016
BMW,BMW,(sin modelo),540I,ICE,1,1,2024-08,2024-08,24DA000000356595,1,UNA UNIDAD DE AUTOMOVIL USADO MARCA BMW MODELO 540I A¿O 2001 A RESTAURAR
TOYOTA,TOYOTA,(sin modelo),MR-S,ICE,1,1,2024-08,2024-08,24DA000000364091,4,UN AUTOMOVIL USADO MARCA TOYOTA MODELO MR-S A¿OS 1.999.-
TOYOTA,TOYOTA,(sin modelo),LEVIN,ICE,1,1,2024-08,2024-08,24DA000000367926,9,UN AUTOMOVIL USADO MARCA TOYOTA MODELO LEVIN A¿O 1.999.-
DONGFENG,DONGFENG,(sin modelo),AX7 E2,ICE,1,1,2024-08,2024-08,24DA000000368043,1,"1 UNIDAD DE STATION WAGON MARCA: DONGFENG, MODELO; AX7 E2"
TOYOTA,TOYOTA,(sin modelo),MOEDELO WISH,ICE,1,1,2024-08,2024-08,24DA000000361758,1,01 VEHICULO USADO TIPO STATION WAGON DE LA MARCA TOYOTA MOEDELO WISH A¿O 2011 MOVIDO A GASOLINA
TOYOTA,TOYOTA,(sin modelo),FJ CRUISER,ICE,1,1,2024-08,2024-08,24DA000000373650,1,UNA UNIDAD STATION WAGON USADO ; MARCA: TOYOTA MODELO: FJ CRUISER A¿O: 2011
BMW,BMW,(sin modelo),Z4 COVERTIBLE,ICE,1,1,2024-08,2024-08,24DA000000375488,8,"UNA UNIDAD DE AUTOMOVIL USADO, MARCA BMW MODELO Z4 COVERTIBLE A¿O 2004.-"
MERCEDES-BENZ,MERCEDES-BENZ,(sin modelo),B200,ICE,1,1,2024-08,2024-08,24DA000000375488,11,"UNA UNIDAD DE STATION WAGON USADO, MARCA MERCEDES BENZ MODELO B200 A¿O 2008.-"
PEUGEOT,PEUGEOT,(sin modelo),RCZ,ICE,1,1,2024-08,2024-08,24DA000000375488,4,"UNA UNIDAD DE AUTOMOVIL USADO, MARCA PEUGEOT MODELO RCZ A¿O 2010.-"
FIAT,FIAT,ARGO ARGO TREKKING 1,ARGO ARGO TREKKING,ICE,1,1,2024-08,2024-08,24DA000000379019,7,"QUE UTILICEN INDISTINTAMENTE LOS SIGUIENTES COMBUSTIBLES: ,FLEX EN:UN AUTOMOVIL MARCA FIAT MODELO ARGO ARGO TREKKING 1.3L CVT FLEX A¿O DE FAB 2024 MODELO A¿O 2025 CON SUS ACCESORIOS NORMALES"
FIAT,FIAT,(sin modelo),500 ABARTH,ICE,1,1,2024-08,2024-08,24DA000000378823,3,UNA UNIDAD AUTOMOVIL USADO MARCA FIAT MODELO 500 ABARTH A¿O 2016
MITSUBISHI,MITSUBISHI,(sin modelo),SPACE STAR,ICE,1,1,2024-08,2024-08,24DA000000378823,1,UNA UNIDAD AUTOMOVIL USADO MARCA MITSUBISHI MODELO SPACE STAR A¿O 2021
TOYOTA,TOYOTA,(sin modelo),SCION,ICE,1,1,2024-08,2024-08,24DA000000375574,1,UNA UNIDAD AUTOMOVIL USADO ; MARCA: TOYOTA MODELO: SCION A¿O: 2016
MERCEDES-BENZ,MERCEDES-BENZ,2025,ATEGO 2430/48,ICE,1,1,2024-08,2024-08,24DA000000335074,1,"1 UNID CAMION, MARCA: MERCEDES BENZ, TIPO: ATEGO 2430/48 6X2, A¿O DE FABRICACION: 2024, MODELO: 2025, CON SUS ACCESORIOS NORMALES Y CORRESPONDIENTES.-"
MERCEDES-BENZ,MERCEDES-BENZ,(sin modelo),1523 ATEGO,ICE,1,1,2024-08,2024-08,24DA000000340691,2,1 UNA UNIDAD DE CAMION USADO MARCA MERCEDES BENZ MODELO 1523 ATEGO A¿O 2001 COLOR BLANCO
MERCEDES-BENZ,MERCEDES-BENZ,(sin modelo),ATEGO917,ICE,1,1,2024-08,2024-08,24DA000000335767,3,UNA UNIDAD CAMION USADO MARCA: MERCEDES BENZ MODELO: ATEGO917 A¿O: 2001
TOYOTA,TOYOTA,(sin modelo),DYNA 150,ICE,1,1,2024-08,2024-08,24DA000000339945,9,01 VEHICULO USADO TIPO CAMION MARCA TOYOTA MODELO DYNA 150 A¿O 1996 MOVIDO A DIESEL
SCANIA,SCANIA,(sin modelo),P300,ICE,1,1,2024-08,2024-08,24DA000000333217,6,UNA UNIDAD CHASSIS CON MOTOR Y CABINA USADO MARCA: SCANIA MODELO: P300 A¿O: 2004. DIESEL.-
MITSUBISHI,MITSUBISHI,(sin modelo),MOIDELO CANTER,ICE,1,1,2024-08,2024-08,24DA000000362516,1,UNA UNIDAD DE VEHICULO USADO TIPO CAMION MARCA MITSUBISHI MOIDELO CANTER A¿O 2008 MOVIDO A DIESEL
SCANIA,SCANIA,(sin modelo),R 140/400,ICE,1,1,2024-08,2024-08,24DA000000367758,1,"UNA UNIDAD CHASIS CON CABINA MARCA SCANIA R 140/400, AO 2002"
MERCEDES-BENZ,MERCEDES-BENZ,(sin modelo),1831,ICE,1,1,2024-08,2024-08,24DA000000370926,1,1 UNIDAD CAMION MARCA MERCEDES BENZ MODELO 1831 A¿O 2000
SCANIA,SCANIA,(sin modelo),R550,ICE,1,1,2024-08,2024-08,24DA000000371209,1,1 UNA UNIDAD CAMION USADO MARCA SCANIA MODELO R550 6X2 A¿O 2018 COLOR BLANCO
MERCEDES-BENZ,MERCEDES-BENZ,(sin modelo),AXOR G1829,ICE,1,1,2024-08,2024-08,24DA000000375276,1,UNA UNIDAD CAMION USADO MARCA MERCEDES BENZ MODELO AXOR G1829 A¿O 2007
MERCEDES-BENZ,MERCEDES-BENZ,2024,GLB 200,ICE,1,1,2024-09,2024-09,24DA000000387496,3,"1 UNID CAMIONETA, MARCA MERCEDES BENZ, TIPO GLB 200 , AO MODELO 2024 CON SUS ACCESORIOS NORMALES Y CORRESPONDIENTES"
ASTON MARTIN,ASTON MARTIN,(sin modelo),VANTAGE F1,ICE,1,1,2024-09,2024-09,24DA000000395771,1,UNA UNIDAD AUTOMOVIL USADO MARCA ASTON MARTIN MODELO VANTAGE F1 A¿O 2023 COLOR NEGRO
TESLA,TESLA,Y/2021,MODEL Y,BEV,1,1,2024-09,2024-09,24DA000000397163,1,"AUTOMOVIL, MARCA TESLA, MODELO Y/2021, CHASIS NO. 5YJYGDEE3MF067421, COLOR GRIS, ANHO 2020-REPARADO"
NISSAN,NISSAN,(sin modelo),SKYLINE R34,ICE,1,1,2024-09,2024-09,24DA000000397259,4,UNA UNIDAD DE VEHICULO USADO TIPO AUTOMOVIL MARCA NISSAN MODELO SKYLINE R34 A¿O 1998 MOVIDO A GASOLINA
ISUZU,ISUZU,(sin modelo),BIG HORN,ICE,1,1,2024-09,2024-09,24DA000000399782,10,01 VEHICULO USADO TIPO STATION WAGON DE LA MARCA ISUZU MODELO BIG HORN A¿O 1999 MOVIDO A DIESEL
YAMAHA,YAMAHA,(sin modelo),450 WHEELER,ICE,1,1,2024-09,2024-09,24DA000000401679,2,LOS DEMAS EN: (01) UNA UNIDAD TIPO ATV CUATRICICLO MARCA YAMAHA MODELO 450 WHEELER A¿O 2003 COLOR CAMO SERIE N. 5Y4AJ10Y63A001298 ORIGEN JAPON USADO DE 450 C.C.
CARRYALL,CARRYALL,(sin modelo),1500 UTV,ICE,1,1,2024-09,2024-09,24DA000000401679,7,(01) UNA UNIDAD TIPO CARRO DE GOLF MARCA CARRYALL MODELO 1500 UTV A¿O 2019 SERIE RC1813860132 COLOR GRIS OSCURO
PEUGEOT,PEUGEOT,(sin modelo),508 GT,ICE,1,1,2024-09,2024-09,24DA000000416181,1,UNA UNIDAD AUTOMOVIL USADO MARCA PEUGEOT MODELO 508 GT A¿O 2015
STUDEBAKER,STUDEBAKER,(sin modelo),SPEEDSTER PRESDIDENT,ICE,1,1,2024-09,2024-09,24DA000000416669,1,"1.-UNID. VEHICULO MARCA: STUDEBAKER SPEEDSTER PRESDIDENT, A¿O 1955"
JAGUAR,JAGUAR,(sin modelo),XE,ICE,1,1,2024-09,2024-09,24DA000000417185,1,UNA UNIDAD DE AUTOMOVIL MARCA JAGUAR MODELO XE A¿O 2017 COLOR BLANCO
JETOUR,JETOUR,(sin modelo),T2COMFORT,ICE,1,1,2024-09,2024-09,24DA000000409370,1,LAS DEMAS AUTOMOVILES MARCA JETOUR MODELO T2COMFORT A¿O DE FAB 2024 MODELO A¿O 2025 CON SUS ACCESORIOS NORMALES
MERCEDES-BENZ,MERCEDES-BENZ,(sin modelo),GLC43,ICE,1,1,2024-09,2024-09,24DA000000413005,2,01) UNA UNIDAD STATION WAGON USADO MARCA MERCEDES BENZ MODELO GLC43 A¿O 2020 COLOR BLANCO
MAZDA,MAZDA,(sin modelo),RX8,ICE,1,1,2024-09,2024-09,24DA000000415135,10,UN AUTOMOVIL USADO MARCA MAZDA MODELO RX8 A¿O 2.004.-
HYUNDAI,HYUNDAI,(sin modelo),TCUSON,ICE,1,1,2024-09,2024-09,24DA000000415487,2,UN STATION WAGON USADO MARCA HYUNDAI MODELO TCUSON A¿O 2.016.-
MERCEDES-BENZ,MERCEDES-BENZ,(sin modelo),E320 CDI BLUETEC,ICE,1,1,2024-09,2024-09,24DA000000405351,1,UNA UNIDAD DE VEHICULO USADO MARCA: MERCEDES BENZ MODELO: E320 CDI BLUETEC A¿O: 2008
SMART,SMART,(sin modelo),MC01,ICE,1,1,2024-09,2024-09,24DA000000424836,2,"01) UN AUTOMOVIL MARCA SMART MODELO MC01 A¿O 2001, COLOR AZUL.-"
SIN MARCA,SIN MARCA,2025,(sin modelo),ICE,1,1,2024-09,2024-09,24DA000000423306,1,"1 UNID CAMIONETA, MARCA: MG, TIPO: MG ONE, AO DE FABRICACION: 2024, AO MODELO: 2025, CON SUS ACCESORIOS NORMALES Y CORRESPONDIENTES"
MITSUBISHI,MITSUBISHI,(sin modelo),ECLIPSE SPYDER GTS,ICE,1,1,2024-09,2024-09,24DA000000427371,6,UN AUTOMOVIL USADO MARCA MITSUBISHI MODELO ECLIPSE SPYDER GTS A¿O 2.004.-
MERCEDES-BENZ,MERCEDES-BENZ,(sin modelo),E250 BLUETEC,ICE,1,1,2024-09,2024-09,24DA000000425285,6,UNA UNIDAD VEHICULO USADO MERCEDES BENZ E250 BLUETEC A¿O:2016.-
VOLKSWAGEN,VOLKSWAGEN,(sin modelo),ARTEON,ICE,1,1,2024-09,2024-09,24DA000000429405,9,01) UNA UNIDAD DE VEHICULO USADO VOLKSWAGEN ARTEON AO 2022
WALK,WALK,(sin modelo),WALKSPORT LUXO,ICE,1,1,2024-09,2024-09,24DA000000422473,1,"1.-UNIDAD, VEHICULO MARCA WALK; MODELO: WALKSPORT LUXO; A¿O 2019"
MERCEDES-BENZ,MERCEDES-BENZ,(sin modelo),E-250 BLUETEC,ICE,1,1,2024-09,2024-09,24DA000000433702,6,UNA UNIDAD VEHICULO USADO MERCEDES BENZ E-250 BLUETEC A¿O:2016.-
VOLKSWAGEN,VOLKSWAGEN,(sin modelo),GOLF R,ICE,1,1,2024-09,2024-09,24DA000000431816,1,01) UNA UNIDAD DE VEHICULO USADO VOLKSWAGEN GOLF R. A¿O: 2016
VOLVO,VOLVO,(sin modelo),FL615,ICE,1,1,2024-09,2024-09,24DA000000395606,3,01) UN CAMION CON CHASIS Y CABINA USADO MARCA. VOLVO MODELO. FL615 A¿O: 1998 MOVIDO A DIESEL CON SUS ACCESORIOS CORRESPONDIENTES
MITSUBISHI,MITSUBISHI,(sin modelo),CANTER FUSO FE,ICE,1,1,2024-09,2024-09,24DA000000389008,1,"UNA UNIDAD DE CHASIS CON MOTOR Y CABINA USADO, MARCA MITSUBISHI MODELO CANTER FUSO FE A¿O 2008 CILINDRADA 4.900 C.C."
VOLKSWAGEN,VOLKSWAGEN,(sin modelo),TRANSPORTER T6,ICE,1,1,2024-09,2024-09,24DA000000392094,1,1 UNA UNIDAD CAMIONETA TIPO PICKAP DOBLE CABINA USADO MARCA VOLKSWAGEN MODELO TRANSPORTER T6 DOBLE CABINA A¿O 2017 COLOR BLANCO
SCANIA,SCANIA,(sin modelo),R114-340,ICE,1,1,2024-09,2024-09,24DA000000391882,1,UNA UNIDAD DE CAMION 8X4 CHASIS LARGO USADO MARCA SCANIA MODELO R114-340 A¿O 2003.-
SCANIA,SCANIA,(sin modelo),P93/230,ICE,1,1,2024-09,2024-09,24DA000000409388,1,1 UNA UNIDAD CAMION USADO MARCA SCANIA MODELO P93/230 A¿O 1989 COLOR BLANCO
MERCEDES-BENZ,MERCEDES-BENZ,(sin modelo),2633,ICE,1,1,2024-09,2024-09,24DA000000411308,1,1 UNA UNIDAD CAMION USADO MARCA MERCEDES BENZ MODELO 2633 A¿O 2003 COLOR BLANCO
MERCEDES-BENZ,MERCEDES-BENZ,(sin modelo),311 D,ICE,1,1,2024-09,2024-09,24DA000000403716,1,UNA UNIDAD FURGONETA USADA MARCA MERCEDES BENZ MODELO 311 D A¿O 2004
ISUZU,ISUZU,(sin modelo),NPR77,ICE,1,1,2024-09,2024-09,24DA000000403716,3,UNA UNIDAD CAMION USADO MARCA ISUZU MODELO NPR77 A¿O 2005
VOLVO,VOLVO,(sin modelo),F12,ICE,1,1,2024-09,2024-09,24DA000000414837,1,UNA UNIDAD CAMION GRUA USADO MARCA VOLVO MODELO F12 A¿O 1990
MERCEDES-BENZ,MERCEDES-BENZ,(sin modelo),1218 ATEGO,ICE,1,1,2024-09,2024-09,24DA000000414981,1,1 UNIDAD CAMION MARCA MERCEDES BENZ MODELO 1218 ATEGO A¿O 2007
MERCEDES-BENZ,MERCEDES-BENZ,(sin modelo),240D,ICE,1,1,2024-10,2024-10,24DA000000440121,2,1 UNA UNIDAD AUTOMOVIL USADO MARCA MERCEDES BENZ MODELO 240D A¿O 1974 COLOR AZUL.-
BMW,BMW,(sin modelo),Z4 S DRIVE 35I,ICE,1,1,2024-10,2024-10,24DA000000461876,1,UNA UNIDAD DE VEHICULO USADO TIPO AUTOMOVIL MARCA BMW MODELO Z4 S DRIVE 35I A¿O 2009 MOVIDO A GASOLINA
MINI,MINI,(sin modelo),COUNTRYMAN COOPER,ICE,1,1,2024-10,2024-10,24DA000000454181,1,1- UNA UNIDAD DE AUTOMOVIL USADO DE LA MARCA MINI MODELO COUNTRYMAN COOPER A¿O 2013
MERCEDES-BENZ,MERCEDES-BENZ,(sin modelo),E 250,ICE,1,1,2024-10,2024-10,24DA000000456684,2,01 VEHICULO USADO TIPO AUTOMOVIL DE LA MARCA MERCEDES BENZ MODELO E 250 A¿O 2016 MOVIDO A DIESEL
SIN MARCA,SIN MARCA,ARGO TREKKING 1,ARGO TREKKING,ICE,1,1,2024-10,2024-10,24DA000000459217,2,"QUE UTILICEN INDISTINTAMENTE LOS SIGUIENTES COMBUSTIBLES: ,FLEX EN:UN AUTOM¿VIL MARCA FIAT MODELO ARGO TREKKING 1.3L M/T FLEX A¿O DE FAB 2024 MODELO A¿O 2025 CON SUS ACCESORIOS NORMALES"
MERCEDES-BENZ,MERCEDES-BENZ,(sin modelo),CLS 350 CDI,ICE,1,1,2024-10,2024-10,24DA000000462224,3,1 UNA UNIDAD DE AUTOMOVIL USADO MARCA MERCEDES BENZ MODELO CLS 350 CDI A¿O 2009 COLOR NEGRO
MERCEDES-BENZ,MERCEDES-BENZ,(sin modelo),ML320CDI,ICE,1,1,2024-10,2024-10,24DA000000462351,1,UNA UNIDAD ST.WAGON USADO MARCA: MERCEDES BENZ MODELO: ML320CDI A¿O: 2007. DIESEL. 3000CC.
MINI,MINI,(sin modelo),COOPER SE ALL4,BEV,1,1,2024-10,2024-10,24DA000000458343,3,"LOS DEM¿S VEH¿CULOS, PROPULSADOS ¿NICAMENTE CON MOTOR EL¿CTRICO: 01-UN AUTOM¿VIL MARCA MINI MODELO COOPER SE ALL4 A¿O DE FABRICACI¿N 2024 MODELO A¿O 2025 CON SUS ACCESORIOS NORMALES"
SIN MARCA,SIN MARCA,MOBI LIKE 1,MOBI LIKE,ICE,1,1,2024-10,2024-10,24DA000000463425,1,"QUE UTILICEN INDISTINTAMENTE LOS SIGUIENTES COMBUSTIBLES: ,FLEX EN:UN AUTOM¿VIL MARCA FIAT MODELO MOBI LIKE 1.0L M/T FLEX A¿O DE FAB 2024 MODELO A¿O 2025 CON SUS ACCESORIOS NORMALES."
MERCEDES-BENZ,MERCEDES-BENZ,(sin modelo),ML280,ICE,1,1,2024-10,2024-10,24DA000000464069,1,"1 UNIDAD VEHICULO STATION WAGON - MARCA MERCEDES BENZ - MOD ML280 A¿O FABRICACION 2007, MOD A¿O 2007"
TOYOTA,TOYOTA,(sin modelo),VTZ RS,ICE,1,1,2024-10,2024-10,24DA000000460763,6,01) UNA UNIDAD DE VEHICULO USADO TOYOTA VTZ RS AO 2009
VOLKSWAGEN,VOLKSWAGEN,TIGUAN 2,TIGUAN,ICE,1,1,2024-10,2024-10,24DA000000454352,1,"1) UNID VEHICULO MARCA VOLKSWAGEN MODELO TIGUAN 2.0 T SE, A¿O 2021, CON SUS ACCESORIOS."
ASTON MARTIN,ASTON MARTIN,(sin modelo),DB11,ICE,1,1,2024-10,2024-10,24DA000000457340,1,"1.-UNIDAD VEHICULO ASTON MARTIN DB11, A¿O 2020"
MERCEDES-BENZ,MERCEDES-BENZ,2025,S 500 4MATIC,ICE,1,1,2024-10,2024-10,24DA000000465496,3,"1 UNID CAMIONETA, MARCA MERCEDES BENZ, TIPO S 500 4MATIC, AO DE FABRICACION 2024, AO MODELO 2025, CON SUS ACCESORIOS NORMALES Y CORRESPONDIENTES.-"
TOYOTA,TOYOTA,(sin modelo),MDODELO PREMIO,ICE,1,1,2024-10,2024-10,24DA000000476447,4,01 VEHICULO USADO TIPO AUTOMOVIL DE LA MARCA TOYOTA MDODELO PREMIO A¿O 2004 MOVIDO A GASOLINA
MERCEDES-BENZ,MERCEDES-BENZ,2025,GLC 200 D 4MATIC,ICE,1,1,2024-10,2024-10,24DA000000472068,1,"1 UNID CAMIONETA, MARCA MERCEDES BENZ, TIPO GLC 200 D 4MATIC COUPE, AO DE FABRICACION 2024, AO MODELO 2025, CON SUS ACCESORIOS NORMALES Y CORRESPONDIENTES.-"
MITSUBISHI,MITSUBISHI,(sin modelo),LANCER EVO,ICE,1,1,2024-10,2024-10,24DA000000467287,1,01 UNA UNIDAD DE AUTOMOVIL USADO MARCA MITSUBISHI MODELO LANCER EVO A¿O 2011
TOYOTA,TOYOTA,2024,LAND CRUSIER PRADO VX,ICE,1,1,2024-10,2024-10,24DA000000481016,2,LOS DEMAS EN: UNA (1) UNIDAD DE STATION WAGON MARCA:TOYOTA LAND CRUSIER PRADO VX 2023 2.8L DIESEL A¿O FABRI: 2023 MOD: 2024 CHASSIS NO: JTEBR3FJX0K328557 COLOR: ACTTITUDE BLACK MC
TOYOTA,TOYOTA,2024,LAND CRUSIER VXR,ICE,1,1,2024-10,2024-10,24DA000000481016,1,"LOS DEMAS EN: UNA (1) UNIDAD DE STATION WAGON, MARCA: TOYOTA LAND CRUSIER VXR 3.3 DIESEL A¿O FABRI: 2024 MOD: 2024 CHASSIS NO: JTMAA7BJ304055602 COLOR: BLACK"
NISSAN,NISSAN,(sin modelo),SKYLINE R34 RB25DET,ICE,1,1,2024-10,2024-10,24DA000000486632,12,UNA UNIDAD DE VEHICULO USADO TIPO AUTOMOVIL MARCA NISSAN MODELO SKYLINE R34 RB25DET A¿O 1998 MOVIDO A GASOLINA
TOYOTA,TOYOTA,(sin modelo),ALLEX3,ICE,1,1,2024-10,2024-10,24DA000000485152,9,UNA UNIDAD DE VEHICULO USADO TIPO AUTOMOVIL MARCA TOYOTA MODELO ALLEX3 A¿O 2003 MOVIDO A GASOLINA
MERCEDES-BENZ,MERCEDES-BENZ,(sin modelo),SLK 200,ICE,1,1,2024-10,2024-10,24DA000000493691,3,UNA UNIDADV VEHICULO USADO MERCEDES BENZ SLK 200 A¿O:2016.-
MG,MG,(sin modelo),MIDGET MARK III,ICE,1,1,2024-10,2024-10,24DA000000494368,1,LOS DEMAS UNA UNIDAD DE AUTOMOVIL USADO MARCA MG MODELO MIDGET MARK III A¿O 1974 A RESTAURAR
TOYOTA,TOYOTA,(sin modelo),MOCELO PREMIO,ICE,1,1,2024-10,2024-10,24DA000000481404,9,UN AUTOMOVIL USADO MARCA TOYOTA MOCELO PREMIO ANIO 2010
TOYOTA,TOYOTA,(sin modelo),SUPRA SZ-R,ICE,1,1,2024-10,2024-10,24DA000000496780,1,"UNA UNIDAD DE AUTOMOVIL USADO, MARCA:TOYOTA MODELO:SUPRA SZ-R A¿O:1995.-"
MERCEDES-BENZ,MERCEDES-BENZ,(sin modelo),SPRINTER 315 KA,ICE,1,1,2024-10,2024-10,24DA000000442244,9,01 VEHICULO USADO TIPO FURGONETA MARCA MERCEDES BENZ MODELO SPRINTER 315 KA A¿O 2007 MOVIDO A DIESEL
SCANIA,SCANIA,(sin modelo),94-310,ICE,1,1,2024-10,2024-10,24DA000000446811,1,1 UNA UNIDAD CAMION USADO MARCA SCANIA MODELO 94-310 A¿O 1997 COLOR BLAN CO.-
TOYOTA,TOYOTA,(sin modelo),BANDEIRANTE,ICE,1,1,2024-10,2024-10,24DA000000440771,1,"UNA UNIDAD DE CAMIONETA USADA MARCA TOYOTA MODELO BANDEIRANTE A¿O 1.976 COLOR AZUL PAIS DE ORIGEN BRASIL,F18NRO.36.221"
MITSUBISHI,MITSUBISHI,2015,L200 KATANA,ICE,1,1,2024-10,2024-10,24DA000000457835,1,UNA UNIDAD CAMIONETA MARCA MITSUBISHI L200 KATANA MODELO A¿O DE FABRICACION 2014 A¿O MODELO 2015 COLOR BLANCO.-
MERCEDES-BENZ,MERCEDES-BENZ,(sin modelo),310D,ICE,1,1,2024-10,2024-10,24DA000000456555,1,"01) UN CAMION CON CHASIS Y CABINA USADO MARCA., MERCEDES BENZ MODELO: 310DA¿O 1992 MOVIDO A DIESEL."
MERCEDES-BENZ,MERCEDES-BENZ,(sin modelo),818 L,ICE,1,1,2024-10,2024-10,24DA000000475787,3,UNA UNIDAD DE CAMION USADO MARCA MERCEDES BENZ MODELO 818 L A¿O 2000.-
MERCEDES-BENZ,MERCEDES-BENZ,(sin modelo),1223 L,ICE,1,1,2024-10,2024-10,24DA000000475787,1,UNA UNIDAD DE CAMION USADO MARCA MERCEDES BENZ MODELO 1223 L A¿O 1999.-
SCANIA,SCANIA,(sin modelo),P 93 M,ICE,1,1,2024-10,2024-10,24DA000000475354,1,UNA UNIDAD CAMION USADO MARCA SCANIA MODELO P 93 M A¿O 1995
HENGWANG,HENGWANG,(sin modelo),HW5000L,ICE,1,1,2024-10,2024-10,24DA000000491156,2,"1 UNID. TRANSPORTADOR DE MATERIALES TIPO ""VOLQUETE/TUMBA"",MOTORIZADO, CON ORUGAS DE IMPULSION, A¿O DE FAB. 2024, MOD. A¿O 2024, CON SUS ACCESORIOS MOD. HW5000L"
HENGWANG,HENGWANG,(sin modelo),HW3000L,ICE,1,1,2024-10,2024-10,24DA000000491156,1,"1 UNID. TRANSPORTADOR DE MATERIALES TIPO ""VOLQUETE/TUMBA"",MOTORIZADO, CON ORUGAS DE IMPULSION, A¿O DE FAB. 2024, MOD. A¿O 2024, CON SUS ACCESORIOS MOD. HW3000L"
VOLVO,VOLVO,(sin modelo),FL618,ICE,1,1,2024-10,2024-10,24DA000000487964,1,1 UNA UNIDAD CAMION USADO MARCA VOLVO MODELO FL618 A¿O 1999 COLOR BLANCO.-
MERCEDES-BENZ,MERCEDES-BENZ,GLC 220 D 4M CON,GLC 220 D 4M,ICE,1,1,2024-11,2024-11,24DA000000498212,3,1) UNA UNIDAD DE VEHICULO MARCA MERCEDES BENZ MODELO: GLC 220 D 4M CON VIN NO: W1NKM0FB3SF272377 Y MOTOR NO: 65482080243134 A¿O MODELO: 2025.---
AUDI,AUDI,(sin modelo),TT RS,ICE,1,1,2024-11,2024-11,24DA000000498215,8,"UNA UNIDAD DE AUTOMOVIL USADO, MARCA AUDI MODELO TT RS A¿O 2010.-"
ROLLS ROYCE,ROLLS ROYCE,(sin modelo),PHANTOM II,ICE,1,1,2024-11,2024-11,24DA000000498055,1,01) UNA UNIDAD VEHICULO USADO A RESTAURAR MARCA ROLLS ROYCE MODELO PHANTOM II A¿O 1934
MERCEDES-BENZ,MERCEDES-BENZ,2025,S 500 4MATIC BERLINA,ICE,1,1,2024-11,2024-11,24DA000000501060,1,"1 UNID AUTOMOVIL, MARCA MERCEDES BENZ TIPO S 500 4MATIC BERLINA LARGA, AO DE FABRICACION 2024, AO MODELO 2025 CON SUS ACCESORIOS NORMALES Y CORRESPONDIENTES"
MERCEDES-BENZ,MERCEDES-BENZ,GLB 200 CON,GLB 200,ICE,1,1,2024-11,2024-11,24DA000000505537,1,1) UNA UNIDAD DE VEHICULO MARCA MERCEDES BENZ MODELO : GLB 200 CON VIN NO: W1N4M8HBXSW396036 Y MOTOR NO: 28281480213399 ANO MODELO : 2025.----
MITSUBISHI,MITSUBISHI,(sin modelo),LANCER EVOLUTION VII,ICE,1,1,2024-11,2024-11,24DA000000502437,1,"UNA UNIDAD DE AUTOMOVIL USADO, MARCA:MITSUBISHI MODELO:LANCER EVOLUTION VII A¿O:2001.-"
PORSCHE,PORSCHE,(sin modelo),718 SPYDER RS,ICE,1,1,2024-11,2024-11,24DA000000511063,1,UN AUTOMOVIL NUEVO (OKM) MARCA PORSCHE MODELO 718 SPYDER RS A¿O 2.024.-
BMW,BMW,(sin modelo),1M COUPE,ICE,1,1,2024-11,2024-11,24DA000000507790,1,UNA UNIDAD VEHICULO USADO BMW 1M COUPE A¿O:2012.-
FERRARI,FERRARI,(sin modelo),ROMA,ICE,1,1,2024-11,2024-11,24DA000000518278,1,DE CILINDRADA SUPERIOR A 3.000 CM3. EN: UN AUTOMOVIL MARCA FERRARI MODELO ROMA USADO A¿O DE FABRICACION 2021 MODELO A¿O 2021 CON SUS ACCESORIOS NORMALES
CADILLAC,CADILLAC,(sin modelo),ESCALADE 600D,ICE,1,1,2024-11,2024-11,24DA000000533629,1,"LOS DEMAS; EN: 1 UNIDAD CADILLAC, USADO; MODELO: ESCALADE 600D; A¿O: 2024, COLOR: NEGRO; CHASIS NRO: 1GYS4CKT5RR106548"
MERCEDES-BENZ,MERCEDES-BENZ,(sin modelo),SL 55 AMG,ICE,1,1,2024-11,2024-11,24DA000000526124,5,"UNA UNIDAD AUTOMOVIL USADO , MARCA: MERCEDES BENZ MODELO: SL 55 AMG A¿O: 2003"
MITSUBISHI,MITSUBISHI,(sin modelo),MINI PAJERO,ICE,1,1,2024-11,2024-11,24DA000000534744,5,01 UNA UNIDAD DE STATION WAGON USADO MARCA MITSUBISHI MODELO MINI PAJERO A¿O 2006
MG,MG,(sin modelo),HS,PHEV,1,1,2024-11,2024-11,24DA000000531767,1,"1 UNID CAMIONETA, MARCA: MG, TIPO: HS HIBRIDO ENCHUFABLE, A¿O DE FABRICACION: 2024, A¿O MODELO; 2025 CON SUS ACCESORIOS NORMALES Y CORRESPONDIENTES.-"
BYD,BYD,(sin modelo),YUAN UP EV,BEV,1,1,2024-11,2024-11,24DA000000543468,2,"UNA UNIDAD DE STATION WAGON NUEVO, MARCA:BYD MODELO:YUAN UP EV A¿O:2024 0 KM.-"
VOLKSWAGEN,VOLKSWAGEN,(sin modelo),SHARAN,ICE,1,1,2024-11,2024-11,24DA000000544280,1,"1 UNID. VEHICULO MARCA VOLKSWAGEN, MODELO SHARAN A¿O 2017, CON SUS ACCESORIOS"
TOYOTA,TOYOTA,2003,RAV 4,ICE,1,1,2024-11,2024-11,24DA000000543973,1,"01 UNIDAD DE STATION WAGON USADO MARCA:TOYOTA MODELO:RAV 4 A¿O DE FAB.:2003 A¿O MODELO:2003, COLOR:PLATA.-"
TOYOTA,TOYOTA,2008,PREMIO,ICE,1,1,2024-11,2024-11,24DA000000543973,5,"01 UNIDAD DE AUTOMOVIL USADO MARCA:TOYOTA MODELO:PREMIO A¿O DE FAB.:2008 A¿O MODELO:2008, COLOR:PLATA."
TOYOTA,TOYOTA,2010,RAV 4,ICE,1,1,2024-11,2024-11,24DA000000543973,12,"01 UNIDAD DE STATION WAGON USADO MARCA:TOYOTA MODELO:RAV 4 A¿O DE FAB.:2010 A¿O MODELO:2010, COLOR:PERLA."
BMW,BMW,(sin modelo),X5 M COMPETITION,ICE,1,1,2024-11,2024-11,24DA000000541917,1,"1 UNIDAD DE STATION WAGON MARCA; BMW, MODELO; X5 M COMPETITION"
MERCEDES-BENZ,MERCEDES-BENZ,(sin modelo),E220 CGI,ICE,1,1,2024-11,2024-11,24DA000000541794,5,01 VEHICULO USADO TIPO AUTOMOVIL DE LA MARCA MERCEDES BENZ MODELO E220 CGI A¿O 2014 MOVIDO A GASOLINA
FORD,FORD,(sin modelo),TORINO,ICE,1,1,2024-11,2024-11,24DA000000548222,2,01) UNA UNIDAD AUTOMOVIL USADO A RESTAURAR MARCA FORD MODELO TORINO A¿O 1976 COLOR NEGRO
MERCEDES-BENZ,MERCEDES-BENZ,(sin modelo),C36,ICE,1,1,2024-11,2024-11,24DA000000548222,3,01) UNA UNIDAD AUTOMOVIL USADO MARCA MERCEDES BENZ MODELO C36 A¿O 1997 COLOR NEGRO
BYD,BYD,(sin modelo),SONG PRO PILOT,PHEV,1,1,2024-11,2024-11,24DA000000553086,2,BYD SONG PRO PILOT HYBRID
GREATWALL,GREATWALL,(sin modelo),RAPTOR HI4,PHEV,1,1,2024-11,2024-11,24DA000000553086,1,GWM HAVAL RAPTOR HI4 HYBRID
BYD,BYD,(sin modelo),SONG PRO TRANSCENDENT,PHEV,1,1,2024-11,2024-11,24DA000000553086,3,BYD SONG PRO TRANSCENDENT HYBRID
ISUZU,ISUZU,(sin modelo),"DMAX,4X4",ICE,1,1,2024-11,2024-11,24DA000000514850,13,"VEHICULOS AUTOMOVILES PARA EL TRANSPORTE DE MERCANCIAS, CAMIONETA . MARCA: ISUZU,DMAX,4X4,CAB SIMPLE , MOTOR 1,9 MECANICO -STD"
MERCEDES-BENZ,MERCEDES-BENZ,2025,OF 1723/59,ICE,1,1,2024-11,2024-11,24DA000000530679,1,"1 UNID CAMION, MARCA MERCEDES BENZ, TIPO ATEGO 1418/48 4X2, AO DE FABRICACION 2024, AO MODELO 2025, ENSAMBLADA EN CHASIS MODELO OF- 1723/59 CON SUS ACCESORIOS NORMALES Y CORRESPONDIENTES.-"
MERCEDES-BENZ,MERCEDES-BENZ,(sin modelo),ATEGO 813,ICE,1,1,2024-11,2024-11,24DA000000543411,2,01) UN CAMION COIN CHASIS Y CABINA USADO MARCA: MERCEDES BENZ MODELO: ATEGO 813 A¿O 2012 MOVIDO A DIESEL.-
SCANIA,SCANIA,(sin modelo),G360,ICE,1,1,2024-11,2024-11,24DA000000552367,2,"CHASIS CON MOTOR Y CABINA, EN: 1 CHASIS CON CABINA SCANIA G360 4X2, USADO, A¿O 2014.-"
TOYOTA,TOYOTA,2005,PREMIO,ICE,1,1,2024-12,2024-12,24DA000000561541,6,01 UNIDAD DE AUTOMOVIL USADO MARCA:TOYOTA MODELO:PREMIO A¿O FAB. 2005 A¿O MOD 2005 COLOR AZUL.-
TOYOTA,TOYOTA,2009,BELTA,ICE,1,1,2024-12,2024-12,24DA000000561541,8,01 UNIDAD DE AUTOMOVIL USADO MARCA:TOYOTA MODELO:BELTA A¿O FAB. 2009 A¿O MOD 2009 COLOR AZUL.-
MAZDA,MAZDA,2015,DEMIO,ICE,1,1,2024-12,2024-12,24DA000000560981,2,"01 UNIDAD DE AUTOMOVIL USAOO MARCA:MAZDA MODELO:DEMIO A¿O FAB. 2015, A¿O MODELO:2015, COLOR:GRIS.-"
TOYOTA,TOYOTA,2007,PREMIO,ICE,1,1,2024-12,2024-12,24DA000000560981,5,"01 UNIDAD DE AUTOMOVIL USAOO MARCA:TOYOTA MODELO:PREMIO A¿O FAB. 2007, A¿O MODELO:2007, COLOR:BORDO.-"
TOYOTA,TOYOTA,2001,GRAND HIACE,ICE,1,1,2024-12,2024-12,24DA000000560982,7,01 UNIDAD DE STATION WAGON USADO MARCA:TOYOTA MODELO GRAND HIACE A¿O FAB. 2001 A¿O MOD 2001 COLOR PERLA/DORADO.-
TOYOTA,TOYOTA,2009,PREMIO,ICE,1,1,2024-12,2024-12,24DA000000560982,8,01 UNIDAD DE AUTOMOVIL USADO MARCA:TOYOTA MODELO:PREMIO A¿O FAB. 2009 A¿O MOD 2009 COLOR PLATA.-
TOYOTA,TOYOTA,2000,FUNCARGO,ICE,1,1,2024-12,2024-12,24DA000000560982,9,01 UNIDAD DE STATION WAGON USADO MARCA:TOYOTA MODELO:FUNCARGO A¿O FAB. 2000 A¿O MOD 2000 COLOR PLATA.-
TOYOTA,TOYOTA,2002,ALLION,ICE,1,1,2024-12,2024-12,24DA000000560987,3,01 UNIDAD DE AUTOMOVIL USADO MARCA:TOYOTA MODELO:ALLION A¿O FAB. 2002 A¿O MOD 2002 COLOR AZUL.-
TOYOTA,TOYOTA,2006,PREMIO,ICE,1,1,2024-12,2024-12,24DA000000560987,9,01 UNIDAD DE AUTOMOVIL USADO MARCA:TOYOTA MODELO:PREMIO A¿O FAB. 2006 A¿O MOD 2006 COLOR PLATA.-
TOYOTA,TOYOTA,2003,PLATZ,ICE,1,1,2024-12,2024-12,24DA000000560987,5,01 UNIDAD DE AUTOMOVIL USADO MARCA:TOYOTA MODELO:PLATZ A¿O FAB. 2003 A¿O MOD 2003 COLOR BLANCO.-
VOLKSWAGEN,VOLKSWAGEN,LUPO 1,LUPO,ICE,1,1,2024-12,2024-12,24DA000000555653,1,1 UNIDAD DE AUTOMOVIL USADO MARCA VOLKSWAGEN MODELO LUPO 1.4 A¿O 2000 COLOR BLANCO.-
BMW,BMW,(sin modelo),X5 XDRIVE45E,PHEV,1,1,2024-12,2024-12,24DA000000566721,1,UNA CAMIONETA USADA MARCA: BMW MODELO: X5 XDRIVE45E A¿O: 2023 COLOR: BLANCO
DODGE,DODGE,(sin modelo),VIPER SRT-10,ICE,1,1,2024-12,2024-12,24DA000000569212,1,01 UNIDAD DE VEHICULO USADO MARCA: DODGE MODELO: VIPER SRT-10 A?O: 2004 COLOR: ROJO CHASIS: 1B3JZ65Z24V101782
HYUNDAI,HYUNDAI,(sin modelo),SANTA FEW,ICE,1,1,2024-12,2024-12,24DA000000575796,8,01 VEHICULO USADO TIPO STATION WAGON MARCA HYUNDAI MODELO SANTA FEW A¿O 2013 MOVIDO A DIESEL
TOYOTA,TOYOTA,(sin modelo),ESTIMA AERO,ICE,1,1,2024-12,2024-12,24DA000000579934,1,01 VEHICULO USADO TIPO STATION WAGON DE LA MARCA TOYOTA MODELO ESTIMA AERO A¿O 2007 MOVIDO A GASOLINA
PEUGEOT,PEUGEOT,(sin modelo),407 ST,ICE,1,1,2024-12,2024-12,24DA000000575807,1,UN AUTOMOVIL USADO MARCA PEUGEOT MODELO 407 ST A¿O 2004 COLOR NEGRO.-
MERCEDES-BENZ,MERCEDES-BENZ,(sin modelo),GLK 220 CDI 4MATIC,ICE,1,1,2024-12,2024-12,24DA000000575669,11,"UNA UNIDA DE STATION WAGON USADO, MARCA MERCEDES BENZ MODELO GLK 220 CDI 4MATIC A¿O 2014-"
SSANGYONG,KGM,(sin modelo),REXTON RX7,ICE,1,1,2024-12,2024-12,24DA000000575669,3,"UNA UNIDA DE STATION WAGON USADO, MARCA SSANGYONG MODELO REXTON RX7 A¿O 2014.-"
HYUNDAI,HYUNDAI,(sin modelo),SANTA FE,HEV,1,1,2024-12,2024-12,24DA000000593811,1,01 VEHICULO NUEVO TIPO STATION WAGON DE LA MARCA HYUNDAI MODELO SANTA FE A¿O FABRICACION 2024 A¿O MODELO 2025 MOVIDO A GASOLINA (HIBRIDO)
PORSCHE,PORSCHE,(sin modelo),CHAYENNE,ICE,1,1,2024-12,2024-12,24DA000000583904,1,1 UNA UNIDAD AUTOMOVIL USADO MARCA PORSCHE MODELO CHAYENNE S A¿O 2014 COLOR NEGRO.-
MITSUBISHI,MITSUBISHI,(sin modelo),LANCER EVO8,ICE,1,1,2024-12,2024-12,24DA000000594534,1,"UNA UNIDAD DE AUTOMOVIL USADO, MARCA MITSUBISHI MODELO LANCER EVO8 A¿O 2003.-"
MERCEDES-BENZ,MERCEDES-BENZ,2023,AMG SL 55 4MATIC+,ICE,1,1,2024-12,2024-12,24DA000000595014,1,"1 UNID AUTOMOVIL, MARCA: MERCEDES BENZ, TIPO: AMG SL 55 4MATIC+, A¿O MODELO: 2023 CON SUS ACCESORIOS NORMALES Y CORRESPONDIENTES"
PORSCHE,PORSCHE,(sin modelo),356 BT5,ICE,1,1,2024-12,2024-12,24DA000000603594,3,"AUTOMOVIL MARCA PORSCHE 356 BT5, 1960, COLOR ROJO, USADO, VIN N. 152546 - A RESTAURAR"
TOYOTA,TOYOTA,(sin modelo),VEROSSA,ICE,1,1,2024-12,2024-12,24DA000000603544,2,1 UND AUTOMOVIL MODELO VEROSSA A¿O 2000 COLOR ROJO
JETOUR,JETOUR,(sin modelo),T2LUXURY,ICE,1,1,2024-12,2024-12,24DA000000607813,1,"CON CAPACIDAD PARA EL TRANSPORTE DE PERSONAS SENTADAS INFERIOR O IGUAL A 6, INCLUIDO EL CONDUCTOR EN:UN VEHICULO ST WAGON DE LA MARCA JETOUR MODELO T2LUXURY A¿O 2024 MODELO A¿O 2025 CON SUS ACCESORIOS"
MERCEDES-BENZ,MERCEDES-BENZ,2025,AMG GT 63 4MATIC+,ICE,1,1,2024-12,2024-12,24DA000000615219,1,"1 UNID AUTOMOVIL, MARCA: MERCEDES BENZ, TIPO: AMG GT 63 4MATIC+, A¿O DE FABRICACION; 2024, A¿O MODELO: 2025, CON SUS ACCESORIOS NORMALES Y CORRESPONDIENTES"
GMC,GMC,(sin modelo),SAVANA,ICE,1,1,2024-12,2024-12,24DA000000565027,1,UNA UNIDAD DE VEHICULO USADA MARCA GMC MODELO SAVANA A¿O 1999
CHEVROLET,CHEVROLET,2025,S10 WORK,ICE,1,1,2024-12,2024-12,24DA000000557722,1,"1-UND PICK-UP MODELO S10 ¿WORK TRUCK, CABINA DOBLE, MOTOR 2.8, 4X4, MT, A¿O DE FABRICACION 2024, A¿O MODELO 2025"
CHEVROLET,CHEVROLET,2025,S10 Z71,ICE,1,1,2024-12,2024-12,24DA000000557722,2,"1-UND PICK-UP MODELO S10 ¿Z71, CABINA DOBLE, MOTOR 2.8, 4X4, AT, A¿O DE FABRICACION 2024, A¿O MODELO 2025"
NISSAN,NISSAN,(sin modelo),ATLEON 210,ICE,1,1,2024-12,2024-12,24DA000000585995,1,UNA UNIDAD CAMION USADO MARCA NISSAN MODELO ATLEON 210 A¿O 2003
ISUZU,ISUZU,2024,ELF,ICE,1,1,2024-12,2024-12,24DA000000604736,1,01- UNID CAMION CON FRIGORIFICO MARCA ISUZU MODELO ELF DIESEL A¿O DE FABRICACION 2024 A¿O MODELO 2024.-
MERCEDES-BENZ,MERCEDES-BENZ,(sin modelo),2628B,ICE,1,1,2024-12,2024-12,24DA000000609910,1,UNA UNIDAD CHASSIS CON MOTOR Y CABINA USADO MARCA MERCEDES BENZ MODELO 2628B A¿O 2000
SCANIA,SCANIA,(sin modelo),P-94 260,ICE,1,1,2024-12,2024-12,24DA000000611342,2,"CHASIS CON MOTOR Y CABINA; EN: 1 UNIDAD SCANIA, USADO; MODELO: P-94 ¿ 260; COLOR: BLANCO; A¿O: 2002; CHASIS NRO: X52T6X20001284466"
SCANIA,SCANIA,(sin modelo),P-114-360,ICE,1,1,2024-12,2024-12,24DA000000611342,1,"CHASIS CON MOTOR Y CABINA; EN: 1 UNIDAD SCANIA, USADO; MODELO: P-114-360; COLOR: BLANCO; A¿O: 2004; CHASIS NRO: XLEP6X20005112999"
MG,MG,2025,CYBESTER,BEV,1,1,2025-01,2025-01,25DA000000000351,1,"1 UNID AUTOMOVIL, MARCA MG, TIPO CYBESTER, AO DE FABRICACION 2024, AO MODELO 2025, CON SUS ACCESORIOS NORMALES Y CORRESPONDIENTES"
TOYOTA,TOYOTA,(sin modelo),VOYX,ICE,1,1,2025-01,2025-01,25DA000000002310,9,UNA UNIDAD DE STATION WAGON USADO MARCA TOYOTA VOYX A¿O 2009 COLOR PLATA
VOLKSWAGEN,VOLKSWAGEN,(sin modelo),T-CROSS HIGHLINE AC,ICE,1,1,2025-01,2025-01,25DA000000006220,1,"LOS DEM¿S, EN: 1)UN VEHICULO MARCA VOLKSWAGEN MODELO T-CROSS HIGHLINE AC A¿O 2024 TIPO SUV COLOR BLANCO CC 1.600 NAFTERO CHASIS NRO. 9BWBL6BF5R4047282 0KM"
KAWASAKI,KAWASAKI,2025,TERYX KRX4,ICE,1,1,2025-01,2025-01,25DA000000007391,32,1 UNID. VEHICULO DE RECREACION MARCA KAWASAKI MODELO TERYX KRX4 A¿O DE FABRICACION 2024 A¿O MODELO 2025
KAWASAKI,KAWASAKI,2025,KFX 50,ICE,1,1,2025-01,2025-01,25DA000000007391,39,1 UNID. CUADRICICLO MARCA KAWASAKI MODELO KFX 50 A¿O FABRICACION 2024 A¿O MODELO 2025
NISSAN,NISSAN,FRONTIER PICK UP 2,FRONTIER PICK UP,ICE,1,1,2025-01,2025-01,25DA000000004802,1,01 UNA UND. CAMIONETA 4X4 MODELO FRONTIER PICK UP 2.5 ANO 2004 COLOR GRIS / PLATA
PEUGEOT,PEUGEOT,(sin modelo),2008 MCA ALLURE,ICE,1,1,2025-01,2025-01,25DA000000004734,1,STATION WAGON PEUGEOT 2008 MCA ALLURE 1.6 FLEX 115HP AT6 CON SUS ACCESORIOS CORRESPONDIENTES
BMW,BMW,(sin modelo),X3 SDRIVE 20I,ICE,1,1,2025-01,2025-01,25DA000000011870,1,"LOS DEM¿S, EN: 1)UNIDAD DE VEHICULO MARCA BMW MODELO X3 SDRIVE 20I A¿O 2018 CHASIS NRO. WBATR31090LA51045 COLOR PLATA GLACIAR METALIZADO"
CHRYSLER,CHRYSLER,(sin modelo),300,ICE,1,1,2025-01,2025-01,25DA000000011000,1,1 UNA UNIDAD AUTOMOVIL USADO MARCA CHRYSLER MODELO 300 A¿O 2014 COLOR GRIS
MERCEDES-BENZ,MERCEDES-BENZ,(sin modelo),CLS 450,ICE,1,1,2025-01,2025-01,25DA000000008615,3,( 1 ) UNA UNIDAD AUTOMOVIL MERCEDES BENZ MODELO CLS 450 A¿O 2020 MOVIDO A NAFTA COLOR BLANCO ( USADO )
MERCEDES-BENZ,MERCEDES-BENZ,(sin modelo),GLA200,ICE,1,1,2025-01,2025-01,25DA000000019534,1,UNA UNIDAD ST. WAGON USADO MARCA: MERCEDES BENZ MODELO: GLA200 A¿O: 2013. DIESEL.-
PORSCHE,PORSCHE,(sin modelo),718 BOXSTER,ICE,1,1,2025-01,2025-01,25DA000000019412,1,"UNA UNIDAD DE AUTOMOVIL, MARCA PORSCHE MODELO 718 BOXSTER A¿O 2019 CHASIS WP0CA2A85KS210255 COLOR BLANCO"
MG,MG,2025,CYBERSTER,BEV,1,1,2025-01,2025-01,25DA000000020977,1,"1 UNID AUTOMOVIL, MARCA MG, TIPO CYBERSTER, AO DE FABRICACION 2024, AO MODELO 2025 CON SUS ACCESORIOS NORMALES Y CORRESPONDIENTES.-"
MERCEDES-BENZ,MERCEDES-BENZ,(sin modelo),A170,ICE,1,1,2025-01,2025-01,25DA000000014132,1,1) UNA UNIDAD DE AUTOMOVIL USADO MARCA MERCEDES BENZ MODELO A170 A¿O 2001 COLOR GRIS.-
KIA,KIA,(sin modelo),RIO,ICE,1,1,2025-01,2025-01,25DA000000028782,1,1) UNA UNIDAD DE AUTOMOVIL USADO MARCA KIA MODELO RIO A¿O 2008 COLOR NEGRO
HYUNDAI,HYUNDAI,I20 1,I20,ICE,1,1,2025-01,2025-01,25DA000000036141,7,1) UND AUTOMOVIL MARCA: HYUNDAI MODELO: I20 1.4 CRDI A¿O: 2012 COLOR: NEGRO CHASIS N. NLHBB51RACZ104429
FORD,FORD,(sin modelo),MUSTANG MACH,ICE,1,1,2025-01,2025-01,25DA000000027710,2,UN AUTOMOVIL USADO MARCA: FORD MODELO: MUSTANG MACH I A¿O: 2022 COLOR: GRIS NARDO
MERCEDES-BENZ,MERCEDES-BENZ,2025,GLB 220 D 4MATIC,ICE,1,1,2025-01,2025-01,25DA000000028877,1,"1 UNID CAMIONETA, MARCA: MERCEDES BENZ, TIPO: GLB 220 D 4MATIC, A¿O DE FABRICACION: 2024, A¿O MODELO: 2025 CON SUS ACCESORIOS NORMALES Y CORRESPONDIENTES.-"
AUDI,AUDI,(sin modelo),ALLROAD QUATTRO,ICE,1,1,2025-01,2025-01,25DA000000028662,1,01 VEHICULO USADO TIPO STATION WAGON DE LA MARCA AUDI MODELO ALLROAD QUATTRO A¿O 2002 MOVIDO A GASOLINA
PORSCHE,PORSCHE,(sin modelo),911S,ICE,1,1,2025-01,2025-01,25DA000000031636,1,01 UNA UNIDAD DE AUTOMOVIL USADO MARCA PORSCHE MODELO 911S A¿O 1974
MERCEDES-BENZ,MERCEDES-BENZ,2025,AMG 53 4MATIC,ICE,1,1,2025-01,2025-01,25DA000000037684,2,"1 UNID CAMIONETA, MARCA MERCEDES BENZ, TIPO AMG 53 4MATIC, AO DE FABRICACION 2024, AO MODELO 2025 CON SUS ACCESORIOS NORMALES Y CORRESPONDIENTES"
TOYOTA,TOYOTA,(sin modelo),MOEDLO FUNCARGO,ICE,1,1,2025-01,2025-01,25DA000000034962,6,01 VEHICULO USADO TIPO STATION WAGON DE LA MARCA TOYOTA MOEDLO FUNCARGO A¿O 2005 MOVIDO A GASOLINA
MERCEDES-BENZ,MERCEDES-BENZ,(sin modelo),320TE,ICE,1,1,2025-01,2025-01,25DA000000028239,3,1 UND AUTOMOVIL MODELO 320TE A¿O 1994 COLOR GRIS
CHEVROLET,CHEVROLET,(sin modelo),CORVETTE ROADSTER,ICE,1,1,2025-01,2025-01,25DA000000038825,1,01-UNIDAD VEHICULO USADO CHEVROLET CORVETTE ROADSTER A¿O 1960 COLOR ROJO
MAZDA,MAZDA,(sin modelo),ROADSTER,ICE,1,1,2025-01,2025-01,25DA000000041591,1,01) UN AUTOMOVIL USADO MARCA: MAZDA MODELO. ROADSTER A¿O: 1993 MOVIDO A GASOLINA
CHEVROLET,CHEVROLET,(sin modelo),CAMARO Z28 CONVERTIBLE,ICE,1,1,2025-01,2025-01,25DA000000039359,1,01-UNIDAD VEHICULO USADO CHEVROLET CAMARO Z28 CONVERTIBLE A¿O 1994
CHEVROLET,CHEVROLET,(sin modelo),CHEVELLE SPOR COUPE,ICE,1,1,2025-01,2025-01,25DA000000039360,1,01-UNIDAD VEHICULO USADO CHEVROLET CHEVELLE SPOR COUPE A¿O: 1970 COLOR ROJO
ROVER,ROVER,(sin modelo),MINI,ICE,1,1,2025-01,2025-01,25DA000000043108,4,1 UND AUTOMOVIL MODELO MINI A¿O 1996 COLOR AZUL
AUDI,AUDI,Q6 PERMORMANCE SLINE BP,Q6 E-TRON PERMORMANCE SLINE BP,BEV,1,1,2025-01,2025-01,25DA000000043563,1,"1 (UNA) UNIDAD DE STATION WAGON MARCA AUDI, MODELO Q6 PERMORMANCE SLINE BP, CHASIS WAUZZZGF8SA012404."
ISUZU,ISUZU,(sin modelo),NPR,ICE,1,1,2025-01,2025-01,25DA000000002032,1,1 UNA UNIDAD CAMION USADO MARCA ISUZU MODELO NPR A¿O 2016 COLOR BLANCO.-
NISSAN,NISSAN,(sin modelo),L60.14,ICE,1,1,2025-01,2025-01,25DA000000010468,2,01) UN CAMION CON CHASIS Y CABINA USADO MARCA: NISSAN MODELO: L60.14 A¿O: 1989 MOVIDO A DIESEL.-
FIAT,FIAT,DUCATO 2,DUCATO,ICE,1,1,2025-01,2025-01,25DA000000013777,1,1) UNA UNIDAD DE VEHICULO USADO MARCA FIAT MODELO DUCATO 2.8T A¿O 1999 COLOR BLANCO
MERCEDES-BENZ,MERCEDES-BENZ,(sin modelo),709 D,ICE,1,1,2025-01,2025-01,25DA000000025453,1,UNA UNIDAD CAMION CHASSIS MOTOR Y CABINA USADO MARCA MERCEDES BENZ MODELO 709 D A¿O 1995
SCANIA,SCANIA,(sin modelo),P-94-260,ICE,1,1,2025-01,2025-01,25DA000000017658,1,"CHASIS CON MOTOR Y CABINA; EN: 1 UNIDAD SCANIA, USADO; MODELO: P-94-260; COLOR: AZUL; A¿O: 2002; CHASIS NRO: YS2P6X20001284665"
NISSAN,NISSAN,PICK UP 2,PICK UP,ICE,1,1,2025-01,2025-01,25DA000000025584,3,1 UNA UNIDAD CAMIONETA USADO MARCA NISSAN MODELO PICK UP 2.5T A¿O 2001 COLOR AZUL
MERCEDES-BENZ,MERCEDES-BENZ,(sin modelo),MDELO 814,ICE,1,1,2025-01,2025-01,25DA000000014539,2,1 UND CAMION MARCA MERCEDES BENZ MDELO 814 ANHO 1995 USADO
MERCEDES-BENZ,MERCEDES-BENZ,(sin modelo),670,ICE,1,1,2025-01,2025-01,25DA000000026736,3,01- UNID CAMION MARCA MERCEDES BENZ MODELO 670 DIESEL A¿O 2007.-
SCANIA,SCANIA,(sin modelo),P113HL,ICE,1,1,2025-01,2025-01,25DA000000026642,1,1) UNIDAD DE VEHICULO USADO MARCA SCANIA MODELO P113HL A¿O 1989 COLOR AMARILLO
SCANIA,SCANIA,(sin modelo),93 M,ICE,1,1,2025-01,2025-01,25DA000000046426,2,UNA UNIDAD CAMION USADO MARCA SCANIA MODELO 93 M A¿O 1991
FORD,FORD,(sin modelo),F100 14/2 TON,ICE,1,1,2025-01,2025-01,25DA000000039357,1,01-UNIDAD VEHICULO USADO FORD F100 14/2 TON A¿O 1954 COLOR AMARILLO
MERCEDES-BENZ,MERCEDES-BENZ,(sin modelo),S63 AMG COUPE 4MATIC,ICE,1,1,2025-02,2025-02,25DA000000057875,2,01) UNA UNIDAD DE VEHICULO USADO MERCEDES BENZ S63 AMG COUPE 4MATIC 2016
KIA,KIA,(sin modelo),K9,ICE,1,1,2025-02,2025-02,25DA000000057875,1,01) UNA UNIDAD DE VEHICULO USADO KIA K9 2013
BMW,BMW,(sin modelo),745LI,ICE,1,1,2025-02,2025-02,25DA000000054149,1,01 VEHICULO USADO TIPO AUTOMOVIL DE LA MARCA BMW MODELO 745LI A¿O 2002 MOVIDO A GASOLINA
BYD,BYD,(sin modelo),TANG HONOR,BEV,1,1,2025-02,2025-02,25DA000000049688,1,UNA UNIDAD DE VEHICULO NUEVO TIPO STATION WAGON MARCA BYD MODELO TANG HONOR A¿O 2024 ELECTRICO
MERCEDES-BENZ,MERCEDES-BENZ,(sin modelo),CLA200,ICE,1,1,2025-02,2025-02,25DA000000056025,4,UN AUTOMOVIL USADO MARCA MERCEDES BENZ MODELO CLA200 A¿O 2.016.-
TOYOTA,TOYOTA,LC300 GXR V6 3,LC300 GXR V6,ICE,1,1,2025-02,2025-02,25DA000000059844,1,"01) UNA UNIDAD STATION WAGON, MARCA TOYOTA, MODELO LC300 GXR V6 3.3L TWIN TURBO DIESEL AUTOMATIC ANO FABRICACION 2024, ANO MODELO 2025 COLOR NEGRO, CHASIS NRO JTMAACBJ0R4085274 MOTOR DIESEL"
TOYOTA,TOYOTA,LC300 VXR V6 3,LC300 VXR V6,ICE,1,1,2025-02,2025-02,25DA000000059844,2,"01) UNA UNIDAD STATION WAGON, MARCA TOYOTA, MODELO LC300 VXR V6 3.3L TWIN TURBO DIESEL AUTOMATIC ANO FABRICACION 2024, ANO MODELO 2025 COLOR NEGRO, CHASIS NRO JTMAA7BJ1R4093603 MOTOR DIESEL"
MERCEDES-BENZ,MERCEDES-BENZ,(sin modelo),E 320 CDI,ICE,1,1,2025-02,2025-02,25DA000000052850,1,VEHICULO CON CAPACIDAD DE TRANSPORTE DE PERSONAS EN:01-UN VEHICULO MARCA MERCEDES BENZ MODELO E 320 CDI A¿O DE FABRICACION 2008 MODELO A¿O 2008 CON SUS ACC. NORMALES
MITSUBISHI,MITSUBISHI,(sin modelo),MONTERO SPORT,ICE,1,1,2025-02,2025-02,25DA000000060324,12,UN STATION WAGON USADO MARCA MITSUBISHI MODELO MONTERO SPORT A¿O 2.021.-
KIA,KIA,(sin modelo),SEDONA,ICE,1,1,2025-02,2025-02,25DA000000051988,1,1) UNA UNIDAD DE STATION WAGON USADO MARCA KIA MODELO SEDONA A¿O 2011
TOYOTA,TOYOTA,(sin modelo),SINETA,ICE,1,1,2025-02,2025-02,25DA000000052705,8,"UNA UNIDAD DE STATION WAGON USADO, MARCA TOYOTA MODELO SINETA A¿O 2007.-"
LEXUS,LEXUS,(sin modelo),RX300,ICE,1,1,2025-02,2025-02,25DA000000054290,1,1) UNA UNIDAD DE AUTOMOVIL USADO MARCA LEXUS MODELO RX300 A¿O 2001
BMW,BMW,(sin modelo),850I,ICE,1,1,2025-02,2025-02,25DA000000050967,1,01-UNIDAD AUTOMOVIL USADO BMW 850I A¿O 1991 COLOR ROJO
MERCEDES-BENZ,MERCEDES-BENZ,(sin modelo),300 CE,ICE,1,1,2025-02,2025-02,25DA000000072416,2,UNA UNIDAD AUTOMOVIL USADO MARCA MERCEDES BENZ MODELO 300 CE A¿O 1992
MERCEDES-BENZ,MERCEDES-BENZ,(sin modelo),G580,BEV,1,1,2025-02,2025-02,25DA000000071179,1,"LOS DEM¿S VEH¿CULOS, PROPULSADOS ¿NICAMENTE CON MOTOR ELECTRICO EN 1 UNID) 2025 MERCEDES-BENZ G580 ELECTRICO"
BMW,BMW,(sin modelo),525D,ICE,1,1,2025-02,2025-02,25DA000000074408,3,01) UN AUTOMOVIL USADO MARCA BMW MODELO: 525D A¿O: 2007 MOVIDO A DIESEL.-
HONDA,HONDA,(sin modelo),INSPIRE,ICE,1,1,2025-02,2025-02,25DA000000069202,2,01 VEHICULO USADO TIPO AUTOMOVIL DE LA MARCA HONDA MODELO INSPIRE A¿O 2005 MOVIDO A GASOLINA
BMW,BMW,(sin modelo),520 D,ICE,1,1,2025-02,2025-02,25DA000000076024,7,UNA UNIDAD DE VEHICULO USADO TIPO AUTOMOVIL MARCA BMW MODELO 520 D A¿O 2013 MOVIDO A DIESEL
NISSAN,NISSAN,(sin modelo),SKYLINE GT,ICE,1,1,2025-02,2025-02,25DA000000076149,1,UNA UNIDAD DE VEHICULO USADO TIPO AUTOMOVIL MARCA NISSAN MODELO SKYLINE GT A¿O 1999 MOVIDO A GASOLINA
RENAULT,RENAULT,(sin modelo),TWINGO,ICE,1,1,2025-02,2025-02,25DA000000069973,1,01 UNA UNIDAD AUTOMOVIL USADO MARCA RENAULT MODELO TWINGO A¿O 2009 COLOR AZUL
TOYOTA,TOYOTA,(sin modelo),RAV-4,ICE,1,1,2025-02,2025-02,25DA000000076195,1,UN STATION WAGON USADO MARCA TOYOTA MODELO RAV-4 A¿O 2005 COLOR GRIS
PEUGEOT,PEUGEOT,(sin modelo),208 ALLURE PACK,ICE,1,1,2025-02,2025-02,25DA000000076197,3,AUTOMOVIL PEUGEOT 208 ALLURE PACK 1.6 FLEX 115 AT6. CON SUS ACCESORIOS CORRESPONDIENTES
MERCEDES-BENZ,MERCEDES-BENZ,(sin modelo),GLE CLASS W166,ICE,1,1,2025-02,2025-02,25DA000000080134,1,CON UNA UNIDAD VEHICULO USADO MARCA MERCEDES BENZ MODELO GLE CLASS W166 A¿O 2018 DIESEL
VOLKSWAGEN,VOLKSWAGEN,(sin modelo),T4 CARAVELLE,ICE,1,1,2025-02,2025-02,25DA000000084436,1,UNA UNIDAD DE FURGONETA USADO MARCA VOLKSWAGEN MODELO T4 CARAVELLE A¿O 1999 COLOR ROJO
VOLKSWAGEN,VOLKSWAGEN,(sin modelo),TOURAN,ICE,1,1,2025-02,2025-02,25DA000000083599,2,"LOS DEMAS; EN: 1 UNIDAD VOLKSWAGEN, USADO; MODELO: TOURAN; 1.6CC; COLOR:BEIGE ; A¿O: 2004; CHASIS NRO:WVGZZZ1TZ4W109123"
TOYOTA,TOYOTA,(sin modelo),P ALLION,ICE,1,1,2025-02,2025-02,25DA000000080971,2,01 VEHICULO USADO TIPO AUTOMOVIL DE LA MARCA TOYOTA MODELOP ALLION A¿O 2007 MOVIDO A GASOLINA
MARSHELL,MARSHELL,(sin modelo),DHJ4,ICE,1,1,2025-02,2025-02,25DA000000090640,3,1 UNIDAD DE CARRO DE GOLF ELECTRICO ( GOLF ELECTRIC CAR ) MARCA MARSHELL MODELO DHJ4 A¿O 2024 CHASIS GD2411008695 COLOR NEGRO
NISSAN,NISSAN,(sin modelo),SKYLINE GT-T,ICE,1,1,2025-02,2025-02,25DA000000080759,1,UN AUTOMOVIL USADO MARCA NISSAN MODELO SKYLINE GT-T A¿O 2.000.-
LAND ROVER,LAND ROVER,(sin modelo),N RANGER ROVER,ICE,1,1,2025-02,2025-02,25DA000000096351,6,UN STATION WAGON USADO MARCA LAND ROVER MODELON RANGER ROVER A¿O 2.016.-
JAGUAR,JAGUAR,(sin modelo),XJ,ICE,1,1,2025-02,2025-02,25DA000000096351,1,UN AUTOMOVIL USADO MARCA JAGUAR MODELO XJ A¿O 2.016.-
CITROEN,CITROEN,(sin modelo),C3 RALLY 2,ICE,1,1,2025-02,2025-02,25DA000000095002,1,(1) UNA UNIDAD AUTOMOVIL USADO MARCA CITROEN MODELO C3 RALLY 2 A¿O 2018 COLOR BLANCO CHASSIS NRO VF7SXHMZ6JT646179
FORD,FORD,(sin modelo),ENTEGRA COAH,ICE,1,1,2025-02,2025-02,25DA000000092099,1,"MOTOR HOME FORD ENTEGRA COAH, VISION 2022."
PEUGEOT,PEUGEOT,206 1,206,ICE,1,1,2025-02,2025-02,25DA000000092350,1,1 UNA UNIDAD AUTOMOVIL USADO MARCA PEUGEOT MODELO 206 1.6 A¿O 2.007 COLOR ROJO
OPEL,OPEL,(sin modelo),MONTERREY,ICE,1,1,2025-02,2025-02,25DA000000091020,1,1 UNA UNIDAD STATION WAGON USADO MARCO OPEL MODELO MONTERREY A¿O 1993 COLOR AZUL.-
NISSAN,NISSAN,(sin modelo),PRIMERA,ICE,1,1,2025-02,2025-02,25DA000000096242,1,1 UNA UNIDAD AUTOMOVIL USADO MARCA NISSAN MODELO PRIMERA A¿O 1997 COLOR BLANCO.-
SCANIA,SCANIA,(sin modelo),T114,ICE,1,1,2025-02,2025-02,25DA000000056962,1,"UNA UNIDAD CAMION VOLQUETE USADO, ,MARCA: SCANIA MODELO: T114 - 340 6X4 A¿O: 1999"
MERCEDES-BENZ,MERCEDES-BENZ,(sin modelo),1518,ICE,1,1,2025-02,2025-02,25DA000000058097,2,UNA UNIDAD DE CHASSIS MOTOR CON CABINA USADO MARCA MERCEDES BENZ MODELO 1518 A¿O 2003
MERCEDES-BENZ,MERCEDES-BENZ,(sin modelo),1828 L,ICE,1,1,2025-02,2025-02,25DA000000053054,1,UNA UNIDAD CAMION USADO MARCA MERCEDES BENZ MODELO 1828 L A¿O 2004
FORD,FORD,(sin modelo),F150 SUPER,ICE,1,1,2025-02,2025-02,25DA000000060268,3,UNA CAMIONETA USADO MARCA: FORD MODELO: F150 SUPER A¿O: 2018 COLOR: NEGRO
TOYOTA,TOYOTA,(sin modelo),TACOMA TRD PRO,BEV,1,1,2025-02,2025-02,25DA000000071179,2,"LOS DEM¿S, EQUIPADOS PARA LA PROPULSI¿N CON MOTOR DE EMBOLO (PIST¿N), DE ENCENDIDO POR CHISPA Y CON MOTOR ELECTRICO: 1 UNID) CAMIONETA 2024 TOYOTA TACOMA TRD PRO"
FIAT,FIAT,(sin modelo),TORO ENDURANCE,ICE,1,1,2025-02,2025-02,25DA000000081683,24,-DE PESO TOTAL CON CARGA M¿XIMA INFERIOR O IGUAL A 5T EN: UNA CAMIONETA MARCA FIAT MODELO TORO ENDURANCE A¿O 2024 MOD A¿O 2025 CON SUS ACCESORIOS NORMALES.-.
MITSUBISHI,MITSUBISHI,(sin modelo),MOEDLO CANTER,ICE,1,1,2025-02,2025-02,25DA000000079550,7,01 VEHICULO USADO TIPO CAMION TUMBA DE LA MARCA MITSUBISHI MOEDLO CANTER A¿O 1999 MOVIDO A DIESEL
SCANIA,SCANIA,(sin modelo),P113 HL,ICE,1,1,2025-02,2025-02,25DA000000089592,4,1) UNIDAD DE VEHICULO USADO MARCA SCANIA MODELO P113 HL A¿O 1992 COLOR NARANJA
SCANIA,SCANIA,(sin modelo),94C,ICE,1,1,2025-02,2025-02,25DA000000083599,1,"CHASIS CON MOTOR Y CABINA; EN: 1 UNIDAD SCANIA, USADO: MODELO: 94C; COLOR:BLANCO ; A¿O: 1998; CHASIS NRI: XLEP6X20004402822"
MERCEDES-BENZ,MERCEDES-BENZ,(sin modelo),ATEGO 1215,ICE,1,1,2025-02,2025-02,25DA000000081890,4,01) UN CAMION CON CHASIS Y CABINA USADO MARCA. MERCEDES BENZ MODELO. ATEGO 1215 A¿O: 2006 MOVIDO A DIESEL.-
CHEVROLET,CHEVROLET,(sin modelo),SSR LS,ICE,1,1,2025-02,2025-02,25DA000000091022,1,UNA CAMIONETA USADO MARCA: CHEVROLET MODELO: SSR LS A¿O: 2004 COLOR: NEGRO
CITROEN,CITROEN,(sin modelo),DS,ICE,1,1,2025-03,2025-03,25DA000000100579,2,"01 UNIDAD DE AUTOMOVIL CITROEN DS, A¿O 1969, COLOR MARRON, CHASSI (VIN) NRO. 7606164"
HONDA,HONDA,(sin modelo),TRX420FM FOURTRAX,ICE,1,1,2025-03,2025-03,25DA000000099925,2,CUACICLON USADO HONDA TRX420FM FOURTRAX 4X4 A¿O 2012 VIN: 1HFTE3529C4501739
SHINING,SHINING,(sin modelo),F4,ICE,1,1,2025-03,2025-03,25DA000000104980,1,UN CARRITO DE GOLF NUEVO MODELO: SHINING MODELO: F4 A¿O: 2024 COLOR: BLANCO CHASSI NRO: SV20241104012202C
VOLKSWAGEN,VOLKSWAGEN,TAOS 1,TAOS,ICE,1,1,2025-03,2025-03,25DA000000115825,1,"01) UNA UNIDAD AUTOMOVIL MARCA VOLKSWAGEN , TIPO STATION WAGON,MODELO TAOS 1.4 FLEX HIGHLINE, A¿O:2024"
VOLKSWAGEN,VOLKSWAGEN,TERAMONT 2,TERAMONT,ICE,1,1,2025-03,2025-03,25DA000000130209,1,"1 UNID. VEHICULO MARCA VOLKSWAGEN, MODELO TERAMONT 2.0 TSI PREMIUM 3H, MODELO A¿O 2024, CON SUS ACCESORIOS"
HYUNDAI,HYUNDAI,(sin modelo),I20N RALLY 2,ICE,1,1,2025-03,2025-03,25DA000000123131,1,(1) UNA UNIDAD VEHICULO USADO MARCA HYUNDAI MODELO I20N RALLY 2 A¿O 2021 CHASSIS NLHBM51JBMZ999056
BMW,BMW,(sin modelo),X3 XDRIVE 28I,ICE,1,1,2025-03,2025-03,25DA000000128335,1,1 UNID STATION WAGON USADO MARCA BMW MODELO X3 XDRIVE 28I A¿O 2014 COLOR AZUL OSCURO CILINDRADA 1997 CC 5 PUERTAS
JEEP,JEEP,(sin modelo),WILLY CJ-2A,ICE,1,1,2025-03,2025-03,25DA000000124408,1,1 (UNA) UNIDAD DE SUV JEEP WILLY CJ-2A
CLUB CAR,CLUB CAR,(sin modelo),CARRY ALL 1700,ICE,1,1,2025-03,2025-03,25DA000000121701,18,"(1) UNIDAD CONTENIENDO CLUB CAR CARRY ALL 1700 4X4 4 PLAZAS ( CLUB CAR CARRY ALL 1700 4X4 4 SEATER SERIAL#SD1903-942455),-"
CAN-AM,CAN-AM,(sin modelo),800 4-WHEELER VIN#3JBLWAX25GJ000080),ICE,1,1,2025-03,2025-03,25DA000000121701,17,"(1) UNIDAD CONTENIENDO VEH¿CULO DE 4 RUEDAS CAM-AM 800 R 2015 (USED 2015 CAN-AM 800 4-WHEELER VIN#3JBLWAX25GJ000080),-"
TOYOTA,TOYOTA,(sin modelo),VITX,ICE,1,1,2025-03,2025-03,25DA000000144434,2,01 VEHICULO USADO TIPO AUTOMOVIL DE LA MARCA TOYOTA MODELO VITX A¿O 2013 MOVIDO A GASOLINA
HYUNDAI,HYUNDAI,(sin modelo),PALISADE 7 W7 7PASAJERO,ICE,1,1,2025-03,2025-03,25DA000000145096,31,VEHICULOS AUTOMOVILES PARA EL TRANSPORTE DE PERSONAS. MARCA HYUNDAI. MODELO. PALISADE 7 W7¿ 7PASAJERO 2.2 DIESEL AT 4X4 LIMITED ..CON SUS ACCESORIOS CORRESPONDIENTES
MERCEDES-BENZ,MERCEDES-BENZ,2025,GLC 220 4MATIC,ICE,1,1,2025-03,2025-03,25DA000000145450,2,"1 UNID CAMIONETA, MARCA: MERCEDES BENZ, TIPO: GLC 220 4MATIC A¿O DE FABRICACION: 2024, A¿O MODELO: 2025 CON SUS ACCESORIOS NORMALES Y CORRESPONDIENTES.-"
MERCEDES-BENZ,MERCEDES-BENZ,(sin modelo),G55 AMG,ICE,1,1,2025-03,2025-03,25DA000000142800,8,01 UNA UNIDAD STATION WAGON USADO MARCA MERCEDES BENZ MODELO G55 AMG A¿O 2004 COLOR NEGRO
MERCEDES-BENZ,MERCEDES-BENZ,(sin modelo),709R,ICE,1,1,2025-03,2025-03,25DA000000100153,2,01) UN CAMION CON CHASIS Y CABINA USADO MARCA: MERCEDES BENZ MODELO. 709R A¿O: 1990 MOVIDO A DIESEL.-
SCANIA,SCANIA,(sin modelo),P450,ICE,1,1,2025-03,2025-03,25DA000000100002,1,01) UN CAMION FRIGORIFICO USADO MARCA. SCANIA MODELO: P450 A¿O: 2015 MOVIDO A DIESEL
FORD,FORD,(sin modelo),F-100 XL,ICE,1,1,2025-03,2025-03,25DA000000117222,1,1 UNA UNIDAD DE CAMIONETA USADA MARCA FORD MODELO F-100 XL A¿O 1998 COLOR GRIS ORIGEN BRASIL FORMULARIO F18 NRO. 47743
FIAT,FIAT,FIAT TORO ULTRA 1,FIAT TORO ULTRA,ICE,1,1,2025-03,2025-03,25DA000000115618,2,LAS DEMAS CAMIONETAS PARA EL TRASNPORTE DE MERCANCIAS EN: 01 UNA UNIDAD CAMIONETA DOBLE CABINA MARCA: FIAT MODELO FIAT TORO ULTRA 1.3L FLEX AT 2WD ANO 2026 CON SUS ACCESORIOS CORRESPONDIENTES
NISSAN,NISSAN,(sin modelo),L35.085,ICE,1,1,2025-03,2025-03,25DA000000130664,3,01) UN CAMION CON CHASIS Y CABINA USADO MARCA: NISSAN MODELO: L35.085 A¿O: 1996 MOVIDO A DIESEL.-
MERCEDES-BENZ,MERCEDES-BENZ,(sin modelo),VITO 109D,ICE,1,1,2025-03,2025-03,25DA000000126336,1,01) UNA FURGONETA USADA MARCA. MERCEDES BENZ MODELO: VITO 109D A¿O: 2018 MOVIDO A DIESEL.-
IVECO,IVECO,(sin modelo),MEDEDLO,ICE,1,1,2025-03,2025-03,25DA000000123891,1,"UNA UNIDAD CAMION MARCA IVECO MEDEDLO 440E35, AO 1993, USADO."
VOLVO,VOLVO,(sin modelo),FI618,ICE,1,1,2025-03,2025-03,25DA000000140407,1,"CHASIS CON MOTOR Y CABINA; EN: 1 UNIDAD VOLVO, USADO; MODELO: FI618; A¿O: 2000; COLOR:BLANCO ; CHASIS NRO: YV2E4C5A2XB232259"
MERCEDES-BENZ,MERCEDES-BENZ,(sin modelo),1522,ICE,1,1,2025-03,2025-03,25DA000000142132,1,UNA UNIDAD DE CAMION MARCA MERCEDES BENZ MODELO 1522 A¿O 2005 COLOR BLANCO
MERCEDES-BENZ,MERCEDES-BENZ,(sin modelo),914D,ICE,1,1,2025-03,2025-03,25DA000000138858,1,UNA UNIDAD CHASSIS CON MOTOR Y CABINA MARCA: MERCEDES BENZ MODELO: 914D A¿O: 1995. DIESEL.
MERCEDES-BENZ,MERCEDES-BENZ,(sin modelo),CL 500,ICE,1,1,2025-04,2025-04,25DA000000147343,2,UNA UNIDAD DE AUTOMOVIL USADO CON SUS ACCESORIOS MARCA MERCEDES BENZ MODELO CL 500 A¿O 2000 COLOR BLANCO
RENAULT,RENAULT,(sin modelo),LAGUNA BTB1,ICE,1,1,2025-04,2025-04,25DA000000147098,2,UNA UNIDAD AUTOMOVIL USADO MARCA RENAULT MODELO LAGUNA BTB1 A¿O 2010
XPENG,XPENG,(sin modelo),G9,BEV,1,1,2025-04,2025-04,25DA000000151601,1,CON 1 (UNA) UNIDAD DE VEHICULO TOTALMENTE ELECTRICO; MARCA: XPENG; MODELO: G9; A¿O: 2025
MAZDA,MAZDA,(sin modelo),RX 7,ICE,1,1,2025-04,2025-04,25DA000000148611,3,1 UND AUTOMOVIL MODELO RX 7 A¿O 1993 COLOR NEGRO
CADILLAC,CADILLAC,(sin modelo),ESCALADE ESV,ICE,1,1,2025-04,2025-04,25DA000000161712,1,"1,00)UNID. CAMIONETA CADILAC 2025 ESCALADE ESV 4WD SPORT PLATINUM/VIN 1GYS9RRL5SR187289 EXTERIOR: BLACK RAVEN INTERIOR: SHEER GRAY/JET BLACK ENGINE, 6.2L V8 TRANSMISSION,10-SPEED FUEL TYPE GASOLINA"
LAND ROVER,LAND ROVER,(sin modelo),MODEL RANGE ROVER SV,ICE,1,1,2025-04,2025-04,25DA000000161889,1,"CAMIONETA MARCA LAND ROVER MODEL RANGE ROVER SV P530,COLOR GRIS ANO DE FAB.2025 ANO MOD.2025"
HUMMER,HUMMER,(sin modelo),4 DOOR,ICE,1,1,2025-04,2025-04,25DA000000152087,2,01-UNIDAD VEHICULO USADO HUMMER 4 DOOR A¿O 1995 COLOR BEIGE
VOLKSWAGEN,VOLKSWAGEN,(sin modelo),LT35,ICE,1,1,2025-04,2025-04,25DA000000171233,1,1) UNA UNIDAD DE AMBULACIA PARA RESCATE USADO MARCA VOLKSWAGEN MODELO LT35 A¿O 2005 CON SUS ACCESORIOS CORRESPONDIENTES
MERCEDES-BENZ,MERCEDES-BENZ,(sin modelo),SL 500,ICE,1,1,2025-04,2025-04,25DA000000168023,1,"LOS DEMAS, EN: 1 UNID. AUTOMOVIL USADO MARCA MERCEDES BENZ MOD.: SL 500 COLOR GRIS ANO 2002"
YAMAHA,YAMAHA,(sin modelo),YFZ450,ICE,1,1,2025-04,2025-04,25DA000000170101,1,"LOS DEMAS, EN: 1) UNID. CUACICLON YAMAHA MODELO YFZ450 A¿O 2023 COLOR ROJO MOTOR 450 CC CHASIS NRO. 5Y4AJ7137KA102726 ESTADO: NUEVO"
SUBARU,SUBARU,FORESER 2,FORESER,HEV,1,1,2025-04,2025-04,25DA000000170535,3,"(1) UNA UNIDAD, CAMIONETA RURAL, MARCA SUBARU, MODELO FORESER 2.0I-S ES HEV SKEGLFL E3 WW, A¿O DE FABRICACION 2024, MODELO DEL A¿O 2025, CON SUS ACCESORIOS CORRESPONDIENTES.-"
MERCEDES-BENZ,MERCEDES-BENZ,(sin modelo),C43 AMG,ICE,1,1,2025-04,2025-04,25DA000000187884,1,"UNA UNIDAD AUTOMOVIL USADO , MARCA: MERCEDES BENZ MODELO: C43 AMG A¿O: 2018"
MERCEDES-BENZ,MERCEDES-BENZ,(sin modelo),450 SLC,ICE,1,1,2025-04,2025-04,25DA000000190752,1,UNA UNIDAD AUTOMOVIL USADO MARCA MERCEDES BENZ MODELO 450 SLC A¿O 1977
MERCEDES-BENZ,MERCEDES-BENZ,(sin modelo),E220 CABRIOLET,ICE,1,1,2025-04,2025-04,25DA000000178008,1,01) UNIDAD DE VEHICULO MODELO: E220 CABRIOLET A¿O: 2021 MARCA: MERCEDES BENZ CHASIS N.: W1K2384141F145478
CADILLAC,CADILLAC,(sin modelo),XT4,ICE,1,1,2025-04,2025-04,25DA000000187088,1,01 UNIDAD DE VEHICULO USADO MARCA: CADILLAC MODELO: XT4 A¿O: 2024 COLOR: GRIS CHASIS: 1GYFZCR48RF252994
HONDA,HONDA,(sin modelo),EDIX,ICE,1,1,2025-04,2025-04,25DA000000176731,5,UNA UNIDAD DE VEHICULO USADO TIPO STATION WAGON MARCA HONDA MODELO EDIX A¿O 2005 MOVIDO A GASOLINA
BMW,BMW,(sin modelo),128I,ICE,1,1,2025-04,2025-04,25DA000000176731,11,UNA UNIDAD DE VEHICULO USADO TIPO AUTOMOVIL MARCA BMW MODELO 128I A¿O 2008 MOVIDO A GASOLINA
AUDI,AUDI,(sin modelo),RS Q3 SPORTBACK,ICE,1,1,2025-04,2025-04,25DA000000183666,1,1 UNIDAD DE AUTOMOVIL AUDI RS Q3 SPORTBACK CON SUS ACCESORIOS CORRESPONDIENTES
MERCEDES-BENZ,MERCEDES-BENZ,(sin modelo),250SE,ICE,1,1,2025-04,2025-04,25DA000000189810,1,"UNA UNIDAD AUTOMOVIL USADO , MARCA: MERCEDES BENZ MODELO: 250SE A¿O: 1966 ( A RESTAURAR )"
PORSCHE,PORSCHE,(sin modelo),CAYENNE,PHEV,1,1,2025-04,2025-04,25DA000000184371,1,UNA UNIDAD DE STATION WAGON USADO MARCA PORSCHE MODELO CAYENNE A¿O: 2020
LAMBORGHINI,LAMBORGHINI,(sin modelo),GALLARDO,ICE,1,1,2025-04,2025-04,25DA000000195646,12,UNA UNIDAD DE VEHICULO USADO TIPO AUTOMOVIL MARCA LAMBORGHINI MODELO GALLARDO A¿O 2006 MOVIDO A GASOLINA
AUDI,AUDI,A4 1,A4,ICE,1,1,2025-04,2025-04,25DA000000192071,3,1 UND AUTOMOVIL MARCA AUDI MODELO A4 1.7 CC NAFTERO A¿O 1999
DODGE,DODGE,(sin modelo),VIPER R/T 10 ALO,ICE,1,1,2025-04,2025-04,25DA000000194368,3,01-UNIDAD VEHICULO USADO DODGE VIPER R/T 10 ALO: 1994 COLOR ROJO
VOLKSWAGEN,VOLKSWAGEN,(sin modelo),SUPER BEET,ICE,1,1,2025-04,2025-04,25DA000000193531,1,01 UNIDAD DE VEHICULO USADO MARCA: VOLKSWAGEN MODELO: SUPER BEET A¿O: 1979 COLOR: AZUL CHASIS: 1592001349
CHEVROLET,CHEVROLET,(sin modelo),CHEYENNE,ICE,1,1,2025-04,2025-04,25DA000000151528,1,"01 UNIDAD DE VEHICULO CHEVROLET CHEYENNE, A¿O 1972, COLOR GRIS, CHASSI (VIN) NRO. CCE142J102028."
MERCEDES-BENZ,MERCEDES-BENZ,(sin modelo),2528 L,ICE,1,1,2025-04,2025-04,25DA000000149546,2,UNA UNIDAD CAMION USADO MARCA MERCEDES BENZ MODELO 2528 L A¿O 1999
MAN,MAN,(sin modelo),8-163,ICE,1,1,2025-04,2025-04,25DA000000155776,1,UNA UNIDAD CAMION USADO MARCA MAN MODELO 8-163 A¿O 1996
MERCEDES-BENZ,MERCEDES-BENZ,(sin modelo),511 CDI,ICE,1,1,2025-04,2025-04,25DA000000158856,1,UNA UNIDAD CAMION FRIGORIFICO MARCA MERCEDES BENZ MODELO 511 CDI A¿O 2006
SCANIA,SCANIA,(sin modelo),94 260,ICE,1,1,2025-04,2025-04,25DA000000155220,1,UNA UNIDAD CAMION USADO MARCA SCANIA MODELO 94- 260 A¿O 2004
SCANIA,SCANIA,(sin modelo),R 380,ICE,1,1,2025-04,2025-04,25DA000000173919,1,UNA UNIDAD CAMION USADO MARCA SCANIA MODELO R 380 A¿O 2007
JOHN DEERE,JOHN DEERE,(sin modelo),825 I XUV GATOR,ICE,1,1,2025-04,2025-04,25DA000000174774,4,1 UNA UNIDAD CAMIONETA TODO TERRENO USADO MARCA JOHN DEERE MODELO 825 I XUV GATOR A¿O 2015 COLOR VERDE
SCANIA,SCANIA,(sin modelo),MODEL 124,ICE,1,1,2025-04,2025-04,25DA000000189244,1,UNA UNIDAD CAMION USADO MARCA SCANIA MODEL 124 - 360 A¿O 2001
SCANIA,SCANIA,(sin modelo),P124-400,ICE,1,1,2025-04,2025-04,25DA000000178253,1,UNA UNIDAD DE CAMION BASCULANTE TUMBA USADO MERCA SCANIA MODELO P124-400 A¿O 1999.-
JMC,JMC,(sin modelo),GRAND AVENUE,ICE,1,1,2025-04,2025-04,25DA000000187418,1,1 UNIDAD CAMIONETA JMC ¿GRAND AVENUE 4X4 AT E2
TOYOTA,TOYOTA,(sin modelo),D/C,ICE,1,1,2025-04,2025-04,25DA000000181633,4,CAMIONETA DE LA MARCA TOYOTA D/C 4X4 SRV AUT DIESEL 2.8 C.C GUN126L-DGTHXF A¿O DE FABRICACION 2025 MODELO A¿O 2025 CON SUS ACCESORIOS CORRESPONDIENTES
CHANGAN,CHANGAN,(sin modelo),MS201,ICE,1,1,2025-04,2025-04,25DA000000181868,1,1 UNIDAD CAMIONETA USADA MARCA CHANGAN MODELO MS201 A¿O 2022 COLOR BLANCO.-
MERCEDES-BENZ,MERCEDES-BENZ,(sin modelo),712,ICE,1,1,2025-04,2025-04,25DA000000184392,1,UNA UNIDAD CAMION USADO MARCA: MERCEDES BENZ MODELO: 712 A¿O: 2001.DIESEL.-
MERCEDES-BENZ,MERCEDES-BENZ,(sin modelo),412 SPRINTER,ICE,1,1,2025-04,2025-04,25DA000000192071,2,1 UND CAMION FURGON MARCA MERCEDES BENZ MODELO 412 SPRINTER A¿O 1999.
MERCEDES-BENZ,MERCEDES-BENZ,(sin modelo),ML300 CDI 4MATIC,ICE,1,1,2025-05,2025-05,25DA000000211573,1,"UNA UNIDAD DE STATION WAGON USADO, MARCA:MERCEDES BENZ MODELO:ML300 CDI 4MATIC A¿O:2011.-"
ASTON MARTIN,ASTON MARTIN,(sin modelo),VANTAGE,ICE,1,1,2025-05,2025-05,25DA000000222832,1,01) UNA UNIDAD DE VEHICULO USADO MARCA ASTON MARTIN MODELO VANTAGE A¿O 2020
BYD,BYD,(sin modelo),SONG L,BEV,1,1,2025-05,2025-05,25DA000000213873,1,UN STATION WAGON NUEVO MARCA BYD MODELO SONG L A¿O 2.025.-
JINLING,JINLING,(sin modelo),JLA-24E,ICE,1,1,2025-05,2025-05,25DA000000220605,1,UNA UNIDAD) DE CUACICLON MARCA: JINLING JLA-24E
COLEMAN,COLEMAN,(sin modelo),GCEV48T,ICE,1,1,2025-05,2025-05,25DA000000224241,1,UNA UNIDAD DE CARRITO DE GOLF MARCA COLEMAN MODELO MODELO GCEV48T A¿O 2025
CAN-AM,CAN-AM,(sin modelo),MAVERICK X,ICE,1,1,2025-05,2025-05,25DA000000213233,4,01) UN UTV USADO MARCA: CAN-AM MODELO MAVERICK X A¿O 2023 MOVIDO A GASOLINA
MERCEDES-BENZ,MERCEDES-BENZ,(sin modelo),GLA 250 4MATIC,ICE,1,1,2025-05,2025-05,25DA000000229737,1,"1.-UNIDAD VEHICULO MERCEDES BENZ GLA 250 4MATIC, A¿O 2015"
MERCEDES-BENZ,MERCEDES-BENZ,(sin modelo),350,ICE,1,1,2025-05,2025-05,25DA000000234512,1,1 UNA UNIDAD STATION WAGON USADO MARCA MERCEDES BENZ MODELO 350 A¿O 1991 COLOR NEGRO
MERCEDES-BENZ,MERCEDES-BENZ,(sin modelo),GLK 300,ICE,1,1,2025-05,2025-05,25DA000000228656,1,01 UNA UNIDAD AUTOMOVIL MARCA MERCEDES BENZ MODELO GLK 300 A¿O 2011 COLOR NEGRO
FORD,FORD,(sin modelo),ESCAPE SE,ICE,1,1,2025-05,2025-05,25DA000000234794,1,UNA UNIDAD VEHICULO USADO FORD ESCAPE SE A¿O:2014.-
MITSUBISHI,MITSUBISHI,(sin modelo),MIODELO DELICA,ICE,1,1,2025-05,2025-05,25DA000000228270,2,01- UNA UNIDAD DE STATION NWAGON USADO MARCA MITSUBISHI MIODELO DELICA A¿O 2014
NISSAN,NISSAN,(sin modelo),FAIRLADY-Z,ICE,1,1,2025-05,2025-05,25DA000000228270,3,01- UNA UNIDAD DE AUTOMOVIL USADO MARCA NISSAN MODELO FAIRLADY-Z A¿O 2003
TOYOTA,TOYOTA,(sin modelo),PRADO 250 VX,ICE,1,1,2025-05,2025-05,25DA000000236650,1,"1)UNIDAD NEW TOYOTA PRADO 250 VX 4X4 2,8L DIESEL,8-SPEED AT,7 SEATER -2024, COLOR BLACK METALLIC,CHASIS JTEAR9AJ3R5001743"
MERCEDES-BENZ,MERCEDES-BENZ,(sin modelo),300 SE,ICE,1,1,2025-05,2025-05,25DA000000249019,1,1 UND. AUTOMOVIL USADO MARCA MERCEDES BENZ MODELO 300 SE A¿O 1991 COLOR BLANCO
BMW,BMW,(sin modelo),320I LIMOUSINE,ICE,1,1,2025-05,2025-05,25DA000000242257,1,"1 UNIDAD DE AUTOMOVIL MARCA: BMW, MODELO, 320I LIMOUSINE"
HYUNDAI,HYUNDAI,(sin modelo),VENUE,ICE,1,1,2025-05,2025-05,25DA000000247550,3,1 UND STATION WAGON MODELO VENUE A¿O 2021 COLOR AZUL
DODGE,DODGE,(sin modelo),CALIBER,ICE,1,1,2025-05,2025-05,25DA000000247116,3,UNA UNIDAD STATION WAGON USADO MARCA DODGE MODELO CALIBER A¿O 2007
VOLVO,VOLVO,(sin modelo),S60,ICE,1,1,2025-05,2025-05,25DA000000248727,5,01 VEHICULO USADO TIPO AUTOMOVIL DE LA MARCA VOLVO MODELO S60 A¿O 2004 MOVIDO A GASOLINA
FORD,FORD,(sin modelo),BRONCO XLT,ICE,1,1,2025-05,2025-05,25DA000000202304,3,1 UNIDAD DE AUTOMOVIL USADO FORD BRONCO XLT A¿O:1986 COLOR:NEGRO CHASIS:1FMDU15H8GLB18506
CADILLAC,CADILLAC,(sin modelo),ALLANTE,ICE,1,1,2025-05,2025-05,25DA000000202304,2,1 UNIDAD DE AUTOMOVIL USADO CADILLAC ALLANTE A¿O:1989 COLOR:MARRON CHASIS:1G6VR3188KU102663
MERCEDES-BENZ,MERCEDES-BENZ,(sin modelo),E 300,ICE,1,1,2025-05,2025-05,25DA000000199601,2,UNA UNIDAD AUTOMOVIL USADO MARCA MERCEDES BENZ MODELO E 300 A¿O 1998
AUDI,AUDI,(sin modelo),MODEL A4,ICE,1,1,2025-05,2025-05,25DA000000205705,3,UNA UNIDAD DE AUTOMOVIL USADO MARCA AUDI MODEL A4 A¿O 2006 COLOR AZUL
TOYOTA,TOYOTA,(sin modelo),LANDCRUISER-VXR DSL-3.3L-AUTOMATIC REF,ICE,1,1,2025-05,2025-05,25DA000000198302,1,1 UNIDAD DE TOYOTA LANDCRUISER-VXR DSL-3.3L-AUTOMATIC REF:MODEL 2024 COLOUR:WHITE PEARL WITH BEIGE LEATHER .-
MERCEDES-BENZ,MERCEDES-BENZ,(sin modelo),300SE,ICE,1,1,2025-05,2025-05,25DA000000199481,1,UNA UNIDAD DE AUTOMOVIL USADO MARCA MERCEDES BENZ MODELO 300SE A¿O 1991 A RESTAURAR
RAM,RAM,(sin modelo),1500 TRX,ICE,1,1,2025-05,2025-05,25DA000000217677,1,01) UNA CAMIONETA DOBLE CABINA USADA MARCA RAM MODELO: 1500 TRX A¿O: 2024 MOVIDO A GASOLINA
MERCEDES-BENZ,MERCEDES-BENZ,(sin modelo),SPRINTER 208 CDI,ICE,1,1,2025-05,2025-05,25DA000000225329,1,MERCEDES BEN SPRINTER 208 CDI A¿O 2003 USADO
MERCEDES-BENZ,MERCEDES-BENZ,(sin modelo),SPRINTER 413,ICE,1,1,2025-05,2025-05,25DA000000233962,2,UNA UNIDAD DE FURGON USADO MARCA MERCEDES BENZ MODELO SPRINTER 413 A¿O 2000.-
DODGE,DODGE,(sin modelo),RAM250,ICE,1,1,2025-05,2025-05,25DA000000232848,2,01) UNA CAMIONETA USADA MARCA: DODGE MODELO: RAM250 A¿O: 1992 MOVIDO A DIESEL1
SCANIA,SCANIA,(sin modelo),P 94 260,ICE,1,1,2025-05,2025-05,25DA000000246486,2,UNA UNIDAD CAMION USADO MARCA SCANIA MODELO P 94 260 A¿O 1999
SCANIA,SCANIA,(sin modelo),G480,ICE,1,1,2025-05,2025-05,25DA000000244759,1,UNA UNIDAD CAMION USADO MARCA SCANIA MODELO G480 A¿O 2008
IVECO,IVECO,(sin modelo),EUROCARGO ML100E18,ICE,1,1,2025-05,2025-05,25DA000000246337,1,01) UN CAMION CON CHASIS Y CABINA USADO MARCA.- IVECO MODELO: EUROCARGO ML100E18 A¿O : 1995 MOVIDO A DIESEL.-
PEGASO,PEGASO,(sin modelo),TD49,ICE,1,1,2025-05,2025-05,25DA000000243050,1,01) UN CAMION CON CHASIS Y C ABINA USADO MARCA PEGASO MODELO: TD49 A¿O: 1992 MOVIDO A DIESEL.-
TOYOTA,TOYOTA,(sin modelo),TACOMA TRD PRO HIDRIDA,ICE,1,1,2025-05,2025-05,25DA000000207590,1,UNA UNIDAD DE CAMIONETA NUEVA MARCA TOYOTA MODELO TACOMA TRD PRO HIDRIDA A¿O 2025 COLOR NEGRO
AM GENERAL,AM GENERAL,(sin modelo),M1165A1,ICE,1,1,2025-05,2025-05,25DA000000206512,1,VEHICULO USADO AM GENERAL MODELO M1165A1 A¿O 2009 VIN:316282
JEEP,JEEP,(sin modelo),UNLIMITED SAHARA,ICE,1,1,2025-06,2025-06,25DA000000251731,1,UNA UNIDAD DE CAMIONETA USADO MARCA JEEP MODELO UNLIMITED SAHARA A¿O 2014.-
MAZDA,MAZDA,(sin modelo),EUNOS 2DR,ICE,1,1,2025-06,2025-06,25DA000000256406,3,1 UND AUTOMOVIL MODELO EUNOS 2DR A¿O 1995 COLOR ROJO
MERCEDES-BENZ,MERCEDES-BENZ,(sin modelo),G 500,ICE,1,1,2025-06,2025-06,25DA000000256406,2,1 UND STATION WAGON MODELO G 500 A¿O 2002 COLOR NEGRO
CHEVROLET,CHEVROLET,(sin modelo),K5 BLAZER,ICE,1,1,2025-06,2025-06,25DA000000256406,4,1 UND STATION WAGON MODELO K5 BLAZER A¿O 1985 COLOR NEGRO
MAZDA,MAZDA,(sin modelo),VERISA,ICE,1,1,2025-06,2025-06,25DA000000260467,9,UNA UNIDAD DE VEHICULO USADO TIPO AUTOMOVIL MARCA MAZDA MODELO VERISA A¿O 2009 MOVIDO A GASOLINA
NISSAN,NISSAN,ARGO DRIVE 1,ARGO DRIVE,ICE,1,1,2025-06,2025-06,25DA000000264025,4,"QUE UTILICEN INDISTINTAMENTE LOS SIGUIENTES COMBUSTIBLES: ,FLEX EN:UN AUTOM¿VIL MARCA FIAT MODELO ARGO DRIVE 1.0L M/T FLEX A¿O DE FAB 2025 MODELO A¿O 2026 CON SUS ACCESORIOS NORMALES"
CADILLAC,CADILLAC,(sin modelo),LYRIQ,BEV,1,1,2025-06,2025-06,25DA000000262275,1,"(1) UNA UNID. VEHICULO MARCA CADILLAC MOD. LYRIQ, A¿O 2.024, CON SUS ACCESORIOS NORMALES Y OPCIONALES."
BMW,BMW,(sin modelo),M8 COMPETITION CONVERTIBLE,ICE,1,1,2025-06,2025-06,25DA000000264429,1,2024 BMW M8 COMPETITION CONVERTIBLE
PORSCHE,PORSCHE,(sin modelo),CARRERA S 911,ICE,1,1,2025-06,2025-06,25DA000000267086,2,UN AUTOMOVIL USADO MARCA: PORSCHE MODELO: CARRERA S 911 A¿O: 2015 COLOR: GRIS
CHEVROLET,CHEVROLET,(sin modelo),SUBURBAN,ICE,1,1,2025-06,2025-06,25DA000000267086,1,UN STATION WAGON USADO MARCA: CHEVROLET MODELO: SUBURBAN A¿O: 2023 COLOR: BLANCO
MERCEDES-BENZ,MERCEDES-BENZ,(sin modelo),EQ5450 +SEDAN,BEV,1,1,2025-06,2025-06,25DA000000256424,3,2024 MERCEDEZ BENZ EQ5450 +SEDAN
BMW,BMW,(sin modelo),M235XI,ICE,1,1,2025-06,2025-06,25DA000000257548,2,UN AUTOMOVIL USADO MARCA: BMW MODELO: M235XI A¿O: 2020 COLOR: BLANCO
CHEVROLET,CHEVROLET,(sin modelo),"TRAILBLAZER HIGH COUNTRY 4X4,156PKT",ICE,1,1,2025-06,2025-06,25DA000000257782,3,"1 UNID.VEHICULO SUV MARCA CHEVROLET, MOD.TRAILBLAZER HIGH COUNTRY 4X4,156PKT, 7 PASAJEROS, 5 PUERTAS, MOTOR DIESEL *4CIL 2.8L, ANIO DE FAB. 2025, MOD. ANIO 2026, CON ACC. NORMALES Y OPCIONALES.-"
BMW,BMW,(sin modelo),X6 M,ICE,1,1,2025-06,2025-06,25DA000000267922,2,LOS DEMAS VEHICULOS DE TURISMO Y TRANSPORTE DE PERSONAS EN; 01 UNIDAD CAMIONETA MARCA BMW MOD.X6 M A¿O 2.025 4X4 DE ORIGEN USA.-
MERCEDES-BENZ,MERCEDES-BENZ,(sin modelo),E 400,ICE,1,1,2025-06,2025-06,25DA000000275759,1,( 1 ) UNA UNIDAD AUTOMOVIL MARCA MERCEDES BENZ MODELO E 400 A¿O 2015 COLOR BLANCO MOVIDO A NAFTA ( USADO )
MERCEDES-BENZ,MERCEDES-BENZ,(sin modelo),230 SL,ICE,1,1,2025-06,2025-06,25DA000000280511,1,UNA UNIDAD AUTOMOVIL USADO MARCA: MERCEDES BENZ MODELO: 230 SL A¿O: 1964. COLOR BLANCO.
PORSCHE,PORSCHE,(sin modelo),MACAN GTS,ICE,1,1,2025-06,2025-06,25DA000000276195,1,01) UN STATION WAGON USADO MARCA: PORSCHE MODELO: MACAN GTS A¿O: 2018 MOVIDO A GASOLINA
CHEVROLET,CHEVROLET,(sin modelo),TRAILBLAZER,ICE,1,1,2025-06,2025-06,25DA000000278574,6,"STATION WAGON CHEVROLET TRAILBLAZER SUV, HIGHT COUNTRY 4X4 2.8 DIESEL A/T"
PORSCHE,PORSCHE,(sin modelo),CAYENNE TRIM,ICE,1,1,2025-06,2025-06,25DA000000281745,10,1 PS-CAY-S PORSCHE CAYENNE TRIM S - YEAR: 2019
FORD,FORD,(sin modelo),MUSTANG NITE PONY,ICE,1,1,2025-06,2025-06,25DA000000282381,1,UN AUTOMOVIL USADO MARCA: FORD MODELO: MUSTANG NITE PONY A¿O: 2025 COLOR: NEGRO
BUICK,BUICK,(sin modelo),VELITE 6,BEV,1,1,2025-06,2025-06,25DA000000282253,1,"1 UNIDAD AUTOMOVIL ELECTRICO BUICK VELITE 6, A¿O ENERO-2025, COLOR GRIS CON SUS PARTES Y ACCESORIOS COMPLETOS.-"
BMW,BMW,(sin modelo),X2 M35I XDRIVE,ICE,1,1,2025-06,2025-06,25DA000000291812,2,1 UNIDAD DE STATION WAGON MARCA: BMW X2 M35I XDRIVE
BMW,BMW,(sin modelo),135I,ICE,1,1,2025-06,2025-06,25DA000000285412,1,01) UNA UNIDAD VEHICULO USADO BMW 135I A¿O:2008.-
SSANGYONG,KGM,RODIUS,RODIUS,ICE,1,1,2025-06,2025-06,25DA000000290542,1,1 UNA UNIDAD DE STATION WAGON USADO MARCA SSANGYONG MODELO RODIUS AO 2005 COLOR BLANCO
LANCIA,LANCIA,(sin modelo),BETA SPIDER,ICE,1,1,2025-06,2025-06,25DA000000286538,1,01) UNA UNIDAD DE VEHICULO USADO MARCA LANCIA MODELO BETA SPIDER A¿O 1979
LANCIA,LANCIA,(sin modelo),BETA MONTE-CARLO,ICE,1,1,2025-06,2025-06,25DA000000286538,2,01) UNA UNIDAD DE VEHICULO USADO MARCA LANCA MODELO BETA MONTE-CARLO A¿O 1977
MERCEDES-BENZ,MERCEDES-BENZ,(sin modelo),GLK 220,ICE,1,1,2025-06,2025-06,25DA000000286331,4,UN STATION WAGON USADO MARCA MERCEDES BENZ MODELO GLK 220 A¿O 2.015.-
MERCEDES-BENZ,MERCEDES-BENZ,2025,AMG GLE 53,PHEV,1,1,2025-06,2025-06,25DA000000283682,1,"1 UNID CAMIONETA, MARCA MERCEDES BENZ,TIPO AMG GLE 53 HYBRID 4MATIC COUPE, AO DE FABRICACION 2025,AO MODELO 2025, CON SUS ACCESORIOS NORMALES Y CORRESPONDIENTES.-"
TOYOTA,TOYOTA,(sin modelo),CELICA GT,ICE,1,1,2025-06,2025-06,25DA000000290586,1,1)UNA UNIDAD DE VEHICULO USADO TOYOTA CELICA GT AO 1992
TESLA,TESLA,(sin modelo),MODEL Y LONG RANGE PERFORMANCE,BEV,1,1,2025-06,2025-06,25DA000000295714,1,"LOS DEM¿S VEH¿CULOS PROPULSADOS ¿NICAMENTE CON MOTOR ELECTRICO EN (01) UNIDAD DE AUTOMOVIL MARCA TESLA, MODELO; Y, VERSION; LONG RANGE PERFORMANCE A¿O 2025, MODELO; 2025; CHASIS N.; 7SAYGDEF6SA367170"
TOYOTA,TOYOTA,(sin modelo),CORLLA AXIO,ICE,1,1,2025-06,2025-06,25DA000000296621,2,UNA UNIDAD DE AUTOMOVIL USADO MARCA TOYOTA MODELO CORLLA AXIO A¿O 2006.-
DODGE,DODGE,(sin modelo),CHALLENGER SRT,ICE,1,1,2025-06,2025-06,25DA000000296774,1,01) UN AUTOMOVIL USADO MARCA: DODGE MODELO. CHALLENGER SRT A¿O 2019 MOVIDO A GASOLINA
MERCEDES-BENZ,MERCEDES-BENZ,(sin modelo),A200,ICE,1,1,2025-06,2025-06,25DA000000286415,11,UN STATION WAGON USADO MARCA MERCEDES BENZ MODELO A200 A¿O 2.014.-
HYUNDAI,HYUNDAI,VENUE QX CON,VENUE QX,ICE,1,1,2025-06,2025-06,25DA000000283982,2,"01) UNA UNIDAD AUTOMOVIL MARCA: HYUNDAI, MODELO: VENUE QX CON MOTOR NAFTERO TRANSMISION AUTOMATICA, MODELO A¿O: 2020, CON SUS ACCESORIOS CORRESPONDIENTES.-"
HYUNDAI,HYUNDAI,SONATA CON,SONATA,ICE,1,1,2025-06,2025-06,25DA000000284504,2,"01) UNA UNIDAD AUTOMOVIL MARCA: HYUNDAI, MODELO: SONATA CON MOTOR NAFTERO TRANSMISION AUTOMATICA, MODELO A¿O: 2020, CON SUS ACCESORIOS CORRESPONDIENTES.-"
NISSAN,NISSAN,MOBI LIKE 1,MOBI LIKE,ICE,1,1,2025-06,2025-06,25DA000000300516,8,"QUE UTILICEN INDISTINTAMENTE LOS SIGUIENTES COMBUSTIBLES: ,FLEX EN:UN AUTOM¿VIL MARCA FIAT MODELO MOBI LIKE 1.0L M/T FLEX A¿O DE FAB 2025 MODELO A¿O 2026 CON SUS ACCESORIOS NORMALES."
FERRARI,FERRARI,(sin modelo),488 SPIDER,ICE,1,1,2025-06,2025-06,25DA000000300337,1,"UNA UNIDAD AUTOMOVIL USADO, MARCA : FERRARI MODELO: 488 SPIDER A¿O: 2018"
SCANIA,SCANIA,(sin modelo),P310 6X2*4,ICE,1,1,2025-06,2025-06,25DA000000256579,1,"01 UNA UNIDAD DE CAMION, USADO, MARCA SCANIA, MODELO P310 6X2*4 - A¿O 2007 - COLOR BLANCO CON DETALLES EN GRIS.-"
CHEVROLET,CHEVROLET,2025,MONTANA CD LS,ICE,1,1,2025-06,2025-06,25DA000000274237,1,"CAMIONETA CHEVROLET MONTANA CD LS 1.2 TB ANO FARICACION 2024, ANO MODELO 2025 CON SUS CORRESPONDIENTES ACCESORIOS."
CHEVROLET,CHEVROLET,2025,MONTANA CD LTZ,ICE,1,1,2025-06,2025-06,25DA000000274237,2,"CAMIONETA CHEVROLET MONTANA CD LTZ 1.2 TB AT ANO FABRICACION 2024, ANO MODELO 2025 CON SUS CORRESPONDIETES ACCESORIOS."
KYC,KYC,(sin modelo),X5,ICE,1,1,2025-06,2025-06,25DA000000271259,1,"LOS DEMAS,EN: 1 UNIDAD CAMIONETA CABINA SIMPLE KYC X5 CON NUMERO DE MOTOR 22348386, CHASSIS NUMERO LSCABN3E6PE103686"
CHEVROLET,CHEVROLET,2026,(sin modelo),ICE,1,1,2025-06,2025-06,25DA000000281096,2,"CAMIONETA CHEVROLETS10 CD Z71 2.8 4X4 AT ANO FABRICACION 2025, ANO MODELO 2026 CON SUS CORRESPONDIENTES ACCESORIOS."
GEELY,GEELY,(sin modelo),RADAR RD6,BEV,1,1,2025-06,2025-06,25DA000000285243,2,"LOS DEM?S, ?NICAMENTE PROPULSADOS CON MOTOR EL?CTRICO,EN: 1) UND. NUEVO 2024 GEELY RADAR RD6 COLOR BLANCO 100% ELECTRICO, CHASIS N. LA71CUG31R0152354 , MOTOR N. R8CWIA040"
ALFA ROMEO,ALFA ROMEO,(sin modelo),SPIDER 4C,ICE,1,1,2025-07,2025-07,25DA000000359424,1,UNA UNIDAD AUTOMOVIL USADO MARCA: ALFA ROMEO MODELO: SPIDER 4C A¿O: 2018.
SUBARU,SUBARU,(sin modelo),XV,PHEV,1,1,2025-07,2025-07,25DA000000323223,7,01 UNA UNIDAD DE AUTOMOVIL USADO MARCA SUBARU MODELO XV A¿O 2013
PEUGEOT,PEUGEOT,(sin modelo),504 V6 CABRIO PININFARINA,ICE,1,1,2025-07,2025-07,25DA000000323848,1,"VEH¿CULO CL¿SICO: MARCA: PEUGEOT, MODELO: 504 V6 CABRIO PININFARINA TIPO: 5404B-31, A¿O 1976"
TOYOTA,TOYOTA,(sin modelo),YARIS LE,ICE,1,1,2025-07,2025-07,25DA000000324486,2,UN AUTOMOVIL USADO MARCA TOYOTA MODELO YARIS LE A¿O 2.013.-
SCION,SCION,(sin modelo),XD,ICE,1,1,2025-07,2025-07,25DA000000324486,3,UN AUTOMOVIL USADO MARCA SCION MODELO XD A¿O 2.008.-
NISSAN,NISSAN,(sin modelo),370 Z,ICE,1,1,2025-07,2025-07,25DA000000324486,1,UN AUTOMOVIL USADO MARCA NISSAN MODELO 370 Z A¿O 2.010.-
CLUB CAR,CLUB CAR,(sin modelo),DS,ICE,1,1,2025-07,2025-07,25DA000000324486,4,UN CARRITO DE GOLF USADO MARCA CLUB CAR MODELO DS A¿O 1.993.-
MERCEDES-BENZ,MERCEDES-BENZ,(sin modelo),SLK CLASS,ICE,1,1,2025-07,2025-07,25DA000000318921,3,"LOS DEMAS; EN: 1 UNIDAD MERCEDES BENZ, USADO; MODELO: SLK CLASS; COLOR: NEGRO; A¿O: 2006; CHASIS NRO: WDB1714541F116278"
NISSAN,NISSAN,(sin modelo),SAFARI,ICE,1,1,2025-07,2025-07,25DA000000320804,4,01 UNA UNIDAD STATION WAGON USADO MARCA NISSAN MODELO SAFARI A¿O 1999 COLOR PLATA
MERCEDES-BENZ,MERCEDES-BENZ,(sin modelo),SLK 230 KOMPRESSOR,ICE,1,1,2025-07,2025-07,25DA000000342496,5,UNA UNIDAD DE VEHICULO USADO TIPO AUTOMOVIL MARCA MERCEDES BENZ MODELO SLK 230 KOMPRESSOR A¿O 1999 MOVIDO A GASOLINA
MERCEDES-BENZ,MERCEDES-BENZ,(sin modelo),CLS-350,ICE,1,1,2025-07,2025-07,25DA000000347226,1,MERCEDEZ BENZ CLS-350 COLOR NEGRO OBSIDIANA (197U) WDD2193561A147333
KIA,KIA,(sin modelo),MODELKO NEW K3,ICE,1,1,2025-07,2025-07,25DA000000349392,1,"1 UNIDAD DE AUTOMOVIL USADO MARCA KIA, MODELKO NEW K3, COLOR PLATA, C.C. 2.0 VIN KNAFK41BGGA654008"
SIN MARCA,SIN MARCA,2026,(sin modelo),ICE,1,1,2025-07,2025-07,25DA000000354414,8,"1 UNID CAMIONETA, MARCA: MG, TIPO MG ZS COM, AO DE FABRICACION: 2025, AO MODELO: 2026 CON SUS ACCESORIOS NORMALES Y CORRESPONDIENTES.-"
TOYOTA,TOYOTA,(sin modelo),AUTIS,ICE,1,1,2025-07,2025-07,25DA000000344926,10,UNA UNIDAD DE VEHICULO USADO TIPO AUTOMOVIL MARCA TOYOTA MODELO AUTIS A¿O 2008 MOVIDO A GASOLINA
JEEP,JEEP,(sin modelo),CJ-7,ICE,1,1,2025-07,2025-07,25DA000000355038,1,1)UNA UNIDAD DE VEHICULO USADO JEEP CJ-7 AO 1985
TOYOTA,TOYOTA,(sin modelo),SCION IM,ICE,1,1,2025-07,2025-07,25DA000000355038,2,1 UNIDAD DE VEHICULO USADO TOYOTA SCION IM AO 2016
PEUGEOT,PEUGEOT,(sin modelo),308 CONVERTIBLE,ICE,1,1,2025-07,2025-07,25DA000000346285,3,UNA UNIDAD DE AUTOMOVIL USADO MARCA PEUGEOT MODELO 308 CONVERTIBLE A¿O 2010.-
MITSUBISHI,MITSUBISHI,(sin modelo),LANCER EVOLUTION AOI,ICE,1,1,2025-07,2025-07,25DA000000340054,1,01) UN AUTOMOVIL USADO MARCA MITSUBISHI MODELO. LANCER EVOLUTION AOI: 2015 MOVIDO A GASOLINA
LAND ROVER,LAND ROVER,(sin modelo),RANGE ROVER VOGUE,ICE,1,1,2025-07,2025-07,25DA000000337205,1,UNA UNIDAD DE STATION WAGON MARCA LAND ROVER MODELO RANGE ROVER VOGUE A¿OO 1994
FORD,FORD,(sin modelo),MUSTANG SHELBY,ICE,1,1,2025-07,2025-07,25DA000000329414,1,1 UNIDAD DE AUTOMOVIL USADO FORD MUSTANG SHELBY 5.200CC A¿O:2020 COLOR:ROJO VIN:1FA6P8SJ4L5505885
HUMMER,HUMMER,(sin modelo),H1,ICE,1,1,2025-07,2025-07,25DA000000336436,3,1 UNIDAD DE AUTOMOVIL USADO HUMMER H1 A¿O:1994 COLOR:CAMUFLADO 3090CC
FERRARI,FERRARI,(sin modelo),308 GTSI,ICE,1,1,2025-07,2025-07,25DA000000336438,2,"01 UNIDAD DE VEHICULO FERRARI 308 GTSI ANO 1982 COLOR ROJO, NRO CHASIS ZFFAA02A0C0041757"
PORSCHE,PORSCHE,(sin modelo),911 TARGA,ICE,1,1,2025-07,2025-07,25DA000000336438,1,"01 UNIDAD DE VEHICULO PORSCHE 911 TARGA ANO 1983, COLOR BORDO"
PORSCHE,PORSCHE,(sin modelo),917,ICE,1,1,2025-07,2025-07,25DA000000336438,3,"01 UNIDAD DE VEHICULO PORSCHE 917, ANO 1970, COLOR AZUL, CHASIS NRO. BEC917K0120010"
BMW,BMW,(sin modelo),X3 30I,ICE,1,1,2025-07,2025-07,25DA000000335186,1,UNA UNIDAD VEHICULO USADO BMW X3 30I A¿O:2024.-
BMW,BMW,(sin modelo),325-I,ICE,1,1,2025-07,2025-07,25DA000000360338,11,1 UND AUTOMOVIL MODELO 325-I A¿O 1988 COLOR ROJO
NISSAN,NISSAN,(sin modelo),TERRANO REGULUS,ICE,1,1,2025-07,2025-07,25DA000000361359,1,01 UNA UNIDAD STATION WAGON USADO MARCA NISSAN MODELO TERRANO REGULUS A¿O 1998 COLOR PERLA
HONDA,HONDA,(sin modelo),INTEGRA TYPE,ICE,1,1,2025-07,2025-07,25DA000000314090,1,1 UNIDAD DE AUTOMOVIL USADO HONDA INTEGRA TYPE S A¿O:2006 2000CC COLOR:ROJO VIN:DC5-2306253
NISSAN,NISSAN,(sin modelo),SKYLINE R33 GTS-T,ICE,1,1,2025-07,2025-07,25DA000000314090,2,1 UNIDAD DE AUTOMOVIL USADO NISSAN SKYLINE R33 GTS-T A¿O:1994 2500CC COLOR:BLANCO VIN:ECR33-031717
BMW,BMW,(sin modelo),X1 XDRIVE25E,PHEV,1,1,2025-07,2025-07,25DA000000314100,2,"1 UNIDAD DE STATION WAGON MARCA: BMW, MODLEO: X1 XDRIVE25E"
D5-RANGER,D5-RANGER,(sin modelo),GOLF CART 2,ICE,1,1,2025-07,2025-07,25DA000000304087,15,LOS DEMAS VEHICULOS PARA EL TRANSPORTE DE PERSONAS EN CAMPO DE GOLF EN; 01 UNIDAD CARRO DE GOLF MARCA D5-RANGER GOLF CART 2 A¿O 2.025 DE ORIGEN US.A.-
RENAULT,RENAULT,(sin modelo),CAPTUR,ICE,1,1,2025-07,2025-07,25DA000000311359,3,01 VEHICULO USADO TIPO AUTOMOVIL DE LA MARCA RENAULT MODELO CAPTUR A¿O 2015 MOVIDO A DIESEL
BYD,BYD,(sin modelo),XIA,PHEV,1,1,2025-07,2025-07,25DA000000306524,1,"VEHICULO MARCA BYD, MODELO XIA STATION WAGON DEL A¿O 2025, COLOR BLANCO, SERIE NRO. LC0C74C4454138771"
LI XIANG,LI AUTO,(sin modelo),L9 PRO,BEV,1,1,2025-07,2025-07,25DA000000306524,2,"VEHICULO ELECTRICO MARCA LI XIANG, MODELO L9 PRO STATION WAGON DEL A¿O 2025, COLOR NEGRO, SERIE NRO. HLX33B12550428112"
NISSAN,NISSAN,(sin modelo),ATLAS 300,ICE,1,1,2025-07,2025-07,25DA000000316047,2,"UNA UNIDAD DE CAMION CON GRUA HIDRAULICA USADO, MARCA NISSAN MODELO ATLAS 300 A¿O 1992 CILINDRADA 4.600CC.-"
VOLVO,VOLVO,(sin modelo),540 DUAL CLUCH,ICE,1,1,2025-07,2025-07,25DA000000319408,1,"UNA UNIDAD DE VEHICULO TIPO CAMION, CON EQUIPO DE REFRIGERACION MODELO: 540 DUAL CLUCH (6X2*4) COLOR BLANCO. MARCA VOLVO."
FORD,FORD,(sin modelo),F 150 LARIAT SUPERCREW,ICE,1,1,2025-07,2025-07,25DA000000347226,2,FORD F 150 LARIAT SUPERCREW CAB 4WD 5.4LV8
HYUNDAI,HYUNDAI,(sin modelo),SANTA CRUZ,ICE,1,1,2025-07,2025-07,25DA000000341037,2,"1 UNIDAD DE CAMIONETA HYUNDAI MODELO SANTA CRUZ A¿O 2023 COLOR BEIGE VIN 5NTJCDAE9PH049385, 2.5 C.C."
NISSAN,NISSAN,(sin modelo),MODEO ATLAS,ICE,1,1,2025-07,2025-07,25DA000000301412,1,UNA UNIDAD DE VEHICULO USADO TIPO CAMION MARCA NISSAN MODEO ATLAS A¿O 1999 MOVIDO A DIESEL
MERCEDES-BENZ,MERCEDES-BENZ,(sin modelo),GLE 450D COUPE,ICE,1,1,2025-08,2025-08,25DA000000382891,9,01) UNA UNIDAD DE VEHICULO USADO MERCEDES BENZ GLE 450D COUPE AO 2023
BYD,BYD,(sin modelo),YUAN UP MODEL,BEV,1,1,2025-08,2025-08,25DA000000378882,3,LOS DEMAS EN: 1 UNID BYD YUAN UP MODEL 2025 401KM LEADING
GEELY,GEELY,(sin modelo),MODEL,BEV,1,1,2025-08,2025-08,25DA000000378882,4,"LOS DEMAS EN: 1 UNID, GEELY MODEL 2025 210KM PANDA"
CADILLAC,CADILLAC,(sin modelo),ESCALADE V,ICE,1,1,2025-08,2025-08,25DA000000370473,1,UNA UNIDAD VEHICULO USADO CADILLAC ESCALADE V A¿O:2025.-
DODGE,DODGE,(sin modelo),CHALLENGER RT PLUS,ICE,1,1,2025-08,2025-08,25DA000000372649,1,01) UNA UNIDAD AUTOMOVIL DODGE CHALLENGER RT PLUS 2021
TOYOTA,TOYOTA,(sin modelo),YARIS GR RALLY2,ICE,1,1,2025-08,2025-08,25DA000000419461,1,UNA UNIDAD VEHICULO MARCA TOYOTA MODELO YARIS GR RALLY2 A¿O 2023 COLOR BLANCO CHASSIS NRO JYDAB4E300A900013
ROLLS ROYCE,ROLLS ROYCE,(sin modelo),PHANTOM,ICE,1,1,2025-08,2025-08,25DA000000409861,1,LOS DEMAS AUTOMOVILES EN 1 UNID) ROLLS ROYCE PHANTOM 2016
SIN MARCA,SIN MARCA,Q2 1,Q2,ICE,1,1,2025-08,2025-08,25DA000000417771,2,"1 (UNA) UNIDAD DE STATION WAGON MARCA AUDI, MODELO Q2 1.4 TFSI S LINE, CHASIS WAUZZZGA2SA017697"
DS RANGER,DS RANGER,(sin modelo),2+2 GOLF CART 2,ICE,1,1,2025-08,2025-08,25DA000000415066,23,"LOS DEMAS VEHICULOS PROPULSADOS CON MOTOR ELECTRICOS EN; 01 UNIDAD CARRITO DE GOLF MARCA DS RANGER 2+2 GOLF CART 2, 2025, DE ORIGEN USA.-"
DAIHATSU,DAIHATSU,(sin modelo),MODEL MIRA,ICE,1,1,2025-08,2025-08,25DA000000413697,11,UN AUTOMOVIL USADO MARCA DAIHATSU MODEL MIRA ANIO 2011
LAND ROVER,LAND ROVER,(sin modelo),EVOQUE,ICE,1,1,2025-08,2025-08,25DA000000388314,2,1 UNIDAD DE LAND ROVER EVOQUE A¿O 2016 2000CC COLOR:BORDO VIN:SALVA2BN1GH136732
TOYOTA,TOYOTA,(sin modelo),ALLION ALO,ICE,1,1,2025-08,2025-08,25DA000000383440,1,01) UN AUTOMOVIL USADO MARCA. TOYOTA MODELO: ALLION ALO: 2007 MOVIDO A GASOLINA
AUDI,AUDI,(sin modelo),MOCELO TT,ICE,1,1,2025-08,2025-08,25DA000000388993,1,01) UNA UNIDAD AUTOMOVIL USADO MARCA AUDI MOCELO TT AO 2008 COLOR GRIS
GAC,GAC,M8 GL 2,M8 GL,ICE,1,1,2025-08,2025-08,25DA000000386055,13,"AUTOMOVIL TIPO VAN, MODELO M8 GL 2.0 GDI AT, 4X2, NAFTERO, ANO 2025, CON AIRE ACONDICIONADO Y DEMAS ACCESORIOS.-"
BMW,BMW,(sin modelo),X3 XDRIVE 30I,ICE,1,1,2025-08,2025-08,25DA000000385021,1,UN STATION WAGON USADO MARCA: BMW MODELO: X3 XDRIVE 30I A¿O: 2019 COLOR: BLANCO
LAND ROVER,LAND ROVER,DISCOVERY 4 2,DISCOVERY 4,ICE,1,1,2025-08,2025-08,25DA000000383774,1,01) UNIDAD DE VEHICULO USADO MARCA LAND ROVER MODELO DISCOVERY 4 2.7 TDV6 DIESEL
LAND ROVER,LAND ROVER,(sin modelo),RANGE ROVER EVOQUE DYNAMIC,ICE,1,1,2025-08,2025-08,25DA000000386122,1,UNA UNIDAD DE STATION WAGON USADO MARCA LAND ROVER MODELO RANGE ROVER EVOQUE DYNAMIC PREMIUM A¿O 2012
NISSAN,NISSAN,(sin modelo),R35 GT-R,ICE,1,1,2025-08,2025-08,25DA000000383383,1,"LOS DEMAS; EN: 1 UNIDAD NISSAN, USADO; MODELO: R35 GT-R; COLOR: BLANCO; A¿O: 2017; CHASIS NRO: JN1AR5EF1HM821037"
TOYOTA,TOYOTA,(sin modelo),PRADO,HEV,1,1,2025-08,2025-08,25DA000000384230,1,UNA UNIDAD VEHICULO NUEVO TOYOTA PRADO HIBRIDA A¿O:2025
PORSCHE,PORSCHE,(sin modelo),MACAN BASE ORANGE,ICE,1,1,2025-08,2025-08,25DA000000402244,1,2025 PORSCHE MACAN BASE ORANGE
CHEVROLET,CHEVROLET,(sin modelo),CAMARO LT,ICE,1,1,2025-08,2025-08,25DA000000408417,1,( 1 ) UNA UNIDAD AUTOMOVIL MARCA CHEVROLET MODELO CAMARO LT A¿O 2011 COLOR BLANCO MOVIDO A NAFTA ( USADO )
VOLVO,VOLVO,(sin modelo),P1800,ICE,1,1,2025-08,2025-08,25DA000000407435,1,1)UNA UNIDAD DE VEHICULO A RESTAURAR VOLVO P1800 A¿O: 1971.-
MERCEDES-BENZ,MERCEDES-BENZ,(sin modelo),ATEGO 1223,ICE,1,1,2025-08,2025-08,25DA000000363904,2,01) UN CAMION CON CHASIS Y CABINA USADO MARCA: MERCEDES BENZ MODELO. ATEGO 1223 A¿O: 2003 MOVIDO A DIESEL.-
SCANIA,SCANIA,(sin modelo),R410,ICE,1,1,2025-08,2025-08,25DA000000370510,1,LOS DEMAS EN: 01 UNIDAD DE CAMION USADO SCANIA R410 CON CARROCERIA SIDER.-
IVECO,IVECO,(sin modelo),TECTOR 27-320,ICE,1,1,2025-08,2025-08,25DA000000412344,1,"(01) UNIDAD DE TECTOR 27-320, ANIO DE FABRICACION 2.025, CON SUS ACCESORIOS CORRESPONDIENTES.-"
ISUZU,ISUZU,ELF 3,ELF,ICE,1,1,2025-08,2025-08,25DA000000401332,11,1 UNA UNIDAD CAMION USADO MARCA ISUZU MODELO ELF 3.5CC A¿O 2005 COLOR BLANCO
RENAULT,RENAULT,(sin modelo),M 160,ICE,1,1,2025-08,2025-08,25DA000000404474,2,UNA UNIDAD DE CAMION USADO MARCA RENAULT MODELO M 160 A¿P 1990 COLOR BLANCO/ROJO
FORD,FORD,(sin modelo),FIESTA RC3 SP0808,ICE,1,1,2025-09,2025-09,25DA000000455067,1,FORD FIESTA RC3 SP0808 (CHASIS: WF0FXXGAHFNM99944)
FORD,FORD,(sin modelo),FIESTA RC3 KRA2147V,ICE,1,1,2025-09,2025-09,25DA000000455067,2,FORD FIESTA RC3 KRA2147V (CHASIS: WF0FXXGAHFLY99900)
JEEP,JEEP,(sin modelo),COMPASS TR,ICE,1,1,2025-09,2025-09,25DA000000446346,1,1 UNA UNIDAD STATION WAGON USADO MARCA JEEP MODELO COMPASS TR A¿O 2019 COLOR GRIS.-
FORD,FORD,(sin modelo),FIESTA RALLY3 EVO,ICE,1,1,2025-09,2025-09,25DA000000452806,1,FORD FIESTA RALLY3 EVO - ZCARR3 - SAMOCHOD
TOYOTA,TOYOTA,(sin modelo),GR YARIS RALLY2,ICE,1,1,2025-09,2025-09,25DA000000456139,1,"TOYOTA GR YARIS RALLY2 VIN: JTDAB4E390A900057, TRG CHASSIS NUMBER: RQ057"
BMW,BMW,(sin modelo),120D XDRIVE ALZ H2098,ICE,1,1,2025-09,2025-09,25DA000000454540,1,BMW 120D XDRIVE ALZ H2098 CHASSIS WBA1B51030J843837
TOYOTA,TOYOTA,(sin modelo),YARIS PASSENGER VEHICLE LICENCE,ICE,1,1,2025-09,2025-09,25DA000000450947,1,"""TOYOTA GR YARIS PASSENGER VEHICLE LICENCE PLATE: TGR-20, VIN: JTDAF4E390A017273"""
TOYOTA,TOYOTA,(sin modelo),MOIDELO HIACE GRAND CABIN,ICE,1,1,2025-09,2025-09,25DA000000457422,9,UNA UNIDAD DE VEHICULO USADO TIPO STATION WAGON MARCA TOYOTA MOIDELO HIACE GRAND CABIN A¿O 1998 MOVIDO A DIESEL
KANGDI,KANGDI,(sin modelo),VIPER,ICE,1,1,2025-09,2025-09,25DA000000466883,49,1 UND DE GO CART JUVENIL KANGDI VIPER USADO A¿O 2021
KIA,KIA,(sin modelo),K3 AO2017,ICE,1,1,2025-09,2025-09,25DA000000467627,3,UNA UNIDAD DE VEHICULO USADOKIA K3 AO2017
KIA,KIA,(sin modelo),CARINAVAL,ICE,1,1,2025-09,2025-09,25DA000000467627,2,UNA UNIDAD DE VEHICULO USADO KIA CARINAVAL AO 2016
KIA,KIA,(sin modelo),OPTIMA LX,ICE,1,1,2025-09,2025-09,25DA000000470136,1,1 UNA UNIDAD AUTOMOVIL USADO MARCA KIA MODELO OPTIMA LX A¿O 2019 COLOR BLANCO.-
HYUNDAI,HYUNDAI,(sin modelo),I20N RALLY2,ICE,1,1,2025-09,2025-09,25DA000000466803,3,HYUNDAI I20N RALLY2 NRO DE MOTOR: HR5-D77 EV4 B VIN: NLHI3M5JBMZ999064
FORD,FORD,(sin modelo),FIESTA RALLY3 EVO 162,ICE,1,1,2025-09,2025-09,25DA000000466803,2,FORD FIESTA RALLY3 EVO 162 NRO DE MOTOR: RA3162A VIN: WFOFXXGAHFNM99932
SUBARU,SUBARU,(sin modelo),WRX STI,ICE,1,1,2025-09,2025-09,25DA000000476195,1,"UNA UNIDAD DE AUTOMOVIL USADO, MARCA:SUBARU MODELO:WRX STI A¿O:2014.-"
VOLKSWAGEN,VOLKSWAGEN,(sin modelo),ATLAS CROSS SPORT,ICE,1,1,2025-09,2025-09,25DA000000474805,2,01) UNIDAD DE VEHICULO USADO MARCA VOLKSWAGEN MODELO ATLAS CROSS SPORT A¿O 2024
KIA,KIA,(sin modelo),OPTIMA SX,ICE,1,1,2025-09,2025-09,25DA000000476368,1,UNA UNIDAD DE VEH¿CULO USADO MARCA KIA OPTIMA SX A¿O 2016.-
TOYOTA,TOYOTA,PREMIO 2,PREMIO,ICE,1,1,2025-09,2025-09,25DA000000444032,7,UN AUTOMOVIL USADO MARCA TOYOTA MODELO PREMIO 2.010.-
TOYOTA,TOYOTA,(sin modelo),SEQUIA HYBRYD I FORCE,HEV,1,1,2025-09,2025-09,25DA000000430392,1,"LOS DEMAS VEHICULOS, EQUIPADOS PARA LA PROPULSION, CON MOTOR DE EMBOLO PISTON ALTERNATIVO, DE ENCEDIDO POR CHISPA Y CON MOTOR ELECTRICO, TOYOTA SEQUIA HYBRYD I FORCE MAX 2025 COLOR NEGRO BLINDADA"
VOLKSWAGEN,VOLKSWAGEN,(sin modelo),ATLAS SE,ICE,1,1,2025-09,2025-09,25DA000000424582,1,1 UNA UNIDAD STATION WAGON USADO MARCA VOLKSWAGEN MODELO ATLAS SE A¿O 2025 COLOR GRIS.-
VOLKSWAGEN,VOLKSWAGEN,2025,(sin modelo),ICE,1,1,2025-09,2025-09,25DA000000455751,1,"1 UNID CAMION, MARCA: VOLKSWAGEN TIPO 31.320 DC CUM E3, AO DE FABRICACION: 2024, AO MODELO: 2025 CON SUS ACCESORIOS NORMALES Y CORRESPONDIENTES.-"
FORD,FORD,(sin modelo),F250 DC RAPID RED,ICE,1,1,2025-09,2025-09,25DA000000466883,1,CAMIONETA DE LA MARCA FORD F250 DC RAPID RED 7.3CC. A¿O 2024 CHASIS 1FT8W2BN9REF91807
SCANIA,SCANIA,(sin modelo),R114/340,ICE,1,1,2025-09,2025-09,25DA000000443444,1,1 UNA UNIDAD CAMION USADO MARCA SCANIA MODELO R114/340 A¿O 1998 COLOR BLANCO
MITSUBISHI,MITSUBISHI,(sin modelo),CANTRER GUTS,ICE,1,1,2025-09,2025-09,25DA000000431750,4,UNA UNIDAD DE VEHICULO USADO TIPO CAMION MARCA MITSUBISHI MODELO CANTRER GUTS A¿O 1993 MOVIDO A DIESEL
HYUNDAI,HYUNDAI,(sin modelo),SANTA FE A/O,ICE,1,1,2025-10,2025-10,25DA000000492388,1,"01) UNIDAD STATION WAGON (USADO) MARCA: HYUNDAI, MODELO: SANTA FE A/O: 2020, COLOR: BLANCO."
MERCEDES-BENZ,MERCEDES-BENZ,(sin modelo),SLK 55 AMG,ICE,1,1,2025-10,2025-10,25DA000000486470,1,LOS DEMAS AUTOMOVILES EN 1 UNID) 2012 MERCEDES BENZ SLK 55 AMG
POLARIS,POLARIS,(sin modelo),RZR PRO R,ICE,1,1,2025-10,2025-10,25DA000000490373,1,UN UTV USADO MARCA: POLARIS MODELO: RZR PRO R A¿O: 2024 COLOR: GRIS
PORSCHE,PORSCHE,(sin modelo),718 GTS,ICE,1,1,2025-10,2025-10,25DA000000485657,1,UNA UNIDAD DE VEHICULO USADO PORSCHE 718 GTS AO 2021
LYNK CO,LYNK CO,(sin modelo),MR6521DPHEV100,BEV,1,1,2025-10,2025-10,25DA000000486977,1,"LOS DEM¿S VEH¿CULOS, PROPULSADOS ¿NICAMENTE CON MOTOR ELECTRICO EN: 1 UNIDAD DE AUTOMOVIL LYNK & CO 900 EM-P 2.0T ULTRA (PHEV) SUV DARK & WHITE CHASSIS L6T79ENDOST214549 MODELO MR6521DPHEV100 A¿O 2025"
RENAULT,RENAULT,(sin modelo),DUSTER,ICE,1,1,2025-10,2025-10,25DA000000496582,1,"1 UNIDAD CONTENIENDO VAGONETA, MARCA RENAULT; TIPO: DUSTER; CILINDRADA 1598 CC; AO DE FABRICACION: 2022; TRACCION: 4X2 NRO DE RUEDAS: 4 ; CAP DE CARGA: 500KG; CHASIS NRO: 93YHSC150PJ326376;"
TOYOTA,TOYOTA,(sin modelo),GRAND HIACE GRAND CABIN,ICE,1,1,2025-10,2025-10,25DA000000495312,5,UNA UNIDAD DE VEHICULO USADO TOYOTA GRAND HIACE GRAND CABIN AO 2000
TOYOTA,TOYOTA,(sin modelo),VIZTZ RS,ICE,1,1,2025-10,2025-10,25DA000000502147,6,"UNA UNIDAD DE AUTOMOVIL USADO, MARCA:TOYOTA MODELO:VIZTZ RS A¿O:2012.-"
LEAPMOTOR,LEAPMOTOR,(sin modelo),C16 REEV 200 PREMIUM,PHEV,1,1,2025-10,2025-10,25DA000000509419,10,LEAP MOTOR C16 REEV 200 PREMIUM EDITION CON SUS ACCESORIOS CORRESPONDIENTES
LEAPMOTOR,LEAPMOTOR,(sin modelo),C16 REEV 200,PHEV,1,1,2025-10,2025-10,25DA000000509419,11,LEAP MOTOR C16 REEV 200 CON SUS ACCESORIOS CORRESPONDIENTES
NISSAN,NISSAN,(sin modelo),X-TRAIL,PHEV,1,1,2025-10,2025-10,25DA000000519072,1,01 UNA UNIDAD DE STATION WAGON USADO MARCA NISSAN MODELO X-TRAIL A¿O 2016
MERCEDES-BENZ,MERCEDES-BENZ,(sin modelo),GLC220D,ICE,1,1,2025-10,2025-10,25DA000000518874,1,UNA UNIDAD DE VEHICULO USADO MERCEDES BENZ GLC220D AO 2018
MCLAREN,MCLAREN,(sin modelo),570S,ICE,1,1,2025-10,2025-10,25DA000000510627,1,"VEHICULOS PARA EL TRANSPORTE DE PERSONAS,EN: AUTOMOVIL USADO MARCA: MCLAREN MODELO: 570S A¿O: 2016 COLOR NARANJA, CON SUS ACCESORIOS."
FERRARI,FERRARI,(sin modelo),CALIFORNIA T,ICE,1,1,2025-10,2025-10,25DA000000512178,1,UNA UNIDAD AUTOMOVIL USADO MARCA FERRARI MODELO CALIFORNIA T A¿O 2016 COLOR ROJO
PORSCHE,PORSCHE,(sin modelo),911 996,ICE,1,1,2025-10,2025-10,25DA000000517832,1,UNA UNIDAD AUTOMOVIL USADO MARCA PORSCHE MODELO 911 996 A¿O 2003 COLOR AZUL
TOYOTA,TOYOTA,(sin modelo),IS,ICE,1,1,2025-10,2025-10,25DA000000510890,2,UNA UNIDAD DE AUTOMOVIL USADO MARCA TOYOTA MODELO IS A¿O 2007.-
DODGE,DODGE,(sin modelo),CHALLENGER GT,ICE,1,1,2025-10,2025-10,25DA000000518075,1,( 1 ) UNA UNIDAD AUTOMOVIL MARCA DODGE MODELO CHALLENGER GT A¿O 2019 COLOR NEGRO MOVIDO A NAFTA ( USADO )
BMW,BMW,(sin modelo),X3 SDRIVE2,ICE,1,1,2025-10,2025-10,25DA000000524628,6,"1 UNID. VEHICULO MARCA BMW MOD. X3 SDRIVE2, MOD. A¿O 2017"
VOLVO,VOLVO,(sin modelo),S60 PREMIE,ICE,1,1,2025-10,2025-10,25DA000000524628,2,"1 UNID. AUTOMOVIL MARCA VOLVO MOD. S60 PREMIE, MOD. A¿O 2017."
CADILLAC,CADILLAC,(sin modelo),XT5 PREMIUN,ICE,1,1,2025-10,2025-10,25DA000000524628,4,"1 UNID. AUTOMOVIL MARCA CADILLAC MOD. XT5 PREMIUN, MOD. A¿O 2.023."
BMW,BMW,(sin modelo),M440I,ICE,1,1,2025-10,2025-10,25DA000000524628,3,1 UNID. VEHICULO MARCA BMW MOD. M440I. MOD. A¿O 2023.
TESLA,TESLA,(sin modelo),MODEL Y,BEV,1,1,2025-10,2025-10,25DA000000524628,7,"1 UNID. VEHICULO MARCA TESLA MOD. Y, MOD. A¿O 2023"
TOYOTA,TOYOTA,FUNCARGOANIO,FUNCARGO,ICE,1,1,2025-10,2025-10,25DA000000529047,6,01 UNIDAD DE VEHICULO USADO MARCA TOYOTA MODELO FUNCARGOANIO 2003
TOYOTA,TOYOTA,(sin modelo),CROSS,HEV,1,1,2025-10,2025-10,25DA000000531695,1,1 UNA UNIDAD STATION WAGON MARCA TOYODA MODELO CROSS A¿O 2025 COLOR BLANCO.-
MITSUBISHI,MITSUBISHI,(sin modelo),LANCER EVOLUTION MR,ICE,1,1,2025-10,2025-10,25DA000000525348,1,01) UN AUTOMOVIL USADO MARCA. MITSUBISHI MODELO. LANCER EVOLUTION MR AO . 2015 MOVIDO A GASOLIONA
LAND ROVER,LAND ROVER,(sin modelo),RANGE ROVER SPORT SVR,ICE,1,1,2025-10,2025-10,25DA000000524726,1,2017 LAND ROVER RANGE ROVER SPORT SVR.-
JETOUR,JETOUR,(sin modelo),X70 GLS,ICE,1,1,2025-10,2025-10,25DA000000535585,12,LOS DEMAS AUTOMOVILES MARCA JETOUR X70 GLS
JETOUR,JETOUR,(sin modelo),DASHING X1 GL,ICE,1,1,2025-10,2025-10,25DA000000535593,1,LOS DEMAS AUTOMOVILES MARCA JETOUR DASHING X1 GL
TESLA,TESLA,X CHAPA PARAGUAYA NUMERO BIYI120,MODEL X,BEV,1,1,2025-10,2025-10,25DA000000527756,1,UN AUTOMOVIL MARCA TESLA MODELO X CHAPA PARAGUAYA NUMERO BIYI120 COLOR BLANCO SERIE NUMERO 5YJCBE26LF301860
FORD,FORD,(sin modelo),F-150 KING RANCH,ICE,1,1,2025-10,2025-10,25DA000000533390,1,"CON UNA UNIDAD DE CAMIONETA, MARCA: FORD, MODELO, F-150 KING RANCH"
TOYOTA,TOYOTA,(sin modelo),GR YARIS WRC RALLY2,ICE,1,1,2025-10,2025-10,25DA000000538806,7,TOYOTA GR YARIS WRC RALLY2 SERIE JTDAB4E370A900056
LEXUS,LEXUS,(sin modelo),IS 250,ICE,1,1,2025-10,2025-10,25DA000000545507,1,LOS DEMAS EN: 01 UNIDADES LEXUS IS 250 A¿O 2009 COLOR BLANCO USADO
MERCEDES-BENZ,MERCEDES-BENZ,(sin modelo),GLC 300 4MATIC,ICE,1,1,2025-10,2025-10,25DA000000544287,3,( 1 ) UNA UNIDAD MERCEDES - BENZ MODELO GLC 300 4MATIC A¿O 2022 COLOR BLANCO MOVIDO A NAFTA ( USADO )
BYD,BYD,(sin modelo),SEALION 07,BEV,1,1,2025-10,2025-10,25DA000000545949,1,SEALION 07 2025 550KM AWD SMART DRIVING EDITIION + NFC CARD + 7KW CHARGING + FOOTPAD + GBT TO CSS2 ADAPTER
BMW,BMW,(sin modelo),535D,ICE,1,1,2025-10,2025-10,25DA000000548142,1,UN AUTOMOVIL USADO MARCA: BMW MODELO: 535D A¿O: 2014 COLOR: BLANCO
BMW,BMW,(sin modelo),118D,ICE,1,1,2025-10,2025-10,25DA000000553189,4,UNA UNIDAD DE VEHICULO USADO BMW 118D AO 2013
VOLKSWAGEN,VOLKSWAGEN,2026,TERA,ICE,1,1,2025-10,2025-10,25DA000000551719,5,"1.-UNIDAD DE VEHICULO, MARCA VOLKSWAGEN, TERA 1.0 COMFORTLINE TF AT, A¿O DE FABRICACION 2025, A¿O MODELO 2026, CON SUS ACCESORIOS CORRESPONDIENTES.-"
VOLKSWAGEN,VOLKSWAGEN,(sin modelo),L80,ICE,1,1,2025-10,2025-10,25DA000000495360,1,UNA UNIDAD DE CAMION USADO MARCA VOLKSWAGEN MODELO L80 A¿O 2000 COLOR BLANCO/ROJO
VOLVO,VOLVO,(sin modelo),FM300,ICE,1,1,2025-10,2025-10,25DA000000486685,1,LOS DEMAS EN: 01) UNA UNIDAD DE VOLVO MODELO FM300 6X4 A¿O 2003 COLOR BLANCO CHASSIS YV2J4CND04B356437
TOYOTA,TOYOTA,TACOMA TRD PRO 2,TACOMA TRD PRO,HEV,1,1,2025-10,2025-10,25DA000000488727,1,UNA UNIDAD DE CAMIONETA MARCA TOYOTA MODELO TACOMA TRD PRO 2.4L 4X4 HYBRID AO DE FABRICACION 2025
SCANIA,SCANIA,(sin modelo),G500,ICE,1,1,2025-10,2025-10,25DA000000493999,1,(1) UNA UNIDAD DE CAMION MARCA SCANIA MODELO G500 8X2 A¿O 2021 COLOR BLANCO/AZUL CHASSIS YS2G8X200M2184476
SCANIA,SCANIA,(sin modelo),R480,ICE,1,1,2025-10,2025-10,25DA000000503806,1,"CAMIONES BOMBEROS, EN: 1 CAMION PARA BOMBEROS SCANIA R480, USADO, A¿O 2007.-"
GMC,GMC,(sin modelo),CANYON,ICE,1,1,2025-10,2025-10,25DA000000524628,8,"1 UNID. CAMIONETA CABINA DOBLE MARCA GMC MOD. CANYON, MOD. A¿O 2022"
IVECO,IVECO,(sin modelo),DAYLY,ICE,1,1,2025-10,2025-10,25DA000000529231,2,"LOS DEMAS; EN: 1 UNIDAD IVECO, USADO; MODELO: DAYLY; COLOR: BLANCO; A¿O: 2005; CHASIS NRO: ZCFC35A2005560710"
MERCEDES-BENZ,MERCEDES-BENZ,(sin modelo),SPRINTER 515 CDI,ICE,1,1,2025-10,2025-10,25DA000000529955,1,"LOS DEMAS; EN: 1 UNIDAD MERCEDES BENZ, USADO; MODELO: SPRINTER 515 CDI; COLOR: BLANCO; A¿O: 2007; CHASIS NRO: WDB9066571S175379"
SCANIA,SCANIA,(sin modelo),R 270,ICE,1,1,2025-10,2025-10,25DA000000550582,1,CAMION SCANIA R 270 - CHASSIS NUMBER: VLUR4X20009128268 - USADO
MERCEDES-BENZ,MERCEDES-BENZ,SPRINTER 419 FG 43 4,SPRINTER 419 FG 43,ICE,1,1,2025-11,2025-11,25DA000000557566,1,"1 UND DE MOTORHOME MERCEDES BENZ MODELO SPRINTER 419 FG 43 4,0T SELECT A¿O 2025"
BMW,BMW,(sin modelo),328D,ICE,1,1,2025-11,2025-11,25DA000000554531,1,UN AUTOMOVIL USADO MARCA: BMW MODELO: 328D A¿O: 2014 COLOR: GRIS
MERCEDES-BENZ,MERCEDES-BENZ,GLC 220D 4MATIC COUPE CON,GLC 220D 4MATIC COUPE,ICE,1,1,2025-11,2025-11,25DA000000563229,4,1) UNA UNIDAD DE VEHICULO MARCA MERCEDES BENZ MODELO GLC 220D 4MATIC COUPE CON VIN NO: W1NKJ0FB8TF479115 Y MOTOR NO: 65482080409943 AO MODELO : 2026.----
MERCEDES-BENZ,MERCEDES-BENZ,GLA 200D CON,GLA 200D,ICE,1,1,2025-11,2025-11,25DA000000563229,3,1) UNA UNIDAD DE VEHICULO MARCA MERCEDES BENZ MODELO GLA 200D CON VIN NO: W1N4N1CB4TJ812348 Y MOTOR NO: 654920V0597239 AO MODELO : 2026.----
MERCEDES-BENZ,MERCEDES-BENZ,GLC 220D 4MATIC CON,GLC 220D 4MATIC,ICE,1,1,2025-11,2025-11,25DA000000563229,2,1) UNA UNIDAD DE VEHICULO MARCA MERCEDES BENZ MODELO GLC 220D 4MATIC CON VIN NO: W1NKM0FB7TF481557 Y MOTOR NO: 65482080411364 AO MODELO : 2026.----
CHEVROLET,CHEVROLET,(sin modelo),IMPALA,ICE,1,1,2025-11,2025-11,25DA000000565423,1,LOS DEMAS EN: 01 UNIDAD DE VEHICULO CHEVROLET IMPALA 1959 USADO A RESTAURAR
KIA,KIA,(sin modelo),CARINVAL,ICE,1,1,2025-11,2025-11,25DA000000573273,4,UNA UNIDAD DE VEHICULO USADO KIA CARINVAL AO 2016
MITSUBISHI,MITSUBISHI,(sin modelo),MODELI DELICA,ICE,1,1,2025-11,2025-11,25DA000000576858,3,01 VEHICULO USADO TIPO STATION WAGON MARCA MITSUBISHI MODELI DELICA AO 2012 MOVIDO A DIESEL
TOYOTA,TOYOTA,(sin modelo),SIIENTA,ICE,1,1,2025-11,2025-11,25DA000000573309,3,TOYOTA SIIENTA MOD. 2012
PORSCHE,PORSCHE,718 BOXTER GTS 4,718 BOXTER GTS,ICE,1,1,2025-11,2025-11,25DA000000576157,1,UN VEHICULO USADO MARCA PORSCHE 2024 MODELO 718 BOXTER GTS 4.0 VIN: WP0CA2A85RK206233
BMW,BMW,(sin modelo),230I,ICE,1,1,2025-11,2025-11,25DA000000581770,1,UNA UNIDAD DE VEHICULO USADO MARCA BMW MODELO 230I A;O 2017
TOYOTA,TOYOTA,(sin modelo),LANDCRUISER-VXR DSL,ICE,1,1,2025-11,2025-11,25DA000000583524,1,1 UNIDAD DE TOYOTA LANDCRUISER-VXR DSL- 3.3L-AUTOMATIC REF:MODEL 2025 COLOUR:WHITE PEARL WITH BEIGE LEATHER .-
MERCEDES-BENZ,MERCEDES-BENZ,(sin modelo),E 200 CGI,ICE,1,1,2025-11,2025-11,25DA000000585814,4,UNA UNIDAD DE AUTOMOVIL USADO MARCA MERCEDES BENZ MODELO E 200 CGI A¿O 2014.-
BMW,BMW,(sin modelo),X6 40DX,ICE,1,1,2025-11,2025-11,25DA000000579006,8,"UNA UNIDAD DE STATION WAGON USADO, MARCA:BMW MODELO:X6 40DX A¿O:2012.-"
VOLKSWAGEN,VOLKSWAGEN,(sin modelo),SENDA,ICE,1,1,2025-11,2025-11,25DA000000599610,1,"01) UN AUTOMOVIL USADO MARCA: VOLKSWAGEN MODELO: SENDA A¿O: 1995 ORIGEN ARGANTINA, COLOR BLANCO.-"
HONDA,HONDA,(sin modelo),RANCHER 420,ICE,1,1,2025-11,2025-11,25DA000000595691,13,1 UNID DE CUATRICICLO USADO MARCA HONDA MODELO RANCHER 420 A¿O 2018
MERCEDES-BENZ,MERCEDES-BENZ,(sin modelo),SL55 AMG,ICE,1,1,2025-11,2025-11,25DA000000599849,1,UNA UNIDAD DE VEHICULO USADO MERCEDES BENZ SL55 AMG AO 2003
MERCEDES-BENZ,MERCEDES-BENZ,(sin modelo),GLA 220,ICE,1,1,2025-11,2025-11,25DA000000598820,3,UNA UNIDAD DE VEHICULO USADO MERCEDES BENZ GLA 220 AO 2019
HYUNDAI,HYUNDAI,STARIA TIPO MINIBUS PARA 9 PASAJEROS CON,STARIA TIPO MINIBUS PARA 9 PASAJEROS,ICE,1,1,2025-11,2025-11,25DA000000600495,30,01 UNA UNIDAD VEHICULO MARCA HYUNDAI MODELO STARIA TIPO MINIBUS PARA 9 PASAJEROS CON MOTOR DIESEL TRANSMISION AUTOMATICA 4X2 A O FABRICACION 2025 MODELO A O 2026 CON SUS ACCESORIOS CORRESPONDIENTES
CAN-AM,CAN-AM,(sin modelo),MAVERICK X3 MAX X,ICE,1,1,2025-11,2025-11,25DA000000610035,1,UNA UNIDAD DE UTV USADO MARCA: CAN-AM MODELO: MAVERICK X3 MAX X RS / TURBO RR / A¿O DE FABRICACI¿N: 2024 NUMERO DE CHASIS 3JBVNAV23RE000542 CILINDRADA: 900 CC
SUBARU,SUBARU,(sin modelo),IMPREZA ANESIS,ICE,1,1,2025-11,2025-11,25DA000000609646,11,UNA UNIDAD DE AUTOMOVIL USADO MARCA SUBARU MODELO IMPREZA ANESIS A¿O 2009.-
TOYOTA,TOYOTA,(sin modelo),LANDCRUISER VX,ICE,1,1,2025-11,2025-11,25DA000000606247,1,UNA UNIDAD DE VEHICULO 0KM TOYOTA LANDCRUISER VX AO 2025
LAND ROVER,LAND ROVER,(sin modelo),MINI,ICE,1,1,2025-11,2025-11,25DA000000607569,11,01 UNA UNIDAD DE AUTOMOVIL USADO MARCA LAND ROVER MINI AO 1981
MERCEDES-BENZ,MERCEDES-BENZ,(sin modelo),ANTOS 1824,ICE,1,1,2025-11,2025-11,25DA000000560372,1,01-UNIDAD CAMION USADO MERCEDES BENZ ANTOS 1824 AO 2016 COLOR BLANCO
SCANIA,SCANIA,(sin modelo),93H,ICE,1,1,2025-11,2025-11,25DA000000590971,1,1 UNA UNIDAD CAMION USADO MARCA SCANIA MODELO 93H A¿O 1994 COLOR BLANCO
SCANIA,SCANIA,(sin modelo),G420 EQUIPADO,ICE,1,1,2025-11,2025-11,25DA000000593196,1,VEHICULO USADO MARCA SCANIA MODELO G420 EQUIPADO PARA LA SUCCION E HIDROJET (MONTADO)
SCANIA,SCANIA,(sin modelo),94/300,ICE,1,1,2025-11,2025-11,25DA000000601191,1,1 UNA UNIDAD CAMION USADO MARCA SCANIA MODELO 94/300 A¿O 2001 COLOR AMARILLO
MERCEDES-BENZ,MERCEDES-BENZ,(sin modelo),1018,ICE,1,1,2025-11,2025-11,25DA000000601191,2,1 UNA UNIDAD CAMION USADO MARCA MERCEDES BENZ MODELO 1018 A¿O 2006 COLOR BLANCO
JOHN DEERE,JOHN DEERE,(sin modelo),GATOR XUV865M,ICE,1,1,2025-11,2025-11,25DA000000595691,12,1 UNID DE UTV USADO MARCA JOHN DEERE MODELO GATOR XUV865M A¿O 2022 COLO VERDE
NISSAN,NISSAN,ATLAS 2,ATLAS,ICE,1,1,2025-11,2025-11,25DA000000610515,7,UN CAMION USADO MARCA NISSAN MODELO ATLAS 2.001.-
CLUB CAR,CLUB CAR,(sin modelo),TEMPO 2PASS FLABLACK FEAT,ICE,1,1,2025-12,2025-12,25DA000000621694,5,TEMPO 2PASS FLABLACK FEAT OP EP2614 059302
CLUB CAR,CLUB CAR,(sin modelo),TEMPO AC LI 2PGREEN,ICE,1,1,2025-12,2025-12,25DA000000621694,16,TEMPO AC LI 2PGREEN FEAT OP GF2614 071464
DENZA,DENZA,(sin modelo),D9 DM,PHEV,1,1,2025-12,2025-12,25DA000000624954,1,PLUG-IN HYBRID MULTI-PURPOSE HASSERVER DENZA D9 DM ANO 2025 VIN:LC0D74C48S0102481.-
MERCEDES-BENZ,MERCEDES-BENZ,(sin modelo),GLS 450 D 4MATIC,ICE,1,1,2025-12,2025-12,25DA000000620860,1,1) UNA UNIDAD DE VEHICULO MARCA MERCEDES BENZ MODELO: GLS 450 D 4MATIC CON SERIE N: W1NFF3DE0TB555905 Y MOTOR N: 65683080086915 MODLO AO: 2026.--
KAWASAKI,KAWASAKI,2026,TERYX5 H2,ICE,1,1,2025-12,2025-12,25DA000000619797,27,1 UNID. VEHICULO DE RECREACION MARCA KAWASAKI MODELO TERYX5 H2 A¿O DE FABRICACION 2025 A¿O MODELO 2026
TOYOTA,TOYOTA,(sin modelo),LANDCRUISER GX,ICE,1,1,2025-12,2025-12,25DA000000617434,1,UNA UNIDAD DE VEHICULO USADO TOYOTA LANDCRUISER GX AO 2013
MERCEDES-BENZ,MERCEDES-BENZ,(sin modelo),SLC-CLASS,ICE,1,1,2025-12,2025-12,25DA000000618563,1,1) UNA UNIDAD DE AUTOMOVIL USADO MERCEDES BENZ ; MOD. SLC-CLASS; A¿O 2017; VIN:WDDPK3JA6HF128369 ;2000CC
MERCEDES-BENZ,MERCEDES-BENZ,(sin modelo),SLC,ICE,1,1,2025-12,2025-12,25DA000000618563,2,(1) UNA UNIDAD DE AUTOMOVIL USADO MERCEDES BENZ MOD. SLC; COLOR: ROJO; A¿O 2018; VIN: WDDPK3JA6JF151978; 2000CC
MG,MG,(sin modelo),ONE TROPHY,ICE,1,1,2025-12,2025-12,25DA000000648366,1,1) UNA UNIDAD DE VEHICULO MARCA MG MODELO: MG ONE TROPHY CON SERIE N: LSJW94U99SN014547 Y MOTOR N: 15C4EDQSR4020258 AO 2025.-
SKODA,SKODA,(sin modelo),FABIA RS RALLY 2,ICE,1,1,2025-12,2025-12,25DA000000651641,1,"01 UNIDAD DE AUTOMOVIL DE COMPETCION, MARCA SKODA, MOD. FABIA RS RALLY 2, CHASIS: 212, VIN: TMB000PJ8N4003212 , COLOR BLANCO"
TOYOTA,TOYOTA,(sin modelo),COROLLAS CROSS,HEV,1,1,2025-12,2025-12,25DA000000645424,4,1 UNIDAD DE TOYOTA COROLLAS CROSS 2.0L HIBRIDO
BMW,BMW,(sin modelo),CSI,ICE,1,1,2025-12,2025-12,25DA000000650644,1,UNA UNIDAD DE VEHICULO USADO BMW CSI AO 1971 A RESTAURAR
BMW,BMW,(sin modelo),X5 AMNO,ICE,1,1,2025-12,2025-12,25DA000000653833,1,"UNA UNIDAD STATION WAGON USADO, MARCA: BMW MODELO: X5 AMNO : 2015"
SUBARU,SUBARU,(sin modelo),IMPREZA S-GT-S,ICE,1,1,2025-12,2025-12,25DA000000657230,3,"UNA UNIDAD DE AUTOMOVIL USADO, MARCA:SUBARU MODELO:IMPREZA S-GT-S A¿O:2007.-"
TESLA,TESLA,3,MODEL 3,BEV,1,1,2025-12,2025-12,25DA000000660517,1,01 UNIDAD DE AUTOMOVIL TESLA MODELO 3 ANO/FABRICACION 2020 ANO/MODELO 2020 COLOR NEGRO CHASIS N 5YJ3E7EA4LF700537.-
HYUNDAI,HYUNDAI,(sin modelo),MOEDELO VERACRUZ,ICE,1,1,2025-12,2025-12,25DA000000664559,2,UN STATION WAGON USADO MARCA HYUNDAI MOEDELO VERACRUZ AO 2.010.-
BMW,BMW,(sin modelo),IX3,BEV,1,1,2025-12,2025-12,25DA000000662743,9,"UNA UNIDAD DE STATION WAGON NUEVO, MARCA:BMW MODELO:IX3 A¿O:2025.-"
LAND ROVER,LAND ROVER,(sin modelo),RANGE ROVER SPORT,ICE,1,1,2025-12,2025-12,25DA000000658262,1,"LOS DEMAS, EN: 1) UNIDAD DE VEHICULO MARCA LAND ROVER MODELO RANGE ROVER SPORT A¿O 2021 COLOR BLANCO TIPO SUV 3.0 CC CHASIS NRO. SALW52RU7MA759257"
EZGO,EZGO,(sin modelo),GOLF CAR,ICE,1,1,2025-12,2025-12,25DA000000658476,3,1 UND CARRITO DE GOLF. MARCA: EZGO - GOLF CAR 1990
JEEP,JEEP,2024,WRANGLER SPORT,ICE,1,1,2025-12,2025-12,25DA000000661067,3,"LOS DEMAS EN 1) UNIDAD JEEP WRANGLER SPORT S , COLOR BLANCO, FABRICACION Y MODELO 2024, CHASIS N 1C4PJXDN7RW309856"
HONDA,HONDA,(sin modelo),PROLOGUE,BEV,1,1,2025-12,2025-12,25DA000000667289,1,"UNA UNIDAD DE VEHICULO ELECTRICO 0KM, MARCA HONDA PROLOGUE AO 2024"
MAZDA,MAZDA,(sin modelo),CX 9,ICE,1,1,2025-12,2025-12,25DA000000670552,1,"1 UNID. VEHICULO MARCA MAZDA TIPO STATION WAGON, MOD. CX- 9, MOD. ANHO 2.016.-"
FIAT,FIAT,ARGO MOBI LIKE 1,ARGO MOBI LIKE,ICE,1,1,2025-12,2025-12,25DA000000657870,2,"QUE UTILICEN INDISTINTAMENTE LOS SIGUIENTES COMBUSTIBLES: ,FLEX EN:UN AUTOM¿VIL MARCA FIAT MODELO ARGO MOBI LIKE 1.0 M/T FLEX A¿O DE FAB 2025 MODELO A¿O 2026 CON SUS ACCESORIOS NORMALES"
MERCEDES-BENZ,MERCEDES-BENZ,(sin modelo),S560,ICE,1,1,2025-12,2025-12,25DA000000675240,1,UN AUTOMOVIL USADO MARCA:MERCEDES BENZ MODELO: S560 A¿O: 2018 COLOR: GRIS OSCURO
MERCEDES-BENZ,MERCEDES-BENZ,(sin modelo),B200 CDI,ICE,1,1,2025-12,2025-12,25DA000000635568,3,UNA UNIDAD DE STATION WAGON USADO MARCA MERCEDES BENZ MODELO B200 CDI A¿O 2013.-
RAM,RAM,(sin modelo),RAM1500,ICE,1,1,2025-12,2025-12,25DA000000618563,3,1) UNA UNIDAD DE VEHICULO DODGE MOD. RAM1500; COLOR GRIS; A¿O 2022; VIN: 1C6RRFFG1NN151628; 3600CC
FORD,FORD,(sin modelo),F350,ICE,1,1,2025-12,2025-12,25DA000000660661,2,UNA CAMIONETA USADA MARCA: FORD MODELO: F350 A¿O: 1985 COLOR: ROJO
MERCEDES-BENZ,MERCEDES-BENZ,(sin modelo),914 AK,ICE,1,1,2025-12,2025-12,25DA000000675583,1,"VEHICULOS, DE PESO TOTAL CON CARGA MAXIMA SUPERIOR A 5 T PERO INFERIOR O IGUAL A 20 T, CON CAJA BASCULANTE, EN: 1 (UN) CAMION TUMBA MERCEDES BENZ, 914 AK, USADO, ANHO 1992.-"
MAHINDRA,MAHINDRA,(sin modelo),GG S11,ICE,1,1,2025-12,2025-12,25DA000000641250,15,"01) UNA UNIDAD CAMIONETA DOBLE CABINA, MARCA: MAHINDRA, GG S11 CON MOTOR DIESEL, TRANSMISION AUTOMATICA 4X4. A¿O FABRICACION: 2025, MODELO A¿O: 2026, CON SUS ACCESORIOS CORRESPONDIENTES.-"
SCANIA,SCANIA,(sin modelo),G400,ICE,1,1,2025-12,2025-12,25DA000000642786,1,"01 - UNIIDAD DE CAMION, SCANIA G400, CHASIS YS2G6X200D5330557, COLOR BLANCO"
GMC,GMC,(sin modelo),ACADIA,ICE,1,1,2026-01,2026-01,26DA000000004132,1,"1 UNID. VEHICULO MARCA GMC TIPO STATION WAGON MOD. ACADIA, ANHO 2.017."
MAZDA,MAZDA,MAZDA3 2,MAZDA3,ICE,1,1,2026-01,2026-01,26DA000000011493,1,"(1) UNA UNIDAD DE AUTOMOVIL, MARCA MAZDA, MODELO MAZDA3 2.5, COLOR GRIS OSCURO, A/O 2010, CHASIS N¿ JM1BL1H68A1189345"
BYD,BYD,(sin modelo),LEOPARD 5,BEV,1,1,2026-01,2026-01,26DA000000005835,9,"UNA UNIDAD DE STATION WAGON NUEVO, MARCA:BYD MODELO:LEOPARD 5 A¿O:2025 0 KM.-"
MITSUBISHI,MITSUBISHI,PAJEROANHO,PAJERO,ICE,1,1,2026-01,2026-01,26DA000000022757,4,01 UNIDAD DE STATION WAGON USADO MARCA:TOYOTA MODELO: PAJEROANHO DE FAB.:1997 ANHO MOD.:1997 COLOR:VERDE/DORADO
TOYOTA,TOYOTA,(sin modelo),LANDCRUISER-VXR DSL3.3L-AUTOMATIC REF,ICE,1,1,2026-01,2026-01,26DA000000016347,1,1 UNIDAD DE TOYOTA LANDCRUISER-VXR DSL3.3L-AUTOMATIC REF:MODEL 2025 COLOUR: BLACK WITH BLACK & RED LEATHER
AUDI,AUDI,(sin modelo),Q4,BEV,1,1,2026-01,2026-01,26DA000000014221,1,"UNA UNIDAD DE VEHICULO ELECTRICO 0KM, AUDI Q4 AO 2025"
JEEP,JEEP,CHEROKEE 2,CHEROKEE,ICE,1,1,2026-01,2026-01,26DA000000021530,6,"VEHICULO USADO MARCA JEEP MODELO CHEROKEE 2,5TD"
FORD,FORD,MUSTANG GT 5,MUSTANG GT,ICE,1,1,2026-01,2026-01,26DA000000022276,2,"UNA UNIDAD DE AUTOMOVIL USADO, MARCA FORD, MODELO MUSTANG GT 5.0L V8 COUPE, AO 2018, COLOR BORDO."
MAZDA,MAZDA,(sin modelo),EUNOS COSMO,ICE,1,1,2026-01,2026-01,26DA000000014970,1,"1 UNIDAD DE VEHICULO MAZDA, EUNOS COSMO, ANO 1993, COLOR NEGRO"
NISSAN,NISSAN,(sin modelo),SKYLINER R33 GT-R,ICE,1,1,2026-01,2026-01,26DA000000027086,1,1 UNIDAD DE AUTOMOVIL USADO NISSAN SKYLINER R33 GT-R ANO 1990 2600CC COLOR:BLANCO CHASIS:BNR32-007371
NISSAN,NISSAN,(sin modelo),SKYLINE GTS-T,ICE,1,1,2026-01,2026-01,26DA000000027086,2,1 UNIDAD DE AUTOMOVIL USADO NISSAN SKYLINE GTS-T ANO 1991 2000CC COLOR:AZUL CHASIS:HCR32-090369
FIAT,FIAT,(sin modelo),500 LOUNGE,ICE,1,1,2026-01,2026-01,26DA000000015192,1,UNA UNIDAD DE VEHICULO USADO FIAT 500 LOUNGE AO 2018
BMW,BMW,(sin modelo),640D,ICE,1,1,2026-01,2026-01,26DA000000015831,5,"UNA UNIDAD DE AUTOMOVIL USADO, MARCA:BMW MODELO:640D A¿O:2013.-"
MERCEDES-BENZ,MERCEDES-BENZ,2026,G 450 D AOS,ICE,1,1,2026-01,2026-01,26DA000000027506,1,"1 UNID CAMIONETA, MARCA MERCEDES BENZ, TIPO G 450 D AOS DE FABRICACION 2025 AO MODELO 2026 CON SUS ACCESORIOS NORMALES Y CORRESPONDIENTES.-"
MAZDA,MAZDA,CX-30 6AT 2,CX-30 6AT,ICE,1,1,2026-01,2026-01,26DA000000019181,1,"1.- UNA UNIDAD DE VEHICULO MARCA: MAZDA, MODELO: CX-30 6AT 2.0G 2WD HIGH, ANIO DE FABRICACION 2025, MODELO ANIO 2026 CON SUS ACCESORIOS CORRESPONDIENTES.-"
BMW,BMW,(sin modelo),X6 XDRIVE40I M SPORT,ICE,1,1,2026-01,2026-01,26DA000000025184,1,"1 UNIDAD DE STATION WAGON MARCA: BMW, MODELO. X6 XDRIVE40I M SPORT"
MERCEDES-BENZ,MERCEDES-BENZ,2026,AMG GLE,PHEV,1,1,2026-01,2026-01,26DA000000035040,1,"1 UNID CAMIONETA, MARCA MERCEDES BENZ TIPO AMG GLE HYBRID 4MATIC COUPE, AO DE FABRICACION 2025 AO MODELO 2026 CON SUS ACCESORIOS NORMALES Y CORRESPONDIENTES.-"
TOYOTA,TOYOTA,(sin modelo),SW4 DIAMOND II,ICE,1,1,2026-01,2026-01,26DA000000037101,1,"VEHICULO USADO, MARCA TOYOTA, STATION WAGON SW4 DIAMOND II 2.8TDI 6AT 7A, COLOR NEGRO, FABRICACION ANO 2022, MODELO ANO 2022"
MERCEDES-BENZ,MERCEDES-BENZ,2026,E 220 D BERLINA,ICE,1,1,2026-01,2026-01,26DA000000038904,2,"1 UNID AUTOMOVIL MARCA MERCEDES BENZ TIPO E 220 D BERLINA , AO DE FABRICACION 2025 AO MODELO 2026 CON SUS ACCESORIOS NORMALES Y CORRESPONDIENTES.-"
VOLKSWAGEN,VOLKSWAGEN,PASSAT 1,PASSAT,ICE,1,1,2026-01,2026-01,26DA000000029548,1,"UNA UNIDAD DE AUTOMOVIL USADO, MARCA VOLKSWAGEN, MODELO PASSAT 1.9, AO 2004, COLOR GRIS."
TOYOTA,TOYOTA,(sin modelo),LC300 VX,ICE,1,1,2026-01,2026-01,26DA000000049059,1,MY2025 TOYOTA LC300 VX 3.3L DIESEL
MERCEDES-BENZ,MERCEDES-BENZ,(sin modelo),GLC220,ICE,1,1,2026-01,2026-01,26DA000000043339,11,UNA UNIDAD DE VEHICULO USADO MERCEDES BENZ GLC220 AO 2018
MAXUS,MAXUS,(sin modelo),T90 F20TT,ICE,1,1,2026-01,2026-01,26DA000000011062,3,T90 F20TT 4X4 AT LUXURY
RAM,RAM,1500 LIMITED NIGHT EDITION NAFTERO 3,1500 LIMITED NIGHT EDITION NAFTERO,ICE,1,1,2026-01,2026-01,26DA000000011262,1,01- UNID CAMIONETA D/C MARCA RAM MODELO 1500 LIMITED NIGHT EDITION NAFTERO 3.0 4X4 ANO FABRICACION 2025 ANO MODELO 2025 CON SUS ACCESORIOS CORRESPONDIENTES.-
MERCEDES-BENZ,MERCEDES-BENZ,(sin modelo),ATEGO1217,ICE,1,1,2026-01,2026-01,26DA000000001226,1,1 UNA UNIDAD CAMION USADO MARCA MERCEDES BENZ MODELO ATEGO1217 A¿O 1999 COLOR BLANCO
SCANIA,SCANIA,(sin modelo),R440 PDE,ICE,1,1,2026-01,2026-01,26DA000000017091,2,"1)UN. CAMION CON FURGON, MOD. R440 PDE 6X2, CHASSI N. YS2R6X20002089922, ANO FAB. 2016, ANO MOD. 2016"
SCANIA,SCANIA,(sin modelo),P93/220,ICE,1,1,2026-01,2026-01,26DA000000030687,1,1 UNA UNIDAD CAMION USADO MARCA SCANIA MODELO P93/220 A¿O 1994 COLOR BLANCO
MERCEDES-BENZ,MERCEDES-BENZ,2026,SPRINTER 514 CDI,ICE,1,1,2026-01,2026-01,26DA000000038034,6,"1 UNID DE COMBI TIPO SPRINTER 514 CDI, MARCA: MERCEDES BENZ, CON MOTOR DIESEL MERCEDES BENZ OM654, AO DE FABRICACION: 2025 MODELO: 2026 CON SUS ACCESORIOS NORMALES Y CORRESPONDIENTES.-"
MERCEDES-BENZ,MERCEDES-BENZ,2025,SPRINTER 414 CDI,ICE,1,1,2026-01,2026-01,26DA000000028663,1,"1 UNID FURGON, MARCA: MERCEDES BENZ, TIPO: SPRINTER 414 CDI, A¿O DE FABRICACION: 2024, A¿O MODELO: 2025"
MERCEDES-BENZ,MERCEDES-BENZ,(sin modelo),SPRINTER 2500,ICE,1,1,2026-01,2026-01,26DA000000049250,1,1 VEHICULO USADO MERCEDES-BENZ SPRINTER 2500 - 2011 WHITE
VOLKSWAGEN,VOLKSWAGEN,(sin modelo),TRANSPORTER,ICE,1,1,2026-01,2026-01,26DA000000043876,2,1 UNA UNIDAD FURGONETA USADO MARCA VOLKSWAGEN MODELO TRANSPORTER A¿O 2004 COLOR BLANCO
TOYOTA,TOYOTA,(sin modelo),CROWN,HEV,1,1,2026-02,2026-02,26DA000000058516,2,UNA UNIDAD DE VEHICULO USADO TOYOTA CROWN AO 2014
LEXUS,LEXUS,LX600D DIESEL AUT 3,LX600D DIESEL AUT,ICE,1,1,2026-02,2026-02,26DA000000064015,1,SUV DE LA MARCA LEXUS MODELO LX600D DIESEL AUT 3.5L FJA310L-GKULYV ANO DE FABRICACION 2025 MODELO ANO 2026 CON SUS ACCESORIOS CORRESPONDIENTES
MERCEDES-BENZ,MERCEDES-BENZ,(sin modelo),S600,ICE,1,1,2026-02,2026-02,26DA000000065508,1,UNA UNIDAD DE VEHICULO USADO MERCEDES BENZ S600 AO 1994.-
TOYOTA,TOYOTA,(sin modelo),LANDCRUISER-VXR V6,ICE,1,1,2026-02,2026-02,26DA000000065884,1,1 UNIDAD DE TOYOTA LANDCRUISER-VXR V6 3.3L TWIN TURBO DIESEL - AUTOMATIC REF:MODEL 2025 COLOR: ATTITUDE BLACK RED/BLACK.-
MAZDA,MAZDA,(sin modelo),MX-5 CONVERTIBLE,ICE,1,1,2026-02,2026-02,26DA000000056896,1,MAZDA MX-5 CONVERTIBLE 1995 1.8 COLOR BLANCO
MITSUBISHI,MITSUBISHI,(sin modelo),LANCER EVO IV,ICE,1,1,2026-02,2026-02,26DA000000060137,2,"UNA UNIDAD DE AUTOMOVIL USADO, MARCA:MITSUBISHI MODELO:LANCER EVO IV A¿O:1996.-"
BMW,BMW,(sin modelo),330XD,ICE,1,1,2026-02,2026-02,26DA000000053519,1,01 UNIDAD DE VEHICULO USADO MARCA BMW MODELO 330XD A¿O 2005 COLOR NEGRO CHASIS WBAVT91040KT89825
PONTIAC,PONTIAC,(sin modelo),FIREBIRD,ICE,1,1,2026-02,2026-02,26DA000000056477,1,01) UNIDAD DE VEHICULO PONTIAC FIREBIRD. COLOR NEGRO. AO 1978. VIN 2W87Z8L117892
BMW,BMW,(sin modelo),5 SERIES CHAS,ICE,1,1,2026-02,2026-02,26DA000000060342,1,AUTOMOVILES PARA TURISMO Y DEMAS VEHICULOS EN AUTOMOVIL BMW 5 SERIES CHAS: WBAJC3102JWB78857
PORSCHE,PORSCHE,(sin modelo),911 CONVERTIBLE,ICE,1,1,2026-02,2026-02,26DA000000066631,1,1 UNIDAD DE VEHICULO PORSCHE 911 CONVERTIBLE ANO 1975 COLOR ROJO DE CILINDRADA 2687
GMC,GMC,(sin modelo),TYPHOON,ICE,1,1,2026-02,2026-02,26DA000000066631,4,1 UNIDAD DE VEHICULO GMC TYPHOON ANO 1993 COLOR NEGRO 4300CC CHASIS NRO 1GDCT18Z3P0811567
FERRARI,FERRARI,(sin modelo),348 TS,ICE,1,1,2026-02,2026-02,26DA000000066631,3,1 UNIDAD DE VEHICULO FERRARI 348 TS ANO 1990 COLOR ROJO 3405 CC CHASIS NRO ZFFFG36A5L0086502
GEELY,GEELY,(sin modelo),COOLRAY LITE,ICE,1,1,2026-02,2026-02,26DA000000055213,32,COOLRAY LITE NAFTERO MOTOR 1.5 AUTOM¿TICO
RENAULT,RENAULT,(sin modelo),KOLETOS,ICE,1,1,2026-02,2026-02,26DA000000068513,2,1 UNA UNIDAD STATION WAGON USADO MARCA RENAULT MODELO KOLETOS A¿O 2011 COLOR ROJO
XIAOMI,XIAOMI,(sin modelo),YU7 MAX 100%,BEV,1,1,2026-02,2026-02,26DA000000077163,1,1 UNIDAD DE AUTOMOVIL XIAOMI MODELO YU7 MAX 100% ELECTRICO COLOR VERDE ESMERALDA
BMW,BMW,(sin modelo),M0ODELO 428I,ICE,1,1,2026-02,2026-02,26DA000000069526,1,1- UNA UNIDAD DE AUTOMOVIL COUPE USADO DE LA MARCA BMW M0ODELO 428I AO 2015
TOYOTA,TOYOTA,(sin modelo),CROWN ATLHETE,ICE,1,1,2026-02,2026-02,26DA000000081963,6,UNA UNIDA DE AUTOMOVIL USADO MARCA TOYOTA MODELO CROWN ATLHETE A¿O 2006.-
TOYOTA,TOYOTA,(sin modelo),GT 86 LIMITED,ICE,1,1,2026-02,2026-02,26DA000000072630,12,UNA UNIDAD DE AUTOMOVIL USADO MARCA TOYOTA MODELO GT 86 LIMITED A¿O 2013.-
KAWASAKI,KAWASAKI,2025,BRUTE FORCE 750,ICE,1,1,2026-02,2026-02,26DA000000070239,12,1 UNID. CUADRICICLO MARCA KAWASAKI MODELO BRUTE FORCE 750 A¿O FABRICACION 2025 A¿O MODELO 2025
BMW,BMW,(sin modelo),420DX,ICE,1,1,2026-02,2026-02,26DA000000071794,2,"UNA UNIDAD DE AUTOMOVIL USADO, MARCA:BMW MODELO:420DX A¿O:2015.-"
CHEVROLET,CHEVROLET,TRAILBLAZER HIGH COUNTRY 2,TRAILBLAZER HIGH COUNTRY,ICE,1,1,2026-02,2026-02,26DA000000080617,6,"01) UND. VEHICULO TIPO STATION WAGON MODELO: TRAILBLAZER HIGH COUNTRY 2.8 4X4 AT, ANO MODELO 2.026, ANO DE FABRICACION 2.025.-"
MERCEDES-BENZ,MERCEDES-BENZ,(sin modelo),ML 350 CDI,ICE,1,1,2026-02,2026-02,26DA000000071256,1,UNA UNIDAD DE STATION WAGON USADO MARCA MERCEDES BENZ MODELO ML 350 CDI A¿O 2010.-
FORD,FORD,BRONCO 2,BRONCO,ICE,1,1,2026-02,2026-02,26DA000000091283,4,UNA UNIDAD STATION WAGON MARCA FORD MODELO BRONCO 2.0 AT WILDTRAK AO MODELO 2025
SIN MARCA,SIN MARCA,AT 1,AT,ICE,1,1,2026-02,2026-02,26DA000000088818,45,"VEHICULOS AUTOMOVILES PARA EL TRASNPORTE DE PERSONAS, MARCA GEELY, MODELO AT 1.5 GK NAFTA CITY RAY GK"
DODGE,DODGE,(sin modelo),CHARGER SE,ICE,1,1,2026-02,2026-02,26DA000000094015,1,"UNA UNIDAD VEHICULO USADO MARCA DODGE CHARGER SE, ANO 2015, COLOR BLANCO.-"
CHEVROLET,CHEVROLET,(sin modelo),C10 STEPSIDE,ICE,1,1,2026-02,2026-02,26DA000000084419,4,1 UNIDAD DE VEHICULO CHEVROLET C10 STEPSIDE ANO 1973 COLOR BLANCO CHASIS NRO CCZ1431167115 PARA RESTAURACION.-
MERCEDES-BENZ,MERCEDES-BENZ,(sin modelo),SL 600,ICE,1,1,2026-02,2026-02,26DA000000084422,6,1 UNIDAD DE VEHICULO MERCEDES BENZ SL 600 ANO 1995 COLOR NEGRO CHASIS NRO WDBFA76E2SF119279 PARA RESTAURACION.-
PORSCHE,PORSCHE,(sin modelo),911 CARRERA CONVERSIVEL,ICE,1,1,2026-02,2026-02,26DA000000084422,3,"01 UNIDAD DE VEHICULO PORSCHE 911 CARRERA CONVERSIVEL ANO 1984, COLOR PLATEDO, CHASSIS NRO. WP0EB0913ES171056 PARA RESTAURACION.-"
CHEVROLET,CHEVROLET,(sin modelo),CAMARO RS COUPE,ICE,1,1,2026-02,2026-02,26DA000000084422,1,"01 UNIDAD DE VEHICULO CHEVROLET CAMARO RS COUPE, ANO 1992, COLOR AZUL, CHASIS NRO. 1G1FP23E7NL169178 PARA RESTAURACION.-"
TOYOTA,TOYOTA,(sin modelo),CROWN ATHLETE,HEV,1,1,2026-02,2026-02,26DA000000094500,8,UNA UNIDAD DE VEHICULO USADO TOYOTA CROWN ATHLETE AO 2014
PORSCHE,PORSCHE,(sin modelo),MODELL 356B,ICE,1,1,2026-02,2026-02,26DA000000102181,2,LOS DEMAS EN: 01 UNIDAD DE VEHICULO USADO MARCA PORSCHE MODELL 356B ANIO 1962 SIN MOTOR A RESTAURAR
MERCEDES-BENZ,MERCEDES-BENZ,(sin modelo),SPRUNTER,ICE,1,1,2026-02,2026-02,26DA000000055584,2,01) UNA FURGONETA USADA MARCA: MERCEDES BENZ MODELO. SPRUNTER AO 2004 MOVIDO A DIESEL
TOYOTA,TOYOTA,(sin modelo),ATLAS,ICE,1,1,2026-02,2026-02,26DA000000067235,2,"UNA UNIDAD DE CAMION DOBLE CABINA CON BARANDA BAJA USADO, MARCA:CANTER MODELO:ATLAS A¿O:2001.-"
FORD,FORD,(sin modelo),F150 LARIA,HEV,1,1,2026-02,2026-02,26DA000000074571,1,- - DE PESO TOTAL CON CARGA M¿XIMA INFERIOR O IGUAL A 5 T EN: 1 UN) VEHICULO HIBRIDO MARCA: FORD TIPO : F150 LARIA
RAM,RAM,(sin modelo),2500 POWER,ICE,1,1,2026-02,2026-02,26DA000000094014,1,"UN VEHICULO USADO MARCA RAM 2500 POWER WAGON,ANO 2025, COLOR BLANCO.-"
FORD,FORD,F150 CREW CAB 3,F150 CREW CAB,HEV,1,1,2026-02,2026-02,26DA000000101744,2,"UNA UNIDAD DE CAMIONETA, MARCA FORD, MODELO F150 CREW CAB 3.5L HYBRID PLATINUM 4X4, AO 2025, COLOR GRIS GRAFITO."
FORD,FORD,(sin modelo),MUSTANG ECO BOOST,ICE,1,1,2026-03,2026-03,26DA000000113939,1,AUTOMOVILES DE TURISMO ... DE CILINDRADA SUPERIOR A 1.500 CM3 PERO INFERIOR O IGUAL A 3.000 CM3 EN: 1 UNIDAD DE AUTOMOVIL FORD MUSTANG ECO BOOST ANHO 2017 - VIN: 1FATP8UH3H5267516
TOYOTA,TOYOTA,PREMIO A O 2,PREMIO A O,ICE,1,1,2026-03,2026-03,26DA000000103741,6,01 UNA UNIDAD DE AUTOMOVIL USADO MARCA TOYOTA MODELO PREMIO A O 2.007 NAFTERO CON CHASIS NRO: NZT240-0100477 COLOR BLANCO.
TOYOTA,TOYOTA,TOWNACE NOAHANHO,TOWNACE NOAH,ICE,1,1,2026-03,2026-03,26DA000000116324,3,1 UND STATION WAGON MODELO TOWNACE NOAHANHO 2004 COLOR BLANCO
BYD,BYD,(sin modelo),SEAGULLL 405 CONFORT EDITION,BEV,1,1,2026-03,2026-03,26DA000000115344,1,"01 UNID. AUTOMOVIL, BYD SEAGULLL 405 CONFORT EDITION, COLOR BLANCO"
SUBARU,SUBARU,(sin modelo),IMPREZA AVENIS,ICE,1,1,2026-03,2026-03,26DA000000123146,6,UNA UNIDAD DE VEHICULO USADO SUBARU IMPREZA AVENIS AO 2008
BMW,BMW,(sin modelo),M5 LIMOUSINE,PHEV,1,1,2026-03,2026-03,26DA000000124335,2,"1 UNIDAD DE AUTOMOVIL MARCA: BMW,MODELO; M5 LIMOUSINE"
PORSCHE,PORSCHE,(sin modelo),MACAN T,ICE,1,1,2026-03,2026-03,26DA000000124505,1,"LOS DEMAS EN; 01 UNIDAD DE VEHICULO MARCA.: PORSCHE, MODELO.: MACAN T, ANHO 2025,. ESTADO USADO"
MERCEDES-BENZ,MERCEDES-BENZ,2026,TI,ICE,1,1,2026-03,2026-03,26DA000000129464,7,"1 UNID CAMIONETA, MARCA: MERCEDES BENZ, TI: GLC 200 4MATIC COUPE, AO MODELO: 2026 CON SUS ACCESORIOS NORMALES Y CORRESPONDIENTES.-"
CHEVROLET,CHEVROLET,(sin modelo),CORVETTE,HEV,1,1,2026-03,2026-03,26DA000000130057,1,UNA UNIDAD VEHICULO NUEVO CHEVROLET CORVETTE AO: 2026
TOYOTA,TOYOTA,(sin modelo),4 RUNNER TRD PRO,HEV,1,1,2026-03,2026-03,26DA000000130572,1,01) UNA UNIDAD DE VEHICULO NUEVO TOYOTA 4 RUNNER TRD PRO AO 2026 0KM.-
DODGE,DODGE,(sin modelo),VIPER R/T,ICE,1,1,2026-03,2026-03,26DA000000121112,1,LOS DEMAS EN: 01 UNIDAD DE VEHICULO USADO DODGE VIPER R/T 1995
HYUNDAI,HYUNDAI,(sin modelo),ACCENT WIT,ICE,1,1,2026-03,2026-03,26DA000000134193,10,UNA UNIDA DE AUTOMOVIL USADO MARCA HYUNDAI MODELO ACCENT WIT A¿O 2016 .-
BYD,BYD,(sin modelo),SONG L EV 662KM,BEV,1,1,2026-03,2026-03,26DA000000142200,2,"LOS DEMAS VEHICULOS EN: 1)UN. VEHICULO TIPO CAMIONETA ELECTRICO MOD. SONG L EV 662KM DE AUTONOMIA, EXCELLENCE SMART DRIVE, CHASSI N. LC0CH4CD6S6085654, ANO MOD. 2026, ANO FAB. 2025"
TOYOTA,TOYOTA,(sin modelo),VITZCIEL,ICE,1,1,2026-03,2026-03,26DA000000136435,10,UNA UNIDA DE AUTOMOVIL USADO MARCA TOYOTA MODELO VITZCIEL A¿O 2013 .-
LEXUS,LEXUS,(sin modelo),LMH,HEV,1,1,2026-03,2026-03,26DA000000136873,11,SUV DE LA MARCA LEXUS LMH (HIBRIDO) AUT 4X4 DE 2.5L. (ELECTRICO/NAFTA) AAWH15L-LNXXB A¿O DE FABRICACION 2025 MODELO A¿O 2026 CON SUS ACCESORIOS CORRESPONDIENTES
MITSUBISHI,MITSUBISHI,(sin modelo),LANCER EVOLUTION X,ICE,1,1,2026-03,2026-03,26DA000000134947,1,AUTOMOVIL USADO DE LA MARCA MITSUBISHI MODELO LANCER EVOLUTION X A¿O 2008 COLOR BLANCO
TOYOTA,TOYOTA,(sin modelo),COROLA AXIO,ICE,1,1,2026-03,2026-03,26DA000000139978,2,"UNA UNIDAD DE AUTOMOVIL USADO, MARCA:TOYOTA MODELO:COROLA AXIO A¿O:2013.-"
LEAPMOTOR,LEAPMOTOR,(sin modelo),C10,BEV,1,1,2026-03,2026-03,26DA000000133680,3,1 VEHICULO NUEVO ELECTRICO NEW LEAPMOTOR C10 YEAR 2025 MODEL 2026 WHITE VIN:LFZ93AN93SH018094
TOYOTA,TOYOTA,(sin modelo),BZ5,BEV,1,1,2026-03,2026-03,26DA000000133680,5,1 VEHICULO NUEVO ELECTRICO NEW TOYOTA BZ5 YEAR 2025 MODEL 2026 SILVER VIN LFMCE14V8S0011614
TOYOTA,TOYOTA,(sin modelo),COROLA RUMION,ICE,1,1,2026-03,2026-03,26DA000000133054,4,UNA UNIDAD DE VEHICULO USADO TOYOTA COROLA RUMION AO 2010
INFINITI,INFINITI,(sin modelo),Q50,ICE,1,1,2026-03,2026-03,26DA000000133289,3,UNA UNIDA DE AUTOMOVIL USADO MARCA INFINITI MODELO Q50 A¿O 2014 .-
JEEP,JEEP,(sin modelo),WRANGLER WRANGLER SAHARA UNLIMITED,ICE,1,1,2026-03,2026-03,26DA000000133289,10,UNA UNIDA DE STATION WAGON USADO MARCA JEEP MODELO WRANGLER WRANGLER SAHARA UNLIMITED A¿O 2012.-
WULING,WULING,(sin modelo),STAR,BEV,1,1,2026-03,2026-03,26DA000000155437,1,"01-UNA UNIDAD AUTOMOVIL MARCA WULING STAR, MINIVAN"
WULING,WULING,(sin modelo),BINGO,BEV,1,1,2026-03,2026-03,26DA000000155437,3,01-UNA UNIDAD DE AUTOMOVIL MARCA WULING BINGO
WULING,WULING,(sin modelo),STAR MINIVAN,BEV,1,1,2026-03,2026-03,26DA000000155437,2,01-UNA UNIDAD DE AUTOMOVIL WULING STAR MINIVAN.-
NISSAN,NISSAN,(sin modelo),SKYLINE GTR,ICE,1,1,2026-03,2026-03,26DA000000147105,5,"01 UNIDAD DE VEHICULO NISSAN SKYLINE GTR, ANO 1995, COLOR GRIS, CHASSIS NRO. BNR32309173 PARA RESTAURACION.-"
CHEVROLET,CHEVROLET,(sin modelo),CORVETTE E-RAY CONVERTIBLE,HEV,1,1,2026-03,2026-03,26DA000000145594,1,01 UNIDAD CHEVROLET CORVETTE E-RAY CONVERTIBLE AWD W/3LZ.-
MAZDA,MAZDA,(sin modelo),RX-7 EFINI 3,ICE,1,1,2026-03,2026-03,26DA000000151421,3,1 UNIDAD DE AUTOMOVIL USADO MAZDA RX-7 EFINI 3 A¿O:1995 COLOR:ROJO CHASIS:FD3S-302667
NISSAN,NISSAN,(sin modelo),SKYLINE R33 GT-R,ICE,1,1,2026-03,2026-03,26DA000000151421,4,1 UNIDAD DE AUTOMOVIL USADO NISSAN SKYLINE R33 GT-R 2600CC A¿O:1995 COLOR:BORDO CHASIS:BCNR33-001486
FIAT,FIAT,(sin modelo),500 ABARTH CONVERTIBLE 2DR,ICE,1,1,2026-03,2026-03,26DA000000158035,1,UNA UNIDAD DE AUTOMOVIL USADO MARCA FIAT MODELO 500 ABARTH CONVERTIBLE 2DR A;O 2015
MERCEDES-BENZ,MERCEDES-BENZ,(sin modelo),AMG C63S,ICE,1,1,2026-03,2026-03,26DA000000151113,3,01) UN AUTOMOVIL USADO MARCA. MERCEDES BENZ MODELO. AMG C63S AO 2017 MOVIDO A GASOLINA
CHEVROLET,CHEVROLET,S10 CD 2,S10 CD,ICE,1,1,2026-03,2026-03,26DA000000105817,6,"01) UND. VEHICULO TIPO PICKUP (CAMIONETA) DE CARGA MODELO: S10 CD 2.8 4X4 WORK TRUCK AT , ANO DE FABRICACION 2.025, ANO MODELO: 2.025.-"
FORD,FORD,F-150 SUPERCAB 4,F-150 SUPERCAB,ICE,1,1,2026-03,2026-03,26DA000000108714,1,LOS DEMAS EN: 01 VEHICULO USADO MARCA: FORD ; MODELO: F-150 SUPERCAB 4.6L V8 TRITON ; ANO: 2002 ; COLOR: GRIS ; CHASIS: 1FTRX17W72NB39857
FOTON,FOTON,TUNLAND V7 CON,TUNLAND V7,HEV,1,1,2026-03,2026-03,26DA000000107815,1,01)UNA UNIDAD CAMIONETA DOBLE CABINA MARCA: FOTON MODELO:TUNLAND V7 CON MOTOR HIBRIDO TRANSMISION AUTOMATICA 4X4 ANIO FABRICACION 2025 MODELO ANIO 2026 CON SUS ACCESORIOS CORRESPONDIENTES
INDUMAR,INDUMAR,2026,(sin modelo),ICE,1,1,2026-03,2026-03,26DA000000139621,3,"CAZAMBA STANDART PADRAO PARA CAMION, TAMANHO 6000X2410X1000 MM - PISO 6,35 MM SERIE: SCHCW10213,T00584. MARCA: INDUMAR, MODELO: 2026, ANO:2026 COLOR BLANCO"
FORD,FORD,(sin modelo),F250 XLT LARIAT,ICE,1,1,2026-03,2026-03,26DA000000143178,1,"UNA UNIDAD DE VEHICULO USADO MARCA FORD F250 XLT LARIAT, ANO 1987, COLOR GRIS.-"
HUMMER,HUMMER,(sin modelo),H2 SUT,ICE,1,1,2026-03,2026-03,26DA000000143736,1,"UNA UNIDAD DE VEHICULO USADO MARCA HUMMER H2 SUT, ANO 2005, COLOR BEIGE.-"
KIA,KIA,(sin modelo),PRIDE ALIO,ICE,1,1,2026-04,2026-04,26DA000000167971,1,01) UN AUTOMOVIL USADO MARCA. KIA MODELO. PRIDE ALIO. 2016 MOVIDO A GASOLINA
TOYOTA,TOYOTA,(sin modelo),CROWN ROYAL SALOOM,ICE,1,1,2026-04,2026-04,26DA000000163671,1,UNA UNIDAD DE VEHICULO USADO TOYOTA CROWN ROYAL SALOOM AO 2009
SUBARU,SUBARU,IMPREZA WRX STI LIMITED 2,IMPREZA WRX STI LIMITED,ICE,1,1,2026-04,2026-04,26DA000000171806,1,UNA UNIDAD AUTOMOVIL USADO MARCA: SUBARU MODELO: IMPREZA WRX STI LIMITED 2.0 TURBO MT GDB AO: 2002.
BMW,BMW,(sin modelo),Z4 VERSION M,ICE,1,1,2026-04,2026-04,26DA000000171373,1,CON UNA UNIDAD DE VEHICULO USADO BMW ANO 2007 Z4 VERSION M
CHEVROLET,CHEVROLET,(sin modelo),ONIX HB PREMIER,ICE,1,1,2026-04,2026-04,26DA000000187765,9,CHEVROLET ONIX HB PREMIER 1.0 TB AT
LATAMMO,LATAMMO,(sin modelo),S2 SEAGULL,BEV,1,1,2026-04,2026-04,26DA000000178932,2,"VEHICULOS AUTOMOVILES PARA EL TRANSPORTE DE PERSONAS , MARCA: LATAMMO MOD.: S2 SEAGULL , ELECTRICO"
LATAMMO,LATAMMO,(sin modelo),M1MIKA,BEV,1,1,2026-04,2026-04,26DA000000178932,1,VEHICULOS AUTOMOVILES PARA EL TRANSPORTE DE PERSONAS . MARCA : LATAMMO MOD.: M1MIKA ELECTRICO
AUDI,AUDI,A3 SEDAN 1,A3 SEDAN,ICE,1,1,2026-04,2026-04,26DA000000183365,1,"1 (UNA) UNIDAD DE AUTOMOVIL MARCA AUDI, MODELO A3 SEDAN 1.4 TFSI, CHASIS WAUZZZGY2TA064632"
SUZUKI,SUZUKI,(sin modelo),HUSTLER,ICE,1,1,2026-04,2026-04,26DA000000184755,1,"UNA UNIDAD DE STATION WAGON USADO, MARCA:SUZUKI MODELO:HUSTLER A¿O:2014.-"
LAND ROVER,LAND ROVER,SPORT 2,SPORT,ICE,1,1,2026-04,2026-04,26DA000000191878,1,"UNA UNIDAD DE STATION WAGON USADO MARCA LAND ROVER MODELO SPORT 2,7 A/O 2005 COLOR BORDO.-"
BMW,BMW,(sin modelo),4 SERIES 420I,ICE,1,1,2026-04,2026-04,26DA000000196806,1,"1 UNID. AUTOMOVIL MARCA BMW, MOD, 4 SERIES 420I, MOD, ANHO 2015."
BMW,BMW,(sin modelo),3 SERIES 320D,ICE,1,1,2026-04,2026-04,26DA000000196806,2,"1 UNID. AUTOMOVIL MARCA BMW, MOD. 3 SERIES 320D, MOD. ANHO 2014."
TOYOTA,TOYOTA,(sin modelo),VTIZ,ICE,1,1,2026-04,2026-04,26DA000000197456,1,01) VEHICULO AUTOMOVIL MARCA TOYOTA MOD. VTIZ ANO 2011 COLOR BLANCO CHASIS NUMERO NSP135-2008576
DODGE,DODGE,(sin modelo),CHALLENGER AHNO,ICE,1,1,2026-04,2026-04,26DA000000198962,1,1 UNID. AUTOMOVIL MARCA DODGE MOD. CHALLENGER AHNO 2017.
KIA,KIA,(sin modelo),STINGER,ICE,1,1,2026-04,2026-04,26DA000000189800,1,UNA UNIDAD DE VEHICULO USADO KIA STINGER AO 2019
DODGE,DODGE,(sin modelo),CHARGE,ICE,1,1,2026-04,2026-04,26DA000000197075,1,"LOS DEM?S: EN 01 UNIDAD DE VEHICULO AUTOMOVIL MODELO;CHARGE,ANO;2020,NRO DE SERIE;2C3CDXCT7LH216481,NRO DE CHASIS;2C3CDXCT7LH216481,COLOR ROJO.-"
PORSCHE,PORSCHE,(sin modelo),911 T,ICE,1,1,2026-04,2026-04,26DA000000197533,1,"01 UNIDAD DE AUTOMOVIL USADO PORSCHE 911 T, ANO 1995, COLOR VERDE, CHASSI NRO. WP0ZZZ99ZTS370119 PARA RESTAURACION.-"
FERRARI,FERRARI,(sin modelo),F355 BERLINETA,ICE,1,1,2026-04,2026-04,26DA000000197533,2,"01 UNIDAD DE AUTOMOVIL FERRARI F355 BERLINETA, ANO 1994, COLOR PLATEADO, CHASSI NRO. ZFFPA41B0001514 PARA RESTAURACION.-"
ICAUR,ICAUR,03T COMFORT 1,03T COMFORT,PHEV,1,1,2026-04,2026-04,26DA000000197552,70,VEHICULO CON CAPACIDAD DE TRANSPORTE DE PERSONAS EN: 01-UN AUTOMOVIL MARCA ICAUR MODELO 03T COMFORT 1.5L T A/T G 2WD REEV (RANGO EXTENDIDO) AO DE FABRICACION 2026 MODELO AO 2027 CON SUS ACCESORIOS NOR
HONDA,HONDA,(sin modelo),Z600,ICE,1,1,2026-04,2026-04,26DA000000188819,1,UNA UNIDAD VEHICULO USADO HONDA Z600 AO: 1974.-
OPEL,OPEL,MERIVA 1,MERIVA,ICE,1,1,2026-04,2026-04,26DA000000207033,1,1 UNA UNIDAD STATION WAGON USADO MARCA OPEL MODELO MERIVA 1.4 COLOR GRIS A¿O 2006
MERCEDES-BENZ,MERCEDES-BENZ,(sin modelo),63 COUPE SE PERFORMANCE,PHEV,1,1,2026-04,2026-04,26DA000000213622,1,"1.-UNID. MERCEDES BENZ SERIE AMG GT, NUEVO ANO 2026, MOD. 63 COUPE SE PERFORMANCE"
KIA,KIA,(sin modelo),K7,ICE,1,1,2026-04,2026-04,26DA000000208672,5,UNA UNIDAD DE VEHICULO USADO KIA K7 AO 2010
KIA,KIA,2026,SONET,ICE,1,1,2026-04,2026-04,26DA000000212467,1,"1.-UNA UNIDAD VEHICULO MARCA: KIA, MODELO: SONET (QYC) EX 1.5G A/T FULL, ANIO DE FABRICACION 2025, ANIO MODELO 2026 CON SUS ACCESORIOS CORRESPONDIENTES."
MITSUBISHI,MITSUBISHI,CANTER 1,CANTER,ICE,1,1,2026-04,2026-04,26DA000000170560,3,UN CAMION USADO MARCA MITSUBISHI MODELO CANTER 1.995.-
KUBOTA,KUBOTA,(sin modelo),RC20,ICE,1,1,2026-04,2026-04,26DA000000180774,2,LOS DEM?S; EN 01 UNIDAD DE TRANSPORTADOR SOBRE ORUGAS MODELO; RC20; TIPO MAQUINA COMPACTA; NRO DE SERIE; RC20-10515; MOTOR; ZB500C-1K-001566.-
MERCEDES-BENZ,MERCEDES-BENZ,(sin modelo),916,ICE,1,1,2026-04,2026-04,26DA000000192778,1,"CAMION ,MARCA MERCEDES BENZ, MOD. 916, CHASSIS WDB9702351L183400, ANO 2006"
MERCEDES-BENZ,MERCEDES-BENZ,(sin modelo),824,ICE,1,1,2026-04,2026-04,26DA000000192781,1,"CAMION, MARCA MERCEDES BENZ, MOD. 824, CHASSIS WDB9702251L298344, ANO 2008"
SCANIA,SCANIA,(sin modelo),114C-380,ICE,1,1,2026-04,2026-04,26DA000000210587,1,"LOS DEMAS; EN: 1 UNIDAD CAMION VOLQUETE SCANIA, USADO: MODELO: 114C-380; COLOR: AZUL; AO: 2006; CHASIS NRO: 9BSP8X40073594143"
LEXUS,LEXUS,(sin modelo),LX500,ICE,1,1,2026-05,2026-05,26DA000000218463,1,01 UN. VEHICULO DE LA MARCA LEXUS LX500.
PORSCHE,PORSCHE,(sin modelo),BOXSTER 981,ICE,1,1,2026-05,2026-05,26DA000000224196,2,UNA UNIDAD AUTOMOVIL USADO MARCA: PORSCHE BOXSTER 981 AO: 2013
MASERATI,MASERATI,(sin modelo),GRECALE FOLGORE MY25,BEV,1,1,2026-05,2026-05,26DA000000225830,1,"UNA UNIDAD VEHICULO, MARCA: MASERATI , MOD.: GRECALE FOLGORE MY25, SUV ,ELECTRICO AT AWD CON SUS ACCESORIOS ."
TOYOTA,TOYOTA,(sin modelo),TACOMA LIMITED,HEV,1,1,2026-05,2026-05,26DA000000243150,1,UNA UNIDAD VEHICULO 0KM TOYOTA TACOMA LIMITED AO: 2026.-
RENAULT,RENAULT,(sin modelo),KANGO,ICE,1,1,2026-05,2026-05,26DA000000237480,1,RENAULT KANGO 2018 CHASIS NRO: VF1FW51J159939726
BMW,BMW,(sin modelo),840 CI,ICE,1,1,2026-05,2026-05,26DA000000236216,1,UNA UNIDAD VEHICULO USADO BMW 840 CI AO:1995
ACURA,ACURA,(sin modelo),NSX,ICE,1,1,2026-05,2026-05,26DA000000241660,1,"1 UNIDAD DE VEHICULO ACURA NSX ANO 1991, COLOR NEGRO, CHASIS NRO. JH4NA1156MT000851"
NISSAN,NISSAN,(sin modelo),180SX RPS13-005135,ICE,1,1,2026-05,2026-05,26DA000000241661,1,1 UNIDAD DE VEHICULO NISSAN 180SX RPS13-005135 YEAR: 1991
TOYOTA,TOYOTA,ALLEX A O 2,ALLEX A O,ICE,1,1,2026-05,2026-05,26DA000000237200,6,"01) UNA UNIDAD DE AUTOMOVIL USADO MARCA TOYOTA MODELO ALLEX A O 2.003 NAFTERO CON CHASIS NRO: NZE121-5053231, COLOR PERLA.-"
POLARIS,POLARIS,(sin modelo),SPORTMAN 570,ICE,1,1,2026-05,2026-05,26DA000000259720,1,CUACICLON POLARIS SPORTMAN 570
BMW,BMW,(sin modelo),X6M,ICE,1,1,2026-05,2026-05,26DA000000247111,1,01) UNID. DE VEHICULO SUV BMW X6M . - COLOR AZUL; - ANO 2023 ; - AUTOMATICO
MERCEDES-BENZ,MERCEDES-BENZ,(sin modelo),C200 MODEL,ICE,1,1,2026-05,2026-05,26DA000000249627,3,"LOS DEMAS, EN: (1) UNIDAD DE MERCEDES C200 MODEL: MY2024 USED COLOR: WHITE VIN: W1KAF4CB8RR193049"
MERCEDES-BENZ,MERCEDES-BENZ,(sin modelo),GLS450 MODEL,ICE,1,1,2026-05,2026-05,26DA000000249627,2,"LOS DEMAS, EN: (1) UNIDAD DE MERCEDES GLS450 MODEL: 2019 USED COLOR: GRAY 4JGDF6EE5KB198424"
MERCEDES-BENZ,MERCEDES-BENZ,(sin modelo),MDELO AMG GT 63,PHEV,1,1,2026-05,2026-05,26DA000000251300,1,VEHICULO CON CAPACIDAD DE TRANSPORTE DE PERSONS EN: 01-UN AUTOMOVIL MARCA MERCEDES-BENZ MDELO AMG GT 63 SE PERFORMANCE AO DE FABRICACION 2026 MODELO AO 2026 CON SUS ACCESORIOS NORMALES.
TOYOTA,TOYOTA,(sin modelo),LAN CRUISER,ICE,1,1,2026-05,2026-05,26DA000000249016,1,01 UNA UNIDAD DE CAMIONETA MARCA TOYOTA LAN CRUISER COLOR BLANCO
HYUNDAI,HYUNDAI,ALL NEW TUCSONANIO,ALL NEW TUCSON,HEV,1,1,2026-05,2026-05,26DA000000263135,57,01 UNA UNIDAD VEHICULO STWAGON CON MOTOR HIBRIDO TRANSMISION AUTOMATICA 4X2 GLS MARCA HYUNDAI MODELO ALL NEW TUCSONANIO FABRICACION 2026 MODELO ANIO 2027 CON SUS ACCESORIOS CORRESPONDIENTES
TOYOTA,TOYOTA,(sin modelo),VIT,ICE,1,1,2026-05,2026-05,26DA000000265136,7,1)UNA UNIDAD DE VEHICULO USADO TOYOTA VIT AO 2008
MINI,MINI,(sin modelo),COOPER D COUNTRYMAN,ICE,1,1,2026-05,2026-05,26DA000000272804,8,"UNA UNIDAD DE AUTOMOVIL USADO, MARCA:MINI MODELO:COOPER D COUNTRYMAN A¿O:2013.-"
TOYOTA,TOYOTA,(sin modelo),CROWN ROYAL SALOON,HEV,1,1,2026-05,2026-05,26DA000000261813,8,UNA UNIDAD DE VEHICULO USADO TOYOTA CROWN ROYAL SALOON AO 2013
TOYOTA,TOYOTA,(sin modelo),MODELMO PREMIO,ICE,1,1,2026-05,2026-05,26DA000000271335,4,UN AUTOMOVIL USADO MARCA TOYOTA MODELMO PREMIO ANIO 2002
SCANIA,SCANIA,(sin modelo),124/420,ICE,1,1,2026-05,2026-05,26DA000000231202,2,1 UNA UNIDAD CAMION USADO MARCA SCANIA MODELO 124/420 A¿O 2003 COLOR ROJO
SCANIA,SCANIA,(sin modelo),P94/260,ICE,1,1,2026-05,2026-05,26DA000000231202,1,1 UNA UNIDAD CAMION USADO MARCA SCANIA MODELO P94/260 A¿O 1999 COLOR AZUL
MERCEDES-BENZ,MERCEDES-BENZ,(sin modelo),SPRINTER 315 STR F33A,ICE,1,1,2026-05,2026-05,26DA000000220867,28,MERCEDES BENZ SPRINTER 315 STR F33A
FORD,FORD,(sin modelo),F-150 XL,ICE,1,1,2026-05,2026-05,26DA000000228682,6,"CAMIONETA FORD F-150 XL 2020 BLANCO 2.7 STX 1FTEW1CP4LK, USADO SIN ARRANQUE"
SCANIA,SCANIA,(sin modelo),P94/230,ICE,1,1,2026-05,2026-05,26DA000000236768,3,1 UNA UNIDAD CAMION USADO MARCA SCANIA MODELO P94/230 A¿O 2001 COLOR BLANCO
SCANIA,SCANIA,(sin modelo),166K,ICE,1,1,2026-05,2026-05,26DA000000232784,1,"CAMION SCANIA R340 LB6X2 ANO 2009, CON 398983 KM,CON GRUA HIAB TIPO 166K SERIAL 90446 ANO 2009, USADOS CON SUS ACCESORIOS CORRESPONDIENTES"
CHEVROLET,CHEVROLET,(sin modelo),MONTANA RS 12,ICE,1,1,2026-05,2026-05,26DA000000245964,3,CAMIONETA DE CARGA PICK UP CHEVROLET MONTANA RS 12 AT
CHEVROLET,CHEVROLET,(sin modelo),MONTANA LT 12,ICE,1,1,2026-05,2026-05,26DA000000245964,1,CAMIONETA DE CARGA CHEVROLET MONTANA LT 12 MEC
CHEVROLET,CHEVROLET,(sin modelo),MONTANA LTZ 12,ICE,1,1,2026-05,2026-05,26DA000000245964,2,CAMIONETA DE CARGA PICK UP CHEVROLET MONTANA LTZ 12 AT
TOYOTA,TOYOTA,(sin modelo),TACOMA TRD,ICE,1,1,2026-05,2026-05,26DA000000237863,1,UNA UNIDAD VEHICULO 0KM TOYOTA TACOMA TRD AO: 2026
CHEVROLET,CHEVROLET,(sin modelo),S10 CD Z71 28,ICE,1,1,2026-05,2026-05,26DA000000261757,6,CAMIONETA NEW S10 CD Z71 28 4X4 AT CON SUS ACCESORIOS CORRESPONDIENTES
FERRARI,FERRARI,(sin modelo),296 GTS,PHEV,1,1,2026-06,2026-06,26DA000000287519,1,"1.- UNIDAD FERRARI 296 GTS, DESCAPOTABLE H¿BRIDO ENCHUFABLE. COMBINA UN MOTOR V6 BITURBO CON UN MOTOR EL¿CTRICO, ANO 2025"
TOYOTA,TOYOTA,FUNCARGO 2,FUNCARGO,ICE,1,1,2026-06,2026-06,26DA000000289326,9,ST. WAGON USADO MARCA TOYOTA MODELO FUNCARGO 2.002 NAFTERO
MCLAREN,MCLAREN,(sin modelo),MP4-12C COUPE 8 CYLINDRADAS,ICE,1,1,2026-06,2026-06,26DA000000303422,1,LOS DEMAS EN 1 UNIDAD AUTOMOVIL 2012 MCLAREN MP4-12C COUPE 8 CYLINDRADAS VIN SBM11AAA3CW000646
TOYOTA,TOYOTA,(sin modelo),PREMION,ICE,1,1,2026-06,2026-06,26DA000000302041,10,1)UNA UNIDAD DE VEHICULO USADO TOYOTA PREMION AO 2004
MERCEDES-BENZ,MERCEDES-BENZ,(sin modelo),C200 D,ICE,1,1,2026-06,2026-06,26DA000000299570,3,1)UNA UNIDAD DE VEHICULO USADO MERCEDES BENZ C200 D AO 2018
MAZDA,MAZDA,(sin modelo),CX 5,ICE,1,1,2026-06,2026-06,26DA000000294402,10,UNA UNIDAD DE VEHICULO USADO MAZDA CX 5 AO 2013
CHEVROLET,CHEVROLET,(sin modelo),CORVETTE COUPE ZR1,ICE,1,1,2026-06,2026-06,26DA000000308519,6,1 UNIDAD DE VEHICULO CHEVROLET CORVETTE COUPE ZR1 ANO 1990 COLOR NEGRO 5733 CC CHASIS NRO 1G1YZ23JXL5801463
TOYOTA,TOYOTA,(sin modelo),MODEL,ICE,1,1,2026-06,2026-06,26DA000000299691,11,"1- UNA UNIDAD DE STATION WAGON USADO DE LA MARCA TOYOTA MODEL,O WISH AO 2009"
TESLA,TESLA,Model Y,MODEL Y LONG RANGE AWD,BEV,1,1,2026-06,2026-06,26DA000000314494,1,1 UNIDAD DE AUTOMOVIL TESLA MODEL Y LONG RANGE AWD COLOR NEGRO DIAMANTE ANO 2026
DODGE,DODGE,(sin modelo),DART,ICE,1,1,2026-06,2026-06,26DA000000327013,1,LOS DEMAS EN: 1 UNIDAD DE 2016 DODGE DART
BMW,BMW,(sin modelo),X7 M50I,ICE,1,1,2026-06,2026-06,26DA000000329123,1,UNA UNIDAD VEHICULO USADO BMW X7 M50I AO: 2021.-
BMW,BMW,(sin modelo),M8 COMPETITION,ICE,1,1,2026-06,2026-06,26DA000000329123,2,UNA UNIDAD VEHICULO USADO BMW M8 COMPETITION AO: 2019
FORD,FORD,(sin modelo),MUSTANG GT CHOCADO,ICE,1,1,2026-06,2026-06,26DA000000330274,1,"01 UNIDAD DE VEHICULO USADO CHOCADO, FORD MUSTANG GT CHOCADO, AO 2013, COLOR AZUL, CHASSI (VIN) NRO. 1ZVBP8CF7D5266222.-"
DELOREAN,DELOREAN,(sin modelo),DMC-12M,ICE,1,1,2026-06,2026-06,26DA000000327308,2,"01 UNIDAD DE VEHICULO USADO, DELOREAN DMC-12M AO 1981, CHASSI (VIN) NRO. SCEDT26TXBD002426."
LEXUS,LEXUS,(sin modelo),LX600D,ICE,1,1,2026-06,2026-06,26DA000000327751,1,SUV DE LA MARCA LEXUS LX600D DIESEL DE 3.5L FJA310L-GKULYV ANO DE FABRICACION 2026 MODELO ANO 2027 CON SUS ACCESORIOS CORRESPONDIENTES
CHEVROLET,CHEVROLET,(sin modelo),CRUZE LIMITED,ICE,1,1,2026-06,2026-06,26DA000000326445,1,LOS DEMAS EN; 1 UNIDAD DE 2016 CHEVROLET CRUZE LIMITED
IVECO,IVECO,(sin modelo),DAILY 35-180 CS HI,ICE,1,1,2026-06,2026-06,26DA000000277483,1,"01) UNIDAD DE CAMION, DAILY 35-180 CS HI MATIC EE 3750, ANIO DE FABRICACION 2.026, CON SUS ACCESORIOS CORRESPONDIENTES.-"
MITSUBISHI,MITSUBISHI,(sin modelo),MINI,ICE,1,1,2026-06,2026-06,26DA000000282805,10,UNA UNIDAD DE VEHICULO USADO MITSUBISHI MINI TRUCK AO 1998
CHEVROLET,CHEVROLET,(sin modelo),SILVERADO 2500HD,ICE,1,1,2026-06,2026-06,26DA000000290848,1,DE PESO TOTAL CON CARGA MAXIMA INFERIOR O IGUAL A 5TM EN. 1 UNIDAD CAMIONETA USADA MARCA CHEVROLET MOD. SILVERADO 2500HD ANO 2007
SSANGYONG,KGM,ACTYON,ACTYON,ICE,1,1,2026-06,2026-06,26DA000000290605,8,"1 UND CAMIONETA MODELO ACTYON ANHO 2010 COLOR BLANCO, DOBLE CABINA 4X2"
MITSUBISHI,MITSUBISHI,CANTER GUTSANIO,CANTER GUTS,ICE,1,1,2026-06,2026-06,26DA000000303071,9,UNA UNIDAD DE CAMION CON CARROCERIA BARANDA BAJA USADO MARCA MITSUBISHI MODELO CANTER GUTSANIO 1997 CILINDRADA 2.800 CC.-
MITSUBISHI,MITSUBISHI,CANTER CUSTOMANIO,CANTER CUSTOM,ICE,1,1,2026-06,2026-06,26DA000000302859,2,UNA UNIDAD DE CAMION DOBLE CABINA CON CARROCERIA BARANDA BAJA USADO MARCA MITSUBISHI MODELO CANTER CUSTOMANIO 2002 CILINDRADA 2.800 CC.-
RAM,RAM,(sin modelo),3500 LARAMIE,ICE,1,1,2026-06,2026-06,26DA000000300928,2,UNA UNIDAD CAMIONETA DOBLE CABINA NUEVO RAM 3500 LARAMIE AO: 2026.-
FIAT,FIAT,FULLBACK DCAB 4WD 2,FULLBACK DCAB 4WD,ICE,1,1,2026-06,2026-06,26DA000000318494,1,1 UNIDAD VEHICULO USADO MARCA FIAT MODELO FULLBACK DCAB 4WD 2.4 AO 2018 COLOR ROJO
CHEVROLET,CHEVROLET,(sin modelo),CORVETTE ZR1,ICE,1,1,2026-07,2026-07,26DA000000330617,3,"01 UNIDAD DE VEHICULO USADO, CHEVROLET CORVETTE ZR1, AO 1990, COLOR ROJO, CHASSI (VIN) NRO. 1G1YZ23J0L5802573"
MAZDA,MAZDA,(sin modelo),MX-5 MIATA,ICE,1,1,2026-07,2026-07,26DA000000330617,4,"01 UNIDAD DE VEHICULO USADO, MAZDA MX-5 MIATA, AO 1994, COLOR ROJO, CHASSI (VIN) NRO. JM1NA3530R0517366"
CHEVROLET,CHEVROLET,(sin modelo),BEL AIR SW,ICE,1,1,2026-07,2026-07,26DA000000330617,1,"01 UNIDAD DE VEHICULO USADO, CHEVROLET BEL AIR SW, AO 1957, COLOR NEGRO, CHASSI (VIN) NRO. VC57T159077."
FORD,FORD,2026,MUSTANG GT COUPE,ICE,1,1,2026-07,2026-07,26DA000000334179,1,UNA UNIDAD AUTOMOVIL MARCA FORD MUSTANG GT COUPE 5.0L TI-VCT AO MODELO 2026
HONDA,HONDA,(sin modelo),CIVIC TYPE R,ICE,1,1,2026-07,2026-07,26DA000000336429,1,UNA UNIDAD DE VEHICULO USADO TOYOTA CIVIC TYPE R AO 2009
FERRARI,FERRARI,(sin modelo),PORTOFINO,ICE,1,1,2026-07,2026-07,26DA000000345437,2,01) UN AUTOMOVIL USADO MARCA: FERRARI MODELO. PORTOFINO AO 2020 MOVIDO A GASOLINA
FORD,FORD,TERRRITORY 1,TERRRITORY,ICE,1,1,2026-07,2026-07,26DA000000333579,1,UNA UNIDAD STATION WAGON MARCA FORD MODELO TERRRITORY 1.5L 2W AT TITANIUM PLUS AO MODELO 2026
DODGE,DODGE,(sin modelo),R/T SCAT PACK SWINGER,ICE,1,1,2026-07,2026-07,26DA000000351716,1,"LOS DEMAS EN: 01) UNIDAD DE AUTOMOVIL USADO, MARCA DODGE CHARGER R/T SCAT PACK SWINGER LAST CALL EDITION ANHO 2023 COLOR BLANCO."
TOYOTA,TOYOTA,(sin modelo),VELLFIRE GASOLINE,ICE,1,1,2026-07,2026-07,26DA000000354540,2,"VEHICULO USADO. 1 UNIDAD TOYOTA VELLFIRE GASOLINE 2,360 CC CH NO, ANH25-8021301 EG NO. 2AZ-C878917"
HONDA,HONDA,(sin modelo),RINCON 680 SERIE,ICE,1,1,2026-07,2026-07,26DA000000375831,11,CUATRICICLO 2006 HONDA RINCON 680 SERIE NRO 1HFTE334964100281 USADA
PORSCHE,PORSCHE,2018,MACAN,ICE,1,1,2026-07,2026-07,26DA000000371988,1,AUTOMOVILES DE TURISMO Y DEMAS VEHICULOS.DE CILINDRADA SUPERIOR A 1.500 CM3 PERO INFERIOR O IGUAL A 3.000 CM3.CRI.TEC.LEG.:R.G.I.1Y6.SE TRATA DE: 1 UNID. PORSCHE MACAN (BASE) 2.0L ANHO MODELO 2018
TOYOTA,TOYOTA,2026,GR YARIS RALLY 2,ICE,1,1,2026-07,2026-07,26DA000000367866,1,AUTOMOVIL DE LA MARCA TOYOTA GR YARIS RALLY 2 4X4 TURBO 1618C.C ANO 2026 MODELO 2026 CON SUS ACCESORIOS CORRESPONDIENTES
TOYOTA,TOYOTA,(sin modelo),COROLLLA RUNX,ICE,1,1,2026-07,2026-07,26DA000000362202,7,1)UNA UNIDAD DE VEHICULO USADO TOYOTA COROLLLA RUNX AO 2005
MERCEDES-BENZ,MERCEDES-BENZ,(sin modelo),C300 CONVERTIBLE,ICE,1,1,2026-07,2026-07,26DA000000361598,1,"UNA UNIDAD DE AUTOMOVIL USADO, 2019 MERCEDES BENZ C300 CONVERTIBLE, COLOR GRIS.-"
LOTUS,LOTUS,(sin modelo),ELISE,ICE,1,1,2026-07,2026-07,26DA000000382722,1,1)UNA UNIDAD DE VEHICULO USADO LOTUS ELISE AO 2008
MAZDA,MAZDA,(sin modelo),ROADSTER MIATA,ICE,1,1,2026-07,2026-07,26DA000000390932,2,01) UNA UNIDAD AUTOMOVIL MAZDA ROADSTER MIATA 2015
JEEP,JEEP,(sin modelo),WRANGLER UNLIMITED SPORT-ANO 2020-COLOR,ICE,1,1,2026-07,2026-07,26DA000000389309,1,UN VEHICULO USADO STATION WAGON JEEP WRANGLER UNLIMITED SPORT-ANO 2020-COLOR BLANCO
JEEP,JEEP,2025,GRAND CHEROKEE LAREDO,ICE,1,1,2026-07,2026-07,26DA000000393819,1,"LOS DEMAS EN 1 UNIDAD CAMIONETA DE LA MARCA JEEP, TIPO GRAND CHEROKEE LAREDO, COLOR ; NEGRO , AO DE FABRICACION Y MODELO 2025, VIN 1C4RJHAG1S8643976, CON VISIBLES RASTROS DE CHOQUE."
IVECO,IVECO,(sin modelo),TECTOR 27-300,ICE,1,1,2026-07,2026-07,26DA000000335550,1,"CHASIS CON MOTOR Y CABINA EN: 01 UNIDAD CAMION. TECTOR 27-300 , ANIO DE FABRICACION 2026 CON SUS ACCESORIOS CORRESPONDIENTES.-"
CHEVROLET,CHEVROLET,(sin modelo),MONTANA CD PREMIER,ICE,1,1,2026-07,2026-07,26DA000000342632,7,STATION WAGON MONTANA CD PREMIER 1.2 TB AT CON SUS ACCESORIOS CORRESPONDIENTES
CHEVROLET,CHEVROLET,(sin modelo),NOVA MONTANA LT,ICE,1,1,2026-07,2026-07,26DA000000363276,6,CAMIONETA DE CARGA PICK UP CHEVROLET NOVA MONTANA LT 1.0 FLEX TURBO AT
TOYOTA,TOYOTA,VITZAO 2,VITZAO,ICE,1,1,2026-08,2026-08,26DA000000402361,6,UN AUTOMOVIL USADO MARCA TOYOTA MODELO VITZAO 2.007.-
TOYOTA,TOYOTA,(sin modelo),PREVIA,ICE,1,1,2026-08,2026-08,26DA000000397520,2,"FURGONETA , TOYOTA, PREVIA , 1995, COLOR VERDE"
FORD,FORD,(sin modelo),MUSTANG ECOBOOST BLACK,ICE,1,1,2026-08,2026-08,26DA000000398940,1,SE TRATA DE 1 (UNA) UNIDAD DE FORD MUSTANG ECOBOOST BLACK
TOYOTA,TOYOTA,LC300 GR SPORT V6 3,LC300 GR SPORT V6,ICE,1,1,2026-08,2026-08,26DA000000420209,2,1) UND CAMIONETA NUEVA TOYOTA MOD: LC300 GR SPORT V6 3.3L DIESEL 7 SEAT AT N. DE CHASIS: JTMAA7BJ5T4134726 COLOR: NEGRO AO: 2026
KIA,KIA,(sin modelo),K5 AIO,ICE,1,1,2026-08,2026-08,26DA000000428957,5,01) UN AUTOMOVIL USADO MARCA: KIA MODELO. K5 AIO 2011 MNOVIDO A GASOLINA
TOYOTA,TOYOTA,(sin modelo),ALLION AOI,ICE,1,1,2026-08,2026-08,26DA000000428957,7,01) UN AUTOMOVIL USADO MARCA: TOYOTA MODELO. ALLION AOI 2004 MOVIDO A GASOLINA
MERCEDES-BENZ,MERCEDES-BENZ,(sin modelo),CLASE E,ICE,1,1,2026-08,2026-08,26DA000000432845,1,"1 UNID. AUTOMOVIL MARCA MERCEDES BENZ, MOD. CLASE E, MOD. ANHO 2012."
MASERATI,MASERATI,(sin modelo),350 GT,ICE,1,1,2026-08,2026-08,26DA000000428997,2,"01 UNIDAD DE VEHICULO USADO, MASERATI 350 GT, AO 1962, COLOR GRIS, CHASSI (VIN) NRO. 1012118"
MERCEDES-BENZ,MERCEDES-BENZ,(sin modelo),600 GROSSER,ICE,1,1,2026-08,2026-08,26DA000000428997,3,"01 UNIDAD DE VEHICULO USADO, MERCEDES BENZ 600 GROSSER, AO 1969, COLOR NEGRO, CHASSI (VIN) NRO. 10001212001294."
TOYOTA,TOYOTA,(sin modelo),FUNCARGOI,ICE,1,1,2026-08,2026-08,26DA000000431504,7,"UNA UNIDAD DE STATION WAGON USADO, MARCA:TOYOTA MODELO:FUNCARGOI A¿O:2004.-"
JAECOO,JAECOO,(sin modelo),7 SHS PATAGONIA,HEV,1,1,2026-08,2026-08,26DA000000434032,2,VEHICULO DE LA MARCA JAECOO MODELO 7 SHS PATAGONIA ( MOTOR ELECTRICO/NAFTA ) HIBRIDO A¿O DE FABRICACION 2026 MODELO A¿O 2026 CON SUS ACCESORIOS CORRESPONDIENTES.-
MERCEDES-BENZ,MERCEDES-BENZ,(sin modelo),AMG G CLASS,ICE,1,1,2026-08,2026-08,26DA000000434054,1,LOS DEMAS EN UNA UNIDAD VEHICULO MERCEDES BENZ AMG G CLASS 2015
CHEVROLET,CHEVROLET,(sin modelo),CORVETTE CONVERTIBLE,ICE,1,1,2026-08,2026-08,26DA000000436565,6,"01 UNIDAD DE VEHICULO USADO, CHEVROLET CORVETTE CONVERTIBLE, AO 1992, COLOR VERDE, CHASSI (VIN) NRO. 1G1YY33P8N5104213"
JEEP,JEEP,(sin modelo),GRAND WAGONNER,ICE,1,1,2026-08,2026-08,26DA000000436565,5,"01 UNIDAD DE VEHICULO USADO, JEEP GRAND WAGONNER, AO 1985, COLOR AZUL, CHASSI (VIN) NRO. 1JCNJ15N9FT016507"
FORD,FORD,(sin modelo),MUSTANG COUPE,ICE,1,1,2026-08,2026-08,26DA000000436566,1,"01 UNIDAD DE AUTOMOVIL USADO FORD MUSTANG COUPE, AO 1966, NEGRO, CHASSI (VIN) NRO. 6T07C195085"
MAZDA,MAZDA,(sin modelo),CX-5 5WGN,ICE,1,1,2026-08,2026-08,26DA000000438216,1,"1 UNID. VEHICULO MARCA MAZDA MODELO CX-5 5WGN (CE2000) 6EAT 4X2 HIGH, ANIO DE FAB. 2025, MOD. ANIO 2026, C/ACC. NORMALES Y OPCIONALES"
VOLKSWAGEN,VOLKSWAGEN,(sin modelo),SAFARI,ICE,1,1,2026-08,2026-08,26DA000000443298,1,UNA UNIDAD DE AUTOMOVIL MARCA VOLKSWAGEN MODELO SAFARI A¿O 1974 COLOR NARANJA
MITSUBISHI,MITSUBISHI,(sin modelo),DELICA D5 A/O,ICE,1,1,2026-08,2026-08,26DA000000456992,1,UNA UNIDAD DE VEHICULO STATION WAGON MARCA MITSUBISHI DELICA D5 A/O 2015 CHASIS NRO CV1W-0913592 COLOR PLATEADO AUTOMATICO DIESEL
FORD,FORD,(sin modelo),F150 SVT LIGTNING,ICE,1,1,2026-08,2026-08,26DA000000404882,1,"01 UNIDAD DE VEHICULO USADO, FORD F150 SVT LIGTNING, COLOR PLATEADO, AO 2001, CHASSI (VIN) NRO. 2FTZF07381CA96881"
SCANIA,SCANIA,(sin modelo),G440,ICE,1,1,2026-08,2026-08,26DA000000405328,1,1 UNIDAD DE TRACTOR DE CARRETERA CAMION SCANIA G440 USADO COLOR BLANCO A¿O 2014 CHASIS NR. YS2G6X40005338444.-
DODGE,DODGE,(sin modelo),RAM 2500 BLT,ICE,1,1,2026-08,2026-08,26DA000000396655,1,CAMIONETA DODGE RAM 2500 BLT DOBLE CABINA MODELO ANO 2011
RAM,RAM,(sin modelo),3500 LIMITED LONGHORN EDITION,ICE,1,1,2026-08,2026-08,26DA000000407826,1,"1)UNA UNIDAD DE VEHICULO NUEVO MARCA RAM 3500 LIMITED LONGHORN EDITION AO 2026, TURBO DIESEL 4X4.-"
FORD,FORD,F-150 REGULAR CAB 5,F-150 REGULAR CAB,ICE,1,1,2026-08,2026-08,26DA000000400196,1,LOS DEMAS EN: 01 VEHICULO USADO MARCA: FORD ; MODELO: F-150 REGULAR CAB 5.0L V8 4WD ; ANO: 1991 ; COLOR: GRIS ; CHASIS: 1FTEF14N9MPA57164
CHEVROLET,CHEVROLET,(sin modelo),MONTANA PREMIER,ICE,1,1,2026-08,2026-08,26DA000000419188,1,"CAMIONETA MONTANA PREMIER 1.2 AT CHEVROLET, CON SUS ACCESORIOS CORRESPONDIENTES"
FOTON,FOTON,TUNLAND V9 ULTIMATE CON,TUNLAND V9 ULTIMATE,ICE,1,1,2026-08,2026-08,26DA000000429716,1,"01) UNA UNIDAD CAMIONETA DOBLE CABINA MARCA: FOTON, MODELO TUNLAND V9 ULTIMATE CON MOTOR DIESEL, TRANSMISION AUTOMATICA 4X4, ANIO FABRICACION:2026 MODELO ANIO 2026, CON SUS ACCESORIOS CORRESPONDIENTES"
GMC,GMC,(sin modelo),SIERRA 2500HD,ICE,1,1,2026-08,2026-08,26DA000000453646,2,CAMIONETA DOBLE CABINA MARCA GMC MOD. SIERRA 2500HD ANHO 2016 DIESEL 6.6L COLOR ROJO CHASIS NRO 1GT12SE80GF172917 USADA
JOHN DEERE,JOHN DEERE,(sin modelo),825E,ICE,1,1,2026-08,2026-08,26DA000000453646,3,VEHICULO UTILITARIO (UTV) DE LA MARCA JOHN DEERE MOD. 825E ANHO 2017 COLOR VERDE CHASIS NRO 1M0825GEEHM130923 USADO
GENESIS,GENESIS,(sin modelo),G80,ICE,1,1,2026-09,2026-09,26DA000000461235,2,"01 UNID. AUTOMOVIL, GENESIS G80 2026"
MERCEDES-BENZ,MERCEDES-BENZ,(sin modelo),CLA 250,ICE,1,1,2026-09,2026-09,26DA000000461235,1,"01 UNID. AUTOMOVIL, MERCEDEZ BENZ CLA 250 ANO 2021"
TOYOTA,TOYOTA,(sin modelo),RAV 4 HUBRIDO,HEV,1,1,2026-09,2026-09,26DA000000459741,2,UNA UNIDAD DE VEHICULO NUEVO TOYOTA RAV 4 HUBRIDO AO 2026
MITSUBISHI,MITSUBISHI,(sin modelo),ECLIPSE,ICE,1,1,2026-09,2026-09,26DA000000460407,5,"UNA UNIDAD DE AUTOMOVIL USADO, MARCA:MITSUBISHI MODELO:ECLIPSE A¿O:2009.-"
PEUGEOT,PEUGEOT,(sin modelo),207 CABRIOLET,ICE,1,1,2026-09,2026-09,26DA000000460407,3,"UNA UNIDAD DE AUTOMOVIL USADO, MARCA:PEUGEOT MODELO:207 CABRIOLET A¿O:2012.-"
VOLKSWAGEN,VOLKSWAGEN,(sin modelo),KARMANN GHIA,ICE,1,1,2026-09,2026-09,26DA000000464909,1,UNA UNIDAD DE AUTOMOVIL MARCA VOLKSWAGEN MODELO KARMANN GHIA A¿O 1965 CON TODAS SUS PARTES Y ACCEOSRIOS ADJUNTA FOTOGRAFIA DEL ESTADO EN QUE SE ENCUENTRA
MERCEDES-BENZ,MERCEDES-BENZ,(sin modelo),SL 450,ICE,1,1,2026-09,2026-09,26DA000000461540,1,1)UNA UNIDAD DE VEHICULO USADO MERCEDES BENZ SL 450 AO 2017
FORD,FORD,(sin modelo),FIESTA RALLY 3 EVO,ICE,1,1,2026-09,2026-09,26DA000000464604,1,VEHICULO PARA COMPETICION FORD FIESTA RALLY 3 EVO 162 CHASIS WF0FXXGAHFNM99932 MOTOR RA3S06A
CHEVROLET,CHEVROLET,(sin modelo),ONIX SD LTZ,ICE,1,1,2026-09,2026-09,26DA000000459190,4,"ONIX SD LTZ 1.0 TB AT, CON SUS ACCESORIOS CORRESPONDIENTES"
TOYOTA,TOYOTA,2024,YARIS RALLY2,ICE,1,1,2026-09,2026-09,26DA000000461406,1,"(01) UNA UNIDAD DE VEHICULO SINIESTRADO MARCA TOYOTA MODELO YARIS RALLY2 (CHASIS: JTDAB4E350A900086, ANO DEL MODELO: 2024"
MAZDA,MAZDA,(sin modelo),CX3,ICE,1,1,2026-09,2026-09,26DA000000471324,11,UNA UNIDAD DE VEHICULO USADO MAZDA CX3 AO 2016
VOLKSWAGEN,VOLKSWAGEN,GOLF 2,GOLF,ICE,1,1,2026-09,2026-09,26DA000000459015,2,1 UNID. AUTOMOVIL USADO MARCA VOLKSWAGEN MODELO GOLF 2.0 GTI A/O 2025.-
TOYOTA,TOYOTA,(sin modelo),MOVE,ICE,1,1,2026-09,2026-09,26DA000000480405,5,"UNA UNIDAD DE STATION WAGON USADO, MARCA TOYOTA MODELO MOVE A¿O 2013.-"
SSANGYONG,KGM,(sin modelo),TIVOLI,ICE,1,1,2026-09,2026-09,26DA000000474634,5,"UNA UNIDAD DE STATION WAGON USADO, MARCA:SSANGYONG MODELO:TIVOLI A¿O:2017.-"
BMW,BMW,(sin modelo),420D,ICE,1,1,2026-09,2026-09,26DA000000474634,3,"UNA UNIDAD DE AUTOMOVIL USADO, MARCA:BMW MODELO:420D A¿O:2014.-"
TOYOTA,TOYOTA,(sin modelo),HIACE GRAND,ICE,1,1,2026-09,2026-09,26DA000000481222,10,UNA UNIDAD DE VEHICULO USADO TOYOTA HIACE GRAND AO 2001
TOYOTA,TOYOTA,(sin modelo),SOURER,ICE,1,1,2026-09,2026-09,26DA000000494266,10,UNA UNIDAD DE VEHICULO USADO TOYOTA SOURER AO 1996
LAMBORGHINI,LAMBORGHINI,(sin modelo),HURACAN COUPE,ICE,1,1,2026-09,2026-09,26DA000000498515,1,01) UNID. DE VEHICULO LAMBORGHINI HURACAN COUPE - ANO 2020 - COLOR LILA - CON CHASIS NRO. ZHWUF4ZF4LLA12776.
MERCEDES-BENZ,MERCEDES-BENZ,(sin modelo),C 200 KOMPRESSOR,ICE,1,1,2026-09,2026-09,26DA000000492932,2,UNA UNIDAD MERCEDES-BENZ C 200 KOMPRESSOR 2003
FORD,FORD,(sin modelo),MADELO MUSTANG,ICE,1,1,2026-09,2026-09,26DA000000497268,1,UNA UNIDAD DE AUTOMOVIL MARCA FORD MADELO MUSTANG COLOR PLATEADO ANIO 2014
SUBARU,SUBARU,(sin modelo),WRX LIMITID 6M,ICE,1,1,2026-09,2026-09,26DA000000501807,1,1 UNIDAD DE VEHICULO USADO MARCA SUBARU MODELO WRX LIMITID 6M A¿O 2022
TOYOTA,TOYOTA,(sin modelo),HIACE GRAND CABINE,ICE,1,1,2026-09,2026-09,26DA000000507263,1,UNA UNIDAD DE VEHICULO USADO TOYOTA HIACE GRAND CABINE AO 2003
CADILLAC,CADILLAC,(sin modelo),XT6 SPORT,ICE,1,1,2026-09,2026-09,26DA000000503240,2,1 UNIDAD CAMIONETA CADILLAC XT6 SPORT AWD 3.6L GASOLINA A/T COLOR NEGRO GRAFITO ANHO 2023 VIN NRO. 1GYKP9RS2PZ133789 MOTOR NRO.: YPZ133789
TOYOTA,TOYOTA,(sin modelo),PRADO PREMIUM,HEV,1,1,2026-09,2026-09,26DA000000504605,1,1) UNID. BRAND NEW TOYOTA PRADO PREMIUM HYBRID 2.4L AT MODEL YEAR: 2026
TOYOTA,TOYOTA,(sin modelo),GRAND HIGHLANDER PLATINUM,HEV,1,1,2026-09,2026-09,26DA000000504605,2,1)UNID. BRAND NEW TOYOTA GRAND HIGHLANDER PLATINUM HYBRID 2.4L AT
CADILLAC,CADILLAC,(sin modelo),ESCALADE ESV PLATINUM SPORT,ICE,1,1,2026-09,2026-09,26DA000000501990,1,UNA UNIDAD DE VEHICULO NUEVO CADILLAC ESCALADE ESV PLATINUM SPORT AO 2026
TOYOTA,TOYOTA,2009,ALLION,ICE,1,1,2026-09,2026-09,26DA000000506098,5,01 UNIDAD DE AUTOMOVIL USADO MARCA:TOYOTA MODELO.ALLION ANHO DE FAB. 2009 ANHO MOD 2009 COLOR NEGRO
CHEVROLET,CHEVROLET,(sin modelo),"TRACKER LITE,1X76DVR8Q",ICE,1,1,2026-09,2026-09,26DA000000511559,1,"1 UNID. VEHICULO SUV MARCA CHEVROLET, MOD.TRACKER LITE,1X76DVR8Q, PASAJERO 5 LUG. 5 PUERTAS,MOTOR FLEX E100 * 3 CIL. 1.0L TURBO,ANIO DE FAB 2026, MOD.ANIO 2027,C/ACC. NORMALES Y OPCIONALES.-"
PEUGEOT,PEUGEOT,(sin modelo),5008 GT,OTHERS,1,1,2026-09,2026-09,26DA000000520703,2,"STATION WAGON PEUGEOT 5008 GT 1.2 HEV , CON SUS ACCESORIOS CORRESPONDIENTES"
PEUGEOT,PEUGEOT,(sin modelo),3008 GT,HEV,1,1,2026-09,2026-09,26DA000000520703,1,"STATION WAGON PEUGEOT 3008 GT 1.2 HEV , CON SUS ACCESORIOS CORRESPONDIENTES"
FORD,FORD,RANGER D/CAB XL 2,RANGER D/CAB XL,ICE,1,1,2026-09,2026-09,26DA000000476319,1,"1 UNA UNIDAD CAMIONETA MARCA: FORD, MODELO: RANGER D/CAB XL 2.0D 4WD, ANIO DE FABRICACION 2025, MODELO ANIO 2026, CON SUS ACCESORIOS CORRESPONDIENTES.-"
SSANGYONG,KGM,REXTON SPORTS KHAN,REXTON SPORTS KHAN,ICE,1,1,2026-09,2026-09,26DA000000480401,1,1 UNA UNIDAD DE CAMIONETA DOBLE CABINA USADA MARCA SSANGYONG MODELO REXTON SPORTS KHAN AO 2022 COLOR VERDE
FIAT,FIAT,(sin modelo),DUCATO L3H2,ICE,1,1,2026-09,2026-09,26DA000000473314,4,2024 FIAT DUCATO L3H2 FWD 2.2L HDI DIESEL 6-SPEED MT 140BHP
TOYOTA,TOYOTA,(sin modelo),TACOMA,HEV,1,1,2026-09,2026-09,26DA000000486365,2,01) UNA CAMIONETA DOBLE CABINA MARCA TOYOTA MODELO. TACOMA AO FABRICACION 2026 AO MODELO 2027 MOVIDO A GASOLINA ( HIBRIDO )
MERCEDES-BENZ,MERCEDES-BENZ,(sin modelo),918 L,ICE,1,1,2026-09,2026-09,26DA000000492932,1,UNA UNIDAD MERCEDES BENZ 918 L 4X2 4220
TOYOTA,TOYOTA,(sin modelo),TACOMA SR,ICE,1,1,2026-09,2026-09,26DA000000499726,1,"01 UNIDAD DE CAMIONETA DOBLE CABINA PICK UP TOYOTA TACOMA SR 2WD 2017, 2700CC, GASOLINA, COLOR BLANCO, CHASSISS 5TFAX5GN7HX097540.-"
MERCEDES-BENZ,MERCEDES-BENZ,(sin modelo),1023 L,ICE,1,1,2026-09,2026-09,26DA000000514850,2,CAMION MERCEDES-BENZ 1023 L CON CAJA ABIERTA AO 2004
FORD,FORD,RANGER RAPTOR 3,RANGER RAPTOR,ICE,1,1,2026-09,2026-09,26DA000000513834,3,UNA UNIDAD CAMIONETA MARCA FORD MODELO RANGER RAPTOR 3.0L AT AO MODELO 2026
