period,variant,segmento,marca,modelo,edicion,powertrain,condicion,rule,lines,units_aduana,units_counted
2025-07,LightVehicles,leve,TOYOTA,VITZ,,ICE,usado,qty7_as_1,464,3248,464
2025-07,LightVehicles,leve,TOYOTA,(sin modelo),,ICE,usado,qty7_as_1,390,2730,390
2025-07,LightVehicles,leve,TOYOTA,RACTIS,,ICE,usado,qty7_as_1,378,2646,378
2025-07,LightVehicles,leve,TOYOTA,AURIS,,ICE,usado,qty7_as_1,207,1449,207
2025-07,LightVehicles,leve,KIA,SPORTAGE,,ICE,usado,qty7_as_1,172,1204,172
2025-07,LightVehicles,leve,TOYOTA,SIENTA,,ICE,usado,qty7_as_1,130,910,130
2025-07,LightVehicles,leve,TOYOTA,IST,,ICE,usado,qty7_as_1,89,623,89
2025-07,LightVehicles,leve,TOYOTA,NOAH,,ICE,usado,qty7_as_1,68,476,68
2025-07,LightVehicles,leve,TOYOTA,VOXY,,ICE,usado,qty7_as_1,67,469,67
2025-07,LightVehicles,leve,TOYOTA,PREMIO,,ICE,usado,qty7_as_1,44,308,44
2025-07,LightVehicles,leve,MITSUBISHI,(sin modelo),,ICE,usado,qty7_as_1,42,294,42
2025-07,LightVehicles,leve,TOYOTA,ALLION,,ICE,usado,qty7_as_1,39,273,39
2025-07,LightVehicles,leve,HYUNDAI,(sin modelo),,ICE,usado,qty7_as_1,34,238,34
2025-07,LightVehicles,leve,TOYOTA,WISH,,ICE,usado,qty7_as_1,33,231,33
2025-07,LightVehicles,leve,NISSAN,(sin modelo),,ICE,usado,qty7_as_1,31,217,31
2025-07,LightVehicles,leve,TOYOTA,COROLLA,,ICE,usado,qty7_as_1,23,161,23
2025-07,LightVehicles,leve,KIA,(sin modelo),,ICE,usado,qty7_as_1,17,119,17
2025-07,LightVehicles,leve,TOYOTA,COROLLA AXIO,,ICE,usado,qty7_as_1,17,119,17
2025-07,LightVehicles,leve,TOYOTA,HILUX,,ICE,usado,qty7_as_1,13,91,13
2025-07,LightVehicles,leve,HYUNDAI,SANTA FE,,ICE,usado,qty7_as_1,11,77,11
2025-07,LightVehicles,leve,SUBARU,(sin modelo),,ICE,usado,qty7_as_1,11,77,11
2025-07,LightVehicles,leve,HYUNDAI,TUCSON,,ICE,usado,qty7_as_1,10,70,10
2025-07,LightVehicles,leve,KIA,SORENTO,,ICE,usado,qty7_as_1,9,63,9
2025-07,LightVehicles,leve,MITSUBISHI,CANTER,,ICE,usado,qty7_as_1,7,49,7
2025-07,LightVehicles,leve,NISSAN,ATLAS,,ICE,usado,qty7_as_1,7,49,7
2025-07,LightVehicles,leve,TOYOTA,FUNCARGO,,ICE,usado,qty7_as_1,7,49,7
2025-07,LightVehicles,leve,MERCEDES-BENZ,(sin modelo),,ICE,usado,qty7_as_1,6,42,6
2025-07,LightVehicles,leve,NISSAN,JUKE,,ICE,usado,qty7_as_1,5,35,5
2025-07,LightVehicles,leve,NISSAN,TIIDA,,ICE,usado,qty7_as_1,5,35,5
2025-07,LightVehicles,leve,AUDI,(sin modelo),,ICE,usado,qty7_as_1,4,28,4
2025-07,LightVehicles,leve,TOYOTA,RUSH,,ICE,usado,qty7_as_1,4,28,4
2025-07,LightVehicles,leve,BMW,(sin modelo),,ICE,usado,qty7_as_1,3,21,3
2025-07,LightVehicles,leve,JEEP,GRAND CHEROKEE,,ICE,usado,qty7_as_1,3,21,3
2025-07,LightVehicles,leve,MAZDA,(sin modelo),,ICE,usado,qty7_as_1,3,21,3
2025-07,LightVehicles,leve,MAZDA,DEMIO,,ICE,usado,qty7_as_1,3,21,3
2025-07,LightVehicles,leve,MITSUBISHI FUSO,(sin modelo),,ICE,usado,qty7_as_1,3,21,3
2025-07,LightVehicles,leve,TOYOTA,ALLEX,,ICE,usado,qty7_as_1,3,21,3
2025-07,LightVehicles,leve,TOYOTA,AQUA,,HEV,usado,qty7_as_1,3,21,3
2025-07,LightVehicles,leve,TOYOTA,BELTA,,ICE,usado,qty7_as_1,3,21,3
2025-07,LightVehicles,leve,TOYOTA,CROWN ATHLETE,,ICE,usado,qty7_as_1,3,21,3
2025-07,LightVehicles,leve,BMW,320D,,ICE,usado,qty7_as_1,2,14,2
2025-07,LightVehicles,leve,DAIHATSU,(sin modelo),,ICE,usado,qty7_as_1,2,14,2
2025-07,LightVehicles,leve,FORD,(sin modelo),,ICE,usado,qty7_as_1,2,14,2
2025-07,LightVehicles,leve,HINO,DUTRO,,ICE,usado,qty7_as_1,2,14,2
2025-07,LightVehicles,leve,JEEP,(sin modelo),,ICE,usado,qty7_as_1,2,14,2
2025-07,LightVehicles,leve,NISSAN,FAIRLADY Z,,ICE,usado,qty7_as_1,2,14,2
2025-07,LightVehicles,leve,SUBARU,IMPREZA,,ICE,usado,qty7_as_1,2,14,2
2025-07,LightVehicles,leve,SUZUKI,SWIFT,,ICE,usado,qty7_as_1,2,14,2
2025-07,LightVehicles,leve,TOYOTA,ALTIS,,ICE,usado,qty7_as_1,2,14,2
2025-07,LightVehicles,leve,TOYOTA,CROWN,,ICE,usado,qty7_as_1,2,14,2
2025-07,LightVehicles,leve,TOYOTA,LAND CRUISER PRADO,,ICE,usado,qty7_as_1,2,14,2
2025-07,LightVehicles,leve,TOYOTA,RUNX,,ICE,usado,qty7_as_1,2,14,2
2025-07,LightVehicles,leve,BYD,YUAN PLUS,,BEV,nuevo,qty7_as_1,1,7,1
2025-07,LightVehicles,leve,CHEVROLET,(sin modelo),,ICE,usado,qty7_as_1,1,7,1
2025-07,LightVehicles,leve,CHEVROLET,CAMARO,,ICE,usado,qty7_as_1,1,7,1
2025-07,LightVehicles,leve,DODGE,CHALLENGER,,ICE,usado,qty7_as_1,1,7,1
2025-07,LightVehicles,leve,DODGE,RAM,,ICE,usado,qty7_as_1,1,7,1
2025-07,LightVehicles,leve,FIAT,PULSE IMPETUS MILD,,ICE,nuevo,qty7_as_1,1,7,1
2025-07,LightVehicles,leve,FORD,C-MAX,,ICE,usado,qty7_as_1,1,7,1
2025-07,LightVehicles,leve,FORD,F150,,ICE,usado,qty7_as_1,1,7,1
2025-07,LightVehicles,leve,GMC,SIERRA,,ICE,usado,qty7_as_1,1,7,1
2025-07,LightVehicles,leve,HINO,(sin modelo),,ICE,usado,qty7_as_1,1,7,1
2025-07,LightVehicles,leve,HONDA,(sin modelo),,ICE,usado,qty7_as_1,1,7,1
2025-07,LightVehicles,leve,HONDA,S2000,,ICE,usado,qty7_as_1,1,7,1
2025-07,LightVehicles,leve,HUMMER,H3,,ICE,usado,qty7_as_1,1,7,1
2025-07,LightVehicles,leve,HYUNDAI,GRAND STAREX,,ICE,usado,qty7_as_1,1,7,1
2025-07,LightVehicles,leve,HYUNDAI,PALISADE,,ICE,usado,qty7_as_1,1,7,1
2025-07,LightVehicles,leve,ISUZU,(sin modelo),,ICE,usado,qty7_as_1,1,7,1
2025-07,LightVehicles,leve,ISUZU,FORDWARD,,ICE,usado,qty7_as_1,1,7,1
2025-07,LightVehicles,leve,JAGUAR,(sin modelo),,ICE,usado,qty7_as_1,1,7,1
2025-07,LightVehicles,leve,JAGUAR,F PACE,,ICE,usado,qty7_as_1,1,7,1
2025-07,LightVehicles,leve,JAGUAR,XK8,,ICE,usado,qty7_as_1,1,7,1
2025-07,LightVehicles,leve,JEEP,GRAND CHEROKE,,ICE,usado,qty7_as_1,1,7,1
2025-07,LightVehicles,leve,JEEP,RENEGADE,,ICE,usado,qty7_as_1,1,7,1
2025-07,LightVehicles,leve,KIA,BONGO III,,ICE,usado,qty7_as_1,1,7,1
2025-07,LightVehicles,leve,KIA,CARNIVAL,,ICE,usado,qty7_as_1,1,7,1
2025-07,LightVehicles,leve,MERCEDES-BENZ,ATEGO 916 DIESEL,,ICE,usado,qty7_as_1,1,7,1
2025-07,LightVehicles,leve,MERCEDES-BENZ,E320 CDI,,ICE,usado,qty7_as_1,1,7,1
2025-07,LightVehicles,leve,MERCEDES-BENZ,E55,,ICE,usado,qty7_as_1,1,7,1
2025-07,LightVehicles,leve,MERCEDES-BENZ,G500,,ICE,usado,qty7_as_1,1,7,1
2025-07,LightVehicles,leve,MITSUBISHI,CANTER FUSO,,ICE,usado,qty7_as_1,1,7,1
2025-07,LightVehicles,leve,MITSUBISHI,ECLIPSE CROSS,,ICE,usado,qty7_as_1,1,7,1
2025-07,LightVehicles,leve,MITSUBISHI,FUSO,,ICE,usado,qty7_as_1,1,7,1
2025-07,LightVehicles,leve,MITSUBISHI,OUTLANDER,,ICE,usado,qty7_as_1,1,7,1
2025-07,LightVehicles,leve,MITSUBISHI FUSO,CANTER,,ICE,usado,qty7_as_1,1,7,1
2025-07,LightVehicles,leve,NISSAN,Z,,ICE,usado,qty7_as_1,1,7,1
2025-07,LightVehicles,leve,PEUGEOT,(sin modelo),,ICE,usado,qty7_as_1,1,7,1
2025-07,LightVehicles,leve,PEUGEOT,206,,ICE,usado,qty7_as_1,1,7,1
2025-07,LightVehicles,leve,PEUGEOT,3008GT,,ICE,usado,qty7_as_1,1,7,1
2025-07,LightVehicles,leve,PORSCHE,911 CARRERA 4,,ICE,usado,qty7_as_1,1,7,1
2025-07,LightVehicles,leve,SUBARU,WRX STI,,ICE,usado,qty7_as_1,1,7,1
2025-07,LightVehicles,leve,TOYOTA,4RUNNER,,ICE,usado,qty7_as_1,1,7,1
2025-07,LightVehicles,leve,TOYOTA,ALLION NAFTERO,,ICE,usado,qty7_as_1,1,7,1
2025-07,LightVehicles,leve,TOYOTA,AXIO,,ICE,usado,qty7_as_1,1,7,1
2025-07,LightVehicles,leve,TOYOTA,BB,,ICE,usado,qty7_as_1,1,7,1
2025-07,LightVehicles,leve,TOYOTA,FORTUNER,,ICE,nuevo,qty7_as_1,1,7,1
2025-07,LightVehicles,leve,TOYOTA,FUNCARGO NAFTERO,,ICE,usado,qty7_as_1,1,7,1
2025-07,LightVehicles,leve,TOYOTA,GRAND HIACE,,ICE,usado,qty7_as_1,1,7,1
2025-07,LightVehicles,leve,TOYOTA,HIACE,,ICE,usado,qty7_as_1,1,7,1
2025-07,LightVehicles,leve,TOYOTA,IQ,,ICE,usado,qty7_as_1,1,7,1
2025-07,LightVehicles,leve,TOYOTA,ISIS PLATANA,,ICE,usado,qty7_as_1,1,7,1
2025-07,LightVehicles,leve,TOYOTA,LAND CRUISER,,ICE,nuevo,qty7_as_1,1,7,1
2025-07,LightVehicles,leve,TOYOTA,LAND CRUISER,,ICE,usado,qty7_as_1,1,7,1
2025-07,LightVehicles,leve,TOYOTA,LEO ALLION,,ICE,usado,qty7_as_1,1,7,1
2025-07,LightVehicles,leve,TOYOTA,REGIUS,,ICE,usado,qty7_as_1,1,7,1
2025-07,LightVehicles,leve,TOYOTA,SIENTA,,HEV,usado,qty7_as_1,1,7,1
2025-07,LightVehicles,leve,TOYOTA,TACOMA TRD SPORT,,ICE,usado,qty7_as_1,1,7,1
2025-07,LightVehicles,leve,TOYOTA,TERCEL,,ICE,usado,qty7_as_1,1,7,1
2025-07,LightVehicles,leve,TOYOTA,TOYOACE,,ICE,usado,qty7_as_1,1,7,1
2025-07,LightVehicles,leve,VOLKSWAGEN,(sin modelo),,ICE,usado,qty7_as_1,1,7,1
2025-07,LightVehicles,pesado,MERCEDES-BENZ,(sin modelo),,ICE,usado,qty7_as_1,7,49,7
2025-07,LightVehicles,pesado,SCANIA,(sin modelo),,ICE,usado,qty7_as_1,6,42,6
2025-07,LightVehicles,pesado,MERCEDES-BENZ,ATEGO,,ICE,usado,qty7_as_1,4,28,4
2025-07,LightVehicles,pesado,MERCEDES-BENZ,814,,ICE,usado,qty7_as_1,2,14,2
2025-07,LightVehicles,pesado,MERCEDES-BENZ,ATEGO 815,,ICE,usado,qty7_as_1,2,14,2
2025-07,LightVehicles,pesado,HINO,DUTRO,,ICE,usado,qty7_as_1,1,7,1
2025-07,LightVehicles,pesado,IVECO,TRAKKER 260,,ICE,usado,qty7_as_1,1,7,1
2025-07,LightVehicles,pesado,MAN,12192,,ICE,usado,qty7_as_1,1,7,1
2025-07,LightVehicles,pesado,MERCEDES-BENZ,1317,,ICE,usado,qty7_as_1,1,7,1
2025-07,LightVehicles,pesado,MERCEDES-BENZ,1323,,ICE,usado,qty7_as_1,1,7,1
2025-07,LightVehicles,pesado,MERCEDES-BENZ,1517,,ICE,usado,qty7_as_1,1,7,1
2025-07,LightVehicles,pesado,MERCEDES-BENZ,816 D,,ICE,usado,qty7_as_1,1,7,1
2025-07,LightVehicles,pesado,MERCEDES-BENZ,818,,ICE,usado,qty7_as_1,1,7,1
2025-07,LightVehicles,pesado,MERCEDES-BENZ,SPRINTER 412D,,ICE,usado,qty7_as_1,1,7,1
2025-07,LightVehicles,pesado,NISSAN,M 110,,ICE,usado,qty7_as_1,1,7,1
2025-07,LightVehicles,pesado,SCANIA,114 - 340,,ICE,usado,qty7_as_1,1,7,1
2025-07,LightVehicles,pesado,SCANIA,114G-340,,ICE,usado,qty7_as_1,1,7,1
2025-07,LightVehicles,pesado,SCANIA,94 - 220,,ICE,usado,qty7_as_1,1,7,1
2025-07,LightVehicles,pesado,SCANIA,94 - 260,,ICE,usado,qty7_as_1,1,7,1
2025-07,LightVehicles,pesado,SCANIA,94D/220,,ICE,usado,qty7_as_1,1,7,1
2025-07,LightVehicles,pesado,SCANIA,P 94,,ICE,usado,qty7_as_1,1,7,1
2025-07,LightVehicles,pesado,SCANIA,P270,,ICE,usado,qty7_as_1,1,7,1
2025-07,LightVehicles,pesado,SCANIA,P94 6X2,,ICE,usado,qty7_as_1,1,7,1
2025-07,LightVehicles,recreativo,CAN-AM,(sin modelo),,ICE,usado,qty7_as_1,1,7,1
2025-08,LightVehicles,leve,TOYOTA,VITZ,,ICE,usado,qty7_as_1,99,693,99
2025-08,LightVehicles,leve,TOYOTA,RACTIS,,ICE,usado,qty7_as_1,93,651,93
2025-08,LightVehicles,leve,TOYOTA,(sin modelo),,ICE,usado,qty7_as_1,89,623,89
2025-08,LightVehicles,leve,TOYOTA,SIENTA,,ICE,usado,qty7_as_1,44,308,44
2025-08,LightVehicles,leve,KIA,SPORTAGE,,ICE,usado,qty7_as_1,34,238,34
2025-08,LightVehicles,leve,TOYOTA,AURIS,,ICE,usado,qty7_as_1,29,203,29
2025-08,LightVehicles,leve,DAIHATSU,MIRA,,ICE,usado,qty7_as_1,15,105,15
2025-08,LightVehicles,leve,TOYOTA,IST,,ICE,usado,qty7_as_1,14,98,14
2025-08,LightVehicles,leve,TOYOTA,NOAH,,ICE,usado,qty7_as_1,12,84,12
2025-08,LightVehicles,leve,TOYOTA,PREMIO,,ICE,usado,qty7_as_1,10,70,10
2025-08,LightVehicles,leve,TOYOTA,ALLION,,ICE,usado,qty7_as_1,9,63,9
2025-08,LightVehicles,leve,TOYOTA,VOXY,,ICE,usado,qty7_as_1,5,35,5
2025-08,LightVehicles,leve,HYUNDAI,(sin modelo),,ICE,usado,qty7_as_1,4,28,4
2025-08,LightVehicles,leve,MITSUBISHI,(sin modelo),,ICE,usado,qty7_as_1,4,28,4
2025-08,LightVehicles,leve,SUZUKI,SWIFT,,ICE,usado,qty7_as_1,4,28,4
2025-08,LightVehicles,leve,TOYOTA,COROLLA,,ICE,usado,qty7_as_1,4,28,4
2025-08,LightVehicles,leve,TOYOTA,COROLLA AXIO,,ICE,usado,qty7_as_1,4,28,4
2025-08,LightVehicles,leve,NISSAN,(sin modelo),,ICE,usado,qty7_as_1,3,21,3
2025-08,LightVehicles,leve,TOYOTA,CROWN ATHLETE,,ICE,usado,qty7_as_1,3,21,3
2025-08,LightVehicles,leve,TOYOTA,WISH,,ICE,usado,qty7_as_1,3,21,3
2025-08,LightVehicles,leve,DAIHATSU,MOVE,,ICE,usado,qty7_as_1,2,14,2
2025-08,LightVehicles,leve,HYUNDAI,SANTA FE,,ICE,usado,qty7_as_1,2,14,2
2025-08,LightVehicles,leve,KIA,(sin modelo),,ICE,usado,qty7_as_1,2,14,2
2025-08,LightVehicles,leve,MERCEDES-BENZ,(sin modelo),,ICE,usado,qty7_as_1,2,14,2
2025-08,LightVehicles,leve,MITSUBISHI,CANTER,,ICE,usado,qty7_as_1,2,14,2
2025-08,LightVehicles,leve,SUBARU,(sin modelo),,ICE,usado,qty7_as_1,2,14,2
2025-08,LightVehicles,leve,BENTLEY,CONTINENTAL,,ICE,usado,qty7_as_1,1,7,1
2025-08,LightVehicles,leve,BMW,(sin modelo),,ICE,usado,qty7_as_1,1,7,1
2025-08,LightVehicles,leve,BMW,Z4,,ICE,usado,qty7_as_1,1,7,1
2025-08,LightVehicles,leve,FORD,(sin modelo),,ICE,usado,qty7_as_1,1,7,1
2025-08,LightVehicles,leve,LAND ROVER,RANGE ROVER P520 AUTOBIOGRAPHY,,PHEV,usado,qty7_as_1,1,7,1
2025-08,LightVehicles,leve,MINI,COOPER,,ICE,usado,qty7_as_1,1,7,1
2025-08,LightVehicles,leve,NISSAN,CARAVAN,,ICE,usado,qty7_as_1,1,7,1
2025-08,LightVehicles,leve,SSANGYONG,(sin modelo),,ICE,usado,qty7_as_1,1,7,1
2025-08,LightVehicles,leve,SUZUKI,(sin modelo),,ICE,usado,qty7_as_1,1,7,1
2025-08,LightVehicles,leve,TOYOTA,AVENSIS,,ICE,usado,qty7_as_1,1,7,1
2025-08,LightVehicles,leve,TOYOTA,BELTA,,ICE,usado,qty7_as_1,1,7,1
2025-08,LightVehicles,leve,TOYOTA,DYNA,,ICE,usado,qty7_as_1,1,7,1
2025-08,LightVehicles,leve,TOYOTA,FUNCARGO,,ICE,usado,qty7_as_1,1,7,1
2025-08,LightVehicles,leve,TOYOTA,HILUX,,ICE,usado,qty7_as_1,1,7,1
2025-08,LightVehicles,leve,TOYOTA,RUSH,,ICE,usado,qty7_as_1,1,7,1
2025-08,LightVehicles,leve,TOYOTA,TACOMA,,ICE,usado,qty7_as_1,1,7,1
2025-08,LightVehicles,pesado,MERCEDES-BENZ,(sin modelo),,ICE,usado,qty7_as_1,2,14,2
2025-08,LightVehicles,pesado,MERCEDES-BENZ,ATEGO,,ICE,usado,qty7_as_1,1,7,1
2025-08,LightVehicles,pesado,SCANIA,94/260,,ICE,usado,qty7_as_1,1,7,1
2025-09,LightVehicles,leve,TOYOTA,VITZ,,ICE,usado,qty7_as_1,35,245,35
2025-09,LightVehicles,leve,TOYOTA,RACTIS,,ICE,usado,qty7_as_1,32,224,32
2025-09,LightVehicles,leve,TOYOTA,(sin modelo),,ICE,usado,qty7_as_1,22,154,22
2025-09,LightVehicles,leve,TOYOTA,WISH,,ICE,usado,qty7_as_1,14,98,14
2025-09,LightVehicles,leve,KIA,SPORTAGE,,ICE,usado,qty7_as_1,13,91,13
2025-09,LightVehicles,leve,TOYOTA,AURIS,,ICE,usado,qty7_as_1,11,77,11
2025-09,LightVehicles,leve,TOYOTA,ALLION,,ICE,usado,qty7_as_1,6,42,6
2025-09,LightVehicles,leve,TOYOTA,VOXY,,ICE,usado,qty7_as_1,6,42,6
2025-09,LightVehicles,leve,HYUNDAI,SANTA FE,,ICE,usado,qty7_as_1,5,35,5
2025-09,LightVehicles,leve,TOYOTA,PREMIO,,ICE,usado,qty7_as_1,5,35,5
2025-09,LightVehicles,leve,TOYOTA,SIENTA,,ICE,usado,qty7_as_1,5,35,5
2025-09,LightVehicles,leve,TOYOTA,NOAH,,ICE,usado,qty7_as_1,4,28,4
2025-09,LightVehicles,leve,MITSUBISHI,(sin modelo),,ICE,usado,qty7_as_1,3,21,3
2025-09,LightVehicles,leve,MITSUBISHI,CANTER,,ICE,usado,qty7_as_1,3,21,3
2025-09,LightVehicles,leve,TOYOTA,IST,,ICE,usado,qty7_as_1,3,21,3
2025-09,LightVehicles,leve,HYUNDAI,(sin modelo),,ICE,usado,qty7_as_1,2,14,2
2025-09,LightVehicles,leve,HYUNDAI,TUCSON,,ICE,usado,qty7_as_1,2,14,2
2025-09,LightVehicles,leve,SUBARU,(sin modelo),,ICE,usado,qty7_as_1,2,14,2
2025-09,LightVehicles,leve,BMW,X3,,ICE,usado,qty7_as_1,1,7,1
2025-09,LightVehicles,leve,HYUNDAI,SANTA FE A O,,ICE,usado,qty7_as_1,1,7,1
2025-09,LightVehicles,leve,KIA,SORENTO,,ICE,usado,qty7_as_1,1,7,1
2025-09,LightVehicles,leve,MERCEDES-BENZ,C250,,ICE,usado,qty7_as_1,1,7,1
2025-09,LightVehicles,leve,MITSUBISHI,CANTER GUTS,,ICE,usado,qty7_as_1,1,7,1
2025-09,LightVehicles,leve,MITSUBISHI FUSO,(sin modelo),,ICE,usado,qty7_as_1,1,7,1
2025-09,LightVehicles,leve,NISSAN,ATLAS,,ICE,usado,qty7_as_1,1,7,1
2025-09,LightVehicles,leve,NISSAN,DATSUN,,ICE,usado,qty7_as_1,1,7,1
2025-09,LightVehicles,leve,TOYOTA,COROLLA,,ICE,usado,qty7_as_1,1,7,1
2025-09,LightVehicles,leve,TOYOTA,COROLLA AXIO,,ICE,usado,qty7_as_1,1,7,1
2025-09,LightVehicles,leve,TOYOTA,FUNCARGO,,ICE,usado,qty7_as_1,1,7,1
2025-09,LightVehicles,leve,TOYOTA,RUSH,,ICE,usado,qty7_as_1,1,7,1
2026-01,LightVehicles,leve,TOYOTA,VITZ,,ICE,usado,qty7_as_1,921,6447,921
2026-01,LightVehicles,leve,TOYOTA,RACTIS,,ICE,usado,qty7_as_1,512,3584,512
2026-01,LightVehicles,leve,KIA,SPORTAGE,,ICE,usado,qty7_as_1,471,3297,471
2026-01,LightVehicles,leve,TOYOTA,(sin modelo),,ICE,usado,qty7_as_1,308,2156,308
2026-01,LightVehicles,leve,TOYOTA,AURIS,,ICE,usado,qty7_as_1,292,2044,292
2026-01,LightVehicles,leve,TOYOTA,ALLION,,ICE,usado,qty7_as_1,173,1211,173
2026-01,LightVehicles,leve,TOYOTA,PREMIO,,ICE,usado,qty7_as_1,168,1176,168
2026-01,LightVehicles,leve,TOYOTA,SIENTA,,ICE,usado,qty7_as_1,156,1092,156
2026-01,LightVehicles,leve,TOYOTA,VOXY,,ICE,usado,qty7_as_1,153,1071,153
2026-01,LightVehicles,leve,TOYOTA,WISH,,ICE,usado,qty7_as_1,146,1022,146
2026-01,LightVehicles,leve,TOYOTA,NOAH,,ICE,usado,qty7_as_1,136,952,136
2026-01,LightVehicles,leve,TOYOTA,IST,,ICE,usado,qty7_as_1,97,679,97
2026-01,LightVehicles,leve,MITSUBISHI,CANTER,,ICE,usado,qty7_as_1,52,364,52
2026-01,LightVehicles,leve,HYUNDAI,SANTA FE,,ICE,usado,qty7_as_1,50,350,50
2026-01,LightVehicles,leve,HYUNDAI,(sin modelo),,ICE,usado,qty7_as_1,48,336,48
2026-01,LightVehicles,leve,HYUNDAI,TUCSON,,ICE,usado,qty7_as_1,42,294,42
2026-01,LightVehicles,leve,TOYOTA,COROLLA,,ICE,usado,qty7_as_1,41,287,41
2026-01,LightVehicles,leve,MITSUBISHI,(sin modelo),,ICE,usado,qty7_as_1,36,252,36
2026-01,LightVehicles,leve,TOYOTA,FUNCARGO,,ICE,usado,qty7_as_1,26,182,26
2026-01,LightVehicles,leve,TOYOTA,RUSH,,ICE,usado,qty7_as_1,24,168,24
2026-01,LightVehicles,leve,JEEP,COMPASS SPORT 1,,ICE,nuevo,qty7_as_1,22,154,22
2026-01,LightVehicles,leve,MITSUBISHI,CANTER GUTS,,ICE,usado,qty7_as_1,21,147,21
2026-01,LightVehicles,leve,NISSAN,(sin modelo),,ICE,usado,qty7_as_1,21,147,21
2026-01,LightVehicles,leve,KIA,K5,,ICE,usado,qty7_as_1,18,126,18
2026-01,LightVehicles,leve,DAIHATSU,MOVE,,ICE,usado,qty7_as_1,17,119,17
2026-01,LightVehicles,leve,KIA,SORENTO,,ICE,usado,qty7_as_1,17,119,17
2026-01,LightVehicles,leve,SUBARU,IMPREZA,,ICE,usado,qty7_as_1,17,119,17
2026-01,LightVehicles,leve,TOYOTA,CROWN ATHLETE,,ICE,usado,qty7_as_1,17,119,17
2026-01,LightVehicles,leve,DAIHATSU,MOVE CUSTOM,,ICE,usado,qty7_as_1,16,112,16
2026-01,LightVehicles,leve,KIA,(sin modelo),,ICE,usado,qty7_as_1,16,112,16
2026-01,LightVehicles,leve,NISSAN,ATLAS,,ICE,usado,qty7_as_1,15,105,15
2026-01,LightVehicles,leve,TOYOTA,BELTA,,ICE,usado,qty7_as_1,15,105,15
2026-01,LightVehicles,leve,TOYOTA,COROLLA AXIO,,ICE,usado,qty7_as_1,15,105,15
2026-01,LightVehicles,leve,TOYOTA,HILUX,,ICE,usado,qty7_as_1,11,77,11
2026-01,LightVehicles,leve,TOYOTA,ALLEX,,ICE,usado,qty7_as_1,10,70,10
2026-01,LightVehicles,leve,MAZDA,DEMIO,,ICE,usado,qty7_as_1,9,63,9
2026-01,LightVehicles,leve,MERCEDES-BENZ,(sin modelo),,ICE,usado,qty7_as_1,9,63,9
2026-01,LightVehicles,leve,SUBARU,(sin modelo),,ICE,usado,qty7_as_1,9,63,9
2026-01,LightVehicles,leve,TOYOTA,COROLLA CROSS,,HEV,nuevo,qty7_as_1,9,63,9
2026-01,LightVehicles,leve,KIA,CARNIVAL,,ICE,usado,qty7_as_1,8,56,8
2026-01,LightVehicles,leve,TOYOTA,GRAND HIACE,,ICE,usado,qty7_as_1,8,56,8
2026-01,LightVehicles,leve,BMW,(sin modelo),,ICE,usado,qty7_as_1,7,49,7
2026-01,LightVehicles,leve,MERCEDES-BENZ,ATEGO,,ICE,usado,qty7_as_1,7,49,7
2026-01,LightVehicles,leve,TOYOTA,LAND CRUISER,,ICE,nuevo,qty7_as_1,7,49,7
2026-01,LightVehicles,leve,FORD,MUSTANG,,ICE,usado,qty7_as_1,6,42,6
2026-01,LightVehicles,leve,HYUNDAI,PORTER II,,ICE,usado,qty7_as_1,6,42,6
2026-01,LightVehicles,leve,JEEP,WRANGLER,,ICE,usado,qty7_as_1,6,42,6
2026-01,LightVehicles,leve,MERCEDES-BENZ,C300,,ICE,usado,qty7_as_1,6,42,6
2026-01,LightVehicles,leve,MITSUBISHI,CANTER FUSO,,ICE,usado,qty7_as_1,6,42,6
2026-01,LightVehicles,leve,TOYOTA,LAND CRUISER PRADO,,ICE,usado,qty7_as_1,6,42,6
2026-01,LightVehicles,leve,MAZDA,CX-5,,ICE,usado,qty7_as_1,5,35,5
2026-01,LightVehicles,leve,MERCEDES-BENZ,ATEGO 815,,ICE,usado,qty7_as_1,5,35,5
2026-01,LightVehicles,leve,MITSUBISHI FUSO,CANTER,,ICE,usado,qty7_as_1,5,35,5
2026-01,LightVehicles,leve,NISSAN,DATSUN,,ICE,usado,qty7_as_1,5,35,5
2026-01,LightVehicles,leve,TOYOTA,ALLION NAFTERO,,ICE,usado,qty7_as_1,5,35,5
2026-01,LightVehicles,leve,TOYOTA,COROLLA,,HEV,usado,qty7_as_1,5,35,5
2026-01,LightVehicles,leve,TOYOTA,COROLLA FIELDER,,ICE,usado,qty7_as_1,5,35,5
2026-01,LightVehicles,leve,TOYOTA,DYNA,,ICE,usado,qty7_as_1,5,35,5
2026-01,LightVehicles,leve,TOYOTA,MARK X,,ICE,usado,qty7_as_1,5,35,5
2026-01,LightVehicles,leve,TOYOTA,PLATZ,,ICE,usado,qty7_as_1,5,35,5
2026-01,LightVehicles,leve,BMW,320D,,ICE,usado,qty7_as_1,4,28,4
2026-01,LightVehicles,leve,CHEVROLET,CAMARO,,ICE,usado,qty7_as_1,4,28,4
2026-01,LightVehicles,leve,CHEVROLET,CORVETTE,,ICE,usado,qty7_as_1,4,28,4
2026-01,LightVehicles,leve,DODGE,CHALLENGER,,ICE,usado,qty7_as_1,4,28,4
2026-01,LightVehicles,leve,HINO,(sin modelo),,ICE,usado,qty7_as_1,4,28,4
2026-01,LightVehicles,leve,JETOUR,(sin modelo),,ICE,nuevo,qty7_as_1,4,28,4
2026-01,LightVehicles,leve,NISSAN,FAIRLADY Z,,ICE,usado,qty7_as_1,4,28,4
2026-01,LightVehicles,leve,RAM,RAMPAGE REBEL 2,,ICE,nuevo,qty7_as_1,4,28,4
2026-01,LightVehicles,leve,SUZUKI,SWIFT,,ICE,usado,qty7_as_1,4,28,4
2026-01,LightVehicles,leve,TOYOTA,IQ,,ICE,usado,qty7_as_1,4,28,4
2026-01,LightVehicles,leve,TOYOTA,REGIUS,,ICE,usado,qty7_as_1,4,28,4
2026-01,LightVehicles,leve,TOYOTA,WISH NAFTERO,,ICE,usado,qty7_as_1,4,28,4
2026-01,LightVehicles,leve,CHEVROLET,(sin modelo),,ICE,usado,qty7_as_1,3,21,3
2026-01,LightVehicles,leve,FORD,(sin modelo),,ICE,usado,qty7_as_1,3,21,3
2026-01,LightVehicles,leve,JEEP,COMMANDER LIMITED 1,,ICE,nuevo,qty7_as_1,3,21,3
2026-01,LightVehicles,leve,MERCEDES-BENZ,ATEGO 818,,ICE,usado,qty7_as_1,3,21,3
2026-01,LightVehicles,leve,MERCEDES-BENZ,E350,,ICE,usado,qty7_as_1,3,21,3
2026-01,LightVehicles,leve,MERCEDES-BENZ,ML350,,ICE,usado,qty7_as_1,3,21,3
2026-01,LightVehicles,leve,MERCEDES-BENZ,SPRINTER,,ICE,usado,qty7_as_1,3,21,3
2026-01,LightVehicles,leve,NISSAN,JUKE,,ICE,usado,qty7_as_1,3,21,3
2026-01,LightVehicles,leve,SUBARU,IMPREZA WRX,,ICE,usado,qty7_as_1,3,21,3
2026-01,LightVehicles,leve,TOYOTA,HIACE,,ICE,usado,qty7_as_1,3,21,3
2026-01,LightVehicles,leve,TOYOTA,TACOMA,,ICE,usado,qty7_as_1,3,21,3
2026-01,LightVehicles,leve,TOYOTA,VELLFIRE,,ICE,usado,qty7_as_1,3,21,3
2026-01,LightVehicles,leve,AUDI,(sin modelo),,ICE,usado,qty7_as_1,2,14,2
2026-01,LightVehicles,leve,DAIHATSU,MIRA,,ICE,usado,qty7_as_1,2,14,2
2026-01,LightVehicles,leve,DODGE,RAM,,ICE,usado,qty7_as_1,2,14,2
2026-01,LightVehicles,leve,FORD,F150,,ICE,usado,qty7_as_1,2,14,2
2026-01,LightVehicles,leve,HYUNDAI,ACCENT,,ICE,usado,qty7_as_1,2,14,2
2026-01,LightVehicles,leve,HYUNDAI,GRAND STAREX,,ICE,usado,qty7_as_1,2,14,2
2026-01,LightVehicles,leve,HYUNDAI,TUCSON IX,,ICE,usado,qty7_as_1,2,14,2
2026-01,LightVehicles,leve,KIA,BONGO III,,ICE,usado,qty7_as_1,2,14,2
2026-01,LightVehicles,leve,MAZDA,(sin modelo),,ICE,usado,qty7_as_1,2,14,2
2026-01,LightVehicles,leve,MAZDA,BONGO,,ICE,usado,qty7_as_1,2,14,2
2026-01,LightVehicles,leve,MERCEDES-BENZ,814,,ICE,usado,qty7_as_1,2,14,2
2026-01,LightVehicles,leve,MERCEDES-BENZ,ATEGO 817,,ICE,usado,qty7_as_1,2,14,2
2026-01,LightVehicles,leve,MERCEDES-BENZ,C250,,ICE,usado,qty7_as_1,2,14,2
2026-01,LightVehicles,leve,MERCEDES-BENZ,SPRINTER 211 KA A/O,,ICE,usado,qty7_as_1,2,14,2
2026-01,LightVehicles,leve,MINI,COOPER,,ICE,usado,qty7_as_1,2,14,2
2026-01,LightVehicles,leve,NISSAN,NOTE,,ICE,usado,qty7_as_1,2,14,2
2026-01,LightVehicles,leve,NISSAN,NOTE A/O,,ICE,usado,qty7_as_1,2,14,2
2026-01,LightVehicles,leve,PORSCHE,BOXSTER,,ICE,usado,qty7_as_1,2,14,2
2026-01,LightVehicles,leve,SCANIA,P94,,ICE,usado,qty7_as_1,2,14,2
2026-01,LightVehicles,leve,SUBARU,IMPREZA WRX STI,,ICE,usado,qty7_as_1,2,14,2
2026-01,LightVehicles,leve,SUBARU,TREZIA,,ICE,usado,qty7_as_1,2,14,2
2026-01,LightVehicles,leve,SUZUKI,(sin modelo),,ICE,usado,qty7_as_1,2,14,2
2026-01,LightVehicles,leve,TOYOTA,4RUNNER,,HEV,nuevo,qty7_as_1,2,14,2
2026-01,LightVehicles,leve,TOYOTA,86,,ICE,usado,qty7_as_1,2,14,2
2026-01,LightVehicles,leve,TOYOTA,CROWN,,ICE,usado,qty7_as_1,2,14,2
2026-01,LightVehicles,leve,TOYOTA,CROWN ROYAL SALOON,,ICE,usado,qty7_as_1,2,14,2
2026-01,LightVehicles,leve,TOYOTA,GRANVIA,,ICE,usado,qty7_as_1,2,14,2
2026-01,LightVehicles,leve,TOYOTA,ISIS PLATANA,,ICE,usado,qty7_as_1,2,14,2
2026-01,LightVehicles,leve,TOYOTA,MARK X A/O,,ICE,usado,qty7_as_1,2,14,2
2026-01,LightVehicles,leve,TOYOTA,PREMIO NAFTERO,,ICE,usado,qty7_as_1,2,14,2
2026-01,LightVehicles,leve,TOYOTA,RUSH NAFTERO,,ICE,usado,qty7_as_1,2,14,2
2026-01,LightVehicles,leve,VOLKSWAGEN,(sin modelo),,ICE,usado,qty7_as_1,2,14,2
2026-01,LightVehicles,leve,ARGO,750 HDI,,ICE,usado,qty7_as_1,1,7,1
2026-01,LightVehicles,leve,AUDI,(sin modelo),,BEV,nuevo,qty7_as_1,1,7,1
2026-01,LightVehicles,leve,AUDI,Q5 2,,ICE,usado,qty7_as_1,1,7,1
2026-01,LightVehicles,leve,BMW,325ES,,ICE,usado,qty7_as_1,1,7,1
2026-01,LightVehicles,leve,BMW,525I,,ICE,usado,qty7_as_1,1,7,1
2026-01,LightVehicles,leve,BMW,X3,,ICE,usado,qty7_as_1,1,7,1
2026-01,LightVehicles,leve,BMW,X4,,ICE,usado,qty7_as_1,1,7,1
2026-01,LightVehicles,leve,BMW,X5,,ICE,usado,qty7_as_1,1,7,1
2026-01,LightVehicles,leve,BMW,X6,,ICE,usado,qty7_as_1,1,7,1
2026-01,LightVehicles,leve,BMW,X7,,ICE,usado,qty7_as_1,1,7,1
2026-01,LightVehicles,leve,BUICK,CASCADA COMVERTIBLE,,ICE,usado,qty7_as_1,1,7,1
2026-01,LightVehicles,leve,BYD,(sin modelo),,BEV,nuevo,qty7_as_1,1,7,1
2026-01,LightVehicles,leve,CADILLAC,ESCALADE 600,,ICE,usado,qty7_as_1,1,7,1
2026-01,LightVehicles,leve,CHEVROLET,CAMARO SS,,ICE,usado,qty7_as_1,1,7,1
2026-01,LightVehicles,leve,CHEVROLET,CORVETT S,,ICE,usado,qty7_as_1,1,7,1
2026-01,LightVehicles,leve,CHEVROLET,CRUZE,,ICE,usado,qty7_as_1,1,7,1
2026-01,LightVehicles,leve,CHEVROLET,PICKUP,,ICE,usado,qty7_as_1,1,7,1
2026-01,LightVehicles,leve,CHRYSLER,TOWN COUNTRY,,ICE,usado,qty7_as_1,1,7,1
2026-01,LightVehicles,leve,DAEWOO,NUBIRA,,ICE,usado,qty7_as_1,1,7,1
2026-01,LightVehicles,leve,DODGE,CHALLANGER,,ICE,usado,qty7_as_1,1,7,1
2026-01,LightVehicles,leve,DODGE,CHALLENGER A O,,ICE,usado,qty7_as_1,1,7,1
2026-01,LightVehicles,leve,FIAT,(sin modelo),,ICE,usado,qty7_as_1,1,7,1
2026-01,LightVehicles,leve,FORD,C-MAX,,ICE,usado,qty7_as_1,1,7,1
2026-01,LightVehicles,leve,FORD,EXPLORER LIMITED,,ICE,usado,qty7_as_1,1,7,1
2026-01,LightVehicles,leve,FORD,F 150,,ICE,usado,qty7_as_1,1,7,1
2026-01,LightVehicles,leve,FORD,F-150,,ICE,usado,qty7_as_1,1,7,1
2026-01,LightVehicles,leve,FORD,F-350 LARIAT SUPER DUTY,,ICE,usado,qty7_as_1,1,7,1
2026-01,LightVehicles,leve,FORD,F350 DOBLE CABINA,,ICE,usado,qty7_as_1,1,7,1
2026-01,LightVehicles,leve,FORD,F350 ROJO A/O,,ICE,usado,qty7_as_1,1,7,1
2026-01,LightVehicles,leve,FORD,FOCUS,,ICE,usado,qty7_as_1,1,7,1
2026-01,LightVehicles,leve,FORD,MUSTANG ECOBOOST PREMIUM,,ICE,usado,qty7_as_1,1,7,1
2026-01,LightVehicles,leve,FORD,MUSTANG GT 5,,ICE,usado,qty7_as_1,1,7,1
2026-01,LightVehicles,leve,FORD,RANGER RAPTOR,,ICE,usado,qty7_as_1,1,7,1
2026-01,LightVehicles,leve,FORD,TRANSIT A/O,,ICE,usado,qty7_as_1,1,7,1
2026-01,LightVehicles,leve,GMC,(sin modelo),,ICE,usado,qty7_as_1,1,7,1
2026-01,LightVehicles,leve,HONDA,(sin modelo),,ICE,usado,qty7_as_1,1,7,1
2026-01,LightVehicles,leve,HONDA,ACTY,,ICE,usado,qty7_as_1,1,7,1
2026-01,LightVehicles,leve,HONDA,CR-V,,ICE,usado,qty7_as_1,1,7,1
2026-01,LightVehicles,leve,HONDA,FIT,,HEV,usado,qty7_as_1,1,7,1
2026-01,LightVehicles,leve,HONDA,HR-V,,ICE,usado,qty7_as_1,1,7,1
2026-01,LightVehicles,leve,HONDA,PILOT,,ICE,usado,qty7_as_1,1,7,1
2026-01,LightVehicles,leve,HYUNDAI,AVANTE,,ICE,usado,qty7_as_1,1,7,1
2026-01,LightVehicles,leve,HYUNDAI,GRAND STAREX USADO,,ICE,usado,qty7_as_1,1,7,1
2026-01,LightVehicles,leve,HYUNDAI,H1,,ICE,usado,qty7_as_1,1,7,1
2026-01,LightVehicles,leve,HYUNDAI,VELOSTER,,ICE,usado,qty7_as_1,1,7,1
2026-01,LightVehicles,leve,HYUNDAI,VERACRUZ,,ICE,usado,qty7_as_1,1,7,1
2026-01,LightVehicles,leve,ISUZU,(sin modelo),,ICE,usado,qty7_as_1,1,7,1
2026-01,LightVehicles,leve,ISUZU,ELF,,ICE,usado,qty7_as_1,1,7,1
2026-01,LightVehicles,leve,IVECO,DAILY A O,,ICE,usado,qty7_as_1,1,7,1
2026-01,LightVehicles,leve,JAGUAR,F-TYPE,,ICE,usado,qty7_as_1,1,7,1
2026-01,LightVehicles,leve,JAGUAR,X-TYPE,,ICE,usado,qty7_as_1,1,7,1
2026-01,LightVehicles,leve,JEEP,GRAND CHEROKEE,,ICE,usado,qty7_as_1,1,7,1
2026-01,LightVehicles,leve,JEEP,RENEGADE ALTITUDE 1,,ICE,nuevo,qty7_as_1,1,7,1
2026-01,LightVehicles,leve,JEEP,WRANGLER A/O,,ICE,usado,qty7_as_1,1,7,1
2026-01,LightVehicles,leve,JEEP,WRANGLER UNLIMITED SPORT,,ICE,usado,qty7_as_1,1,7,1
2026-01,LightVehicles,leve,KIA,K3,,ICE,usado,qty7_as_1,1,7,1
2026-01,LightVehicles,leve,KIA,K5,,HEV,usado,qty7_as_1,1,7,1
2026-01,LightVehicles,leve,KIA,KIA BONGO 3ANO,,ICE,usado,qty7_as_1,1,7,1
2026-01,LightVehicles,leve,KIA,MORNING,,ICE,usado,qty7_as_1,1,7,1
2026-01,LightVehicles,leve,KIA,SORTAGE,,ICE,usado,qty7_as_1,1,7,1
2026-01,LightVehicles,leve,LAMBORGHINI,(sin modelo),,ICE,usado,qty7_as_1,1,7,1
2026-01,LightVehicles,leve,LANCIA,DELTA HF EVOLUZIONE,,ICE,usado,qty7_as_1,1,7,1
2026-01,LightVehicles,leve,LINCOLN,TOWN CAR,,ICE,usado,qty7_as_1,1,7,1
2026-01,LightVehicles,leve,MAZDA,CX-3,,ICE,usado,qty7_as_1,1,7,1
2026-01,LightVehicles,leve,MAZDA,DELO CX-5,,ICE,usado,qty7_as_1,1,7,1
2026-01,LightVehicles,leve,MAZDA,MAZDA3 2,,ICE,usado,qty7_as_1,1,7,1
2026-01,LightVehicles,leve,MAZDA,TITAN,,ICE,usado,qty7_as_1,1,7,1
2026-01,LightVehicles,leve,MERCEDES-BENZ,1117,,ICE,usado,qty7_as_1,1,7,1
2026-01,LightVehicles,leve,MERCEDES-BENZ,1317,,ICE,usado,qty7_as_1,1,7,1
2026-01,LightVehicles,leve,MERCEDES-BENZ,818,,ICE,usado,qty7_as_1,1,7,1
2026-01,LightVehicles,leve,MERCEDES-BENZ,970,,ICE,usado,qty7_as_1,1,7,1
2026-01,LightVehicles,leve,MERCEDES-BENZ,ATEGO 823,,ICE,usado,qty7_as_1,1,7,1
2026-01,LightVehicles,leve,MERCEDES-BENZ,C200,,ICE,usado,qty7_as_1,1,7,1
2026-01,LightVehicles,leve,MERCEDES-BENZ,C220,,ICE,usado,qty7_as_1,1,7,1
2026-01,LightVehicles,leve,MERCEDES-BENZ,C220 -CDI,,ICE,usado,qty7_as_1,1,7,1
2026-01,LightVehicles,leve,MERCEDES-BENZ,C220 A/O,,ICE,usado,qty7_as_1,1,7,1
2026-01,LightVehicles,leve,MERCEDES-BENZ,C220 CDI,,ICE,usado,qty7_as_1,1,7,1
2026-01,LightVehicles,leve,MERCEDES-BENZ,C230 A/O,,ICE,usado,qty7_as_1,1,7,1
2026-01,LightVehicles,leve,MERCEDES-BENZ,C300 COUPE,,ICE,usado,qty7_as_1,1,7,1
2026-01,LightVehicles,leve,MERCEDES-BENZ,CL55 AMG,,ICE,usado,qty7_as_1,1,7,1
2026-01,LightVehicles,leve,MERCEDES-BENZ,CLA 200D,,ICE,usado,qty7_as_1,1,7,1
2026-01,LightVehicles,leve,MERCEDES-BENZ,CLS500,,ICE,usado,qty7_as_1,1,7,1
2026-01,LightVehicles,leve,MERCEDES-BENZ,E190,,ICE,usado,qty7_as_1,1,7,1
2026-01,LightVehicles,leve,MERCEDES-BENZ,E220D,,ICE,usado,qty7_as_1,1,7,1
2026-01,LightVehicles,leve,MERCEDES-BENZ,E320,,ICE,usado,qty7_as_1,1,7,1
2026-01,LightVehicles,leve,MERCEDES-BENZ,EQA,,BEV,nuevo,qty7_as_1,1,7,1
2026-01,LightVehicles,leve,MERCEDES-BENZ,G63,,ICE,usado,qty7_as_1,1,7,1
2026-01,LightVehicles,leve,MERCEDES-BENZ,GLC 220 D,,ICE,usado,qty7_as_1,1,7,1
2026-01,LightVehicles,leve,MERCEDES-BENZ,GLS450,,ICE,usado,qty7_as_1,1,7,1
2026-01,LightVehicles,leve,MERCEDES-BENZ,ML320,,ICE,usado,qty7_as_1,1,7,1
2026-01,LightVehicles,leve,MERCEDES-BENZ,ML350 BLUETEC,,ICE,usado,qty7_as_1,1,7,1
2026-01,LightVehicles,leve,MERCEDES-BENZ,SL 55 AMG,,ICE,usado,qty7_as_1,1,7,1
2026-01,LightVehicles,leve,MERCEDES-BENZ,SL500,,ICE,usado,qty7_as_1,1,7,1
2026-01,LightVehicles,leve,MERCEDES-BENZ,SLK 350,,ICE,usado,qty7_as_1,1,7,1
2026-01,LightVehicles,leve,MITSUBISHI,CANTER T,,ICE,usado,qty7_as_1,1,7,1
2026-01,LightVehicles,leve,MITSUBISHI,FUSO CANTER GUTS,,ICE,usado,qty7_as_1,1,7,1
2026-01,LightVehicles,leve,MITSUBISHI,OUTLANDER,,ICE,usado,qty7_as_1,1,7,1
2026-01,LightVehicles,leve,MITSUBISHI,PAJEROANHO,,ICE,usado,qty7_as_1,1,7,1
2026-01,LightVehicles,leve,MITSUBISHI FUSO,(sin modelo),,ICE,usado,qty7_as_1,1,7,1
2026-01,LightVehicles,leve,NISSAN,370Z,,ICE,usado,qty7_as_1,1,7,1
2026-01,LightVehicles,leve,NISSAN,CONDOR,,ICE,usado,qty7_as_1,1,7,1
2026-01,LightVehicles,leve,NISSAN,FAIRLADAY Z,,ICE,usado,qty7_as_1,1,7,1
2026-01,LightVehicles,leve,NISSAN,FAIRLADY,,ICE,usado,qty7_as_1,1,7,1
2026-01,LightVehicles,leve,NISSAN,NAVARA,,ICE,usado,qty7_as_1,1,7,1
2026-01,LightVehicles,leve,OPEL,2,,ICE,usado,qty7_as_1,1,7,1
2026-01,LightVehicles,leve,PEUGEOT,208 RALLY 4,,ICE,usado,qty7_as_1,1,7,1
2026-01,LightVehicles,leve,PORSCHE,911,,ICE,usado,qty7_as_1,1,7,1
2026-01,LightVehicles,leve,PORSCHE,924,,ICE,usado,qty7_as_1,1,7,1
2026-01,LightVehicles,leve,PORSCHE,CAYENNE,,ICE,usado,qty7_as_1,1,7,1
2026-01,LightVehicles,leve,PORSCHE,CAYENNE A/O,,ICE,usado,qty7_as_1,1,7,1
2026-01,LightVehicles,leve,PORSCHE,CAYMAN,,ICE,usado,qty7_as_1,1,7,1
2026-01,LightVehicles,leve,RAM,RAMPAGE LARAMIE 2,,ICE,nuevo,qty7_as_1,1,7,1
2026-01,LightVehicles,leve,RENAULT,LUTECIA,,ICE,usado,qty7_as_1,1,7,1
2026-01,LightVehicles,leve,SIN MARCA,RACTIS,,ICE,usado,qty7_as_1,1,7,1
2026-01,LightVehicles,leve,SSANGYONG,KORANDO,,ICE,usado,qty7_as_1,1,7,1
2026-01,LightVehicles,leve,SUBARU,IMPREZA A/O,,ICE,usado,qty7_as_1,1,7,1
2026-01,LightVehicles,leve,SUBARU,IMPREZA ANESIS,,ICE,usado,qty7_as_1,1,7,1
2026-01,LightVehicles,leve,SUBARU,IMPREZA O,,ICE,usado,qty7_as_1,1,7,1
2026-01,LightVehicles,leve,SUBARU,RACTIS,,ICE,usado,qty7_as_1,1,7,1
2026-01,LightVehicles,leve,SUBARU,TREZIA A/O,,ICE,usado,qty7_as_1,1,7,1
2026-01,LightVehicles,leve,SUBARU,WRX,,ICE,usado,qty7_as_1,1,7,1
2026-01,LightVehicles,leve,SUBARU,WRX S4 GT,,ICE,usado,qty7_as_1,1,7,1
2026-01,LightVehicles,leve,SUBARU,WRX S4 GT-S245,,ICE,usado,qty7_as_1,1,7,1
2026-01,LightVehicles,leve,TOYOTA,86GT,,ICE,usado,qty7_as_1,1,7,1
2026-01,LightVehicles,leve,TOYOTA,AQUA,,HEV,usado,qty7_as_1,1,7,1
2026-01,LightVehicles,leve,TOYOTA,AQUA,,ICE,usado,qty7_as_1,1,7,1
2026-01,LightVehicles,leve,TOYOTA,AURIS,,HEV,usado,qty7_as_1,1,7,1
2026-01,LightVehicles,leve,TOYOTA,AXIO,,ICE,usado,qty7_as_1,1,7,1
2026-01,LightVehicles,leve,TOYOTA,C-HR,,HEV,usado,qty7_as_1,1,7,1
2026-01,LightVehicles,leve,TOYOTA,CALDINA,,ICE,usado,qty7_as_1,1,7,1
2026-01,LightVehicles,leve,TOYOTA,CAMRY,,HEV,usado,qty7_as_1,1,7,1
2026-01,LightVehicles,leve,TOYOTA,CAMRY,,ICE,usado,qty7_as_1,1,7,1
2026-01,LightVehicles,leve,TOYOTA,CELICA,,ICE,usado,qty7_as_1,1,7,1
2026-01,LightVehicles,leve,TOYOTA,CROWM ATHLETE,,ICE,usado,qty7_as_1,1,7,1
2026-01,LightVehicles,leve,TOYOTA,CROWN ATHLETE A/O,,ICE,usado,qty7_as_1,1,7,1
2026-01,LightVehicles,leve,TOYOTA,CROWN ROYAL,,ICE,usado,qty7_as_1,1,7,1
2026-01,LightVehicles,leve,TOYOTA,ESQUIRE,,ICE,usado,qty7_as_1,1,7,1
2026-01,LightVehicles,leve,TOYOTA,GT86,,ICE,usado,qty7_as_1,1,7,1
2026-01,LightVehicles,leve,TOYOTA,HIACE DX,,ICE,usado,qty7_as_1,1,7,1
2026-01,LightVehicles,leve,TOYOTA,HIACE REGUIS,,ICE,usado,qty7_as_1,1,7,1
2026-01,LightVehicles,leve,TOYOTA,HIACE SUPER GL,,ICE,usado,qty7_as_1,1,7,1
2026-01,LightVehicles,leve,TOYOTA,IMPREZA,,ICE,usado,qty7_as_1,1,7,1
2026-01,LightVehicles,leve,TOYOTA,IMPREZA WRX,,ICE,usado,qty7_as_1,1,7,1
2026-01,LightVehicles,leve,TOYOTA,ITS,,ICE,usado,qty7_as_1,1,7,1
2026-01,LightVehicles,leve,TOYOTA,PASSO,,ICE,usado,qty7_as_1,1,7,1
2026-01,LightVehicles,leve,TOYOTA,PORTE,,ICE,usado,qty7_as_1,1,7,1
2026-01,LightVehicles,leve,TOYOTA,PRADO,,ICE,usado,qty7_as_1,1,7,1
2026-01,LightVehicles,leve,TOYOTA,REGIUS ACE,,ICE,usado,qty7_as_1,1,7,1
2026-01,LightVehicles,leve,TOYOTA,REGIUSACE,,ICE,usado,qty7_as_1,1,7,1
2026-01,LightVehicles,leve,TOYOTA,RSCTIS,,ICE,usado,qty7_as_1,1,7,1
2026-01,LightVehicles,leve,TOYOTA,SPACIO,,ICE,usado,qty7_as_1,1,7,1
2026-01,LightVehicles,leve,TOYOTA,STARLET,,ICE,usado,qty7_as_1,1,7,1
2026-01,LightVehicles,leve,TOYOTA,TOWNACE,,ICE,usado,qty7_as_1,1,7,1
2026-01,LightVehicles,leve,TOYOTA,TOYOACE A/O MOD,,ICE,usado,qty7_as_1,1,7,1
2026-01,LightVehicles,leve,TOYOTA,TUNDRA,,ICE,usado,qty7_as_1,1,7,1
2026-01,LightVehicles,leve,TOYOTA,VITZ,,HEV,usado,qty7_as_1,1,7,1
2026-01,LightVehicles,leve,TOYOTA,VVITZ,,ICE,usado,qty7_as_1,1,7,1
2026-01,LightVehicles,leve,TOYOTA,YARIS,,ICE,usado,qty7_as_1,1,7,1
2026-01,LightVehicles,leve,VOLKSWAGEN,FASTBACK TYPE 3 A RESTAURAR,,ICE,usado,qty7_as_1,1,7,1
2026-01,LightVehicles,leve,VOLKSWAGEN,JETTA,,ICE,usado,qty7_as_1,1,7,1
2026-01,LightVehicles,leve,VOLKSWAGEN,KARMAN GHIA CONVERTIBLE,,ICE,usado,qty7_as_1,1,7,1
2026-01,LightVehicles,leve,VOLKSWAGEN,PASSAT 1,,ICE,usado,qty7_as_1,1,7,1
2026-01,LightVehicles,leve,VOLKSWAGEN,SCRIROCCO,,ICE,usado,qty7_as_1,1,7,1
2026-01,LightVehicles,leve,VOLKSWAGEN,TOUAREG A/O,,ICE,usado,qty7_as_1,1,7,1
2026-01,LightVehicles,pesado,MERCEDES-BENZ,ATEGO,,ICE,usado,qty7_as_1,7,49,7
2026-01,LightVehicles,pesado,SCANIA,(sin modelo),,ICE,usado,qty7_as_1,7,49,7
2026-01,LightVehicles,pesado,SCANIA,R420,,ICE,usado,qty7_as_1,6,42,6
2026-01,LightVehicles,pesado,MERCEDES-BENZ,(sin modelo),,ICE,usado,qty7_as_1,5,35,5
2026-01,LightVehicles,pesado,MERCEDES-BENZ,815,,ICE,usado,qty7_as_1,5,35,5
2026-01,LightVehicles,pesado,MERCEDES-BENZ,814,,ICE,usado,qty7_as_1,3,21,3
2026-01,LightVehicles,pesado,SCANIA,124,,ICE,usado,qty7_as_1,3,21,3
2026-01,LightVehicles,pesado,SCANIA,P94,,ICE,usado,qty7_as_1,3,21,3
2026-01,LightVehicles,pesado,MERCEDES-BENZ,1317,,ICE,usado,qty7_as_1,2,14,2
2026-01,LightVehicles,pesado,MERCEDES-BENZ,809,,ICE,usado,qty7_as_1,2,14,2
2026-01,LightVehicles,pesado,SCANIA,P 360,,ICE,usado,qty7_as_1,2,14,2
2026-01,LightVehicles,pesado,SCANIA,P94 260,,ICE,usado,qty7_as_1,2,14,2
2026-01,LightVehicles,pesado,SCANIA,R124,,ICE,usado,qty7_as_1,2,14,2
2026-01,LightVehicles,pesado,FORD,F75,,ICE,usado,qty7_as_1,1,7,1
2026-01,LightVehicles,pesado,IVECO,(sin modelo),,ICE,usado,qty7_as_1,1,7,1
2026-01,LightVehicles,pesado,MERCEDES-BENZ,1117,,ICE,usado,qty7_as_1,1,7,1
2026-01,LightVehicles,pesado,MERCEDES-BENZ,1218,,ICE,usado,qty7_as_1,1,7,1
2026-01,LightVehicles,pesado,MERCEDES-BENZ,1222,,ICE,usado,qty7_as_1,1,7,1
2026-01,LightVehicles,pesado,MERCEDES-BENZ,1320,,ICE,usado,qty7_as_1,1,7,1
2026-01,LightVehicles,pesado,MERCEDES-BENZ,815 A/O,,ICE,usado,qty7_as_1,1,7,1
2026-01,LightVehicles,pesado,MERCEDES-BENZ,817,,ICE,usado,qty7_as_1,1,7,1
2026-01,LightVehicles,pesado,MERCEDES-BENZ,818,,ICE,usado,qty7_as_1,1,7,1
2026-01,LightVehicles,pesado,MERCEDES-BENZ,ATEGO 815,,ICE,usado,qty7_as_1,1,7,1
2026-01,LightVehicles,pesado,MERCEDES-BENZ,ATEGO 818,,ICE,usado,qty7_as_1,1,7,1
2026-01,LightVehicles,pesado,MERCEDES-BENZ,ATEGO 917,,ICE,usado,qty7_as_1,1,7,1
2026-01,LightVehicles,pesado,MITSUBISHI,CANTER,,ICE,usado,qty7_as_1,1,7,1
2026-01,LightVehicles,pesado,MITSUBISHI,CANTER CON CAJA BASCULANTE,,ICE,usado,qty7_as_1,1,7,1
2026-01,LightVehicles,pesado,NISSAN,ATLEON A O,,ICE,usado,qty7_as_1,1,7,1
2026-01,LightVehicles,pesado,NISSAN,L-60,,ICE,usado,qty7_as_1,1,7,1
2026-01,LightVehicles,pesado,PEGASO,1226,,ICE,usado,qty7_as_1,1,7,1
2026-01,LightVehicles,pesado,PEUGEOT,EXPERT A O,,ICE,usado,qty7_as_1,1,7,1
2026-01,LightVehicles,pesado,RENAULT,385,,ICE,usado,qty7_as_1,1,7,1
2026-01,LightVehicles,pesado,RENAULT,M210 A O,,ICE,usado,qty7_as_1,1,7,1
2026-01,LightVehicles,pesado,SCANIA,114/380,,ICE,usado,qty7_as_1,1,7,1
2026-01,LightVehicles,pesado,SCANIA,94 - 300,,ICE,usado,qty7_as_1,1,7,1
2026-01,LightVehicles,pesado,SCANIA,94 - 340,,ICE,usado,qty7_as_1,1,7,1
2026-01,LightVehicles,pesado,SCANIA,G420,,ICE,usado,qty7_as_1,1,7,1
2026-01,LightVehicles,pesado,SCANIA,P 280,,ICE,usado,qty7_as_1,1,7,1
2026-01,LightVehicles,pesado,SCANIA,P 93,,ICE,usado,qty7_as_1,1,7,1
2026-01,LightVehicles,pesado,SCANIA,P230,,ICE,usado,qty7_as_1,1,7,1
2026-01,LightVehicles,pesado,SCANIA,P310,,ICE,usado,qty7_as_1,1,7,1
2026-01,LightVehicles,pesado,SCANIA,P340,,ICE,usado,qty7_as_1,1,7,1
2026-01,LightVehicles,pesado,SCANIA,P93,,ICE,usado,qty7_as_1,1,7,1
2026-01,LightVehicles,pesado,SCANIA,P94 - 310,,ICE,usado,qty7_as_1,1,7,1
2026-01,LightVehicles,pesado,SCANIA,P94 310,,ICE,usado,qty7_as_1,1,7,1
2026-01,LightVehicles,pesado,SCANIA,R270,,ICE,usado,qty7_as_1,1,7,1
2026-01,LightVehicles,pesado,VOLVO,FL612,,ICE,usado,qty7_as_1,1,7,1
2026-01,LightVehicles,recreativo,EXCAR,(sin modelo),,ICE,nuevo,qty7_as_1,11,77,11
2026-01,LightVehicles,recreativo,EZGO,GOLF CART,,ICE,usado,qty7_as_1,1,7,1
2026-01,LightVehicles,recreativo,EZGO,TXT ELECTRIC,,ICE,usado,qty7_as_1,1,7,1
2026-02,LightVehicles,leve,TOYOTA,VITZ,,ICE,usado,qty7_as_1,1055,7385,1055
2026-02,LightVehicles,leve,KIA,SPORTAGE,,ICE,usado,qty7_as_1,449,3143,449
2026-02,LightVehicles,leve,TOYOTA,RACTIS,,ICE,usado,qty7_as_1,445,3115,445
2026-02,LightVehicles,leve,TOYOTA,(sin modelo),,ICE,usado,qty7_as_1,380,2660,380
2026-02,LightVehicles,leve,TOYOTA,AURIS,,ICE,usado,qty7_as_1,316,2212,316
2026-02,LightVehicles,leve,TOYOTA,PREMIO,,ICE,usado,qty7_as_1,187,1309,187
2026-02,LightVehicles,leve,TOYOTA,SIENTA,,ICE,usado,qty7_as_1,179,1253,179
2026-02,LightVehicles,leve,TOYOTA,ALLION,,ICE,usado,qty7_as_1,172,1204,172
2026-02,LightVehicles,leve,TOYOTA,VOXY,,ICE,usado,qty7_as_1,151,1057,151
2026-02,LightVehicles,leve,TOYOTA,WISH,,ICE,usado,qty7_as_1,148,1036,148
2026-02,LightVehicles,leve,TOYOTA,NOAH,,ICE,usado,qty7_as_1,139,973,139
2026-02,LightVehicles,leve,TOYOTA,IST,,ICE,usado,qty7_as_1,103,721,103
2026-02,LightVehicles,leve,MITSUBISHI,CANTER,,ICE,usado,qty7_as_1,64,448,64
2026-02,LightVehicles,leve,JETOUR,(sin modelo),,ICE,nuevo,qty7_as_1,52,364,52
2026-02,LightVehicles,leve,TOYOTA,COROLLA,,ICE,usado,qty7_as_1,49,343,49
2026-02,LightVehicles,leve,HYUNDAI,SANTA FE,,ICE,usado,qty7_as_1,48,336,48
2026-02,LightVehicles,leve,HYUNDAI,TUCSON,,ICE,usado,qty7_as_1,41,287,41
2026-02,LightVehicles,leve,MITSUBISHI,(sin modelo),,ICE,usado,qty7_as_1,40,280,40
2026-02,LightVehicles,leve,DAIHATSU,MOVE,,ICE,usado,qty7_as_1,32,224,32
2026-02,LightVehicles,leve,HYUNDAI,(sin modelo),,ICE,usado,qty7_as_1,30,210,30
2026-02,LightVehicles,leve,TOYOTA,FUNCARGO,,ICE,usado,qty7_as_1,28,196,28
2026-02,LightVehicles,leve,TOYOTA,BELTA,,ICE,usado,qty7_as_1,24,168,24
2026-02,LightVehicles,leve,NISSAN,ATLAS,,ICE,usado,qty7_as_1,23,161,23
2026-02,LightVehicles,leve,TOYOTA,COROLLA AXIO,,ICE,usado,qty7_as_1,22,154,22
2026-02,LightVehicles,leve,TOYOTA,CROWN ATHLETE,,ICE,usado,qty7_as_1,21,147,21
2026-02,LightVehicles,leve,MITSUBISHI,CANTER GUTS,,ICE,usado,qty7_as_1,20,140,20
2026-02,LightVehicles,leve,SUBARU,(sin modelo),,ICE,usado,qty7_as_1,19,133,19
2026-02,LightVehicles,leve,TOYOTA,RUSH,,ICE,usado,qty7_as_1,19,133,19
2026-02,LightVehicles,leve,NISSAN,(sin modelo),,ICE,usado,qty7_as_1,18,126,18
2026-02,LightVehicles,leve,SUBARU,IMPREZA,,ICE,usado,qty7_as_1,18,126,18
2026-02,LightVehicles,leve,TOYOTA,HILUX,,ICE,usado,qty7_as_1,18,126,18
2026-02,LightVehicles,leve,KIA,(sin modelo),,ICE,usado,qty7_as_1,15,105,15
2026-02,LightVehicles,leve,TOYOTA,ALLEX,,ICE,usado,qty7_as_1,14,98,14
2026-02,LightVehicles,leve,KIA,SORENTO,,ICE,usado,qty7_as_1,13,91,13
2026-02,LightVehicles,leve,KIA,K5,,ICE,usado,qty7_as_1,12,84,12
2026-02,LightVehicles,leve,MITSUBISHI,CANTER FUSO,,ICE,usado,qty7_as_1,11,77,11
2026-02,LightVehicles,leve,SUZUKI,SWIFT,,ICE,usado,qty7_as_1,11,77,11
2026-02,LightVehicles,leve,BMW,320D,,ICE,usado,qty7_as_1,10,70,10
2026-02,LightVehicles,leve,TOYOTA,LAND CRUISER PRADO,,ICE,usado,qty7_as_1,10,70,10
2026-02,LightVehicles,leve,DAIHATSU,MOVE CUSTOM,,ICE,usado,qty7_as_1,9,63,9
2026-02,LightVehicles,leve,MERCEDES-BENZ,(sin modelo),,ICE,usado,qty7_as_1,8,56,8
2026-02,LightVehicles,leve,NISSAN,MARCH,,ICE,usado,qty7_as_1,8,56,8
2026-02,LightVehicles,leve,BMW,(sin modelo),,ICE,usado,qty7_as_1,7,49,7
2026-02,LightVehicles,leve,FORD,MUSTANG,,ICE,usado,qty7_as_1,7,49,7
2026-02,LightVehicles,leve,MAZDA,DEMIO,,ICE,usado,qty7_as_1,7,49,7
2026-02,LightVehicles,leve,TOYOTA,AQUA,,HEV,usado,qty7_as_1,7,49,7
2026-02,LightVehicles,leve,TOYOTA,MARK X,,ICE,usado,qty7_as_1,7,49,7
2026-02,LightVehicles,leve,TOYOTA,REGIUS,,ICE,usado,qty7_as_1,7,49,7
2026-02,LightVehicles,leve,MERCEDES-BENZ,ATEGO,,ICE,usado,qty7_as_1,6,42,6
2026-02,LightVehicles,leve,SUBARU,TREZIA,,ICE,usado,qty7_as_1,6,42,6
2026-02,LightVehicles,leve,TOYOTA,COROLLA CROSS,,HEV,nuevo,qty7_as_1,6,42,6
2026-02,LightVehicles,leve,TOYOTA,COROLLA FIELDER,,ICE,usado,qty7_as_1,6,42,6
2026-02,LightVehicles,leve,TOYOTA,HIACE,,ICE,usado,qty7_as_1,6,42,6
2026-02,LightVehicles,leve,HYUNDAI,PORTER II,,ICE,usado,qty7_as_1,5,35,5
2026-02,LightVehicles,leve,MERCEDES-BENZ,ATEGO 815,,ICE,usado,qty7_as_1,5,35,5
2026-02,LightVehicles,leve,MERCEDES-BENZ,C250,,ICE,usado,qty7_as_1,5,35,5
2026-02,LightVehicles,leve,SUZUKI,(sin modelo),,ICE,usado,qty7_as_1,5,35,5
2026-02,LightVehicles,leve,TOYOTA,CROWN,,ICE,usado,qty7_as_1,5,35,5
2026-02,LightVehicles,leve,BYD,(sin modelo),,BEV,nuevo,qty7_as_1,4,28,4
2026-02,LightVehicles,leve,DODGE,CHALLENGER,,ICE,usado,qty7_as_1,4,28,4
2026-02,LightVehicles,leve,HINO,DUTRO,,ICE,usado,qty7_as_1,4,28,4
2026-02,LightVehicles,leve,KIA,CARNIVAL,,ICE,usado,qty7_as_1,4,28,4
2026-02,LightVehicles,leve,NISSAN,DATSUN,,ICE,usado,qty7_as_1,4,28,4
2026-02,LightVehicles,leve,NISSAN,FAIRLADY Z,,ICE,usado,qty7_as_1,4,28,4
2026-02,LightVehicles,leve,TOYOTA,DYNA,,ICE,usado,qty7_as_1,4,28,4
2026-02,LightVehicles,leve,TOYOTA,GT86,,ICE,usado,qty7_as_1,4,28,4
2026-02,LightVehicles,leve,TOYOTA,IQ,,ICE,usado,qty7_as_1,4,28,4
2026-02,LightVehicles,leve,TOYOTA,LAND CRUISER,,ICE,nuevo,qty7_as_1,4,28,4
2026-02,LightVehicles,leve,BMW,520D,,ICE,usado,qty7_as_1,3,21,3
2026-02,LightVehicles,leve,DAIHATSU,MIRA,,ICE,usado,qty7_as_1,3,21,3
2026-02,LightVehicles,leve,FORD,MUSTANG GT,,ICE,usado,qty7_as_1,3,21,3
2026-02,LightVehicles,leve,HYUNDAI,GRAND STAREX,,ICE,usado,qty7_as_1,3,21,3
2026-02,LightVehicles,leve,HYUNDAI,MAXCRUZ,,ICE,usado,qty7_as_1,3,21,3
2026-02,LightVehicles,leve,JEEP,WRANGLER,,ICE,usado,qty7_as_1,3,21,3
2026-02,LightVehicles,leve,JETOUR,T2,,ICE,nuevo,qty7_as_1,3,21,3
2026-02,LightVehicles,leve,KIA,K3,,ICE,usado,qty7_as_1,3,21,3
2026-02,LightVehicles,leve,MAZDA,(sin modelo),,ICE,usado,qty7_as_1,3,21,3
2026-02,LightVehicles,leve,MERCEDES-BENZ,814,,ICE,usado,qty7_as_1,3,21,3
2026-02,LightVehicles,leve,MERCEDES-BENZ,C200 CGI,,ICE,usado,qty7_as_1,3,21,3
2026-02,LightVehicles,leve,MERCEDES-BENZ,E350,,ICE,usado,qty7_as_1,3,21,3
2026-02,LightVehicles,leve,MITSUBISHI,FUSO,,ICE,usado,qty7_as_1,3,21,3
2026-02,LightVehicles,leve,NISSAN,JUKE,,ICE,usado,qty7_as_1,3,21,3
2026-02,LightVehicles,leve,PORSCHE,(sin modelo),,ICE,usado,qty7_as_1,3,21,3
2026-02,LightVehicles,leve,TOYOTA,AXIO,,ICE,usado,qty7_as_1,3,21,3
2026-02,LightVehicles,leve,TOYOTA,LITEACE,,ICE,usado,qty7_as_1,3,21,3
2026-02,LightVehicles,leve,TOYOTA,PLATZ,,ICE,usado,qty7_as_1,3,21,3
2026-02,LightVehicles,leve,TOYOTA,PREMIO A O,,ICE,usado,qty7_as_1,3,21,3
2026-02,LightVehicles,leve,TOYOTA,RUNX,,ICE,usado,qty7_as_1,3,21,3
2026-02,LightVehicles,leve,TOYOTA,VELLFIRE,,ICE,usado,qty7_as_1,3,21,3
2026-02,LightVehicles,leve,TOYOTA,YARIS,,ICE,usado,qty7_as_1,3,21,3
2026-02,LightVehicles,leve,AUDI,TT,,ICE,usado,qty7_as_1,2,14,2
2026-02,LightVehicles,leve,BMW,X5,,ICE,usado,qty7_as_1,2,14,2
2026-02,LightVehicles,leve,BMW,X6,,ICE,usado,qty7_as_1,2,14,2
2026-02,LightVehicles,leve,CHEVROLET,CORVETTE,,ICE,usado,qty7_as_1,2,14,2
2026-02,LightVehicles,leve,DAIHATSU,HIJET,,ICE,usado,qty7_as_1,2,14,2
2026-02,LightVehicles,leve,DODGE,(sin modelo),,ICE,usado,qty7_as_1,2,14,2
2026-02,LightVehicles,leve,FORD,F-350,,ICE,usado,qty7_as_1,2,14,2
2026-02,LightVehicles,leve,FORD,F150,,ICE,usado,qty7_as_1,2,14,2
2026-02,LightVehicles,leve,HONDA,ACTY,,ICE,usado,qty7_as_1,2,14,2
2026-02,LightVehicles,leve,HUMMER,H3,,ICE,usado,qty7_as_1,2,14,2
2026-02,LightVehicles,leve,HYUNDAI,AVANTE,,ICE,usado,qty7_as_1,2,14,2
2026-02,LightVehicles,leve,KIA,K5 A,,ICE,usado,qty7_as_1,2,14,2
2026-02,LightVehicles,leve,MERCEDES-BENZ,E200,,ICE,usado,qty7_as_1,2,14,2
2026-02,LightVehicles,leve,MINI,(sin modelo),,ICE,usado,qty7_as_1,2,14,2
2026-02,LightVehicles,leve,MINI,COOPER S,,ICE,usado,qty7_as_1,2,14,2
2026-02,LightVehicles,leve,MITSUBISHI,JEEP,,ICE,usado,qty7_as_1,2,14,2
2026-02,LightVehicles,leve,MITSUBISHI,PAJERO,,ICE,usado,qty7_as_1,2,14,2
2026-02,LightVehicles,leve,NISSAN,370Z,,ICE,usado,qty7_as_1,2,14,2
2026-02,LightVehicles,leve,NISSAN,VANETTE,,ICE,usado,qty7_as_1,2,14,2
2026-02,LightVehicles,leve,PORSCHE,CAYENNE,,ICE,usado,qty7_as_1,2,14,2
2026-02,LightVehicles,leve,SUBARU,BRZ,,ICE,usado,qty7_as_1,2,14,2
2026-02,LightVehicles,leve,SUZUKI,ALTO,,ICE,usado,qty7_as_1,2,14,2
2026-02,LightVehicles,leve,SUZUKI,SPLASH,,ICE,usado,qty7_as_1,2,14,2
2026-02,LightVehicles,leve,TOYOTA,(sin modelo),,HEV,usado,qty7_as_1,2,14,2
2026-02,LightVehicles,leve,TOYOTA,AURIS,,HEV,usado,qty7_as_1,2,14,2
2026-02,LightVehicles,leve,TOYOTA,ESQUIRE,,ICE,usado,qty7_as_1,2,14,2
2026-02,LightVehicles,leve,TOYOTA,FIELDER,,ICE,usado,qty7_as_1,2,14,2
2026-02,LightVehicles,leve,TOYOTA,FORTUNER,,ICE,usado,qty7_as_1,2,14,2
2026-02,LightVehicles,leve,TOYOTA,GRAND HIACE,,ICE,usado,qty7_as_1,2,14,2
2026-02,LightVehicles,leve,TOYOTA,GRANVIA,,ICE,usado,qty7_as_1,2,14,2
2026-02,LightVehicles,leve,TOYOTA,HIACE GRAND CABIN G,,ICE,usado,qty7_as_1,2,14,2
2026-02,LightVehicles,leve,TOYOTA,LAND CRUISER,,ICE,usado,qty7_as_1,2,14,2
2026-02,LightVehicles,leve,TOYOTA,RUMION,,ICE,usado,qty7_as_1,2,14,2
2026-02,LightVehicles,leve,TOYOTA,TACOMA,,ICE,usado,qty7_as_1,2,14,2
2026-02,LightVehicles,leve,TOYOTA,TOURING HIACE,,ICE,usado,qty7_as_1,2,14,2
2026-02,LightVehicles,leve,VOLKSWAGEN,NOTCHBACK,,ICE,usado,qty7_as_1,2,14,2
2026-02,LightVehicles,leve,ALFA ROMEO,GIULETTA,,ICE,usado,qty7_as_1,1,7,1
2026-02,LightVehicles,leve,ALFA ROMEO,STELVIO A/O,,ICE,usado,qty7_as_1,1,7,1
2026-02,LightVehicles,leve,AUDI,Q2,,ICE,usado,qty7_as_1,1,7,1
2026-02,LightVehicles,leve,AUDI,Q5 2,,ICE,nuevo,qty7_as_1,1,7,1
2026-02,LightVehicles,leve,BMW,120I SEDAN,,ICE,usado,qty7_as_1,1,7,1
2026-02,LightVehicles,leve,BMW,320D A,,ICE,usado,qty7_as_1,1,7,1
2026-02,LightVehicles,leve,BMW,320I,,ICE,usado,qty7_as_1,1,7,1
2026-02,LightVehicles,leve,BMW,328I,,ICE,usado,qty7_as_1,1,7,1
2026-02,LightVehicles,leve,BMW,330CI,,ICE,usado,qty7_as_1,1,7,1
2026-02,LightVehicles,leve,BMW,528I,,ICE,usado,qty7_as_1,1,7,1
2026-02,LightVehicles,leve,BMW,650I,,ICE,usado,qty7_as_1,1,7,1
2026-02,LightVehicles,leve,BMW,EOO 320I,,ICE,usado,qty7_as_1,1,7,1
2026-02,LightVehicles,leve,BMW,M240I,,ICE,usado,qty7_as_1,1,7,1
2026-02,LightVehicles,leve,BMW,M6,,ICE,usado,qty7_as_1,1,7,1
2026-02,LightVehicles,leve,BMW,X4 XDRIVE 20I,,ICE,usado,qty7_as_1,1,7,1
2026-02,LightVehicles,leve,BMW,X6 DIESEL,,ICE,usado,qty7_as_1,1,7,1
2026-02,LightVehicles,leve,BMW,Z3,,ICE,usado,qty7_as_1,1,7,1
2026-02,LightVehicles,leve,BYD,SEAGULL,INTELLIGENT DRIVING VERSION 405KM,BEV,nuevo,qty7_as_1,1,7,1
2026-02,LightVehicles,leve,BYD,SONG PLUS,,BEV,nuevo,qty7_as_1,1,7,1
2026-02,LightVehicles,leve,CADILLAC,ESCALADE,,ICE,usado,qty7_as_1,1,7,1
2026-02,LightVehicles,leve,CHEVROLET,BLAZER,,ICE,usado,qty7_as_1,1,7,1
2026-02,LightVehicles,leve,CHEVROLET,CAMARO,,ICE,usado,qty7_as_1,1,7,1
2026-02,LightVehicles,leve,CHEVROLET,CAMARO SS,,ICE,usado,qty7_as_1,1,7,1
2026-02,LightVehicles,leve,CHEVROLET,CRUZE,,ICE,usado,qty7_as_1,1,7,1
2026-02,LightVehicles,leve,CHEVROLET,MALIBU LTZ,,ICE,usado,qty7_as_1,1,7,1
2026-02,LightVehicles,leve,CITROEN,(sin modelo),,ICE,usado,qty7_as_1,1,7,1
2026-02,LightVehicles,leve,DAIHATSU,(sin modelo),,ICE,usado,qty7_as_1,1,7,1
2026-02,LightVehicles,leve,DAIHATSU,BEGO,,ICE,usado,qty7_as_1,1,7,1
2026-02,LightVehicles,leve,DODGE,CALIBER,,ICE,usado,qty7_as_1,1,7,1
2026-02,LightVehicles,leve,DODGE,CHALLENGER SRT HELLCAT,,ICE,usado,qty7_as_1,1,7,1
2026-02,LightVehicles,leve,DODGE,CHALLENGER SRT HELLCAT WIDEBODY,,ICE,usado,qty7_as_1,1,7,1
2026-02,LightVehicles,leve,DODGE,CHALLENGER USADO,,ICE,usado,qty7_as_1,1,7,1
2026-02,LightVehicles,leve,FERRARI,(sin modelo),,ICE,usado,qty7_as_1,1,7,1
2026-02,LightVehicles,leve,FERRARI,458 ITALIA,,ICE,usado,qty7_as_1,1,7,1
2026-02,LightVehicles,leve,FORD,(sin modelo),,ICE,usado,qty7_as_1,1,7,1
2026-02,LightVehicles,leve,FORD,BRONCO,,ICE,usado,qty7_as_1,1,7,1
2026-02,LightVehicles,leve,FORD,F-150,,ICE,usado,qty7_as_1,1,7,1
2026-02,LightVehicles,leve,FORD,F150 CREW CAB 3,,HEV,nuevo,qty7_as_1,1,7,1
2026-02,LightVehicles,leve,FORD,F350,,ICE,usado,qty7_as_1,1,7,1
2026-02,LightVehicles,leve,FORD,F550,,ICE,usado,qty7_as_1,1,7,1
2026-02,LightVehicles,leve,GMC,(sin modelo),,ICE,usado,qty7_as_1,1,7,1
2026-02,LightVehicles,leve,HINO,(sin modelo),,ICE,usado,qty7_as_1,1,7,1
2026-02,LightVehicles,leve,HONDA,(sin modelo),,ICE,usado,qty7_as_1,1,7,1
2026-02,LightVehicles,leve,HONDA,CIVIC,,ICE,usado,qty7_as_1,1,7,1
2026-02,LightVehicles,leve,HONDA,CR-V,,ICE,usado,qty7_as_1,1,7,1
2026-02,LightVehicles,leve,HONDA,FIT,,HEV,usado,qty7_as_1,1,7,1
2026-02,LightVehicles,leve,HUMMER,H2,,ICE,usado,qty7_as_1,1,7,1
2026-02,LightVehicles,leve,HYUNDAI,AVNATE,,ICE,usado,qty7_as_1,1,7,1
2026-02,LightVehicles,leve,HYUNDAI,IX35,,ICE,usado,qty7_as_1,1,7,1
2026-02,LightVehicles,leve,HYUNDAI,MIGHTY,,ICE,usado,qty7_as_1,1,7,1
2026-02,LightVehicles,leve,HYUNDAI,PALISADE,,ICE,usado,qty7_as_1,1,7,1
2026-02,LightVehicles,leve,HYUNDAI,SANTA FE A,,ICE,usado,qty7_as_1,1,7,1
2026-02,LightVehicles,leve,ISUZU,BOGHORN,,ICE,usado,qty7_as_1,1,7,1
2026-02,LightVehicles,leve,IVECO,35C13 A/O,,ICE,usado,qty7_as_1,1,7,1
2026-02,LightVehicles,leve,IVECO,35S14 A/O,,ICE,usado,qty7_as_1,1,7,1
2026-02,LightVehicles,leve,IVECO,35S9,,ICE,usado,qty7_as_1,1,7,1
2026-02,LightVehicles,leve,JEEP,(sin modelo),,ICE,usado,qty7_as_1,1,7,1
2026-02,LightVehicles,leve,JEEP,RENEGADE,,ICE,usado,qty7_as_1,1,7,1
2026-02,LightVehicles,leve,KIA,MOHAVE,,ICE,usado,qty7_as_1,1,7,1
2026-02,LightVehicles,leve,KIA,SPPORTAGE,,ICE,usado,qty7_as_1,1,7,1
2026-02,LightVehicles,leve,LEXUS,LX570,,ICE,usado,qty7_as_1,1,7,1
2026-02,LightVehicles,leve,MASERATI,GHIBLI S,,ICE,usado,qty7_as_1,1,7,1
2026-02,LightVehicles,leve,MAZDA,AXELA,,ICE,usado,qty7_as_1,1,7,1
2026-02,LightVehicles,leve,MAZDA,CX 5,,ICE,usado,qty7_as_1,1,7,1
2026-02,LightVehicles,leve,MAZDA,CX-3,,ICE,usado,qty7_as_1,1,7,1
2026-02,LightVehicles,leve,MAZDA,DEMIO A,,ICE,usado,qty7_as_1,1,7,1
2026-02,LightVehicles,leve,MAZDA,RX 8,,ICE,usado,qty7_as_1,1,7,1
2026-02,LightVehicles,leve,MAZDA,TITAN,,ICE,usado,qty7_as_1,1,7,1
2026-02,LightVehicles,leve,MERCEDES-BENZ,280CE,,ICE,usado,qty7_as_1,1,7,1
2026-02,LightVehicles,leve,MERCEDES-BENZ,711,,ICE,usado,qty7_as_1,1,7,1
2026-02,LightVehicles,leve,MERCEDES-BENZ,917,,ICE,usado,qty7_as_1,1,7,1
2026-02,LightVehicles,leve,MERCEDES-BENZ,A35 AMG,,ICE,usado,qty7_as_1,1,7,1
2026-02,LightVehicles,leve,MERCEDES-BENZ,AMG A35,,ICE,usado,qty7_as_1,1,7,1
2026-02,LightVehicles,leve,MERCEDES-BENZ,AMG A45,,ICE,usado,qty7_as_1,1,7,1
2026-02,LightVehicles,leve,MERCEDES-BENZ,C 220D,,ICE,usado,qty7_as_1,1,7,1
2026-02,LightVehicles,leve,MERCEDES-BENZ,C 250,,ICE,usado,qty7_as_1,1,7,1
2026-02,LightVehicles,leve,MERCEDES-BENZ,C200L,,ICE,usado,qty7_as_1,1,7,1
2026-02,LightVehicles,leve,MERCEDES-BENZ,C220 CDI,,ICE,usado,qty7_as_1,1,7,1
2026-02,LightVehicles,leve,MERCEDES-BENZ,C220 D,,ICE,usado,qty7_as_1,1,7,1
2026-02,LightVehicles,leve,MERCEDES-BENZ,C230 A/O,,ICE,usado,qty7_as_1,1,7,1
2026-02,LightVehicles,leve,MERCEDES-BENZ,C300 4MATIC,,ICE,usado,qty7_as_1,1,7,1
2026-02,LightVehicles,leve,MERCEDES-BENZ,CLA 455 AMG,,ICE,usado,qty7_as_1,1,7,1
2026-02,LightVehicles,leve,MERCEDES-BENZ,CLK350,,ICE,usado,qty7_as_1,1,7,1
2026-02,LightVehicles,leve,MERCEDES-BENZ,CLS250,,ICE,usado,qty7_as_1,1,7,1
2026-02,LightVehicles,leve,MERCEDES-BENZ,E300 MOVIDO A GASOLINA,,ICE,usado,qty7_as_1,1,7,1
2026-02,LightVehicles,leve,MERCEDES-BENZ,E350 A/O,,ICE,usado,qty7_as_1,1,7,1
2026-02,LightVehicles,leve,MERCEDES-BENZ,G 63 AMG,,ICE,usado,qty7_as_1,1,7,1
2026-02,LightVehicles,leve,MERCEDES-BENZ,GLC200,,ICE,usado,qty7_as_1,1,7,1
2026-02,LightVehicles,leve,MERCEDES-BENZ,GLK250 BLUETEC 4 MATIC A/O,,ICE,usado,qty7_as_1,1,7,1
2026-02,LightVehicles,leve,MERCEDES-BENZ,GT,,ICE,usado,qty7_as_1,1,7,1
2026-02,LightVehicles,leve,MERCEDES-BENZ,ML350,,ICE,usado,qty7_as_1,1,7,1
2026-02,LightVehicles,leve,MERCEDES-BENZ,S550,,ICE,usado,qty7_as_1,1,7,1
2026-02,LightVehicles,leve,MERCEDES-BENZ,SL350,,ICE,usado,qty7_as_1,1,7,1
2026-02,LightVehicles,leve,MERCEDES-BENZ,SLK55,,ICE,usado,qty7_as_1,1,7,1
2026-02,LightVehicles,leve,MERCEDES-BENZ,SLK55 AMG,,ICE,usado,qty7_as_1,1,7,1
2026-02,LightVehicles,leve,MERCEDES-BENZ,SPRINTER,,ICE,usado,qty7_as_1,1,7,1
2026-02,LightVehicles,leve,MERCEDES-BENZ,VITO 115,,ICE,usado,qty7_as_1,1,7,1
2026-02,LightVehicles,leve,MINI,MINI COOPER,,ICE,usado,qty7_as_1,1,7,1
2026-02,LightVehicles,leve,MITSUBISHI,DELICA,,ICE,usado,qty7_as_1,1,7,1
2026-02,LightVehicles,leve,MITSUBISHI,LACER EVO X,,ICE,usado,qty7_as_1,1,7,1
2026-02,LightVehicles,leve,MITSUBISHI,LANCER,,ICE,usado,qty7_as_1,1,7,1
2026-02,LightVehicles,leve,NISSAN,CONDOR UD,,ICE,usado,qty7_as_1,1,7,1
2026-02,LightVehicles,leve,NISSAN,EO ATLAS A,,ICE,usado,qty7_as_1,1,7,1
2026-02,LightVehicles,leve,NISSAN,FAIR LAYDI Z,,ICE,usado,qty7_as_1,1,7,1
2026-02,LightVehicles,leve,NISSAN,NT450 ATLAS,,ICE,usado,qty7_as_1,1,7,1
2026-02,LightVehicles,leve,NISSAN,ROGUE SV,,ICE,usado,qty7_as_1,1,7,1
2026-02,LightVehicles,leve,NISSAN,TIIDA,,ICE,usado,qty7_as_1,1,7,1
2026-02,LightVehicles,leve,NISSAN,XTRAIL,,ICE,usado,qty7_as_1,1,7,1
2026-02,LightVehicles,leve,OPEL,COMBO,,ICE,usado,qty7_as_1,1,7,1
2026-02,LightVehicles,leve,OPEL,GRANDLAND,,ICE,usado,qty7_as_1,1,7,1
2026-02,LightVehicles,leve,PEUGEOT,406,,ICE,usado,qty7_as_1,1,7,1
2026-02,LightVehicles,leve,PONTIAC,(sin modelo),,ICE,usado,qty7_as_1,1,7,1
2026-02,LightVehicles,leve,PORSCHE,CAYMAN,,ICE,usado,qty7_as_1,1,7,1
2026-02,LightVehicles,leve,RAM,1500,,ICE,usado,qty7_as_1,1,7,1
2026-02,LightVehicles,leve,RENAULT,(sin modelo),,ICE,usado,qty7_as_1,1,7,1
2026-02,LightVehicles,leve,RENAULT,KANGOO,,ICE,usado,qty7_as_1,1,7,1
2026-02,LightVehicles,leve,SCANIA,P94,,ICE,usado,qty7_as_1,1,7,1
2026-02,LightVehicles,leve,SEAT,IBIZA 1,,ICE,usado,qty7_as_1,1,7,1
2026-02,LightVehicles,leve,SIN MARCA,VITZ,,ICE,usado,qty7_as_1,1,7,1
2026-02,LightVehicles,leve,SSANGYONG,(sin modelo),,ICE,usado,qty7_as_1,1,7,1
2026-02,LightVehicles,leve,SSANGYONG,REXTON,,ICE,usado,qty7_as_1,1,7,1
2026-02,LightVehicles,leve,SUBARU,IMPRESA A,,ICE,usado,qty7_as_1,1,7,1
2026-02,LightVehicles,leve,SUBARU,IMPREZA A,,ICE,usado,qty7_as_1,1,7,1
2026-02,LightVehicles,leve,SUBARU,IMPREZA WRX,,ICE,usado,qty7_as_1,1,7,1
2026-02,LightVehicles,leve,SUBARU,XV,,ICE,usado,qty7_as_1,1,7,1
2026-02,LightVehicles,leve,TOYOTA,4RUNNER,,ICE,usado,qty7_as_1,1,7,1
2026-02,LightVehicles,leve,TOYOTA,4RUNNER,,HEV,nuevo,qty7_as_1,1,7,1
2026-02,LightVehicles,leve,TOYOTA,86GT,,ICE,usado,qty7_as_1,1,7,1
2026-02,LightVehicles,leve,TOYOTA,ALLEX A O,,ICE,usado,qty7_as_1,1,7,1
2026-02,LightVehicles,leve,TOYOTA,ALLION A O,,ICE,usado,qty7_as_1,1,7,1
2026-02,LightVehicles,leve,TOYOTA,AVENSIS,,ICE,usado,qty7_as_1,1,7,1
2026-02,LightVehicles,leve,TOYOTA,AXIO NAFTERO,,ICE,usado,qty7_as_1,1,7,1
2026-02,LightVehicles,leve,TOYOTA,CALDINA,,ICE,usado,qty7_as_1,1,7,1
2026-02,LightVehicles,leve,TOYOTA,CROWN,,HEV,usado,qty7_as_1,1,7,1
2026-02,LightVehicles,leve,TOYOTA,CROWN MAJESTA,,ICE,usado,qty7_as_1,1,7,1
2026-02,LightVehicles,leve,TOYOTA,CROWN ROYAL,,ICE,usado,qty7_as_1,1,7,1
2026-02,LightVehicles,leve,TOYOTA,CX-3,,ICE,usado,qty7_as_1,1,7,1
2026-02,LightVehicles,leve,TOYOTA,DYNA MARCA TOYOTA,,ICE,usado,qty7_as_1,1,7,1
2026-02,LightVehicles,leve,TOYOTA,FJ CRIUISER,,ICE,usado,qty7_as_1,1,7,1
2026-02,LightVehicles,leve,TOYOTA,FUNCARGO A,,ICE,usado,qty7_as_1,1,7,1
2026-02,LightVehicles,leve,TOYOTA,FUNCARGO A O,,ICE,usado,qty7_as_1,1,7,1
2026-02,LightVehicles,leve,TOYOTA,GRAND HIACE DIESEL,,ICE,usado,qty7_as_1,1,7,1
2026-02,LightVehicles,leve,TOYOTA,HIACE GRAND CABIN,,ICE,usado,qty7_as_1,1,7,1
2026-02,LightVehicles,leve,TOYOTA,HIACE REGIUS,,ICE,usado,qty7_as_1,1,7,1
2026-02,LightVehicles,leve,TOYOTA,HIACE SUPER GL,,ICE,usado,qty7_as_1,1,7,1
2026-02,LightVehicles,leve,TOYOTA,ISIS PLATANA,,ICE,usado,qty7_as_1,1,7,1
2026-02,LightVehicles,leve,TOYOTA,LEVIN,,HEV,usado,qty7_as_1,1,7,1
2026-02,LightVehicles,leve,TOYOTA,NOAH,,HEV,usado,qty7_as_1,1,7,1
2026-02,LightVehicles,leve,TOYOTA,PRE,,ICE,usado,qty7_as_1,1,7,1
2026-02,LightVehicles,leve,TOYOTA,PRIUS,,HEV,usado,qty7_as_1,1,7,1
2026-02,LightVehicles,leve,TOYOTA,RACTTIS,,ICE,usado,qty7_as_1,1,7,1
2026-02,LightVehicles,leve,TOYOTA,RAV 4,,HEV,usado,qty7_as_1,1,7,1
2026-02,LightVehicles,leve,TOYOTA,RAV4,,HEV,usado,qty7_as_1,1,7,1
2026-02,LightVehicles,leve,TOYOTA,REGIUS ACE,,ICE,usado,qty7_as_1,1,7,1
2026-02,LightVehicles,leve,TOYOTA,REGIUSACE,,ICE,usado,qty7_as_1,1,7,1
2026-02,LightVehicles,leve,TOYOTA,REGIUSACE VAN,,ICE,usado,qty7_as_1,1,7,1
2026-02,LightVehicles,leve,TOYOTA,SIENTA,,HEV,usado,qty7_as_1,1,7,1
2026-02,LightVehicles,leve,TOYOTA,SPORTAGE,,ICE,usado,qty7_as_1,1,7,1
2026-02,LightVehicles,leve,TOYOTA,TACOMA TRD OFF ROAD,,HEV,nuevo,qty7_as_1,1,7,1
2026-02,LightVehicles,leve,TOYOTA,TUNDRA,,ICE,usado,qty7_as_1,1,7,1
2026-02,LightVehicles,leve,TOYOTA,TUNDRA,,ICE,nuevo,qty7_as_1,1,7,1
2026-02,LightVehicles,leve,TOYOTA,VIOS,,ICE,usado,qty7_as_1,1,7,1
2026-02,LightVehicles,leve,TOYOTA,VIT,,ICE,usado,qty7_as_1,1,7,1
2026-02,LightVehicles,leve,TOYOTA,VIT A,,ICE,usado,qty7_as_1,1,7,1
2026-02,LightVehicles,leve,TOYOTA,VOXY,,HEV,usado,qty7_as_1,1,7,1
2026-02,LightVehicles,leve,TOYOTA,WISGH,,ICE,usado,qty7_as_1,1,7,1
2026-02,LightVehicles,leve,VOLKSWAGEN,BEETLE,,ICE,usado,qty7_as_1,1,7,1
2026-02,LightVehicles,leve,VOLKSWAGEN,CRAFTER,,ICE,usado,qty7_as_1,1,7,1
2026-02,LightVehicles,leve,VOLKSWAGEN,FASTBACK,,ICE,usado,qty7_as_1,1,7,1
2026-02,LightVehicles,leve,VOLKSWAGEN,GOLF,,ICE,usado,qty7_as_1,1,7,1
2026-02,LightVehicles,leve,VOLKSWAGEN,LUPO A/O,,ICE,usado,qty7_as_1,1,7,1
2026-02,LightVehicles,leve,XIAOMI,(sin modelo),,BEV,nuevo,qty7_as_1,1,7,1
2026-02,LightVehicles,pesado,MERCEDES-BENZ,(sin modelo),,ICE,usado,qty7_as_1,14,98,14
2026-02,LightVehicles,pesado,MERCEDES-BENZ,ATEGO,,ICE,usado,qty7_as_1,7,49,7
2026-02,LightVehicles,pesado,SCANIA,R420,,ICE,usado,qty7_as_1,4,28,4
2026-02,LightVehicles,pesado,MERCEDES-BENZ,ATEGO 816,,ICE,usado,qty7_as_1,3,21,3
2026-02,LightVehicles,pesado,SCANIA,P94,,ICE,usado,qty7_as_1,3,21,3
2026-02,LightVehicles,pesado,SCANIA,P94/260,,ICE,usado,qty7_as_1,3,21,3
2026-02,LightVehicles,pesado,MERCEDES-BENZ,1317,,ICE,usado,qty7_as_1,2,14,2
2026-02,LightVehicles,pesado,MERCEDES-BENZ,1517,,ICE,usado,qty7_as_1,2,14,2
2026-02,LightVehicles,pesado,MERCEDES-BENZ,814,,ICE,usado,qty7_as_1,2,14,2
2026-02,LightVehicles,pesado,MERCEDES-BENZ,817,,ICE,usado,qty7_as_1,2,14,2
2026-02,LightVehicles,pesado,MITSUBISHI,CANTER,,ICE,usado,qty7_as_1,2,14,2
2026-02,LightVehicles,pesado,SCANIA,(sin modelo),,ICE,usado,qty7_as_1,2,14,2
2026-02,LightVehicles,pesado,SCANIA,94 - 260,,ICE,usado,qty7_as_1,2,14,2
2026-02,LightVehicles,pesado,SCANIA,P380,,ICE,usado,qty7_as_1,2,14,2
2026-02,LightVehicles,pesado,SCANIA,P93,,ICE,usado,qty7_as_1,2,14,2
2026-02,LightVehicles,pesado,FORD,(sin modelo),,HEV,nuevo,qty7_as_1,1,7,1
2026-02,LightVehicles,pesado,IVECO,35C15,,ICE,usado,qty7_as_1,1,7,1
2026-02,LightVehicles,pesado,IVECO,ML80EL17,,ICE,usado,qty7_as_1,1,7,1
2026-02,LightVehicles,pesado,MERCEDES-BENZ,1114,,ICE,usado,qty7_as_1,1,7,1
2026-02,LightVehicles,pesado,MERCEDES-BENZ,1117,,ICE,usado,qty7_as_1,1,7,1
2026-02,LightVehicles,pesado,MERCEDES-BENZ,1517L A/O,,ICE,usado,qty7_as_1,1,7,1
2026-02,LightVehicles,pesado,MERCEDES-BENZ,1524L,,ICE,usado,qty7_as_1,1,7,1
2026-02,LightVehicles,pesado,MERCEDES-BENZ,709,,ICE,usado,qty7_as_1,1,7,1
2026-02,LightVehicles,pesado,MERCEDES-BENZ,815,,ICE,usado,qty7_as_1,1,7,1
2026-02,LightVehicles,pesado,MERCEDES-BENZ,816 A/O,,ICE,usado,qty7_as_1,1,7,1
2026-02,LightVehicles,pesado,MERCEDES-BENZ,818,,ICE,usado,qty7_as_1,1,7,1
2026-02,LightVehicles,pesado,MERCEDES-BENZ,ATEGO 809,,ICE,usado,qty7_as_1,1,7,1
2026-02,LightVehicles,pesado,MERCEDES-BENZ,ATEGO 817,,ICE,usado,qty7_as_1,1,7,1
2026-02,LightVehicles,pesado,MERCEDES-BENZ,ATEGO 818,,ICE,usado,qty7_as_1,1,7,1
2026-02,LightVehicles,pesado,MERCEDES-BENZ,SPRINTER,,ICE,usado,qty7_as_1,1,7,1
2026-02,LightVehicles,pesado,NISSAN,(sin modelo),,ICE,usado,qty7_as_1,1,7,1
2026-02,LightVehicles,pesado,NISSAN,ATLEON,,ICE,usado,qty7_as_1,1,7,1
2026-02,LightVehicles,pesado,NISSAN,CABSTAR,,ICE,usado,qty7_as_1,1,7,1
2026-02,LightVehicles,pesado,NISSAN,ECO T100,,ICE,usado,qty7_as_1,1,7,1
2026-02,LightVehicles,pesado,NISSAN,L-35 4R A/O,,ICE,usado,qty7_as_1,1,7,1
2026-02,LightVehicles,pesado,NISSAN,M130 A/O,,ICE,usado,qty7_as_1,1,7,1
2026-02,LightVehicles,pesado,NISSAN,M90,,ICE,usado,qty7_as_1,1,7,1
2026-02,LightVehicles,pesado,RAM,(sin modelo),,ICE,usado,qty7_as_1,1,7,1
2026-02,LightVehicles,pesado,SCANIA,124 420 6X2,,ICE,usado,qty7_as_1,1,7,1
2026-02,LightVehicles,pesado,SCANIA,94 - 310,,ICE,usado,qty7_as_1,1,7,1
2026-02,LightVehicles,pesado,SCANIA,P114-340 A/O,,ICE,usado,qty7_as_1,1,7,1
2026-02,LightVehicles,pesado,SCANIA,P124 /360 USADO,,ICE,usado,qty7_as_1,1,7,1
2026-02,LightVehicles,pesado,SCANIA,P124-420,,ICE,usado,qty7_as_1,1,7,1
2026-02,LightVehicles,pesado,SCANIA,P230,,ICE,usado,qty7_as_1,1,7,1
2026-02,LightVehicles,pesado,SCANIA,P270,,ICE,usado,qty7_as_1,1,7,1
2026-02,LightVehicles,pesado,SCANIA,P420,,ICE,usado,qty7_as_1,1,7,1
2026-02,LightVehicles,pesado,SCANIA,P93 280,,ICE,usado,qty7_as_1,1,7,1
2026-02,LightVehicles,pesado,SCANIA,P94 - 260,,ICE,usado,qty7_as_1,1,7,1
2026-02,LightVehicles,pesado,SCANIA,P94-230,,ICE,usado,qty7_as_1,1,7,1
2026-02,LightVehicles,pesado,SCANIA,P94/310,,ICE,usado,qty7_as_1,1,7,1
2026-02,LightVehicles,pesado,SCANIA,R400 6X2,,ICE,usado,qty7_as_1,1,7,1
2026-02,LightVehicles,pesado,SCANIA,R500,,ICE,usado,qty7_as_1,1,7,1
2026-02,LightVehicles,recreativo,EXCAR,(sin modelo),,ICE,nuevo,qty7_as_1,9,63,9
2026-02,LightVehicles,recreativo,CLUB CAR,TEMPO,,ICE,usado,qty7_as_1,7,49,7
2026-02,LightVehicles,recreativo,SNIPER,(sin modelo),,ICE,nuevo,qty7_as_1,1,7,1
2026-03,LightVehicles,leve,TOYOTA,VITZ,,ICE,usado,qty7_as_1,1254,8778,1254
2026-03,LightVehicles,leve,TOYOTA,RACTIS,,ICE,usado,qty7_as_1,671,4697,671
2026-03,LightVehicles,leve,KIA,SPORTAGE,,ICE,usado,qty7_as_1,670,4690,670
2026-03,LightVehicles,leve,TOYOTA,AURIS,,ICE,usado,qty7_as_1,414,2898,414
2026-03,LightVehicles,leve,TOYOTA,(sin modelo),,ICE,usado,qty7_as_1,374,2618,374
2026-03,LightVehicles,leve,TOYOTA,WISH,,ICE,usado,qty7_as_1,268,1876,268
2026-03,LightVehicles,leve,TOYOTA,ALLION,,ICE,usado,qty7_as_1,265,1855,265
2026-03,LightVehicles,leve,TOYOTA,SIENTA,,ICE,usado,qty7_as_1,240,1680,240
2026-03,LightVehicles,leve,TOYOTA,PREMIO,,ICE,usado,qty7_as_1,229,1603,229
2026-03,LightVehicles,leve,TOYOTA,VOXY,,ICE,usado,qty7_as_1,227,1589,227
2026-03,LightVehicles,leve,TOYOTA,NOAH,,ICE,usado,qty7_as_1,164,1148,164
2026-03,LightVehicles,leve,TOYOTA,IST,,ICE,usado,qty7_as_1,154,1078,154
2026-03,LightVehicles,leve,HYUNDAI,SANTA FE,,ICE,usado,qty7_as_1,75,525,75
2026-03,LightVehicles,leve,MITSUBISHI,CANTER,,ICE,usado,qty7_as_1,73,511,73
2026-03,LightVehicles,leve,MITSUBISHI,(sin modelo),,ICE,usado,qty7_as_1,70,490,70
2026-03,LightVehicles,leve,TOYOTA,COROLLA,,ICE,usado,qty7_as_1,67,469,67
2026-03,LightVehicles,leve,HYUNDAI,TUCSON,,ICE,usado,qty7_as_1,60,420,60
2026-03,LightVehicles,leve,HYUNDAI,(sin modelo),,ICE,usado,qty7_as_1,56,392,56
2026-03,LightVehicles,leve,TOYOTA,FUNCARGO,,ICE,usado,qty7_as_1,48,336,48
2026-03,LightVehicles,leve,DAIHATSU,MOVE,,ICE,usado,qty7_as_1,35,245,35
2026-03,LightVehicles,leve,NISSAN,ATLAS,,ICE,usado,qty7_as_1,30,210,30
2026-03,LightVehicles,leve,SIN MARCA,(sin modelo),,ICE,nuevo,qty7_as_1,30,210,30
2026-03,LightVehicles,leve,MITSUBISHI,CANTER GUTS,,ICE,usado,qty7_as_1,28,196,28
2026-03,LightVehicles,leve,TOYOTA,RUSH,,ICE,usado,qty7_as_1,28,196,28
2026-03,LightVehicles,leve,TOYOTA,CROWN ATHLETE,,ICE,usado,qty7_as_1,26,182,26
2026-03,LightVehicles,leve,TOYOTA,HILUX,,ICE,usado,qty7_as_1,26,182,26
2026-03,LightVehicles,leve,TOYOTA,COROLLA AXIO,,ICE,usado,qty7_as_1,25,175,25
2026-03,LightVehicles,leve,SUBARU,(sin modelo),,ICE,usado,qty7_as_1,21,147,21
2026-03,LightVehicles,leve,TOYOTA,BELTA,,ICE,usado,qty7_as_1,21,147,21
2026-03,LightVehicles,leve,KIA,SORENTO,,ICE,usado,qty7_as_1,20,140,20
2026-03,LightVehicles,leve,NISSAN,(sin modelo),,ICE,usado,qty7_as_1,20,140,20
2026-03,LightVehicles,leve,TOYOTA,COROLLA CROSS,,HEV,nuevo,qty7_as_1,20,140,20
2026-03,LightVehicles,leve,KIA,K5,,ICE,usado,qty7_as_1,19,133,19
2026-03,LightVehicles,leve,TOYOTA,ALLEX,,ICE,usado,qty7_as_1,18,126,18
2026-03,LightVehicles,leve,TOYOTA,LAND CRUISER PRADO,,ICE,usado,qty7_as_1,17,119,17
2026-03,LightVehicles,leve,KIA,(sin modelo),,ICE,usado,qty7_as_1,16,112,16
2026-03,LightVehicles,leve,SUBARU,IMPREZA,,ICE,usado,qty7_as_1,16,112,16
2026-03,LightVehicles,leve,SUZUKI,ALTO,,ICE,usado,qty7_as_1,16,112,16
2026-03,LightVehicles,leve,DAIHATSU,MOVE CUSTOM,,ICE,usado,qty7_as_1,14,98,14
2026-03,LightVehicles,leve,KIA,CARNIVAL,,ICE,usado,qty7_as_1,13,91,13
2026-03,LightVehicles,leve,MAZDA,DEMIO,,ICE,usado,qty7_as_1,13,91,13
2026-03,LightVehicles,leve,SUZUKI,SWIFT,,ICE,usado,qty7_as_1,13,91,13
2026-03,LightVehicles,leve,NISSAN,MARCH,,ICE,usado,qty7_as_1,9,63,9
2026-03,LightVehicles,leve,MERCEDES-BENZ,ATEGO,,ICE,usado,qty7_as_1,8,56,8
2026-03,LightVehicles,leve,MERCEDES-BENZ,E350,,ICE,usado,qty7_as_1,8,56,8
2026-03,LightVehicles,leve,SUBARU,TREZIA,,ICE,usado,qty7_as_1,8,56,8
2026-03,LightVehicles,leve,TOYOTA,HIACE,,ICE,usado,qty7_as_1,8,56,8
2026-03,LightVehicles,leve,TOYOTA,IQ,,ICE,usado,qty7_as_1,8,56,8
2026-03,LightVehicles,leve,TOYOTA,MARK X,,ICE,usado,qty7_as_1,8,56,8
2026-03,LightVehicles,leve,TOYOTA,PRIUS,,HEV,usado,qty7_as_1,8,56,8
2026-03,LightVehicles,leve,BMW,(sin modelo),,ICE,usado,qty7_as_1,7,49,7
2026-03,LightVehicles,leve,HINO,DUTRO,,ICE,usado,qty7_as_1,7,49,7
2026-03,LightVehicles,leve,HYUNDAI,PORTER II,,ICE,usado,qty7_as_1,7,49,7
2026-03,LightVehicles,leve,TOYOTA,AQUA,,HEV,usado,qty7_as_1,7,49,7
2026-03,LightVehicles,leve,TOYOTA,AXIO,,ICE,usado,qty7_as_1,7,49,7
2026-03,LightVehicles,leve,TOYOTA,LEVIN,,HEV,usado,qty7_as_1,7,49,7
2026-03,LightVehicles,leve,FORD,MUSTANG,,ICE,usado,qty7_as_1,6,42,6
2026-03,LightVehicles,leve,MAZDA,CX-5,,ICE,usado,qty7_as_1,6,42,6
2026-03,LightVehicles,leve,MERCEDES-BENZ,(sin modelo),,ICE,usado,qty7_as_1,6,42,6
2026-03,LightVehicles,leve,TOYOTA,SIENTA,,HEV,usado,qty7_as_1,6,42,6
2026-03,LightVehicles,leve,BMW,320D,,ICE,usado,qty7_as_1,5,35,5
2026-03,LightVehicles,leve,BMW,320I,,ICE,usado,qty7_as_1,5,35,5
2026-03,LightVehicles,leve,DODGE,CHALLENGER,,ICE,usado,qty7_as_1,5,35,5
2026-03,LightVehicles,leve,FORD,(sin modelo),,ICE,usado,qty7_as_1,5,35,5
2026-03,LightVehicles,leve,MAZDA,(sin modelo),,ICE,usado,qty7_as_1,5,35,5
2026-03,LightVehicles,leve,MITSUBISHI,CANTER FUSO,,ICE,usado,qty7_as_1,5,35,5
2026-03,LightVehicles,leve,TOYOTA,AURIS,,HEV,usado,qty7_as_1,5,35,5
2026-03,LightVehicles,leve,TOYOTA,CROWN,,ICE,usado,qty7_as_1,5,35,5
2026-03,LightVehicles,leve,TOYOTA,GRAND HIACE,,ICE,usado,qty7_as_1,5,35,5
2026-03,LightVehicles,leve,TOYOTA,REGIUS,,ICE,usado,qty7_as_1,5,35,5
2026-03,LightVehicles,leve,BMW,X4,,ICE,usado,qty7_as_1,4,28,4
2026-03,LightVehicles,leve,HYUNDAI,ACCENT,,ICE,usado,qty7_as_1,4,28,4
2026-03,LightVehicles,leve,HYUNDAI,GRAND STAREX,,ICE,usado,qty7_as_1,4,28,4
2026-03,LightVehicles,leve,JEEP,WRANGLER,,ICE,usado,qty7_as_1,4,28,4
2026-03,LightVehicles,leve,MERCEDES-BENZ,814,,ICE,usado,qty7_as_1,4,28,4
2026-03,LightVehicles,leve,SUZUKI,(sin modelo),,ICE,usado,qty7_as_1,4,28,4
2026-03,LightVehicles,leve,TOYOTA,COROLLA FIELDER,,ICE,usado,qty7_as_1,4,28,4
2026-03,LightVehicles,leve,TOYOTA,HIACE SUPER CUSTOM,,ICE,usado,qty7_as_1,4,28,4
2026-03,LightVehicles,leve,TOYOTA,LAND CRUISER,,ICE,usado,qty7_as_1,4,28,4
2026-03,LightVehicles,leve,TOYOTA,TOWNACE,,ICE,usado,qty7_as_1,4,28,4
2026-03,LightVehicles,leve,TOYOTA,WISH A,,ICE,usado,qty7_as_1,4,28,4
2026-03,LightVehicles,leve,AUDI,Q7,,ICE,usado,qty7_as_1,3,21,3
2026-03,LightVehicles,leve,BMW,X3,,ICE,usado,qty7_as_1,3,21,3
2026-03,LightVehicles,leve,BMW,X6,,ICE,usado,qty7_as_1,3,21,3
2026-03,LightVehicles,leve,HYUNDAI,PALISADE,,ICE,usado,qty7_as_1,3,21,3
2026-03,LightVehicles,leve,ISUZU,ELF,,ICE,usado,qty7_as_1,3,21,3
2026-03,LightVehicles,leve,JEEP,(sin modelo),,ICE,usado,qty7_as_1,3,21,3
2026-03,LightVehicles,leve,KIA,BONGO III,,ICE,usado,qty7_as_1,3,21,3
2026-03,LightVehicles,leve,MERCEDES-BENZ,C220 CDI,,ICE,usado,qty7_as_1,3,21,3
2026-03,LightVehicles,leve,MITSUBISHI,PAJERO,,ICE,usado,qty7_as_1,3,21,3
2026-03,LightVehicles,leve,NISSAN,FAIRLADY Z,,ICE,usado,qty7_as_1,3,21,3
2026-03,LightVehicles,leve,NISSAN,SKYLINE,,ICE,usado,qty7_as_1,3,21,3
2026-03,LightVehicles,leve,TOYOTA,FIELDER,,ICE,usado,qty7_as_1,3,21,3
2026-03,LightVehicles,leve,TOYOTA,GT86,,ICE,usado,qty7_as_1,3,21,3
2026-03,LightVehicles,leve,TOYOTA,LAND CRUISER,,ICE,nuevo,qty7_as_1,3,21,3
2026-03,LightVehicles,leve,TOYOTA,LITEACE,,ICE,usado,qty7_as_1,3,21,3
2026-03,LightVehicles,leve,TOYOTA,TOYOACE,,ICE,usado,qty7_as_1,3,21,3
2026-03,LightVehicles,leve,TOYOTA,YARIS,,ICE,usado,qty7_as_1,3,21,3
2026-03,LightVehicles,leve,VOLKSWAGEN,GOLF,,ICE,usado,qty7_as_1,3,21,3
2026-03,LightVehicles,leve,BMW,520D,,ICE,usado,qty7_as_1,2,14,2
2026-03,LightVehicles,leve,BMW,X5,,ICE,usado,qty7_as_1,2,14,2
2026-03,LightVehicles,leve,DAIHATSU,MIRA,,ICE,usado,qty7_as_1,2,14,2
2026-03,LightVehicles,leve,DODGE,(sin modelo),,ICE,usado,qty7_as_1,2,14,2
2026-03,LightVehicles,leve,FORD,BRONCO,,ICE,usado,qty7_as_1,2,14,2
2026-03,LightVehicles,leve,FORD,EXPLORER,,ICE,usado,qty7_as_1,2,14,2
2026-03,LightVehicles,leve,FORD,MUSTANG GT,,ICE,usado,qty7_as_1,2,14,2
2026-03,LightVehicles,leve,HYUNDAI,I30,,ICE,usado,qty7_as_1,2,14,2
2026-03,LightVehicles,leve,HYUNDAI,MAXCRUZ,,ICE,usado,qty7_as_1,2,14,2
2026-03,LightVehicles,leve,HYUNDAI,TUCSON IX,,ICE,usado,qty7_as_1,2,14,2
2026-03,LightVehicles,leve,KIA,K3,,ICE,usado,qty7_as_1,2,14,2
2026-03,LightVehicles,leve,MERCEDES-BENZ,ATEGO 818,,ICE,usado,qty7_as_1,2,14,2
2026-03,LightVehicles,leve,MERCEDES-BENZ,C200,,ICE,usado,qty7_as_1,2,14,2
2026-03,LightVehicles,leve,MERCEDES-BENZ,C200 CGI,,ICE,usado,qty7_as_1,2,14,2
2026-03,LightVehicles,leve,MERCEDES-BENZ,C250 A/O,,ICE,usado,qty7_as_1,2,14,2
2026-03,LightVehicles,leve,MERCEDES-BENZ,E220D A/O,,ICE,usado,qty7_as_1,2,14,2
2026-03,LightVehicles,leve,MERCEDES-BENZ,GLE 400,,ICE,usado,qty7_as_1,2,14,2
2026-03,LightVehicles,leve,MINI,COOPER,,ICE,usado,qty7_as_1,2,14,2
2026-03,LightVehicles,leve,MINI,COOPER S,,ICE,usado,qty7_as_1,2,14,2
2026-03,LightVehicles,leve,MITSUBISHI,CANTER T,,ICE,usado,qty7_as_1,2,14,2
2026-03,LightVehicles,leve,NISSAN,CONDOR,,ICE,usado,qty7_as_1,2,14,2
2026-03,LightVehicles,leve,NISSAN,DATSUN,,ICE,usado,qty7_as_1,2,14,2
2026-03,LightVehicles,leve,NISSAN,FIRELADY Z,,ICE,usado,qty7_as_1,2,14,2
2026-03,LightVehicles,leve,NISSAN,NOTE,,ICE,usado,qty7_as_1,2,14,2
2026-03,LightVehicles,leve,NISSAN,SILVIA,,ICE,usado,qty7_as_1,2,14,2
2026-03,LightVehicles,leve,NISSAN,VANETTE,,ICE,usado,qty7_as_1,2,14,2
2026-03,LightVehicles,leve,NISSAN,X-TRAIL,,ICE,usado,qty7_as_1,2,14,2
2026-03,LightVehicles,leve,NISSAN,YUKE,,ICE,usado,qty7_as_1,2,14,2
2026-03,LightVehicles,leve,SUBARU,IMPREZA WRX,,ICE,usado,qty7_as_1,2,14,2
2026-03,LightVehicles,leve,SUBARU,IMPREZA WRX STI,,ICE,usado,qty7_as_1,2,14,2
2026-03,LightVehicles,leve,TOYOTA,ALLION A O 2,,ICE,usado,qty7_as_1,2,14,2
2026-03,LightVehicles,leve,TOYOTA,AVENSIS,,ICE,usado,qty7_as_1,2,14,2
2026-03,LightVehicles,leve,TOYOTA,CALDINA,,ICE,usado,qty7_as_1,2,14,2
2026-03,LightVehicles,leve,TOYOTA,CROWN ROYAL SALOON,,ICE,usado,qty7_as_1,2,14,2
2026-03,LightVehicles,leve,TOYOTA,DYNA,,ICE,usado,qty7_as_1,2,14,2
2026-03,LightVehicles,leve,TOYOTA,ESQUIRE,,ICE,usado,qty7_as_1,2,14,2
2026-03,LightVehicles,leve,TOYOTA,FUNCARGO A O 2,,ICE,usado,qty7_as_1,2,14,2
2026-03,LightVehicles,leve,TOYOTA,ISIS PLATANA,,ICE,usado,qty7_as_1,2,14,2
2026-03,LightVehicles,leve,TOYOTA,LAND CRUISER,,HEV,nuevo,qty7_as_1,2,14,2
2026-03,LightVehicles,leve,TOYOTA,NOAH,,HEV,usado,qty7_as_1,2,14,2
2026-03,LightVehicles,leve,TOYOTA,PASSO,,ICE,usado,qty7_as_1,2,14,2
2026-03,LightVehicles,leve,TOYOTA,RAV4,,ICE,usado,qty7_as_1,2,14,2
2026-03,LightVehicles,leve,TOYOTA,RAV4,,HEV,nuevo,qty7_as_1,2,14,2
2026-03,LightVehicles,leve,VOLKSWAGEN,(sin modelo),,ICE,usado,qty7_as_1,2,14,2
2026-03,LightVehicles,leve,VOLKSWAGEN,BEETLE,,ICE,usado,qty7_as_1,2,14,2
2026-03,LightVehicles,leve,VOLKSWAGEN,JETTA,,ICE,usado,qty7_as_1,2,14,2
2026-03,LightVehicles,leve,AUDI,(sin modelo),,ICE,usado,qty7_as_1,1,7,1
2026-03,LightVehicles,leve,AUDI,A3,,ICE,usado,qty7_as_1,1,7,1
2026-03,LightVehicles,leve,AUDI,A4,,ICE,usado,qty7_as_1,1,7,1
2026-03,LightVehicles,leve,AUDI,R8,,ICE,usado,qty7_as_1,1,7,1
2026-03,LightVehicles,leve,AUDI,RSQ8,,ICE,usado,qty7_as_1,1,7,1
2026-03,LightVehicles,leve,BMW,120I,,ICE,usado,qty7_as_1,1,7,1
2026-03,LightVehicles,leve,BMW,320 I,,ICE,usado,qty7_as_1,1,7,1
2026-03,LightVehicles,leve,BMW,328I,,ICE,usado,qty7_as_1,1,7,1
2026-03,LightVehicles,leve,BMW,335 I,,ICE,usado,qty7_as_1,1,7,1
2026-03,LightVehicles,leve,BMW,428I,,ICE,usado,qty7_as_1,1,7,1
2026-03,LightVehicles,leve,BMW,MINI COOPER COUNTRYMAN,,ICE,usado,qty7_as_1,1,7,1
2026-03,LightVehicles,leve,BMW,MINI COOPER S,,ICE,usado,qty7_as_1,1,7,1
2026-03,LightVehicles,leve,BMW,X1,,ICE,usado,qty7_as_1,1,7,1
2026-03,LightVehicles,leve,CFMOTO,CFORCE1000,,ICE,usado,qty7_as_1,1,7,1
2026-03,LightVehicles,leve,CHEVROLET,(sin modelo),,HEV,nuevo,qty7_as_1,1,7,1
2026-03,LightVehicles,leve,CHEVROLET,(sin modelo),,ICE,usado,qty7_as_1,1,7,1
2026-03,LightVehicles,leve,CHEVROLET,CAMARO SS,,ICE,usado,qty7_as_1,1,7,1
2026-03,LightVehicles,leve,CHEVROLET,CAMARO SS A/O,,ICE,usado,qty7_as_1,1,7,1
2026-03,LightVehicles,leve,CHEVROLET,CRUZE,,ICE,usado,qty7_as_1,1,7,1
2026-03,LightVehicles,leve,CITROEN,BERLINGO,,ICE,usado,qty7_as_1,1,7,1
2026-03,LightVehicles,leve,DAIHATSU,BEGO,,ICE,usado,qty7_as_1,1,7,1
2026-03,LightVehicles,leve,DODGE,CHALLENGER R/T,,ICE,usado,qty7_as_1,1,7,1
2026-03,LightVehicles,leve,DODGE,CHALLENGER SRT R/T SCATPACK,,ICE,usado,qty7_as_1,1,7,1
2026-03,LightVehicles,leve,DODGE,CHARGER,,ICE,usado,qty7_as_1,1,7,1
2026-03,LightVehicles,leve,FIAT,(sin modelo),,ICE,usado,qty7_as_1,1,7,1
2026-03,LightVehicles,leve,FIAT,500,,ICE,usado,qty7_as_1,1,7,1
2026-03,LightVehicles,leve,FIAT,BARCHETTA,,ICE,usado,qty7_as_1,1,7,1
2026-03,LightVehicles,leve,FORD,COACHMEN MIRADA,,ICE,usado,qty7_as_1,1,7,1
2026-03,LightVehicles,leve,FORD,ECO SPORT,,ICE,usado,qty7_as_1,1,7,1
2026-03,LightVehicles,leve,FORD,F-150,,ICE,usado,qty7_as_1,1,7,1
2026-03,LightVehicles,leve,FORD,F-150 SUPERCAB 4,,ICE,usado,qty7_as_1,1,7,1
2026-03,LightVehicles,leve,FORD,F150 A O,,ICE,usado,qty7_as_1,1,7,1
2026-03,LightVehicles,leve,FORD,FLEX LIMITED,,ICE,usado,qty7_as_1,1,7,1
2026-03,LightVehicles,leve,FORD,FORD F-150 XL,,ICE,usado,qty7_as_1,1,7,1
2026-03,LightVehicles,leve,FORD,MAVERICK XLT,,ICE,usado,qty7_as_1,1,7,1
2026-03,LightVehicles,leve,FORD,TRANSIT,,ICE,usado,qty7_as_1,1,7,1
2026-03,LightVehicles,leve,GMC,DENALI SIERRA,,ICE,usado,qty7_as_1,1,7,1
2026-03,LightVehicles,leve,HINO,(sin modelo),,ICE,usado,qty7_as_1,1,7,1
2026-03,LightVehicles,leve,HONDA,CIVIC,,ICE,usado,qty7_as_1,1,7,1
2026-03,LightVehicles,leve,HONDA,CVR BLACK,,ICE,usado,qty7_as_1,1,7,1
2026-03,LightVehicles,leve,HUMMER,(sin modelo),,ICE,usado,qty7_as_1,1,7,1
2026-03,LightVehicles,leve,HUMMER,H2,,ICE,usado,qty7_as_1,1,7,1
2026-03,LightVehicles,leve,HYUNDAI,AVANTE,,ICE,usado,qty7_as_1,1,7,1
2026-03,LightVehicles,leve,HYUNDAI,COUNTY,,ICE,usado,qty7_as_1,1,7,1
2026-03,LightVehicles,leve,HYUNDAI,H1,,ICE,usado,qty7_as_1,1,7,1
2026-03,LightVehicles,leve,HYUNDAI,I30 A,,ICE,usado,qty7_as_1,1,7,1
2026-03,LightVehicles,leve,HYUNDAI,SANNTA FE,,ICE,usado,qty7_as_1,1,7,1
2026-03,LightVehicles,leve,HYUNDAI,STAREX,,ICE,usado,qty7_as_1,1,7,1
2026-03,LightVehicles,leve,HYUNDAI,VELOSTER,,ICE,usado,qty7_as_1,1,7,1
2026-03,LightVehicles,leve,INFINITI,(sin modelo),,ICE,usado,qty7_as_1,1,7,1
2026-03,LightVehicles,leve,ISUZU,RODEO,,ICE,usado,qty7_as_1,1,7,1
2026-03,LightVehicles,leve,JAGUAR,F-PACE,,ICE,usado,qty7_as_1,1,7,1
2026-03,LightVehicles,leve,JEEP,DALLAS,,ICE,usado,qty7_as_1,1,7,1
2026-03,LightVehicles,leve,JEEP,RUBICON,,ICE,usado,qty7_as_1,1,7,1
2026-03,LightVehicles,leve,JEEP,TOLEDO,,ICE,usado,qty7_as_1,1,7,1
2026-03,LightVehicles,leve,JEEP,WRANGLER SPORT,,ICE,usado,qty7_as_1,1,7,1
2026-03,LightVehicles,leve,KIA,K5,,HEV,usado,qty7_as_1,1,7,1
2026-03,LightVehicles,leve,KIA,OPTIMA,,ICE,usado,qty7_as_1,1,7,1
2026-03,LightVehicles,leve,KIA,SPPORTAGE,,ICE,usado,qty7_as_1,1,7,1
2026-03,LightVehicles,leve,LAND ROVER,RANGE ROVER VELAR,,ICE,usado,qty7_as_1,1,7,1
2026-03,LightVehicles,leve,LEXUS,GS450H AMHO MOD,,ICE,usado,qty7_as_1,1,7,1
2026-03,LightVehicles,leve,MAZDA,CX-3,,ICE,usado,qty7_as_1,1,7,1
2026-03,LightVehicles,leve,MAZDA,CX-30,,ICE,usado,qty7_as_1,1,7,1
2026-03,LightVehicles,leve,MAZDA,TITAN,,ICE,usado,qty7_as_1,1,7,1
2026-03,LightVehicles,leve,MERCEDES-BENZ,428,,ICE,usado,qty7_as_1,1,7,1
2026-03,LightVehicles,leve,MERCEDES-BENZ,500SE,,ICE,usado,qty7_as_1,1,7,1
2026-03,LightVehicles,leve,MERCEDES-BENZ,AMG GT ZO,,ICE,usado,qty7_as_1,1,7,1
2026-03,LightVehicles,leve,MERCEDES-BENZ,AMG GT43 4MATIC,,ICE,usado,qty7_as_1,1,7,1
2026-03,LightVehicles,leve,MERCEDES-BENZ,ATEGO 815,,ICE,usado,qty7_as_1,1,7,1
2026-03,LightVehicles,leve,MERCEDES-BENZ,ATEGO ATEGO,,ICE,usado,qty7_as_1,1,7,1
2026-03,LightVehicles,leve,MERCEDES-BENZ,C 220 D,,ICE,usado,qty7_as_1,1,7,1
2026-03,LightVehicles,leve,MERCEDES-BENZ,C220,,ICE,usado,qty7_as_1,1,7,1
2026-03,LightVehicles,leve,MERCEDES-BENZ,C230,,ICE,usado,qty7_as_1,1,7,1
2026-03,LightVehicles,leve,MERCEDES-BENZ,C250,,ICE,usado,qty7_as_1,1,7,1
2026-03,LightVehicles,leve,MERCEDES-BENZ,C300,,ICE,usado,qty7_as_1,1,7,1
2026-03,LightVehicles,leve,MERCEDES-BENZ,CLA 250,,ICE,usado,qty7_as_1,1,7,1
2026-03,LightVehicles,leve,MERCEDES-BENZ,CLA45 S,,ICE,usado,qty7_as_1,1,7,1
2026-03,LightVehicles,leve,MERCEDES-BENZ,CLK 320,,ICE,usado,qty7_as_1,1,7,1
2026-03,LightVehicles,leve,MERCEDES-BENZ,CLS 550,,ICE,usado,qty7_as_1,1,7,1
2026-03,LightVehicles,leve,MERCEDES-BENZ,CLS53 AMG A/O,,ICE,usado,qty7_as_1,1,7,1
2026-03,LightVehicles,leve,MERCEDES-BENZ,CLS63 AMG,,ICE,usado,qty7_as_1,1,7,1
2026-03,LightVehicles,leve,MERCEDES-BENZ,E 220 BLUE TEC,,ICE,usado,qty7_as_1,1,7,1
2026-03,LightVehicles,leve,MERCEDES-BENZ,E300,,ICE,usado,qty7_as_1,1,7,1
2026-03,LightVehicles,leve,MERCEDES-BENZ,E300D A/O,,ICE,usado,qty7_as_1,1,7,1
2026-03,LightVehicles,leve,MERCEDES-BENZ,E320,,ICE,usado,qty7_as_1,1,7,1
2026-03,LightVehicles,leve,MERCEDES-BENZ,E320 CDI A/O,,ICE,usado,qty7_as_1,1,7,1
2026-03,LightVehicles,leve,MERCEDES-BENZ,E63 AMG,,ICE,usado,qty7_as_1,1,7,1
2026-03,LightVehicles,leve,MERCEDES-BENZ,G63,,ICE,usado,qty7_as_1,1,7,1
2026-03,LightVehicles,leve,MERCEDES-BENZ,GLA 200 CDI,,ICE,usado,qty7_as_1,1,7,1
2026-03,LightVehicles,leve,MERCEDES-BENZ,GLA 250,,ICE,usado,qty7_as_1,1,7,1
2026-03,LightVehicles,leve,MERCEDES-BENZ,GLA250,,ICE,usado,qty7_as_1,1,7,1
2026-03,LightVehicles,leve,MERCEDES-BENZ,GLC300,,ICE,usado,qty7_as_1,1,7,1
2026-03,LightVehicles,leve,MERCEDES-BENZ,GLE 350D COUPE MOVIDO A DIESEL,,ICE,usado,qty7_as_1,1,7,1
2026-03,LightVehicles,leve,MERCEDES-BENZ,GLE 550E,,ICE,usado,qty7_as_1,1,7,1
2026-03,LightVehicles,leve,MERCEDES-BENZ,GLE350,,ICE,usado,qty7_as_1,1,7,1
2026-03,LightVehicles,leve,MERCEDES-BENZ,ML 350 BLUETEC,,ICE,usado,qty7_as_1,1,7,1
2026-03,LightVehicles,leve,MERCEDES-BENZ,ML350,,ICE,usado,qty7_as_1,1,7,1
2026-03,LightVehicles,leve,MERCEDES-BENZ,R350 4MATIC,,ICE,usado,qty7_as_1,1,7,1
2026-03,LightVehicles,leve,MERCEDES-BENZ,S550,,ICE,usado,qty7_as_1,1,7,1
2026-03,LightVehicles,leve,MERCEDES-BENZ,SL 600,,ICE,usado,qty7_as_1,1,7,1
2026-03,LightVehicles,leve,MERCEDES-BENZ,SLK55 AMG,,ICE,usado,qty7_as_1,1,7,1
2026-03,LightVehicles,leve,MINI,COOPER CROSSOVER,,ICE,usado,qty7_as_1,1,7,1
2026-03,LightVehicles,leve,MINI,ONE,,ICE,usado,qty7_as_1,1,7,1
2026-03,LightVehicles,leve,MINI,ROVER,,ICE,usado,qty7_as_1,1,7,1
2026-03,LightVehicles,leve,MITSUBISHI,CANTER ALO,,ICE,usado,qty7_as_1,1,7,1
2026-03,LightVehicles,leve,MITSUBISHI,EO CANTER GUTS,,ICE,usado,qty7_as_1,1,7,1
2026-03,LightVehicles,leve,MITSUBISHI,FUSO,,ICE,usado,qty7_as_1,1,7,1
2026-03,LightVehicles,leve,MITSUBISHI,FUSO CANTER,,ICE,usado,qty7_as_1,1,7,1
2026-03,LightVehicles,leve,MITSUBISHI,FUSO CANTER GUTS,,ICE,usado,qty7_as_1,1,7,1
2026-03,LightVehicles,leve,MITSUBISHI,FUSO TRUCK,,ICE,usado,qty7_as_1,1,7,1
2026-03,LightVehicles,leve,MITSUBISHI,MINICAB TRUCK,,ICE,usado,qty7_as_1,1,7,1
2026-03,LightVehicles,leve,MONACO,ULO,,ICE,usado,qty7_as_1,1,7,1
2026-03,LightVehicles,leve,NISSAN,300ZX,,ICE,usado,qty7_as_1,1,7,1
2026-03,LightVehicles,leve,NISSAN,ARMADA,,ICE,usado,qty7_as_1,1,7,1
2026-03,LightVehicles,leve,NISSAN,CARAVAN,,ICE,usado,qty7_as_1,1,7,1
2026-03,LightVehicles,leve,NISSAN,FUGA,,ICE,usado,qty7_as_1,1,7,1
2026-03,LightVehicles,leve,NISSAN,NAVARA,,ICE,usado,qty7_as_1,1,7,1
2026-03,LightVehicles,leve,NISSAN,TERRANO,,ICE,usado,qty7_as_1,1,7,1
2026-03,LightVehicles,leve,NISSAN,TIIDA,,ICE,usado,qty7_as_1,1,7,1
2026-03,LightVehicles,leve,PEUGEOT,208 RALLY 4,,ICE,usado,qty7_as_1,1,7,1
2026-03,LightVehicles,leve,PORSCHE,(sin modelo),,ICE,usado,qty7_as_1,1,7,1
2026-03,LightVehicles,leve,PORSCHE,BOXSTER S,,ICE,usado,qty7_as_1,1,7,1
2026-03,LightVehicles,leve,PORSCHE,CAYENNE,,ICE,usado,qty7_as_1,1,7,1
2026-03,LightVehicles,leve,RENAULT,CLIO,,ICE,usado,qty7_as_1,1,7,1
2026-03,LightVehicles,leve,SCANIA,ATEGO 818,,ICE,usado,qty7_as_1,1,7,1
2026-03,LightVehicles,leve,SCANIA,P320,,ICE,usado,qty7_as_1,1,7,1
2026-03,LightVehicles,leve,SCANIA,P94,,ICE,usado,qty7_as_1,1,7,1
2026-03,LightVehicles,leve,SCANIA,R94-310,,ICE,usado,qty7_as_1,1,7,1
2026-03,LightVehicles,leve,SEAT,IBIZA,,ICE,usado,qty7_as_1,1,7,1
2026-03,LightVehicles,leve,SSANGYONG,(sin modelo),,ICE,usado,qty7_as_1,1,7,1
2026-03,LightVehicles,leve,SUBARU,IMPRESA,,ICE,usado,qty7_as_1,1,7,1
2026-03,LightVehicles,leve,SUBARU,IMPREZA STI A-LINE,,ICE,usado,qty7_as_1,1,7,1
2026-03,LightVehicles,leve,SUBARU,IMPREZA WRX S4,,ICE,usado,qty7_as_1,1,7,1
2026-03,LightVehicles,leve,SUBARU,IMPREZA WRX STI A-LINE,,ICE,usado,qty7_as_1,1,7,1
2026-03,LightVehicles,leve,SUBARU,VX,,ICE,usado,qty7_as_1,1,7,1
2026-03,LightVehicles,leve,SUBARU,WRX A/O,,ICE,usado,qty7_as_1,1,7,1
2026-03,LightVehicles,leve,SUZUKI,JIMNY,,ICE,usado,qty7_as_1,1,7,1
2026-03,LightVehicles,leve,TOYOTA,4RUNNER,,ICE,usado,qty7_as_1,1,7,1
2026-03,LightVehicles,leve,TOYOTA,86GT,,ICE,usado,qty7_as_1,1,7,1
2026-03,LightVehicles,leve,TOYOTA,ALLION 2,,ICE,usado,qty7_as_1,1,7,1
2026-03,LightVehicles,leve,TOYOTA,AQUA,,ICE,usado,qty7_as_1,1,7,1
2026-03,LightVehicles,leve,TOYOTA,ATLAS,,ICE,usado,qty7_as_1,1,7,1
2026-03,LightVehicles,leve,TOYOTA,C SPACIO,,ICE,usado,qty7_as_1,1,7,1
2026-03,LightVehicles,leve,TOYOTA,CAMRY,,ICE,usado,qty7_as_1,1,7,1
2026-03,LightVehicles,leve,TOYOTA,CANTER T,,ICE,usado,qty7_as_1,1,7,1
2026-03,LightVehicles,leve,TOYOTA,COLOLLA RUMION,,ICE,usado,qty7_as_1,1,7,1
2026-03,LightVehicles,leve,TOYOTA,CORLLA SE,,ICE,usado,qty7_as_1,1,7,1
2026-03,LightVehicles,leve,TOYOTA,COROLLA,,HEV,usado,qty7_as_1,1,7,1
2026-03,LightVehicles,leve,TOYOTA,COROLLA CROSS,,ICE,usado,qty7_as_1,1,7,1
2026-03,LightVehicles,leve,TOYOTA,CORSA,,ICE,usado,qty7_as_1,1,7,1
2026-03,LightVehicles,leve,TOYOTA,COWN,,ICE,usado,qty7_as_1,1,7,1
2026-03,LightVehicles,leve,TOYOTA,CROWN ROYAL,,ICE,usado,qty7_as_1,1,7,1
2026-03,LightVehicles,leve,TOYOTA,FRONTLANDER,,HEV,nuevo,qty7_as_1,1,7,1
2026-03,LightVehicles,leve,TOYOTA,GR 86,,ICE,usado,qty7_as_1,1,7,1
2026-03,LightVehicles,leve,TOYOTA,GRANVIA,,ICE,usado,qty7_as_1,1,7,1
2026-03,LightVehicles,leve,TOYOTA,GT 86,,ICE,usado,qty7_as_1,1,7,1
2026-03,LightVehicles,leve,TOYOTA,HIACE REGIUS,,ICE,usado,qty7_as_1,1,7,1
2026-03,LightVehicles,leve,TOYOTA,HIACE SUPER GL,,ICE,usado,qty7_as_1,1,7,1
2026-03,LightVehicles,leve,TOYOTA,HIACE V,,ICE,usado,qty7_as_1,1,7,1
2026-03,LightVehicles,leve,TOYOTA,HILUZ SURF,,ICE,usado,qty7_as_1,1,7,1
2026-03,LightVehicles,leve,TOYOTA,ISIS,,ICE,usado,qty7_as_1,1,7,1
2026-03,LightVehicles,leve,TOYOTA,MR-S,,ICE,usado,qty7_as_1,1,7,1
2026-03,LightVehicles,leve,TOYOTA,PLATZ,,ICE,usado,qty7_as_1,1,7,1
2026-03,LightVehicles,leve,TOYOTA,PRADO,,ICE,usado,qty7_as_1,1,7,1
2026-03,LightVehicles,leve,TOYOTA,PREMIO A O 2,,ICE,usado,qty7_as_1,1,7,1
2026-03,LightVehicles,leve,TOYOTA,RACTS,,ICE,usado,qty7_as_1,1,7,1
2026-03,LightVehicles,leve,TOYOTA,REGIUS ACE,,ICE,usado,qty7_as_1,1,7,1
2026-03,LightVehicles,leve,TOYOTA,REGIUS ACE VAN,,ICE,usado,qty7_as_1,1,7,1
2026-03,LightVehicles,leve,TOYOTA,SOARER,,ICE,usado,qty7_as_1,1,7,1
2026-03,LightVehicles,leve,TOYOTA,SPRINTER TRUENO,,ICE,usado,qty7_as_1,1,7,1
2026-03,LightVehicles,leve,TOYOTA,STARLET REFLET,,ICE,usado,qty7_as_1,1,7,1
2026-03,LightVehicles,leve,TOYOTA,TACOMA,,ICE,usado,qty7_as_1,1,7,1
2026-03,LightVehicles,leve,TOYOTA,TOWNACE NOAHANHO,,ICE,usado,qty7_as_1,1,7,1
2026-03,LightVehicles,leve,TOYOTA,VELLFIRE,,ICE,usado,qty7_as_1,1,7,1
2026-03,LightVehicles,leve,TOYOTA,VOXY,,HEV,usado,qty7_as_1,1,7,1
2026-03,LightVehicles,leve,TOYOTA,WISH NAFTERO,,ICE,usado,qty7_as_1,1,7,1
2026-03,LightVehicles,leve,VOLKSWAGEN,CC,,ICE,usado,qty7_as_1,1,7,1
2026-03,LightVehicles,leve,VOLKSWAGEN,CORRADO,,ICE,usado,qty7_as_1,1,7,1
2026-03,LightVehicles,leve,VOLKSWAGEN,GOLF GTI A/O,,ICE,usado,qty7_as_1,1,7,1
2026-03,LightVehicles,leve,VOLKSWAGEN,GOLF TSI,,ICE,usado,qty7_as_1,1,7,1
2026-03,LightVehicles,leve,VOLKSWAGEN,KARMAN GHIA CABRIOLET,,ICE,usado,qty7_as_1,1,7,1
2026-03,LightVehicles,leve,VOLKSWAGEN,KARMANN GHIA,,ICE,usado,qty7_as_1,1,7,1
2026-03,LightVehicles,leve,VOLKSWAGEN,PASSAT,,ICE,usado,qty7_as_1,1,7,1
2026-03,LightVehicles,leve,VOLVO,XC90,,ICE,usado,qty7_as_1,1,7,1
2026-03,LightVehicles,leve,XIAOMI,YU7,,BEV,nuevo,qty7_as_1,1,7,1
2026-03,LightVehicles,pesado,MERCEDES-BENZ,ATEGO,,ICE,usado,qty7_as_1,4,28,4
2026-03,LightVehicles,pesado,SCANIA,P270,,ICE,usado,qty7_as_1,3,21,3
2026-03,LightVehicles,pesado,SCANIA,P94,,ICE,usado,qty7_as_1,3,21,3
2026-03,LightVehicles,pesado,MERCEDES-BENZ,(sin modelo),,ICE,usado,qty7_as_1,2,14,2
2026-03,LightVehicles,pesado,MERCEDES-BENZ,815,,ICE,usado,qty7_as_1,2,14,2
2026-03,LightVehicles,pesado,SCANIA,G420,,ICE,usado,qty7_as_1,2,14,2
2026-03,LightVehicles,pesado,SCANIA,R420,,ICE,usado,qty7_as_1,2,14,2
2026-03,LightVehicles,pesado,MAN,8-225,,ICE,usado,qty7_as_1,1,7,1
2026-03,LightVehicles,pesado,MERCEDES-BENZ,1317,,ICE,usado,qty7_as_1,1,7,1
2026-03,LightVehicles,pesado,MERCEDES-BENZ,ATEGO 815,,ICE,usado,qty7_as_1,1,7,1
2026-03,LightVehicles,pesado,MERCEDES-BENZ,SPRINTER 311,,ICE,usado,qty7_as_1,1,7,1
2026-03,LightVehicles,pesado,MITSUBISHI,CANTER,,ICE,usado,qty7_as_1,1,7,1
2026-03,LightVehicles,pesado,MITSUBISHI,CANTER FUSO,,ICE,usado,qty7_as_1,1,7,1
2026-03,LightVehicles,pesado,NISSAN,CABSTAR,,ICE,usado,qty7_as_1,1,7,1
2026-03,LightVehicles,pesado,SCANIA,113 - 360,,ICE,usado,qty7_as_1,1,7,1
2026-03,LightVehicles,pesado,SCANIA,113 320 6X2,,ICE,usado,qty7_as_1,1,7,1
2026-03,LightVehicles,pesado,SCANIA,113 360 6X6,,ICE,usado,qty7_as_1,1,7,1
2026-03,LightVehicles,pesado,SCANIA,124G,,ICE,usado,qty7_as_1,1,7,1
2026-03,LightVehicles,pesado,SCANIA,94 - 260,,ICE,usado,qty7_as_1,1,7,1
2026-03,LightVehicles,pesado,SCANIA,P310,,ICE,usado,qty7_as_1,1,7,1
2026-03,LightVehicles,pesado,SCANIA,P360,,ICE,usado,qty7_as_1,1,7,1
2026-03,LightVehicles,pesado,SCANIA,P380,,ICE,usado,qty7_as_1,1,7,1
2026-03,LightVehicles,pesado,SCANIA,P82,,ICE,usado,qty7_as_1,1,7,1
2026-03,LightVehicles,pesado,SCANIA,R124,,ICE,usado,qty7_as_1,1,7,1
2026-03,LightVehicles,recreativo,YAMAHA,700 RAPTOR,,ICE,usado,qty7_as_1,1,7,1
2026-03,LightVehicles,recreativo,YAMAHA,YFS200RL,,ICE,usado,qty7_as_1,1,7,1
2026-04,LightVehicles,leve,TOYOTA,VITZ,,ICE,usado,qty7_as_1,1225,8575,1225
2026-04,LightVehicles,leve,TOYOTA,RACTIS,,ICE,usado,qty7_as_1,619,4333,619
2026-04,LightVehicles,leve,KIA,SPORTAGE,,ICE,usado,qty7_as_1,566,3962,566
2026-04,LightVehicles,leve,TOYOTA,AURIS,,ICE,usado,qty7_as_1,364,2548,364
2026-04,LightVehicles,leve,TOYOTA,(sin modelo),,ICE,usado,qty7_as_1,298,2086,298
2026-04,LightVehicles,leve,TOYOTA,SIENTA,,ICE,usado,qty7_as_1,242,1694,242
2026-04,LightVehicles,leve,TOYOTA,VOXY,,ICE,usado,qty7_as_1,223,1561,223
2026-04,LightVehicles,leve,TOYOTA,PREMIO,,ICE,usado,qty7_as_1,212,1484,212
2026-04,LightVehicles,leve,TOYOTA,ALLION,,ICE,usado,qty7_as_1,204,1428,204
2026-04,LightVehicles,leve,TOYOTA,WISH,,ICE,usado,qty7_as_1,193,1351,193
2026-04,LightVehicles,leve,TOYOTA,NOAH,,ICE,usado,qty7_as_1,127,889,127
2026-04,LightVehicles,leve,TOYOTA,IST,,ICE,usado,qty7_as_1,105,735,105
2026-04,LightVehicles,leve,MITSUBISHI,CANTER,,ICE,usado,qty7_as_1,93,651,93
2026-04,LightVehicles,leve,HYUNDAI,TUCSON,,ICE,usado,qty7_as_1,81,567,81
2026-04,LightVehicles,leve,HYUNDAI,SANTA FE,,ICE,usado,qty7_as_1,64,448,64
2026-04,LightVehicles,leve,TOYOTA,COROLLA,,ICE,usado,qty7_as_1,59,413,59
2026-04,LightVehicles,leve,HYUNDAI,(sin modelo),,ICE,usado,qty7_as_1,48,336,48
2026-04,LightVehicles,leve,MITSUBISHI,(sin modelo),,ICE,usado,qty7_as_1,39,273,39
2026-04,LightVehicles,leve,NISSAN,ATLAS,,ICE,usado,qty7_as_1,38,266,38
2026-04,LightVehicles,leve,TOYOTA,RUSH,,ICE,usado,qty7_as_1,38,266,38
2026-04,LightVehicles,leve,TOYOTA,FUNCARGO,,ICE,usado,qty7_as_1,34,238,34
2026-04,LightVehicles,leve,TOYOTA,COROLLA AXIO,,ICE,usado,qty7_as_1,25,175,25
2026-04,LightVehicles,leve,MITSUBISHI,CANTER GUTS,,ICE,usado,qty7_as_1,22,154,22
2026-04,LightVehicles,leve,TOYOTA,CROWN ATHLETE,,ICE,usado,qty7_as_1,22,154,22
2026-04,LightVehicles,leve,KIA,(sin modelo),,ICE,usado,qty7_as_1,20,140,20
2026-04,LightVehicles,leve,TOYOTA,BELTA,,ICE,usado,qty7_as_1,20,140,20
2026-04,LightVehicles,leve,TOYOTA,LEVIN,,HEV,usado,qty7_as_1,20,140,20
2026-04,LightVehicles,leve,KIA,K5,,ICE,usado,qty7_as_1,19,133,19
2026-04,LightVehicles,leve,TOYOTA,AQUA,,HEV,usado,qty7_as_1,18,126,18
2026-04,LightVehicles,leve,NISSAN,(sin modelo),,ICE,usado,qty7_as_1,17,119,17
2026-04,LightVehicles,leve,SUBARU,IMPREZA,,ICE,usado,qty7_as_1,17,119,17
2026-04,LightVehicles,leve,DAIHATSU,MOVE,,ICE,usado,qty7_as_1,16,112,16
2026-04,LightVehicles,leve,TOYOTA,ALLEX,,ICE,usado,qty7_as_1,15,105,15
2026-04,LightVehicles,leve,TOYOTA,HILUX,,ICE,usado,qty7_as_1,15,105,15
2026-04,LightVehicles,leve,SUBARU,(sin modelo),,ICE,usado,qty7_as_1,14,98,14
2026-04,LightVehicles,leve,SUBARU,TREZIA,,ICE,usado,qty7_as_1,14,98,14
2026-04,LightVehicles,leve,KIA,CARNIVAL,,ICE,usado,qty7_as_1,12,84,12
2026-04,LightVehicles,leve,MITSUBISHI,CANTER FUSO,,ICE,usado,qty7_as_1,12,84,12
2026-04,LightVehicles,leve,KIA,SORENTO,,ICE,usado,qty7_as_1,11,77,11
2026-04,LightVehicles,leve,TOYOTA,LAND CRUISER PRADO,,ICE,usado,qty7_as_1,11,77,11
2026-04,LightVehicles,leve,MAZDA,DEMIO,,ICE,usado,qty7_as_1,10,70,10
2026-04,LightVehicles,leve,TOYOTA,VIOS,,ICE,usado,qty7_as_1,10,70,10
2026-04,LightVehicles,leve,HYUNDAI,PORTER II,,ICE,usado,qty7_as_1,9,63,9
2026-04,LightVehicles,leve,NISSAN,FAIRLADY Z,,ICE,usado,qty7_as_1,9,63,9
2026-04,LightVehicles,leve,TOYOTA,IQ,,ICE,usado,qty7_as_1,9,63,9
2026-04,LightVehicles,leve,DAIHATSU,MOVE CUSTOM,,ICE,usado,qty7_as_1,8,56,8
2026-04,LightVehicles,leve,DODGE,(sin modelo),,ICE,usado,qty7_as_1,8,56,8
2026-04,LightVehicles,leve,HYUNDAI,TUCSON IX,,ICE,usado,qty7_as_1,8,56,8
2026-04,LightVehicles,leve,KIA,K3,,ICE,usado,qty7_as_1,8,56,8
2026-04,LightVehicles,leve,TOYOTA,COROLLA CROSS,,HEV,nuevo,qty7_as_1,8,56,8
2026-04,LightVehicles,leve,HYUNDAI,ACCENT,,ICE,usado,qty7_as_1,7,49,7
2026-04,LightVehicles,leve,KIA,STATION WAGON,,ICE,usado,qty7_as_1,7,49,7
2026-04,LightVehicles,leve,BMW,(sin modelo),,ICE,usado,qty7_as_1,6,42,6
2026-04,LightVehicles,leve,HYUNDAI,AVANTE,,ICE,usado,qty7_as_1,6,42,6
2026-04,LightVehicles,leve,HYUNDAI,GRAND STAREX,,ICE,usado,qty7_as_1,6,42,6
2026-04,LightVehicles,leve,SUBARU,IMPREZA WRX,,ICE,usado,qty7_as_1,6,42,6
2026-04,LightVehicles,leve,TOYOTA,SIENTA,,HEV,usado,qty7_as_1,6,42,6
2026-04,LightVehicles,leve,DAIHATSU,MIRA,,ICE,usado,qty7_as_1,5,35,5
2026-04,LightVehicles,leve,MAZDA,(sin modelo),,ICE,usado,qty7_as_1,5,35,5
2026-04,LightVehicles,leve,TOYOTA,CROWN ROYAL SALOON,,ICE,usado,qty7_as_1,5,35,5
2026-04,LightVehicles,leve,TOYOTA,LAND CRUISER,,ICE,nuevo,qty7_as_1,5,35,5
2026-04,LightVehicles,leve,DODGE,CHALLENGER,,ICE,usado,qty7_as_1,4,28,4
2026-04,LightVehicles,leve,HYUNDAI,I30,,ICE,usado,qty7_as_1,4,28,4
2026-04,LightVehicles,leve,NISSAN,TIIDA,,ICE,usado,qty7_as_1,4,28,4
2026-04,LightVehicles,leve,SUZUKI,(sin modelo),,ICE,usado,qty7_as_1,4,28,4
2026-04,LightVehicles,leve,SUZUKI,ALTO,,ICE,usado,qty7_as_1,4,28,4
2026-04,LightVehicles,leve,TOYOTA,CROWN ROYAL,,ICE,usado,qty7_as_1,4,28,4
2026-04,LightVehicles,leve,TOYOTA,GRANVIA,,ICE,usado,qty7_as_1,4,28,4
2026-04,LightVehicles,leve,TOYOTA,HIACE,,ICE,usado,qty7_as_1,4,28,4
2026-04,LightVehicles,leve,TOYOTA,LAND CRUISER,,HEV,nuevo,qty7_as_1,4,28,4
2026-04,LightVehicles,leve,TOYOTA,MARK X,,ICE,usado,qty7_as_1,4,28,4
2026-04,LightVehicles,leve,TOYOTA,PRIUS,,HEV,usado,qty7_as_1,4,28,4
2026-04,LightVehicles,leve,KIA,PRIDE,,ICE,usado,qty7_as_1,3,21,3
2026-04,LightVehicles,leve,MERCEDES-BENZ,ATEGO,,ICE,usado,qty7_as_1,3,21,3
2026-04,LightVehicles,leve,MERCEDES-BENZ,E350,,ICE,usado,qty7_as_1,3,21,3
2026-04,LightVehicles,leve,MITSUBISHI,FUSO CANTER GUTS,,ICE,usado,qty7_as_1,3,21,3
2026-04,LightVehicles,leve,MITSUBISHI,PAJERO,,ICE,usado,qty7_as_1,3,21,3
2026-04,LightVehicles,leve,NISSAN,FAIRLADY Z A/O,,ICE,usado,qty7_as_1,3,21,3
2026-04,LightVehicles,leve,SUBARU,IMPREZA WRX S4 CVT 2,,ICE,usado,qty7_as_1,3,21,3
2026-04,LightVehicles,leve,TOYOTA,ALLION A/O,,ICE,usado,qty7_as_1,3,21,3
2026-04,LightVehicles,leve,TOYOTA,AURIS,,HEV,usado,qty7_as_1,3,21,3
2026-04,LightVehicles,leve,TOYOTA,LITEACE,,ICE,usado,qty7_as_1,3,21,3
2026-04,LightVehicles,leve,TOYOTA,MARK X A/O,,ICE,usado,qty7_as_1,3,21,3
2026-04,LightVehicles,leve,TOYOTA,RUNX,,ICE,usado,qty7_as_1,3,21,3
2026-04,LightVehicles,leve,TOYOTA,TOWNACE,,ICE,usado,qty7_as_1,3,21,3
2026-04,LightVehicles,leve,TOYOTA,TOYOACE,,ICE,usado,qty7_as_1,3,21,3
2026-04,LightVehicles,leve,TOYOTA,VITS,,ICE,usado,qty7_as_1,3,21,3
2026-04,LightVehicles,leve,TOYOTA,WISH A/O,,ICE,usado,qty7_as_1,3,21,3
2026-04,LightVehicles,leve,TOYOTA,YARIS,,ICE,usado,qty7_as_1,3,21,3
2026-04,LightVehicles,leve,AUDI,A6,,ICE,usado,qty7_as_1,2,14,2
2026-04,LightVehicles,leve,AUDI,Q7,,ICE,usado,qty7_as_1,2,14,2
2026-04,LightVehicles,leve,BMW,320D,,ICE,usado,qty7_as_1,2,14,2
2026-04,LightVehicles,leve,CADILLAC,(sin modelo),,ICE,usado,qty7_as_1,2,14,2
2026-04,LightVehicles,leve,FORD,(sin modelo),,ICE,usado,qty7_as_1,2,14,2
2026-04,LightVehicles,leve,HINO,DUTRO,,ICE,usado,qty7_as_1,2,14,2
2026-04,LightVehicles,leve,HYUNDAI,I40,,ICE,usado,qty7_as_1,2,14,2
2026-04,LightVehicles,leve,KIA,BONGO III,,ICE,usado,qty7_as_1,2,14,2
2026-04,LightVehicles,leve,KIA,KORANDO SPORTS,,ICE,usado,qty7_as_1,2,14,2
2026-04,LightVehicles,leve,LANCIA,DELTA,,ICE,usado,qty7_as_1,2,14,2
2026-04,LightVehicles,leve,MAZDA,CX 5,,ICE,usado,qty7_as_1,2,14,2
2026-04,LightVehicles,leve,MERCEDES-BENZ,814,,ICE,usado,qty7_as_1,2,14,2
2026-04,LightVehicles,leve,MERCEDES-BENZ,A35,,ICE,usado,qty7_as_1,2,14,2
2026-04,LightVehicles,leve,MERCEDES-BENZ,C 220 CDI,,ICE,usado,qty7_as_1,2,14,2
2026-04,LightVehicles,leve,MERCEDES-BENZ,C220,,ICE,usado,qty7_as_1,2,14,2
2026-04,LightVehicles,leve,MERCEDES-BENZ,C300,,ICE,usado,qty7_as_1,2,14,2
2026-04,LightVehicles,leve,MERCEDES-BENZ,GLE 350,,ICE,usado,qty7_as_1,2,14,2
2026-04,LightVehicles,leve,MERCEDES-BENZ,S550,,ICE,usado,qty7_as_1,2,14,2
2026-04,LightVehicles,leve,MINI,(sin modelo),,ICE,usado,qty7_as_1,2,14,2
2026-04,LightVehicles,leve,NISSAN,ATLAS 150,,ICE,usado,qty7_as_1,2,14,2
2026-04,LightVehicles,leve,NISSAN,NOTE,,ICE,usado,qty7_as_1,2,14,2
2026-04,LightVehicles,leve,NISSAN,SKYLINE,,ICE,usado,qty7_as_1,2,14,2
2026-04,LightVehicles,leve,SSANGYONG,KORANDO SPORTS,,ICE,usado,qty7_as_1,2,14,2
2026-04,LightVehicles,leve,SUBARU,IMPREZA WRX STI,,ICE,usado,qty7_as_1,2,14,2
2026-04,LightVehicles,leve,SUBARU,WRX A/O,,ICE,usado,qty7_as_1,2,14,2
2026-04,LightVehicles,leve,SUBARU,WRX S4,,ICE,usado,qty7_as_1,2,14,2
2026-04,LightVehicles,leve,SUBARU,WRX S4 A/O,,ICE,usado,qty7_as_1,2,14,2
2026-04,LightVehicles,leve,SUZUKI,SWIFT,,ICE,usado,qty7_as_1,2,14,2
2026-04,LightVehicles,leve,TOYOTA,4RUNNER,,HEV,nuevo,qty7_as_1,2,14,2
2026-04,LightVehicles,leve,TOYOTA,COROLLA FIELDER,,ICE,usado,qty7_as_1,2,14,2
2026-04,LightVehicles,leve,TOYOTA,DYNA,,ICE,usado,qty7_as_1,2,14,2
2026-04,LightVehicles,leve,TOYOTA,FRONTLANDER,,HEV,nuevo,qty7_as_1,2,14,2
2026-04,LightVehicles,leve,TOYOTA,GRAND HIACE,,ICE,usado,qty7_as_1,2,14,2
2026-04,LightVehicles,leve,TOYOTA,ISIS,,ICE,usado,qty7_as_1,2,14,2
2026-04,LightVehicles,leve,TOYOTA,ISIS PLATANA,,ICE,usado,qty7_as_1,2,14,2
2026-04,LightVehicles,leve,TOYOTA,PREMIO A/O,,ICE,usado,qty7_as_1,2,14,2
2026-04,LightVehicles,leve,TOYOTA,REGIUSACE,,ICE,usado,qty7_as_1,2,14,2
2026-04,LightVehicles,leve,TOYOTA,VITZ,,HEV,usado,qty7_as_1,2,14,2
2026-04,LightVehicles,leve,VOLKSWAGEN,GOLF,,ICE,usado,qty7_as_1,2,14,2
2026-04,LightVehicles,leve,ALFA ROMEO,GT VELOCE,,ICE,usado,qty7_as_1,1,7,1
2026-04,LightVehicles,leve,AUDI,A3,,ICE,usado,qty7_as_1,1,7,1
2026-04,LightVehicles,leve,AUDI,TT FSI,,ICE,usado,qty7_as_1,1,7,1
2026-04,LightVehicles,leve,AUDI,TT ROADSTER,,ICE,usado,qty7_as_1,1,7,1
2026-04,LightVehicles,leve,BMW,320 D,,ICE,usado,qty7_as_1,1,7,1
2026-04,LightVehicles,leve,BMW,320I,,ICE,usado,qty7_as_1,1,7,1
2026-04,LightVehicles,leve,BMW,520D,,ICE,usado,qty7_as_1,1,7,1
2026-04,LightVehicles,leve,BMW,520D GT,,ICE,usado,qty7_as_1,1,7,1
2026-04,LightVehicles,leve,BMW,650I,,ICE,usado,qty7_as_1,1,7,1
2026-04,LightVehicles,leve,BMW,M2,,ICE,usado,qty7_as_1,1,7,1
2026-04,LightVehicles,leve,BMW,M3,,ICE,usado,qty7_as_1,1,7,1
2026-04,LightVehicles,leve,BMW,M5,,ICE,usado,qty7_as_1,1,7,1
2026-04,LightVehicles,leve,BMW,X3,,ICE,usado,qty7_as_1,1,7,1
2026-04,LightVehicles,leve,BMW,X3 XDRIVE 20D,,ICE,usado,qty7_as_1,1,7,1
2026-04,LightVehicles,leve,BMW,X6,,ICE,usado,qty7_as_1,1,7,1
2026-04,LightVehicles,leve,CADILLAC,CTS,,ICE,usado,qty7_as_1,1,7,1
2026-04,LightVehicles,leve,CADILLAC,ESCALADE,,ICE,usado,qty7_as_1,1,7,1
2026-04,LightVehicles,leve,CADILLAC,ESCALADE ESV 1SA,,ICE,nuevo,qty7_as_1,1,7,1
2026-04,LightVehicles,leve,CHEVROLET,C-1500,,ICE,usado,qty7_as_1,1,7,1
2026-04,LightVehicles,leve,CHEVROLET,CAMARO,,ICE,usado,qty7_as_1,1,7,1
2026-04,LightVehicles,leve,CHEVROLET,CORVETTE,,ICE,usado,qty7_as_1,1,7,1
2026-04,LightVehicles,leve,CHEVROLET,MALIBU,,ICE,usado,qty7_as_1,1,7,1
2026-04,LightVehicles,leve,DAIHATSU,MIRA CUSTOM,,ICE,usado,qty7_as_1,1,7,1
2026-04,LightVehicles,leve,DODGE,CHALLENGER A/O,,ICE,usado,qty7_as_1,1,7,1
2026-04,LightVehicles,leve,DODGE,CHALLENGER R/T,,ICE,usado,qty7_as_1,1,7,1
2026-04,LightVehicles,leve,FORD,BRONCO RAPTOR,,ICE,usado,qty7_as_1,1,7,1
2026-04,LightVehicles,leve,FORD,EXPEDITION,,ICE,usado,qty7_as_1,1,7,1
2026-04,LightVehicles,leve,FORD,FORD,,ICE,usado,qty7_as_1,1,7,1
2026-04,LightVehicles,leve,FORD,MUSTANG,,ICE,usado,qty7_as_1,1,7,1
2026-04,LightVehicles,leve,FORD,MUSTANG GT,,ICE,usado,qty7_as_1,1,7,1
2026-04,LightVehicles,leve,HINO,(sin modelo),,ICE,usado,qty7_as_1,1,7,1
2026-04,LightVehicles,leve,HONDA,(sin modelo),,ICE,usado,qty7_as_1,1,7,1
2026-04,LightVehicles,leve,HONDA,ACCORD SPORT,,ICE,usado,qty7_as_1,1,7,1
2026-04,LightVehicles,leve,HONDA,CIVIC,,ICE,usado,qty7_as_1,1,7,1
2026-04,LightVehicles,leve,HONDA,FIT,,ICE,usado,qty7_as_1,1,7,1
2026-04,LightVehicles,leve,HYUNDAI,PALISADE,,ICE,usado,qty7_as_1,1,7,1
2026-04,LightVehicles,leve,HYUNDAI,SANTA FE A/O,,ICE,usado,qty7_as_1,1,7,1
2026-04,LightVehicles,leve,HYUNDAI,SONATA,,ICE,usado,qty7_as_1,1,7,1
2026-04,LightVehicles,leve,HYUNDAI,SPORTAGE,,ICE,usado,qty7_as_1,1,7,1
2026-04,LightVehicles,leve,HYUNDAI,TUCSON LX20,,ICE,usado,qty7_as_1,1,7,1
2026-04,LightVehicles,leve,HYUNDAI,VERACRUZ,,ICE,usado,qty7_as_1,1,7,1
2026-04,LightVehicles,leve,INFINITI,QX80,,ICE,usado,qty7_as_1,1,7,1
2026-04,LightVehicles,leve,IVECO,STRALIS 270,,ICE,usado,qty7_as_1,1,7,1
2026-04,LightVehicles,leve,JEEP,WRANGLER,,ICE,usado,qty7_as_1,1,7,1
2026-04,LightVehicles,leve,KIA,FRONTIER,,ICE,usado,qty7_as_1,1,7,1
2026-04,LightVehicles,leve,KIA,K7,,ICE,usado,qty7_as_1,1,7,1
2026-04,LightVehicles,leve,KIA,SELTOS,,ICE,usado,qty7_as_1,1,7,1
2026-04,LightVehicles,leve,KIA,SPO1RTAGE,,ICE,usado,qty7_as_1,1,7,1
2026-04,LightVehicles,leve,LAND ROVER,DEFENDER,,ICE,usado,qty7_as_1,1,7,1
2026-04,LightVehicles,leve,LAND ROVER,RANGE ROVER SPORT,,ICE,usado,qty7_as_1,1,7,1
2026-04,LightVehicles,leve,LAND ROVER,SPORT 2,,ICE,usado,qty7_as_1,1,7,1
2026-04,LightVehicles,leve,LEXUS,RX450H,,HEV,usado,qty7_as_1,1,7,1
2026-04,LightVehicles,leve,LINCOLN,NAVIGATOR,,ICE,usado,qty7_as_1,1,7,1
2026-04,LightVehicles,leve,MAZDA,ATENZA,,ICE,usado,qty7_as_1,1,7,1
2026-04,LightVehicles,leve,MAZDA,CX-3,,ICE,usado,qty7_as_1,1,7,1
2026-04,LightVehicles,leve,MAZDA,CX-5,,ICE,usado,qty7_as_1,1,7,1
2026-04,LightVehicles,leve,MAZDA,PROCEED MARVIE,,ICE,usado,qty7_as_1,1,7,1
2026-04,LightVehicles,leve,MERCEDES-BENZ,(sin modelo),,ICE,usado,qty7_as_1,1,7,1
2026-04,LightVehicles,leve,MERCEDES-BENZ,1218,,ICE,usado,qty7_as_1,1,7,1
2026-04,LightVehicles,leve,MERCEDES-BENZ,300E,,ICE,usado,qty7_as_1,1,7,1
2026-04,LightVehicles,leve,MERCEDES-BENZ,A250 E,HZAZ051A,PHEV,usado,qty7_as_1,1,7,1
2026-04,LightVehicles,leve,MERCEDES-BENZ,AMG C63,,ICE,usado,qty7_as_1,1,7,1
2026-04,LightVehicles,leve,MERCEDES-BENZ,AMG GT,,ICE,usado,qty7_as_1,1,7,1
2026-04,LightVehicles,leve,MERCEDES-BENZ,C 220 BLUETEC,,ICE,usado,qty7_as_1,1,7,1
2026-04,LightVehicles,leve,MERCEDES-BENZ,C 220 D,,ICE,usado,qty7_as_1,1,7,1
2026-04,LightVehicles,leve,MERCEDES-BENZ,C230 KOMPRESSOR,,ICE,usado,qty7_as_1,1,7,1
2026-04,LightVehicles,leve,MERCEDES-BENZ,E220 CDI,,ICE,usado,qty7_as_1,1,7,1
2026-04,LightVehicles,leve,MERCEDES-BENZ,E270 A/O,,ICE,usado,qty7_as_1,1,7,1
2026-04,LightVehicles,leve,MERCEDES-BENZ,G63 AMG,,ICE,usado,qty7_as_1,1,7,1
2026-04,LightVehicles,leve,MERCEDES-BENZ,GL350,,ICE,usado,qty7_as_1,1,7,1
2026-04,LightVehicles,leve,MERCEDES-BENZ,GLE350D 4MATIC,,ICE,usado,qty7_as_1,1,7,1
2026-04,LightVehicles,leve,MERCEDES-BENZ,GLS450,,ICE,usado,qty7_as_1,1,7,1
2026-04,LightVehicles,leve,MERCEDES-BENZ,GT43,,ICE,usado,qty7_as_1,1,7,1
2026-04,LightVehicles,leve,MERCEDES-BENZ,SPRINTER,,ICE,usado,qty7_as_1,1,7,1
2026-04,LightVehicles,leve,MERCEDES-BENZ,SPRINTER A/O,,ICE,usado,qty7_as_1,1,7,1
2026-04,LightVehicles,leve,MERCEDES-BENZ,SPRINTER CDI A/O,,ICE,usado,qty7_as_1,1,7,1
2026-04,LightVehicles,leve,MINI,COOPER,,ICE,usado,qty7_as_1,1,7,1
2026-04,LightVehicles,leve,MINI,COOPER S,,ICE,usado,qty7_as_1,1,7,1
2026-04,LightVehicles,leve,MITSUBISHI,3000GT,,ICE,usado,qty7_as_1,1,7,1
2026-04,LightVehicles,leve,MITSUBISHI,CANTER 1,,ICE,usado,qty7_as_1,1,7,1
2026-04,LightVehicles,leve,MITSUBISHI,CANTER CUSTOM,,ICE,usado,qty7_as_1,1,7,1
2026-04,LightVehicles,leve,MITSUBISHI,CANTER DOBLE CABINA,,ICE,usado,qty7_as_1,1,7,1
2026-04,LightVehicles,leve,MITSUBISHI,CANTER GUTSAO,,ICE,usado,qty7_as_1,1,7,1
2026-04,LightVehicles,leve,MITSUBISHI,CANTER O,,ICE,usado,qty7_as_1,1,7,1
2026-04,LightVehicles,leve,MITSUBISHI,DELICA,,ICE,usado,qty7_as_1,1,7,1
2026-04,LightVehicles,leve,MITSUBISHI,FUSO,,ICE,usado,qty7_as_1,1,7,1
2026-04,LightVehicles,leve,MITSUBISHI,FUSO CANTER,,ICE,usado,qty7_as_1,1,7,1
2026-04,LightVehicles,leve,MITSUBISHI,TRITON,,ICE,usado,qty7_as_1,1,7,1
2026-04,LightVehicles,leve,NISSAN,ATLAS 100,,ICE,usado,qty7_as_1,1,7,1
2026-04,LightVehicles,leve,NISSAN,CONDOR,,ICE,usado,qty7_as_1,1,7,1
2026-04,LightVehicles,leve,NISSAN,DATSUN,,ICE,usado,qty7_as_1,1,7,1
2026-04,LightVehicles,leve,NISSAN,ELF,,ICE,usado,qty7_as_1,1,7,1
2026-04,LightVehicles,leve,NISSAN,FIRELADY Z,,ICE,usado,qty7_as_1,1,7,1
2026-04,LightVehicles,leve,NISSAN,MARCH,,ICE,usado,qty7_as_1,1,7,1
2026-04,LightVehicles,leve,NISSAN,NAVARA,,ICE,usado,qty7_as_1,1,7,1
2026-04,LightVehicles,leve,NISSAN,PATROL,,ICE,usado,qty7_as_1,1,7,1
2026-04,LightVehicles,leve,NISSAN,SKYLINE GT,,ICE,usado,qty7_as_1,1,7,1
2026-04,LightVehicles,leve,NISSAN,TERRANO,,ICE,usado,qty7_as_1,1,7,1
2026-04,LightVehicles,leve,NISSAN,VANETTE,,ICE,usado,qty7_as_1,1,7,1
2026-04,LightVehicles,leve,NISSAN,VANETTE TRUCK,,ICE,usado,qty7_as_1,1,7,1
2026-04,LightVehicles,leve,PORSCHE,(sin modelo),,ICE,usado,qty7_as_1,1,7,1
2026-04,LightVehicles,leve,PORSCHE,CAYENNE,,ICE,usado,qty7_as_1,1,7,1
2026-04,LightVehicles,leve,PORSCHE,MACAN,,ICE,usado,qty7_as_1,1,7,1
2026-04,LightVehicles,leve,PORSCHE,PANAMERA 4 NAFTERO,,ICE,usado,qty7_as_1,1,7,1
2026-04,LightVehicles,leve,RENAULT,CLIO,,ICE,usado,qty7_as_1,1,7,1
2026-04,LightVehicles,leve,RENAULT,CLIO A/O,,ICE,usado,qty7_as_1,1,7,1
2026-04,LightVehicles,leve,SCANIA,P124-360,,ICE,usado,qty7_as_1,1,7,1
2026-04,LightVehicles,leve,SUBARU,BRZ,,ICE,usado,qty7_as_1,1,7,1
2026-04,LightVehicles,leve,SUBARU,IMPREZA S-GT,,ICE,usado,qty7_as_1,1,7,1
2026-04,LightVehicles,leve,SUBARU,IMPREZA STI,,ICE,usado,qty7_as_1,1,7,1
2026-04,LightVehicles,leve,SUBARU,IMPREZA WRX STI LIMITED 2,,ICE,usado,qty7_as_1,1,7,1
2026-04,LightVehicles,leve,SUBARU,LEVORG,,ICE,usado,qty7_as_1,1,7,1
2026-04,LightVehicles,leve,SUBARU,RACTIS,,ICE,usado,qty7_as_1,1,7,1
2026-04,LightVehicles,leve,TOYOTA,86,,ICE,usado,qty7_as_1,1,7,1
2026-04,LightVehicles,leve,TOYOTA,ALPHARD,,ICE,usado,qty7_as_1,1,7,1
2026-04,LightVehicles,leve,TOYOTA,ALTIS A O,,ICE,usado,qty7_as_1,1,7,1
2026-04,LightVehicles,leve,TOYOTA,AXIO,,ICE,usado,qty7_as_1,1,7,1
2026-04,LightVehicles,leve,TOYOTA,BLADE,,ICE,usado,qty7_as_1,1,7,1
2026-04,LightVehicles,leve,TOYOTA,CALDINA,,ICE,usado,qty7_as_1,1,7,1
2026-04,LightVehicles,leve,TOYOTA,CELICA,,ICE,usado,qty7_as_1,1,7,1
2026-04,LightVehicles,leve,TOYOTA,COROLLA,,HEV,usado,qty7_as_1,1,7,1
2026-04,LightVehicles,leve,TOYOTA,COROLLA AXIO,,HEV,usado,qty7_as_1,1,7,1
2026-04,LightVehicles,leve,TOYOTA,CORONA PREMIO,,ICE,usado,qty7_as_1,1,7,1
2026-04,LightVehicles,leve,TOYOTA,CROW A/O,,ICE,usado,qty7_as_1,1,7,1
2026-04,LightVehicles,leve,TOYOTA,CROWN,,ICE,usado,qty7_as_1,1,7,1
2026-04,LightVehicles,leve,TOYOTA,CROWN A/O,,ICE,usado,qty7_as_1,1,7,1
2026-04,LightVehicles,leve,TOYOTA,FORTUNER,,ICE,usado,qty7_as_1,1,7,1
2026-04,LightVehicles,leve,TOYOTA,GT86,,ICE,usado,qty7_as_1,1,7,1
2026-04,LightVehicles,leve,TOYOTA,HIACE GRAND CABIN G,,ICE,usado,qty7_as_1,1,7,1
2026-04,LightVehicles,leve,TOYOTA,HIACE GRAND CABIN X,,ICE,usado,qty7_as_1,1,7,1
2026-04,LightVehicles,leve,TOYOTA,HIACE SUPER CUSTOM,,ICE,usado,qty7_as_1,1,7,1
2026-04,LightVehicles,leve,TOYOTA,HIGHLANDER,,ICE,usado,qty7_as_1,1,7,1
2026-04,LightVehicles,leve,TOYOTA,ITZ VAO,,ICE,usado,qty7_as_1,1,7,1
2026-04,LightVehicles,leve,TOYOTA,LAND CRUISER,,ICE,usado,qty7_as_1,1,7,1
2026-04,LightVehicles,leve,TOYOTA,LAND CRUISER PRADO,,HEV,nuevo,qty7_as_1,1,7,1
2026-04,LightVehicles,leve,TOYOTA,LAND CRUIZER 250 PRADO TXL,,ICE,usado,qty7_as_1,1,7,1
2026-04,LightVehicles,leve,TOYOTA,MARK X PREMIUN,,ICE,usado,qty7_as_1,1,7,1
2026-04,LightVehicles,leve,TOYOTA,MR-S,,ICE,usado,qty7_as_1,1,7,1
2026-04,LightVehicles,leve,TOYOTA,MR2,,ICE,usado,qty7_as_1,1,7,1
2026-04,LightVehicles,leve,TOYOTA,NOAH,,HEV,usado,qty7_as_1,1,7,1
2026-04,LightVehicles,leve,TOYOTA,PASSO,,ICE,usado,qty7_as_1,1,7,1
2026-04,LightVehicles,leve,TOYOTA,PLATZ,,ICE,usado,qty7_as_1,1,7,1
2026-04,LightVehicles,leve,TOYOTA,PREMIO A O,,ICE,usado,qty7_as_1,1,7,1
2026-04,LightVehicles,leve,TOYOTA,PROBOX,,ICE,usado,qty7_as_1,1,7,1
2026-04,LightVehicles,leve,TOYOTA,RAUM,,ICE,usado,qty7_as_1,1,7,1
2026-04,LightVehicles,leve,TOYOTA,RAV4,,ICE,usado,qty7_as_1,1,7,1
2026-04,LightVehicles,leve,TOYOTA,RAV4,,HEV,nuevo,qty7_as_1,1,7,1
2026-04,LightVehicles,leve,TOYOTA,REGIUS,,ICE,usado,qty7_as_1,1,7,1
2026-04,LightVehicles,leve,TOYOTA,RUNNER LIMITED,,HEV,nuevo,qty7_as_1,1,7,1
2026-04,LightVehicles,leve,TOYOTA,SPORTAGE,,ICE,usado,qty7_as_1,1,7,1
2026-04,LightVehicles,leve,TOYOTA,TACOMA DC4WD SR5,,ICE,usado,qty7_as_1,1,7,1
2026-04,LightVehicles,leve,TOYOTA,VELLFIRE,,ICE,usado,qty7_as_1,1,7,1
2026-04,LightVehicles,leve,TOYOTA,VIRTZ,,ICE,usado,qty7_as_1,1,7,1
2026-04,LightVehicles,leve,VOLKSWAGEN,(sin modelo),,ICE,usado,qty7_as_1,1,7,1
2026-04,LightVehicles,leve,VOLKSWAGEN,POLO,,ICE,usado,qty7_as_1,1,7,1
2026-04,LightVehicles,leve,VOLKSWAGEN,VW/FUSCA,,ICE,usado,qty7_as_1,1,7,1
2026-04,LightVehicles,leve,VOYAH,DREAMER,,BEV,nuevo,qty7_as_1,1,7,1
2026-04,LightVehicles,pesado,SCANIA,(sin modelo),,ICE,usado,qty7_as_1,7,49,7
2026-04,LightVehicles,pesado,MERCEDES-BENZ,ATEGO,,ICE,usado,qty7_as_1,6,42,6
2026-04,LightVehicles,pesado,MERCEDES-BENZ,814,,ICE,usado,qty7_as_1,4,28,4
2026-04,LightVehicles,pesado,MERCEDES-BENZ,815,,ICE,usado,qty7_as_1,4,28,4
2026-04,LightVehicles,pesado,MERCEDES-BENZ,ATEGO 815,,ICE,usado,qty7_as_1,4,28,4
2026-04,LightVehicles,pesado,MERCEDES-BENZ,(sin modelo),,ICE,usado,qty7_as_1,3,21,3
2026-04,LightVehicles,pesado,MERCEDES-BENZ,ATEGO 818,,ICE,usado,qty7_as_1,2,14,2
2026-04,LightVehicles,pesado,MITSUBISHI,CANTER,,ICE,usado,qty7_as_1,2,14,2
2026-04,LightVehicles,pesado,SCANIA,P230,,ICE,usado,qty7_as_1,2,14,2
2026-04,LightVehicles,pesado,SCANIA,P94 260,,ICE,usado,qty7_as_1,2,14,2
2026-04,LightVehicles,pesado,SCANIA,R420,,ICE,usado,qty7_as_1,2,14,2
2026-04,LightVehicles,pesado,KUBOTA,(sin modelo),,ICE,usado,qty7_as_1,1,7,1
2026-04,LightVehicles,pesado,MAN,8,,ICE,usado,qty7_as_1,1,7,1
2026-04,LightVehicles,pesado,MAZDA,TITAN,,ICE,usado,qty7_as_1,1,7,1
2026-04,LightVehicles,pesado,MERCEDES-BENZ,1222,,ICE,usado,qty7_as_1,1,7,1
2026-04,LightVehicles,pesado,MERCEDES-BENZ,1323,,ICE,usado,qty7_as_1,1,7,1
2026-04,LightVehicles,pesado,MERCEDES-BENZ,1523,,ICE,usado,qty7_as_1,1,7,1
2026-04,LightVehicles,pesado,MERCEDES-BENZ,609D,,ICE,usado,qty7_as_1,1,7,1
2026-04,LightVehicles,pesado,MERCEDES-BENZ,814 A/O,,ICE,usado,qty7_as_1,1,7,1
2026-04,LightVehicles,pesado,MERCEDES-BENZ,816 A/O,,ICE,usado,qty7_as_1,1,7,1
2026-04,LightVehicles,pesado,MERCEDES-BENZ,818,,ICE,usado,qty7_as_1,1,7,1
2026-04,LightVehicles,pesado,MERCEDES-BENZ,ATEGO 814,,ICE,usado,qty7_as_1,1,7,1
2026-04,LightVehicles,pesado,MERCEDES-BENZ,ATEGO 816,,ICE,usado,qty7_as_1,1,7,1
2026-04,LightVehicles,pesado,MERCEDES-BENZ,ATEGO A/O,,ICE,usado,qty7_as_1,1,7,1
2026-04,LightVehicles,pesado,MERCEDES-BENZ,SPRINTER,,ICE,usado,qty7_as_1,1,7,1
2026-04,LightVehicles,pesado,MERCEDES-BENZ,SPRINTER 311,,ICE,usado,qty7_as_1,1,7,1
2026-04,LightVehicles,pesado,RANDON,RK-430B,,ICE,usado,qty7_as_1,1,7,1
2026-04,LightVehicles,pesado,SCANIA,114 L - 380,,ICE,usado,qty7_as_1,1,7,1
2026-04,LightVehicles,pesado,SCANIA,124 - 420,,ICE,usado,qty7_as_1,1,7,1
2026-04,LightVehicles,pesado,SCANIA,93 HL,,ICE,usado,qty7_as_1,1,7,1
2026-04,LightVehicles,pesado,SCANIA,94-260 A/O,,ICE,usado,qty7_as_1,1,7,1
2026-04,LightVehicles,pesado,SCANIA,P310,,ICE,usado,qty7_as_1,1,7,1
2026-04,LightVehicles,pesado,SCANIA,P340,,ICE,usado,qty7_as_1,1,7,1
2026-04,LightVehicles,pesado,SCANIA,R124,,ICE,usado,qty7_as_1,1,7,1
2026-04,LightVehicles,pesado,SINOTRUK,HOWO 371,,ICE,usado,qty7_as_1,1,7,1
2026-04,LightVehicles,recreativo,POLARIS,RZR XP4,,ICE,usado,qty7_as_1,1,7,1
2026-05,LightVehicles,leve,TOYOTA,VITZ,,ICE,usado,qty7_as_1,1268,8876,1268
2026-05,LightVehicles,leve,TOYOTA,RACTIS,,ICE,usado,qty7_as_1,681,4767,681
2026-05,LightVehicles,leve,KIA,SPORTAGE,,ICE,usado,qty7_as_1,559,3913,559
2026-05,LightVehicles,leve,TOYOTA,AURIS,,ICE,usado,qty7_as_1,371,2597,371
2026-05,LightVehicles,leve,TOYOTA,ALLION,,ICE,usado,qty7_as_1,244,1708,244
2026-05,LightVehicles,leve,TOYOTA,PREMIO,,ICE,usado,qty7_as_1,244,1708,244
2026-05,LightVehicles,leve,TOYOTA,SIENTA,,ICE,usado,qty7_as_1,244,1708,244
2026-05,LightVehicles,leve,TOYOTA,(sin modelo),,ICE,usado,qty7_as_1,236,1652,236
2026-05,LightVehicles,leve,TOYOTA,WISH,,ICE,usado,qty7_as_1,231,1617,231
2026-05,LightVehicles,leve,TOYOTA,VOXY,,ICE,usado,qty7_as_1,221,1547,221
2026-05,LightVehicles,leve,TOYOTA,NOAH,,ICE,usado,qty7_as_1,161,1127,161
2026-05,LightVehicles,leve,TOYOTA,IST,,ICE,usado,qty7_as_1,131,917,131
2026-05,LightVehicles,leve,MITSUBISHI,CANTER,,ICE,usado,qty7_as_1,93,651,93
2026-05,LightVehicles,leve,TOYOTA,COROLLA,,ICE,usado,qty7_as_1,86,602,86
2026-05,LightVehicles,leve,HYUNDAI,TUCSON,,ICE,usado,qty7_as_1,75,525,75
2026-05,LightVehicles,leve,TOYOTA,FUNCARGO,,ICE,usado,qty7_as_1,65,455,65
2026-05,LightVehicles,leve,HYUNDAI,SANTA FE,,ICE,usado,qty7_as_1,61,427,61
2026-05,LightVehicles,leve,HYUNDAI,(sin modelo),,ICE,usado,qty7_as_1,43,301,43
2026-05,LightVehicles,leve,MITSUBISHI,(sin modelo),,ICE,usado,qty7_as_1,43,301,43
2026-05,LightVehicles,leve,NISSAN,ATLAS,,ICE,usado,qty7_as_1,36,252,36
2026-05,LightVehicles,leve,TOYOTA,CROWN ATHLETE,,ICE,usado,qty7_as_1,30,210,30
2026-05,LightVehicles,leve,TOYOTA,COROLLA CROSS,,HEV,nuevo,qty7_as_1,29,203,29
2026-05,LightVehicles,leve,KIA,K5,,ICE,usado,qty7_as_1,28,196,28
2026-05,LightVehicles,leve,MAZDA,DEMIO,,ICE,usado,qty7_as_1,26,182,26
2026-05,LightVehicles,leve,TOYOTA,COROLLA AXIO,,ICE,usado,qty7_as_1,26,182,26
2026-05,LightVehicles,leve,TOYOTA,AQUA,,HEV,usado,qty7_as_1,23,161,23
2026-05,LightVehicles,leve,TOYOTA,HILUX,,ICE,usado,qty7_as_1,23,161,23
2026-05,LightVehicles,leve,SUBARU,IMPREZA,,ICE,usado,qty7_as_1,20,140,20
2026-05,LightVehicles,leve,TOYOTA,RUSH,,ICE,usado,qty7_as_1,20,140,20
2026-05,LightVehicles,leve,KIA,(sin modelo),,ICE,usado,qty7_as_1,18,126,18
2026-05,LightVehicles,leve,TOYOTA,ALLEX,,ICE,usado,qty7_as_1,18,126,18
2026-05,LightVehicles,leve,TOYOTA,BELTA,,ICE,usado,qty7_as_1,18,126,18
2026-05,LightVehicles,leve,KIA,SORENTO,,ICE,usado,qty7_as_1,17,119,17
2026-05,LightVehicles,leve,SUBARU,TREZIA,,ICE,usado,qty7_as_1,16,112,16
2026-05,LightVehicles,leve,NISSAN,(sin modelo),,ICE,usado,qty7_as_1,15,105,15
2026-05,LightVehicles,leve,NISSAN,FAIRLADY Z,,ICE,usado,qty7_as_1,14,98,14
2026-05,LightVehicles,leve,TOYOTA,LAND CRUISER PRADO,,ICE,usado,qty7_as_1,12,84,12
2026-05,LightVehicles,leve,FORD,MUSTANG,,ICE,usado,qty7_as_1,11,77,11
2026-05,LightVehicles,leve,MITSUBISHI,CANTER GUTS,,ICE,usado,qty7_as_1,11,77,11
2026-05,LightVehicles,leve,HYUNDAI,PORTER II,,ICE,usado,qty7_as_1,10,70,10
2026-05,LightVehicles,leve,KIA,K3,,ICE,usado,qty7_as_1,10,70,10
2026-05,LightVehicles,leve,HYUNDAI,ACCENT,,ICE,usado,qty7_as_1,9,63,9
2026-05,LightVehicles,leve,KIA,CARNIVAL,,ICE,usado,qty7_as_1,9,63,9
2026-05,LightVehicles,leve,TOYOTA,COROLLA FIELDER,,ICE,usado,qty7_as_1,9,63,9
2026-05,LightVehicles,leve,BMW,320D,,ICE,usado,qty7_as_1,8,56,8
2026-05,LightVehicles,leve,MITSUBISHI,CANTER FUSO,,ICE,usado,qty7_as_1,8,56,8
2026-05,LightVehicles,leve,SUBARU,(sin modelo),,ICE,usado,qty7_as_1,8,56,8
2026-05,LightVehicles,leve,TOYOTA,CROWN,,ICE,usado,qty7_as_1,8,56,8
2026-05,LightVehicles,leve,FORD,(sin modelo),,ICE,usado,qty7_as_1,7,49,7
2026-05,LightVehicles,leve,MAZDA,(sin modelo),,ICE,usado,qty7_as_1,7,49,7
2026-05,LightVehicles,leve,MERCEDES-BENZ,(sin modelo),,ICE,usado,qty7_as_1,6,42,6
2026-05,LightVehicles,leve,NISSAN,DATSUN,,ICE,usado,qty7_as_1,6,42,6
2026-05,LightVehicles,leve,NISSAN,NOTE,,ICE,usado,qty7_as_1,6,42,6
2026-05,LightVehicles,leve,TOYOTA,GRAND HIACE,,ICE,usado,qty7_as_1,6,42,6
2026-05,LightVehicles,leve,TOYOTA,MARK X,,ICE,usado,qty7_as_1,6,42,6
2026-05,LightVehicles,leve,TOYOTA,REGIUS,,ICE,usado,qty7_as_1,6,42,6
2026-05,LightVehicles,leve,BMW,(sin modelo),,ICE,usado,qty7_as_1,5,35,5
2026-05,LightVehicles,leve,CHEVROLET,CAMARO,,ICE,usado,qty7_as_1,5,35,5
2026-05,LightVehicles,leve,DODGE,CHALLENGER,,ICE,usado,qty7_as_1,5,35,5
2026-05,LightVehicles,leve,JEEP,WRANGLER,,ICE,usado,qty7_as_1,5,35,5
2026-05,LightVehicles,leve,NISSAN,MARCH,,ICE,usado,qty7_as_1,5,35,5
2026-05,LightVehicles,leve,SUBARU,XV,,ICE,usado,qty7_as_1,5,35,5
2026-05,LightVehicles,leve,SUZUKI,SWIFT,,ICE,usado,qty7_as_1,5,35,5
2026-05,LightVehicles,leve,TOYOTA,ALLION NAFTERO,,ICE,usado,qty7_as_1,5,35,5
2026-05,LightVehicles,leve,TOYOTA,CROWN ROYAL SALOON,,ICE,usado,qty7_as_1,5,35,5
2026-05,LightVehicles,leve,TOYOTA,GT86,,ICE,usado,qty7_as_1,5,35,5
2026-05,LightVehicles,leve,TOYOTA,HIACE,,ICE,usado,qty7_as_1,5,35,5
2026-05,LightVehicles,leve,TOYOTA,IQ,,ICE,usado,qty7_as_1,5,35,5
2026-05,LightVehicles,leve,TOYOTA,RAV4,,ICE,usado,qty7_as_1,5,35,5
2026-05,LightVehicles,leve,VOLKSWAGEN,GOLF,,ICE,usado,qty7_as_1,5,35,5
2026-05,LightVehicles,leve,BMW,320I M SPORT,,ICE,usado,qty7_as_1,4,28,4
2026-05,LightVehicles,leve,CHEVROLET,(sin modelo),,ICE,usado,qty7_as_1,4,28,4
2026-05,LightVehicles,leve,DODGE,(sin modelo),,ICE,usado,qty7_as_1,4,28,4
2026-05,LightVehicles,leve,HYUNDAI,AVANTE,,ICE,usado,qty7_as_1,4,28,4
2026-05,LightVehicles,leve,MINI,COOPER,,ICE,usado,qty7_as_1,4,28,4
2026-05,LightVehicles,leve,MITSUBISHI,CANTER GUTS DIESEL,,ICE,usado,qty7_as_1,4,28,4
2026-05,LightVehicles,leve,TOYOTA,4RUNNER,,HEV,nuevo,qty7_as_1,4,28,4
2026-05,LightVehicles,leve,TOYOTA,AURIS,,HEV,usado,qty7_as_1,4,28,4
2026-05,LightVehicles,leve,TOYOTA,COROLLA,,HEV,usado,qty7_as_1,4,28,4
2026-05,LightVehicles,leve,TOYOTA,ESQUIRE,,ICE,usado,qty7_as_1,4,28,4
2026-05,LightVehicles,leve,TOYOTA,HIACE GRAND CABIN,,ICE,usado,qty7_as_1,4,28,4
2026-05,LightVehicles,leve,TOYOTA,PLATZ,,ICE,usado,qty7_as_1,4,28,4
2026-05,LightVehicles,leve,TOYOTA,PRIUS,,HEV,usado,qty7_as_1,4,28,4
2026-05,LightVehicles,leve,TOYOTA,TOYOACE,,ICE,usado,qty7_as_1,4,28,4
2026-05,LightVehicles,leve,TOYOTA,VELLFIRE,,ICE,usado,qty7_as_1,4,28,4
2026-05,LightVehicles,leve,DAIHATSU,HIJET,,ICE,usado,qty7_as_1,3,21,3
2026-05,LightVehicles,leve,HYUNDAI,GRAND STAREX,,ICE,usado,qty7_as_1,3,21,3
2026-05,LightVehicles,leve,HYUNDAI,PALISADE,,ICE,usado,qty7_as_1,3,21,3
2026-05,LightVehicles,leve,JEEP,WRANGLER RUBICON,,ICE,usado,qty7_as_1,3,21,3
2026-05,LightVehicles,leve,KIA,MORNING,,ICE,usado,qty7_as_1,3,21,3
2026-05,LightVehicles,leve,MERCEDES-BENZ,C200,,ICE,usado,qty7_as_1,3,21,3
2026-05,LightVehicles,leve,NISSAN,TIIDA,,ICE,usado,qty7_as_1,3,21,3
2026-05,LightVehicles,leve,SUZUKI,(sin modelo),,ICE,usado,qty7_as_1,3,21,3
2026-05,LightVehicles,leve,TOYOTA,AVENSIS,,ICE,usado,qty7_as_1,3,21,3
2026-05,LightVehicles,leve,TOYOTA,DYNA,,ICE,usado,qty7_as_1,3,21,3
2026-05,LightVehicles,leve,TOYOTA,ISIS PLATANA,,ICE,usado,qty7_as_1,3,21,3
2026-05,LightVehicles,leve,TOYOTA,LAND CRUISER,,ICE,usado,qty7_as_1,3,21,3
2026-05,LightVehicles,leve,TOYOTA,PREMIO NAFTERO,,ICE,usado,qty7_as_1,3,21,3
2026-05,LightVehicles,leve,TOYOTA,SAI A/O,,ICE,usado,qty7_as_1,3,21,3
2026-05,LightVehicles,leve,TOYOTA,SIENTA,,HEV,usado,qty7_as_1,3,21,3
2026-05,LightVehicles,leve,TOYOTA,WISH A/O,,ICE,usado,qty7_as_1,3,21,3
2026-05,LightVehicles,leve,BMW,335I,,ICE,usado,qty7_as_1,2,14,2
2026-05,LightVehicles,leve,BMW,520D,,ICE,usado,qty7_as_1,2,14,2
2026-05,LightVehicles,leve,BMW,MINI COOPER,,ICE,usado,qty7_as_1,2,14,2
2026-05,LightVehicles,leve,BMW,X5,,ICE,usado,qty7_as_1,2,14,2
2026-05,LightVehicles,leve,BMW,Z3,,ICE,usado,qty7_as_1,2,14,2
2026-05,LightVehicles,leve,CADILLAC,ESCALADE,,ICE,usado,qty7_as_1,2,14,2
2026-05,LightVehicles,leve,CHEVROLET,SUBURBAN,,ICE,usado,qty7_as_1,2,14,2
2026-05,LightVehicles,leve,DAIHATSU,(sin modelo),,ICE,usado,qty7_as_1,2,14,2
2026-05,LightVehicles,leve,DAIHATSU,MIRA,,ICE,usado,qty7_as_1,2,14,2
2026-05,LightVehicles,leve,DAIHATSU,MOVE,,ICE,usado,qty7_as_1,2,14,2
2026-05,LightVehicles,leve,FORD,EXPLORER,,ICE,usado,qty7_as_1,2,14,2
2026-05,LightVehicles,leve,FORD,F150,,ICE,usado,qty7_as_1,2,14,2
2026-05,LightVehicles,leve,HINO,(sin modelo),,ICE,usado,qty7_as_1,2,14,2
2026-05,LightVehicles,leve,HYUNDAI,MAXCRUZ,,ICE,usado,qty7_as_1,2,14,2
2026-05,LightVehicles,leve,KIA,BONGO III,,ICE,usado,qty7_as_1,2,14,2
2026-05,LightVehicles,leve,MERCEDES-BENZ,C300,,ICE,usado,qty7_as_1,2,14,2
2026-05,LightVehicles,leve,MERCEDES-BENZ,E350,,ICE,usado,qty7_as_1,2,14,2
2026-05,LightVehicles,leve,MERCEDES-BENZ,SL500,,ICE,usado,qty7_as_1,2,14,2
2026-05,LightVehicles,leve,MITSUBISHI FUSO,CANTER DIESEL,,ICE,usado,qty7_as_1,2,14,2
2026-05,LightVehicles,leve,NISSAN,ATLAS 150,,ICE,usado,qty7_as_1,2,14,2
2026-05,LightVehicles,leve,NISSAN,SKYLINE,,ICE,usado,qty7_as_1,2,14,2
2026-05,LightVehicles,leve,NISSAN,X-TRAIL,,ICE,usado,qty7_as_1,2,14,2
2026-05,LightVehicles,leve,SSANGYONG,(sin modelo),,ICE,usado,qty7_as_1,2,14,2
2026-05,LightVehicles,leve,SUBARU,BRZ,,ICE,usado,qty7_as_1,2,14,2
2026-05,LightVehicles,leve,SUBARU,IMPREZA WRX A/O,,ICE,usado,qty7_as_1,2,14,2
2026-05,LightVehicles,leve,SUZUKI,SWIFT A/O,,ICE,usado,qty7_as_1,2,14,2
2026-05,LightVehicles,leve,TOYOTA,(sin modelo),,ICE,nuevo,qty7_as_1,2,14,2
2026-05,LightVehicles,leve,TOYOTA,86,,ICE,usado,qty7_as_1,2,14,2
2026-05,LightVehicles,leve,TOYOTA,BLADE,,ICE,usado,qty7_as_1,2,14,2
2026-05,LightVehicles,leve,TOYOTA,CANTER,,ICE,usado,qty7_as_1,2,14,2
2026-05,LightVehicles,leve,TOYOTA,COROLLA,,HEV,nuevo,qty7_as_1,2,14,2
2026-05,LightVehicles,leve,TOYOTA,CROWN ROYAL,,ICE,usado,qty7_as_1,2,14,2
2026-05,LightVehicles,leve,TOYOTA,FIELDER,,ICE,usado,qty7_as_1,2,14,2
2026-05,LightVehicles,leve,TOYOTA,GRANVIA,,ICE,usado,qty7_as_1,2,14,2
2026-05,LightVehicles,leve,TOYOTA,GT 86,,ICE,usado,qty7_as_1,2,14,2
2026-05,LightVehicles,leve,TOYOTA,LAND CRUISER,,HEV,nuevo,qty7_as_1,2,14,2
2026-05,LightVehicles,leve,ACURA,(sin modelo),,ICE,usado,qty7_as_1,1,7,1
2026-05,LightVehicles,leve,AUDI,A3,,ICE,usado,qty7_as_1,1,7,1
2026-05,LightVehicles,leve,AUDI,A6,,ICE,usado,qty7_as_1,1,7,1
2026-05,LightVehicles,leve,AUDI,EO TT,,ICE,usado,qty7_as_1,1,7,1
2026-05,LightVehicles,leve,BMW,120I,,ICE,usado,qty7_as_1,1,7,1
2026-05,LightVehicles,leve,BMW,318TI,,ICE,usado,qty7_as_1,1,7,1
2026-05,LightVehicles,leve,BMW,320D ED,,ICE,usado,qty7_as_1,1,7,1
2026-05,LightVehicles,leve,BMW,320I,,ICE,usado,qty7_as_1,1,7,1
2026-05,LightVehicles,leve,BMW,321I,,ICE,usado,qty7_as_1,1,7,1
2026-05,LightVehicles,leve,BMW,335 I,,ICE,usado,qty7_as_1,1,7,1
2026-05,LightVehicles,leve,BMW,M2 COUPE,,ICE,usado,qty7_as_1,1,7,1
2026-05,LightVehicles,leve,BMW,M240I,,ICE,usado,qty7_as_1,1,7,1
2026-05,LightVehicles,leve,BMW,M3,,ICE,usado,qty7_as_1,1,7,1
2026-05,LightVehicles,leve,BMW,M3 TOURING,,ICE,usado,qty7_as_1,1,7,1
2026-05,LightVehicles,leve,BMW,M340I,,ICE,usado,qty7_as_1,1,7,1
2026-05,LightVehicles,leve,BMW,X3,,ICE,usado,qty7_as_1,1,7,1
2026-05,LightVehicles,leve,BMW,X4 20DX,,ICE,usado,qty7_as_1,1,7,1
2026-05,LightVehicles,leve,BMW,X5 SDRIVE35I,,ICE,usado,qty7_as_1,1,7,1
2026-05,LightVehicles,leve,BMW,X6,,ICE,usado,qty7_as_1,1,7,1
2026-05,LightVehicles,leve,CHEVROLET,CAMARO COUPE,,ICE,usado,qty7_as_1,1,7,1
2026-05,LightVehicles,leve,CHEVROLET,CK/1500,,ICE,usado,qty7_as_1,1,7,1
2026-05,LightVehicles,leve,CHEVROLET,CORVETTE,,ICE,usado,qty7_as_1,1,7,1
2026-05,LightVehicles,leve,CHEVROLET,CORVETTE S,,ICE,usado,qty7_as_1,1,7,1
2026-05,LightVehicles,leve,CHEVROLET,CRUZE,,ICE,usado,qty7_as_1,1,7,1
2026-05,LightVehicles,leve,CHEVROLET,EXPRESS,,ICE,usado,qty7_as_1,1,7,1
2026-05,LightVehicles,leve,DAIHATSU,HIJET TRUCK,,ICE,usado,qty7_as_1,1,7,1
2026-05,LightVehicles,leve,DAIHATSU,TANTO,,ICE,usado,qty7_as_1,1,7,1
2026-05,LightVehicles,leve,DODGE,CHARGER,,ICE,usado,qty7_as_1,1,7,1
2026-05,LightVehicles,leve,DODGE,NITRO A/O,,ICE,usado,qty7_as_1,1,7,1
2026-05,LightVehicles,leve,FORD,BRONCO,,ICE,usado,qty7_as_1,1,7,1
2026-05,LightVehicles,leve,FORD,CONNECT,,ICE,usado,qty7_as_1,1,7,1
2026-05,LightVehicles,leve,FORD,EXPLORER A/O,,ICE,usado,qty7_as_1,1,7,1
2026-05,LightVehicles,leve,FORD,EXPLORER LIMITED,,ICE,usado,qty7_as_1,1,7,1
2026-05,LightVehicles,leve,FORD,F,,ICE,usado,qty7_as_1,1,7,1
2026-05,LightVehicles,leve,FORD,F-250,,ICE,usado,qty7_as_1,1,7,1
2026-05,LightVehicles,leve,FORD,FOCUS,,ICE,usado,qty7_as_1,1,7,1
2026-05,LightVehicles,leve,FORD,MUSTANG ECOBOOST,,ICE,usado,qty7_as_1,1,7,1
2026-05,LightVehicles,leve,FORD,TRANSIT,,ICE,usado,qty7_as_1,1,7,1
2026-05,LightVehicles,leve,HINO,300,,ICE,usado,qty7_as_1,1,7,1
2026-05,LightVehicles,leve,HINO,DUTRO,,ICE,usado,qty7_as_1,1,7,1
2026-05,LightVehicles,leve,HONDA,(sin modelo),,HEV,usado,qty7_as_1,1,7,1
2026-05,LightVehicles,leve,HONDA,INTEGRA,,ICE,usado,qty7_as_1,1,7,1
2026-05,LightVehicles,leve,HYUNDAI,ACCENT WIT,,ICE,usado,qty7_as_1,1,7,1
2026-05,LightVehicles,leve,HYUNDAI,I30,,ICE,usado,qty7_as_1,1,7,1
2026-05,LightVehicles,leve,HYUNDAI,MIGHTY,,ICE,usado,qty7_as_1,1,7,1
2026-05,LightVehicles,leve,HYUNDAI,PORTER II A/O,,ICE,usado,qty7_as_1,1,7,1
2026-05,LightVehicles,leve,HYUNDAI,SANTAFE,,ICE,usado,qty7_as_1,1,7,1
2026-05,LightVehicles,leve,HYUNDAI,TUCSON DIESEL,,ICE,usado,qty7_as_1,1,7,1
2026-05,LightVehicles,leve,HYUNDAI,VELOSTER,,ICE,usado,qty7_as_1,1,7,1
2026-05,LightVehicles,leve,HYUNDAI,VENUE,,ICE,usado,qty7_as_1,1,7,1
2026-05,LightVehicles,leve,HYUNDAI,VERACRUZ,,ICE,usado,qty7_as_1,1,7,1
2026-05,LightVehicles,leve,ISUZU,ELF,,ICE,usado,qty7_as_1,1,7,1
2026-05,LightVehicles,leve,IVECO,DAILY,,ICE,usado,qty7_as_1,1,7,1
2026-05,LightVehicles,leve,JAGUAR,(sin modelo),,ICE,usado,qty7_as_1,1,7,1
2026-05,LightVehicles,leve,JAGUAR,XE20D,,ICE,usado,qty7_as_1,1,7,1
2026-05,LightVehicles,leve,JEEP,(sin modelo),,ICE,usado,qty7_as_1,1,7,1
2026-05,LightVehicles,leve,JEEP,CHEROKEE,,ICE,usado,qty7_as_1,1,7,1
2026-05,LightVehicles,leve,KAWASAKI,BRUTE FORCE 750,,ICE,usado,qty7_as_1,1,7,1
2026-05,LightVehicles,leve,KIA,FORTE,,ICE,usado,qty7_as_1,1,7,1
2026-05,LightVehicles,leve,KIA,STINGER,,ICE,usado,qty7_as_1,1,7,1
2026-05,LightVehicles,leve,KIA,STONIC,,ICE,usado,qty7_as_1,1,7,1
2026-05,LightVehicles,leve,LAND ROVER,DISCOVERY,,ICE,usado,qty7_as_1,1,7,1
2026-05,LightVehicles,leve,LAND ROVER,DISCOVERY SPORT MOVIDO A DIESEL,,ICE,usado,qty7_as_1,1,7,1
2026-05,LightVehicles,leve,LAND ROVER,LAND ROVER,,ICE,usado,qty7_as_1,1,7,1
2026-05,LightVehicles,leve,LAND ROVER,LR4,,ICE,usado,qty7_as_1,1,7,1
2026-05,LightVehicles,leve,LEXUS,LS,,ICE,usado,qty7_as_1,1,7,1
2026-05,LightVehicles,leve,MAZDA,ATENZA,,ICE,usado,qty7_as_1,1,7,1
2026-05,LightVehicles,leve,MAZDA,AXELA,,ICE,usado,qty7_as_1,1,7,1
2026-05,LightVehicles,leve,MAZDA,AXELA SPORT,,ICE,usado,qty7_as_1,1,7,1
2026-05,LightVehicles,leve,MAZDA,AXELA SPORT A/O,,ICE,usado,qty7_as_1,1,7,1
2026-05,LightVehicles,leve,MAZDA,CX-5,,ICE,usado,qty7_as_1,1,7,1
2026-05,LightVehicles,leve,MAZDA,EUNOS 2DR,,ICE,usado,qty7_as_1,1,7,1
2026-05,LightVehicles,leve,MAZDA,ROADSTER,,ICE,usado,qty7_as_1,1,7,1
2026-05,LightVehicles,leve,MERCEDES-BENZ,313,,ICE,usado,qty7_as_1,1,7,1
2026-05,LightVehicles,leve,MERCEDES-BENZ,814,,ICE,usado,qty7_as_1,1,7,1
2026-05,LightVehicles,leve,MERCEDES-BENZ,A180 A/O,,ICE,usado,qty7_as_1,1,7,1
2026-05,LightVehicles,leve,MERCEDES-BENZ,A35 AMG,,ICE,usado,qty7_as_1,1,7,1
2026-05,LightVehicles,leve,MERCEDES-BENZ,AMG A 45 4MATIC,,ICE,usado,qty7_as_1,1,7,1
2026-05,LightVehicles,leve,MERCEDES-BENZ,AMG GLA45,,ICE,usado,qty7_as_1,1,7,1
2026-05,LightVehicles,leve,MERCEDES-BENZ,AMG S 63 4MATIC,,ICE,usado,qty7_as_1,1,7,1
2026-05,LightVehicles,leve,MERCEDES-BENZ,ATEGO,,ICE,usado,qty7_as_1,1,7,1
2026-05,LightVehicles,leve,MERCEDES-BENZ,C 220 CDI,,ICE,usado,qty7_as_1,1,7,1
2026-05,LightVehicles,leve,MERCEDES-BENZ,C 230,,ICE,usado,qty7_as_1,1,7,1
2026-05,LightVehicles,leve,MERCEDES-BENZ,C 250 D 4 MATIC,,ICE,usado,qty7_as_1,1,7,1
2026-05,LightVehicles,leve,MERCEDES-BENZ,C200 CGI,,ICE,usado,qty7_as_1,1,7,1
2026-05,LightVehicles,leve,MERCEDES-BENZ,C220,,ICE,usado,qty7_as_1,1,7,1
2026-05,LightVehicles,leve,MERCEDES-BENZ,C220 CDI,,ICE,usado,qty7_as_1,1,7,1
2026-05,LightVehicles,leve,MERCEDES-BENZ,C250,,ICE,usado,qty7_as_1,1,7,1
2026-05,LightVehicles,leve,MERCEDES-BENZ,C250 A/O,,ICE,usado,qty7_as_1,1,7,1
2026-05,LightVehicles,leve,MERCEDES-BENZ,CLA 200 CDI,,ICE,usado,qty7_as_1,1,7,1
2026-05,LightVehicles,leve,MERCEDES-BENZ,CLS53 AMG,,ICE,usado,qty7_as_1,1,7,1
2026-05,LightVehicles,leve,MERCEDES-BENZ,E220 CDI BLUETEC A/O,,ICE,usado,qty7_as_1,1,7,1
2026-05,LightVehicles,leve,MERCEDES-BENZ,E220D,,ICE,usado,qty7_as_1,1,7,1
2026-05,LightVehicles,leve,MERCEDES-BENZ,E350 E-CLASS,,ICE,usado,qty7_as_1,1,7,1
2026-05,LightVehicles,leve,MERCEDES-BENZ,E450,,ICE,usado,qty7_as_1,1,7,1
2026-05,LightVehicles,leve,MERCEDES-BENZ,GLA 200D,,ICE,usado,qty7_as_1,1,7,1
2026-05,LightVehicles,leve,MERCEDES-BENZ,GLA250,,ICE,usado,qty7_as_1,1,7,1
2026-05,LightVehicles,leve,MERCEDES-BENZ,GLA250 4MATIC,,ICE,usado,qty7_as_1,1,7,1
2026-05,LightVehicles,leve,MERCEDES-BENZ,GLC 200 D,,ICE,usado,qty7_as_1,1,7,1
2026-05,LightVehicles,leve,MERCEDES-BENZ,GLE 350 4MATIC,,ICE,usado,qty7_as_1,1,7,1
2026-05,LightVehicles,leve,MERCEDES-BENZ,GLE 350D 4 MATIC,,ICE,usado,qty7_as_1,1,7,1
2026-05,LightVehicles,leve,MERCEDES-BENZ,ML350 4MATIC,,ICE,usado,qty7_as_1,1,7,1
2026-05,LightVehicles,leve,MERCEDES-BENZ,S500,,ICE,usado,qty7_as_1,1,7,1
2026-05,LightVehicles,leve,MERCEDES-BENZ,SLK 200,,ICE,usado,qty7_as_1,1,7,1
2026-05,LightVehicles,leve,MINI,(sin modelo),,ICE,usado,qty7_as_1,1,7,1
2026-05,LightVehicles,leve,MINI,COOPER S,,ICE,usado,qty7_as_1,1,7,1
2026-05,LightVehicles,leve,MINI,CUNTRY MAN,,ICE,usado,qty7_as_1,1,7,1
2026-05,LightVehicles,leve,MITSUBISHI,FUSO,,ICE,usado,qty7_as_1,1,7,1
2026-05,LightVehicles,leve,MITSUBISHI,FUSO CANTER,,ICE,usado,qty7_as_1,1,7,1
2026-05,LightVehicles,leve,MITSUBISHI,FUSO CANTER GUTS,,ICE,usado,qty7_as_1,1,7,1
2026-05,LightVehicles,leve,MITSUBISHI,JEEP,,ICE,usado,qty7_as_1,1,7,1
2026-05,LightVehicles,leve,MITSUBISHI,LANCER,,ICE,usado,qty7_as_1,1,7,1
2026-05,LightVehicles,leve,MITSUBISHI,PAJERO MINI,,ICE,usado,qty7_as_1,1,7,1
2026-05,LightVehicles,leve,MITSUBISHI,STRADA,,ICE,usado,qty7_as_1,1,7,1
2026-05,LightVehicles,leve,NISSAN,350Z,,ICE,usado,qty7_as_1,1,7,1
2026-05,LightVehicles,leve,NISSAN,ATLAS 200,,ICE,usado,qty7_as_1,1,7,1
2026-05,LightVehicles,leve,NISSAN,CARAVAN,,ICE,usado,qty7_as_1,1,7,1
2026-05,LightVehicles,leve,NISSAN,CUBE,,ICE,usado,qty7_as_1,1,7,1
2026-05,LightVehicles,leve,NISSAN,ELF,,ICE,usado,qty7_as_1,1,7,1
2026-05,LightVehicles,leve,NISSAN,FAIRLADY,,ICE,usado,qty7_as_1,1,7,1
2026-05,LightVehicles,leve,NISSAN,GT-R 35,,ICE,usado,qty7_as_1,1,7,1
2026-05,LightVehicles,leve,NISSAN,JUKE,,ICE,usado,qty7_as_1,1,7,1
2026-05,LightVehicles,leve,NISSAN,JUKE A/O,,ICE,usado,qty7_as_1,1,7,1
2026-05,LightVehicles,leve,NISSAN,LEAF,,BEV,usado,qty7_as_1,1,7,1
2026-05,LightVehicles,leve,NISSAN,TERRANO,,ICE,usado,qty7_as_1,1,7,1
2026-05,LightVehicles,leve,POLARIS,(sin modelo),,ICE,nuevo,qty7_as_1,1,7,1
2026-05,LightVehicles,leve,PORSCHE,(sin modelo),,ICE,usado,qty7_as_1,1,7,1
2026-05,LightVehicles,leve,RAM,1500,BIG HORN,ICE,usado,qty7_as_1,1,7,1
2026-05,LightVehicles,leve,ROVER,MINI NAFTERO,,ICE,usado,qty7_as_1,1,7,1
2026-05,LightVehicles,leve,SAMSUNG,(sin modelo),,ICE,usado,qty7_as_1,1,7,1
2026-05,LightVehicles,leve,SPORTAGE,SPORTAGE,,ICE,usado,qty7_as_1,1,7,1
2026-05,LightVehicles,leve,SUBARU,FORESTER STI,,ICE,usado,qty7_as_1,1,7,1
2026-05,LightVehicles,leve,SUBARU,IMPREZA WRC,,ICE,usado,qty7_as_1,1,7,1
2026-05,LightVehicles,leve,SUBARU,IMPREZA WRX,,ICE,usado,qty7_as_1,1,7,1
2026-05,LightVehicles,leve,SUBARU,IMPREZA WRX STI,,ICE,usado,qty7_as_1,1,7,1
2026-05,LightVehicles,leve,SUBARU,IMPREZA WXR S4 NAFTERO,,ICE,usado,qty7_as_1,1,7,1
2026-05,LightVehicles,leve,SUBARU,TREZIA A/O,,ICE,usado,qty7_as_1,1,7,1
2026-05,LightVehicles,leve,SUBARU,WRX S4,,ICE,usado,qty7_as_1,1,7,1
2026-05,LightVehicles,leve,SUZUKI,CARRY,,ICE,usado,qty7_as_1,1,7,1
2026-05,LightVehicles,leve,SUZUKI,SWIFT RS,,ICE,usado,qty7_as_1,1,7,1
2026-05,LightVehicles,leve,TOYOTA,(sin modelo),,HEV,usado,qty7_as_1,1,7,1
2026-05,LightVehicles,leve,TOYOTA,86 GT,,ICE,usado,qty7_as_1,1,7,1
2026-05,LightVehicles,leve,TOYOTA,86GT,,ICE,usado,qty7_as_1,1,7,1
2026-05,LightVehicles,leve,TOYOTA,ALLEX A O 2,,ICE,usado,qty7_as_1,1,7,1
2026-05,LightVehicles,leve,TOYOTA,ALLEX NAFTERO,,ICE,usado,qty7_as_1,1,7,1
2026-05,LightVehicles,leve,TOYOTA,ALLION A O 2,,ICE,usado,qty7_as_1,1,7,1
2026-05,LightVehicles,leve,TOYOTA,AURIA O,,ICE,usado,qty7_as_1,1,7,1
2026-05,LightVehicles,leve,TOYOTA,AXIO,,ICE,usado,qty7_as_1,1,7,1
2026-05,LightVehicles,leve,TOYOTA,BB,,ICE,usado,qty7_as_1,1,7,1
2026-05,LightVehicles,leve,TOYOTA,BEGO,,ICE,usado,qty7_as_1,1,7,1
2026-05,LightVehicles,leve,TOYOTA,C,,ICE,usado,qty7_as_1,1,7,1
2026-05,LightVehicles,leve,TOYOTA,CALDINA,,ICE,usado,qty7_as_1,1,7,1
2026-05,LightVehicles,leve,TOYOTA,CAMRY,,ICE,usado,qty7_as_1,1,7,1
2026-05,LightVehicles,leve,TOYOTA,CENTURY,,ICE,usado,qty7_as_1,1,7,1
2026-05,LightVehicles,leve,TOYOTA,CHASER,,ICE,usado,qty7_as_1,1,7,1
2026-05,LightVehicles,leve,TOYOTA,COROLA RUNX,,ICE,usado,qty7_as_1,1,7,1
2026-05,LightVehicles,leve,TOYOTA,COROLL,,ICE,usado,qty7_as_1,1,7,1
2026-05,LightVehicles,leve,TOYOTA,COROLLA CROSS,,ICE,usado,qty7_as_1,1,7,1
2026-05,LightVehicles,leve,TOYOTA,CORONA PREMIO,,ICE,usado,qty7_as_1,1,7,1
2026-05,LightVehicles,leve,TOYOTA,CORWN ATHLETE,,ICE,usado,qty7_as_1,1,7,1
2026-05,LightVehicles,leve,TOYOTA,CROWN ATHLETE S,,HEV,usado,qty7_as_1,1,7,1
2026-05,LightVehicles,leve,TOYOTA,CROWN ATHLETE S,,ICE,usado,qty7_as_1,1,7,1
2026-05,LightVehicles,leve,TOYOTA,CRWON ATHLETE,,ICE,usado,qty7_as_1,1,7,1
2026-05,LightVehicles,leve,TOYOTA,FUNCARGO A O 2,,ICE,usado,qty7_as_1,1,7,1
2026-05,LightVehicles,leve,TOYOTA,HIACE REGIUS,,ICE,usado,qty7_as_1,1,7,1
2026-05,LightVehicles,leve,TOYOTA,HIACE SUPER CUSTOM,,ICE,usado,qty7_as_1,1,7,1
2026-05,LightVehicles,leve,TOYOTA,HIGHLANDER,,ICE,usado,qty7_as_1,1,7,1
2026-05,LightVehicles,leve,TOYOTA,HIGHLANDER PLATINUM,,ICE,usado,qty7_as_1,1,7,1
2026-05,LightVehicles,leve,TOYOTA,ISIS,,ICE,usado,qty7_as_1,1,7,1
2026-05,LightVehicles,leve,TOYOTA,LAND CRUISER PRADO,,HEV,nuevo,qty7_as_1,1,7,1
2026-05,LightVehicles,leve,TOYOTA,LAND CRUISER PRADO,,ICE,nuevo,qty7_as_1,1,7,1
2026-05,LightVehicles,leve,TOYOTA,NAOH,,ICE,usado,qty7_as_1,1,7,1
2026-05,LightVehicles,leve,TOYOTA,NNOAH,,ICE,usado,qty7_as_1,1,7,1
2026-05,LightVehicles,leve,TOYOTA,PASSO,,ICE,usado,qty7_as_1,1,7,1
2026-05,LightVehicles,leve,TOYOTA,PIXIS SPACE,,ICE,usado,qty7_as_1,1,7,1
2026-05,LightVehicles,leve,TOYOTA,RAGIUS,,ICE,usado,qty7_as_1,1,7,1
2026-05,LightVehicles,leve,TOYOTA,RAUM,,ICE,usado,qty7_as_1,1,7,1
2026-05,LightVehicles,leve,TOYOTA,RAV 4,,ICE,usado,qty7_as_1,1,7,1
2026-05,LightVehicles,leve,TOYOTA,RCATIS,,ICE,usado,qty7_as_1,1,7,1
2026-05,LightVehicles,leve,TOYOTA,RUSH NAFTERO,,ICE,usado,qty7_as_1,1,7,1
2026-05,LightVehicles,leve,TOYOTA,SPADE,,ICE,usado,qty7_as_1,1,7,1
2026-05,LightVehicles,leve,TOYOTA,TACOMA,,ICE,usado,qty7_as_1,1,7,1
2026-05,LightVehicles,leve,TOYOTA,TACOMA TRD,,ICE,usado,qty7_as_1,1,7,1
2026-05,LightVehicles,leve,TOYOTA,TOURING HIACE,,ICE,usado,qty7_as_1,1,7,1
2026-05,LightVehicles,leve,TOYOTA,TOWNACE VAN,,ICE,usado,qty7_as_1,1,7,1
2026-05,LightVehicles,leve,TOYOTA,TRD SPORT,,ICE,usado,qty7_as_1,1,7,1
2026-05,LightVehicles,leve,VOLKSWAGEN,ARTEON,,ICE,usado,qty7_as_1,1,7,1
2026-05,LightVehicles,leve,VOLKSWAGEN,GOLF GTI,,ICE,usado,qty7_as_1,1,7,1
2026-05,LightVehicles,leve,VOLKSWAGEN,PASSAT,,ICE,usado,qty7_as_1,1,7,1
2026-05,LightVehicles,leve,VOLKSWAGEN,SCIROCCO,,ICE,usado,qty7_as_1,1,7,1
2026-05,LightVehicles,leve,VOLKSWAGEN,SCIROCCO TDI,,ICE,usado,qty7_as_1,1,7,1
2026-05,LightVehicles,pesado,MERCEDES-BENZ,(sin modelo),,ICE,usado,qty7_as_1,6,42,6
2026-05,LightVehicles,pesado,SCANIA,(sin modelo),,ICE,usado,qty7_as_1,4,28,4
2026-05,LightVehicles,pesado,MERCEDES-BENZ,814,,ICE,usado,qty7_as_1,3,21,3
2026-05,LightVehicles,pesado,MERCEDES-BENZ,ATEGO,,ICE,usado,qty7_as_1,3,21,3
2026-05,LightVehicles,pesado,SCANIA,P340,,ICE,usado,qty7_as_1,3,21,3
2026-05,LightVehicles,pesado,MERCEDES-BENZ,1218,,ICE,usado,qty7_as_1,2,14,2
2026-05,LightVehicles,pesado,MERCEDES-BENZ,1317,,ICE,usado,qty7_as_1,2,14,2
2026-05,LightVehicles,pesado,MERCEDES-BENZ,1518,,ICE,usado,qty7_as_1,2,14,2
2026-05,LightVehicles,pesado,MERCEDES-BENZ,815,,ICE,usado,qty7_as_1,2,14,2
2026-05,LightVehicles,pesado,MERCEDES-BENZ,ATEGO 815,,ICE,usado,qty7_as_1,2,14,2
2026-05,LightVehicles,pesado,MITSUBISHI,CANTER,,ICE,usado,qty7_as_1,2,14,2
2026-05,LightVehicles,pesado,SCANIA,124 - 400,,ICE,usado,qty7_as_1,2,14,2
2026-05,LightVehicles,pesado,SCANIA,G360,,ICE,usado,qty7_as_1,2,14,2
2026-05,LightVehicles,pesado,SCANIA,P94 - 220,,ICE,usado,qty7_as_1,2,14,2
2026-05,LightVehicles,pesado,SCANIA,R4240,,ICE,usado,qty7_as_1,2,14,2
2026-05,LightVehicles,pesado,MERCEDES-BENZ,1223,,ICE,usado,qty7_as_1,1,7,1
2026-05,LightVehicles,pesado,MERCEDES-BENZ,1834,,ICE,usado,qty7_as_1,1,7,1
2026-05,LightVehicles,pesado,MERCEDES-BENZ,809,,ICE,usado,qty7_as_1,1,7,1
2026-05,LightVehicles,pesado,MERCEDES-BENZ,816,,ICE,usado,qty7_as_1,1,7,1
2026-05,LightVehicles,pesado,MERCEDES-BENZ,817,,ICE,usado,qty7_as_1,1,7,1
2026-05,LightVehicles,pesado,MERCEDES-BENZ,914,,ICE,usado,qty7_as_1,1,7,1
2026-05,LightVehicles,pesado,MERCEDES-BENZ,918,,ICE,usado,qty7_as_1,1,7,1
2026-05,LightVehicles,pesado,MERCEDES-BENZ,ATEGO 817,,ICE,usado,qty7_as_1,1,7,1
2026-05,LightVehicles,pesado,MERCEDES-BENZ,ATEGO 818,,ICE,usado,qty7_as_1,1,7,1
2026-05,LightVehicles,pesado,NISSAN,M110,,ICE,usado,qty7_as_1,1,7,1
2026-05,LightVehicles,pesado,NISSAN,UD,,ICE,usado,qty7_as_1,1,7,1
2026-05,LightVehicles,pesado,SCANIA,113,,ICE,usado,qty7_as_1,1,7,1
2026-05,LightVehicles,pesado,SCANIA,114 - 340,,ICE,usado,qty7_as_1,1,7,1
2026-05,LightVehicles,pesado,SCANIA,114G-340 6X2,,ICE,usado,qty7_as_1,1,7,1
2026-05,LightVehicles,pesado,SCANIA,124-CB8X4-420,,ICE,usado,qty7_as_1,1,7,1
2026-05,LightVehicles,pesado,SCANIA,94 - 260,,ICE,usado,qty7_as_1,1,7,1
2026-05,LightVehicles,pesado,SCANIA,94 D - 260,,ICE,usado,qty7_as_1,1,7,1
2026-05,LightVehicles,pesado,SCANIA,94 L - 260,,ICE,usado,qty7_as_1,1,7,1
2026-05,LightVehicles,pesado,SCANIA,94D,,ICE,usado,qty7_as_1,1,7,1
2026-05,LightVehicles,pesado,SCANIA,94D 220,,ICE,usado,qty7_as_1,1,7,1
2026-05,LightVehicles,pesado,SCANIA,G440,,ICE,usado,qty7_as_1,1,7,1
2026-05,LightVehicles,pesado,SCANIA,P270,,ICE,usado,qty7_as_1,1,7,1
2026-05,LightVehicles,pesado,SCANIA,P280,,ICE,usado,qty7_as_1,1,7,1
2026-05,LightVehicles,pesado,SCANIA,P310,,ICE,usado,qty7_as_1,1,7,1
2026-05,LightVehicles,pesado,SCANIA,P310 6X2,,ICE,usado,qty7_as_1,1,7,1
2026-05,LightVehicles,pesado,SCANIA,P380,,ICE,usado,qty7_as_1,1,7,1
2026-05,LightVehicles,pesado,SCANIA,P420,,ICE,usado,qty7_as_1,1,7,1
2026-05,LightVehicles,pesado,SCANIA,P420 A/O,,ICE,usado,qty7_as_1,1,7,1
2026-05,LightVehicles,pesado,SCANIA,P93 230,,ICE,usado,qty7_as_1,1,7,1
2026-05,LightVehicles,pesado,SCANIA,P93 280 A O,,ICE,usado,qty7_as_1,1,7,1
2026-05,LightVehicles,pesado,SCANIA,P94-360,,ICE,usado,qty7_as_1,1,7,1
2026-05,LightVehicles,pesado,SCANIA,P94D 220,,ICE,usado,qty7_as_1,1,7,1
2026-05,LightVehicles,pesado,SCANIA,P94D 310,,ICE,usado,qty7_as_1,1,7,1
2026-05,LightVehicles,pesado,SCANIA,R124 - 420,,ICE,usado,qty7_as_1,1,7,1
2026-05,LightVehicles,pesado,SCANIA,R420,,ICE,usado,qty7_as_1,1,7,1
2026-06,LightVehicles,leve,TOYOTA,VITZ,,ICE,usado,qty7_as_1,1163,8141,1163
2026-06,LightVehicles,leve,KIA,SPORTAGE,,ICE,usado,qty7_as_1,620,4340,620
2026-06,LightVehicles,leve,TOYOTA,RACTIS,,ICE,usado,qty7_as_1,545,3815,545
2026-06,LightVehicles,leve,TOYOTA,AURIS,,ICE,usado,qty7_as_1,331,2317,331
2026-06,LightVehicles,leve,TOYOTA,ALLION,,ICE,usado,qty7_as_1,248,1736,248
2026-06,LightVehicles,leve,TOYOTA,(sin modelo),,ICE,usado,qty7_as_1,246,1722,246
2026-06,LightVehicles,leve,TOYOTA,VOXY,,ICE,usado,qty7_as_1,219,1533,219
2026-06,LightVehicles,leve,TOYOTA,PREMIO,,ICE,usado,qty7_as_1,211,1477,211
2026-06,LightVehicles,leve,TOYOTA,SIENTA,,ICE,usado,qty7_as_1,180,1260,180
2026-06,LightVehicles,leve,TOYOTA,WISH,,ICE,usado,qty7_as_1,176,1232,176
2026-06,LightVehicles,leve,TOYOTA,NOAH,,ICE,usado,qty7_as_1,127,889,127
2026-06,LightVehicles,leve,TOYOTA,IST,,ICE,usado,qty7_as_1,122,854,122
2026-06,LightVehicles,leve,HYUNDAI,SANTA FE,,ICE,usado,qty7_as_1,103,721,103
2026-06,LightVehicles,leve,HYUNDAI,TUCSON,,ICE,usado,qty7_as_1,102,714,102
2026-06,LightVehicles,leve,MITSUBISHI,CANTER,,ICE,usado,qty7_as_1,84,588,84
2026-06,LightVehicles,leve,TOYOTA,COROLLA,,ICE,usado,qty7_as_1,67,469,67
2026-06,LightVehicles,leve,TOYOTA,FUNCARGO,,ICE,usado,qty7_as_1,45,315,45
2026-06,LightVehicles,leve,HYUNDAI,(sin modelo),,ICE,usado,qty7_as_1,44,308,44
2026-06,LightVehicles,leve,MITSUBISHI,(sin modelo),,ICE,usado,qty7_as_1,40,280,40
2026-06,LightVehicles,leve,KIA,K5,,ICE,usado,qty7_as_1,36,252,36
2026-06,LightVehicles,leve,NISSAN,ATLAS,,ICE,usado,qty7_as_1,34,238,34
2026-06,LightVehicles,leve,TOYOTA,COROLLA AXIO,,ICE,usado,qty7_as_1,30,210,30
2026-06,LightVehicles,leve,TOYOTA,HILUX,,ICE,usado,qty7_as_1,28,196,28
2026-06,LightVehicles,leve,TOYOTA,RUSH,,ICE,usado,qty7_as_1,27,189,27
2026-06,LightVehicles,leve,TOYOTA,CROWN ATHLETE,,ICE,usado,qty7_as_1,26,182,26
2026-06,LightVehicles,leve,KIA,(sin modelo),,ICE,usado,qty7_as_1,24,168,24
2026-06,LightVehicles,leve,KIA,SORENTO,,ICE,usado,qty7_as_1,23,161,23
2026-06,LightVehicles,leve,NISSAN,(sin modelo),,ICE,usado,qty7_as_1,23,161,23
2026-06,LightVehicles,leve,MITSUBISHI,CANTER GUTS,,ICE,usado,qty7_as_1,21,147,21
2026-06,LightVehicles,leve,SUBARU,IMPREZA,,ICE,usado,qty7_as_1,21,147,21
2026-06,LightVehicles,leve,TOYOTA,ALLEX,,ICE,usado,qty7_as_1,16,112,16
2026-06,LightVehicles,leve,TOYOTA,BELTA,,ICE,usado,qty7_as_1,16,112,16
2026-06,LightVehicles,leve,SUBARU,(sin modelo),,ICE,usado,qty7_as_1,15,105,15
2026-06,LightVehicles,leve,HYUNDAI,PORTER II,,ICE,usado,qty7_as_1,12,84,12
2026-06,LightVehicles,leve,BMW,320D,,ICE,usado,qty7_as_1,10,70,10
2026-06,LightVehicles,leve,KIA,K3,,ICE,usado,qty7_as_1,10,70,10
2026-06,LightVehicles,leve,SUBARU,TREZIA,,ICE,usado,qty7_as_1,10,70,10
2026-06,LightVehicles,leve,TOYOTA,AQUA,,HEV,usado,qty7_as_1,10,70,10
2026-06,LightVehicles,leve,TOYOTA,MARK X,,ICE,usado,qty7_as_1,10,70,10
2026-06,LightVehicles,leve,BMW,(sin modelo),,ICE,usado,qty7_as_1,9,63,9
2026-06,LightVehicles,leve,HYUNDAI,ACCENT,,ICE,usado,qty7_as_1,9,63,9
2026-06,LightVehicles,leve,HYUNDAI,AVANTE,,ICE,usado,qty7_as_1,8,56,8
2026-06,LightVehicles,leve,MERCEDES-BENZ,(sin modelo),,ICE,usado,qty7_as_1,8,56,8
2026-06,LightVehicles,leve,NISSAN,FAIRLADY Z,,ICE,usado,qty7_as_1,8,56,8
2026-06,LightVehicles,leve,TOYOTA,CROLLA CROSS,,HEV,nuevo,qty7_as_1,8,56,8
2026-06,LightVehicles,leve,TOYOTA,LAND CRUISER PRADO,,ICE,usado,qty7_as_1,8,56,8
2026-06,LightVehicles,leve,KIA,MORNING,,ICE,usado,qty7_as_1,7,49,7
2026-06,LightVehicles,leve,MITSUBISHI,CANTER FUSO,,ICE,usado,qty7_as_1,7,49,7
2026-06,LightVehicles,leve,TOYOTA,GRAND HIACE,,ICE,usado,qty7_as_1,7,49,7
2026-06,LightVehicles,leve,TOYOTA,PASSO,,ICE,usado,qty7_as_1,7,49,7
2026-06,LightVehicles,leve,TOYOTA,TOWNACE,,ICE,usado,qty7_as_1,7,49,7
2026-06,LightVehicles,leve,CHEVROLET,(sin modelo),,ICE,usado,qty7_as_1,6,42,6
2026-06,LightVehicles,leve,HYUNDAI,GRAND STAREX,,ICE,usado,qty7_as_1,6,42,6
2026-06,LightVehicles,leve,KIA,CARNIVAL,,ICE,usado,qty7_as_1,6,42,6
2026-06,LightVehicles,leve,MERCEDES-BENZ,C250,,ICE,usado,qty7_as_1,6,42,6
2026-06,LightVehicles,leve,SUZUKI,SWIFT,,ICE,usado,qty7_as_1,6,42,6
2026-06,LightVehicles,leve,TOYOTA,CROWN,,ICE,usado,qty7_as_1,6,42,6
2026-06,LightVehicles,leve,TOYOTA,CROWN ROYAL SALOON,,ICE,usado,qty7_as_1,6,42,6
2026-06,LightVehicles,leve,TOYOTA,HIACE,,ICE,usado,qty7_as_1,6,42,6
2026-06,LightVehicles,leve,TOYOTA,RAV4,,HEV,nuevo,qty7_as_1,6,42,6
2026-06,LightVehicles,leve,TOYOTA,VIOS,,ICE,usado,qty7_as_1,6,42,6
2026-06,LightVehicles,leve,DODGE,CHALLENGER,,ICE,usado,qty7_as_1,5,35,5
2026-06,LightVehicles,leve,ISUZU,ELF,,ICE,usado,qty7_as_1,5,35,5
2026-06,LightVehicles,leve,MITSUBISHI,PAJERO,,ICE,usado,qty7_as_1,5,35,5
2026-06,LightVehicles,leve,TOYOTA,4RUNNER,,HEV,nuevo,qty7_as_1,5,35,5
2026-06,LightVehicles,leve,TOYOTA,IQ,,ICE,usado,qty7_as_1,5,35,5
2026-06,LightVehicles,leve,TOYOTA,REGIUS,,ICE,usado,qty7_as_1,5,35,5
2026-06,LightVehicles,leve,BMW,X6,,ICE,usado,qty7_as_1,4,28,4
2026-06,LightVehicles,leve,MERCEDES-BENZ,C220 CDI,,ICE,usado,qty7_as_1,4,28,4
2026-06,LightVehicles,leve,MERCEDES-BENZ,E220 CDI,,ICE,usado,qty7_as_1,4,28,4
2026-06,LightVehicles,leve,NISSAN,NOTE,,ICE,usado,qty7_as_1,4,28,4
2026-06,LightVehicles,leve,TOYOTA,BLADE,,ICE,usado,qty7_as_1,4,28,4
2026-06,LightVehicles,leve,TOYOTA,GRANVIA,,ICE,usado,qty7_as_1,4,28,4
2026-06,LightVehicles,leve,TOYOTA,LAND CRUISER,,ICE,nuevo,qty7_as_1,4,28,4
2026-06,LightVehicles,leve,TOYOTA,PLATZ,,ICE,usado,qty7_as_1,4,28,4
2026-06,LightVehicles,leve,BMW,320I,,ICE,usado,qty7_as_1,3,21,3
2026-06,LightVehicles,leve,BYD,(sin modelo),,BEV,nuevo,qty7_as_1,3,21,3
2026-06,LightVehicles,leve,CADILLAC,ESCALADE,,ICE,usado,qty7_as_1,3,21,3
2026-06,LightVehicles,leve,DODGE,(sin modelo),,ICE,usado,qty7_as_1,3,21,3
2026-06,LightVehicles,leve,MAZDA,(sin modelo),,ICE,usado,qty7_as_1,3,21,3
2026-06,LightVehicles,leve,MAZDA,DEMIO,,ICE,usado,qty7_as_1,3,21,3
2026-06,LightVehicles,leve,MERCEDES-BENZ,C300,,ICE,usado,qty7_as_1,3,21,3
2026-06,LightVehicles,leve,MERCEDES-BENZ,GLC300,,ICE,usado,qty7_as_1,3,21,3
2026-06,LightVehicles,leve,MITSUBISHI,DELICA,,ICE,usado,qty7_as_1,3,21,3
2026-06,LightVehicles,leve,MITSUBISHI,FUSO CANTER GUTS,,ICE,usado,qty7_as_1,3,21,3
2026-06,LightVehicles,leve,MITSUBISHI,LANCER,,ICE,usado,qty7_as_1,3,21,3
2026-06,LightVehicles,leve,NISSAN,DATSUN,,ICE,usado,qty7_as_1,3,21,3
2026-06,LightVehicles,leve,NISSAN,TIIDA,,ICE,usado,qty7_as_1,3,21,3
2026-06,LightVehicles,leve,PORSCHE,911,,ICE,usado,qty7_as_1,3,21,3
2026-06,LightVehicles,leve,TOYOTA,ALLION NAFTERO,,ICE,usado,qty7_as_1,3,21,3
2026-06,LightVehicles,leve,TOYOTA,AURIS,,HEV,usado,qty7_as_1,3,21,3
2026-06,LightVehicles,leve,TOYOTA,COROLLA,,HEV,usado,qty7_as_1,3,21,3
2026-06,LightVehicles,leve,TOYOTA,COROLLA CROSS,,HEV,nuevo,qty7_as_1,3,21,3
2026-06,LightVehicles,leve,TOYOTA,GT86,,ICE,usado,qty7_as_1,3,21,3
2026-06,LightVehicles,leve,TOYOTA,ISIS,,ICE,usado,qty7_as_1,3,21,3
2026-06,LightVehicles,leve,TOYOTA,ISIS PLATANA,,ICE,usado,qty7_as_1,3,21,3
2026-06,LightVehicles,leve,TOYOTA,LAND CRUISER PRADO,,HEV,nuevo,qty7_as_1,3,21,3
2026-06,LightVehicles,leve,TOYOTA,LITEACE,,ICE,usado,qty7_as_1,3,21,3
2026-06,LightVehicles,leve,TOYOTA,PREMIO NAFTERO,,ICE,usado,qty7_as_1,3,21,3
2026-06,LightVehicles,leve,TOYOTA,SIENTA,,HEV,usado,qty7_as_1,3,21,3
2026-06,LightVehicles,leve,AUDI,Q7,,ICE,usado,qty7_as_1,2,14,2
2026-06,LightVehicles,leve,BMW,X4,,ICE,usado,qty7_as_1,2,14,2
2026-06,LightVehicles,leve,BMW,X5,,ICE,usado,qty7_as_1,2,14,2
2026-06,LightVehicles,leve,CHEVROLET,CAMARO,,ICE,usado,qty7_as_1,2,14,2
2026-06,LightVehicles,leve,DAIHATSU,(sin modelo),,ICE,usado,qty7_as_1,2,14,2
2026-06,LightVehicles,leve,DAIHATSU,MOVE,,ICE,usado,qty7_as_1,2,14,2
2026-06,LightVehicles,leve,DODGE,CHALLENGER A/O,,ICE,usado,qty7_as_1,2,14,2
2026-06,LightVehicles,leve,FORD,(sin modelo),,ICE,usado,qty7_as_1,2,14,2
2026-06,LightVehicles,leve,FORD,MUSTANG,,ICE,usado,qty7_as_1,2,14,2
2026-06,LightVehicles,leve,HONDA,S2000,,ICE,usado,qty7_as_1,2,14,2
2026-06,LightVehicles,leve,HYUNDAI,I30,,ICE,usado,qty7_as_1,2,14,2
2026-06,LightVehicles,leve,HYUNDAI,I40,,ICE,usado,qty7_as_1,2,14,2
2026-06,LightVehicles,leve,HYUNDAI,MIGHTY,,ICE,usado,qty7_as_1,2,14,2
2026-06,LightVehicles,leve,HYUNDAI,PALISADE,,ICE,usado,qty7_as_1,2,14,2
2026-06,LightVehicles,leve,JEEP,(sin modelo),,ICE,usado,qty7_as_1,2,14,2
2026-06,LightVehicles,leve,JEEP,WRANGLER,,ICE,usado,qty7_as_1,2,14,2
2026-06,LightVehicles,leve,KIA,BONGO III,,ICE,usado,qty7_as_1,2,14,2
2026-06,LightVehicles,leve,KIA,CARNIVAL,,HEV,nuevo,qty7_as_1,2,14,2
2026-06,LightVehicles,leve,MERCEDES-BENZ,A35,,ICE,usado,qty7_as_1,2,14,2
2026-06,LightVehicles,leve,MERCEDES-BENZ,ATEGO,,ICE,usado,qty7_as_1,2,14,2
2026-06,LightVehicles,leve,MERCEDES-BENZ,ATEGO 815,,ICE,usado,qty7_as_1,2,14,2
2026-06,LightVehicles,leve,MERCEDES-BENZ,C 43,,ICE,usado,qty7_as_1,2,14,2
2026-06,LightVehicles,leve,MERCEDES-BENZ,E220,,ICE,usado,qty7_as_1,2,14,2
2026-06,LightVehicles,leve,MERCEDES-BENZ,GLE350,,ICE,usado,qty7_as_1,2,14,2
2026-06,LightVehicles,leve,MINI,COOPER S,,ICE,usado,qty7_as_1,2,14,2
2026-06,LightVehicles,leve,MITSUBISHI,CANTER T,,ICE,usado,qty7_as_1,2,14,2
2026-06,LightVehicles,leve,NISSAN,350Z,,ICE,usado,qty7_as_1,2,14,2
2026-06,LightVehicles,leve,NISSAN,ATLAS 150,,ICE,usado,qty7_as_1,2,14,2
2026-06,LightVehicles,leve,NISSAN,CABSTAR,,ICE,usado,qty7_as_1,2,14,2
2026-06,LightVehicles,leve,NISSAN,SKYLINE,,ICE,usado,qty7_as_1,2,14,2
2026-06,LightVehicles,leve,NISSAN,VANETTE,,ICE,usado,qty7_as_1,2,14,2
2026-06,LightVehicles,leve,NISSAN,X-TRAIL,,ICE,usado,qty7_as_1,2,14,2
2026-06,LightVehicles,leve,RAM,(sin modelo),,ICE,nuevo,qty7_as_1,2,14,2
2026-06,LightVehicles,leve,SCANIA,P94-230,,ICE,usado,qty7_as_1,2,14,2
2026-06,LightVehicles,leve,SUBARU,WRX,,ICE,usado,qty7_as_1,2,14,2
2026-06,LightVehicles,leve,SUBARU,WRX S4,,ICE,usado,qty7_as_1,2,14,2
2026-06,LightVehicles,leve,SUBARU,XV,,ICE,usado,qty7_as_1,2,14,2
2026-06,LightVehicles,leve,SUZUKI,(sin modelo),,ICE,usado,qty7_as_1,2,14,2
2026-06,LightVehicles,leve,TOYOTA,AVENSIS,,ICE,usado,qty7_as_1,2,14,2
2026-06,LightVehicles,leve,TOYOTA,COROLLA FIELDER,,ICE,usado,qty7_as_1,2,14,2
2026-06,LightVehicles,leve,TOYOTA,CROWN,,HEV,usado,qty7_as_1,2,14,2
2026-06,LightVehicles,leve,TOYOTA,HIACE GRAND CABIN,,ICE,usado,qty7_as_1,2,14,2
2026-06,LightVehicles,leve,TOYOTA,HIACE REGIUS,,ICE,usado,qty7_as_1,2,14,2
2026-06,LightVehicles,leve,TOYOTA,LAND CRUISER,,HEV,nuevo,qty7_as_1,2,14,2
2026-06,LightVehicles,leve,TOYOTA,NAOH,,ICE,usado,qty7_as_1,2,14,2
2026-06,LightVehicles,leve,TOYOTA,PRIUS,,HEV,usado,qty7_as_1,2,14,2
2026-06,LightVehicles,leve,TOYOTA,SUPRA,,ICE,usado,qty7_as_1,2,14,2
2026-06,LightVehicles,leve,TOYOTA,TACOMA,,ICE,usado,qty7_as_1,2,14,2
2026-06,LightVehicles,leve,TOYOTA,TOYOACE,,ICE,usado,qty7_as_1,2,14,2
2026-06,LightVehicles,leve,VOLKSWAGEN,KARMANN GHIA,,ICE,usado,qty7_as_1,2,14,2
2026-06,LightVehicles,leve,AUDI,A3,,ICE,usado,qty7_as_1,1,7,1
2026-06,LightVehicles,leve,AUDI,RS3,,ICE,usado,qty7_as_1,1,7,1
2026-06,LightVehicles,leve,AUDI,TT,,ICE,usado,qty7_as_1,1,7,1
2026-06,LightVehicles,leve,BMW,116I,,ICE,usado,qty7_as_1,1,7,1
2026-06,LightVehicles,leve,BMW,325I,,ICE,usado,qty7_as_1,1,7,1
2026-06,LightVehicles,leve,BMW,330E,,PHEV,usado,qty7_as_1,1,7,1
2026-06,LightVehicles,leve,BMW,420D GRAN COUPE,,ICE,usado,qty7_as_1,1,7,1
2026-06,LightVehicles,leve,BMW,525I A/O,,ICE,usado,qty7_as_1,1,7,1
2026-06,LightVehicles,leve,BMW,740IL,,ICE,usado,qty7_as_1,1,7,1
2026-06,LightVehicles,leve,BMW,MINI COOPER,,ICE,usado,qty7_as_1,1,7,1
2026-06,LightVehicles,leve,BMW,MINI COOPER D COUNTRYMAN,,ICE,usado,qty7_as_1,1,7,1
2026-06,LightVehicles,leve,BMW,X3 20DX,,ICE,usado,qty7_as_1,1,7,1
2026-06,LightVehicles,leve,BMW,X4 XDRIVE30I,,ICE,usado,qty7_as_1,1,7,1
2026-06,LightVehicles,leve,CADILLAC,SEVILLE,,ICE,usado,qty7_as_1,1,7,1
2026-06,LightVehicles,leve,CADILLAC,STS,,ICE,usado,qty7_as_1,1,7,1
2026-06,LightVehicles,leve,CHEVROLET,CAPTIVA,,ICE,usado,qty7_as_1,1,7,1
2026-06,LightVehicles,leve,CHEVROLET,CORVETTE,,ICE,usado,qty7_as_1,1,7,1
2026-06,LightVehicles,leve,CHEVROLET,CRUZE,,ICE,usado,qty7_as_1,1,7,1
2026-06,LightVehicles,leve,CHEVROLET,SILVERADO,,ICE,usado,qty7_as_1,1,7,1
2026-06,LightVehicles,leve,CHEVROLET,TAHOE,,ICE,usado,qty7_as_1,1,7,1
2026-06,LightVehicles,leve,CHEVROLET,TRAVERSE,,ICE,usado,qty7_as_1,1,7,1
2026-06,LightVehicles,leve,CHRYSLER,300C,,ICE,usado,qty7_as_1,1,7,1
2026-06,LightVehicles,leve,CHRYSLER,GD VOYAGER 2,,ICE,usado,qty7_as_1,1,7,1
2026-06,LightVehicles,leve,DAIHATSU,HIJET,,ICE,usado,qty7_as_1,1,7,1
2026-06,LightVehicles,leve,DAIHATSU,MIRA,,ICE,usado,qty7_as_1,1,7,1
2026-06,LightVehicles,leve,DODGE,CHALLENGER R/T,,ICE,usado,qty7_as_1,1,7,1
2026-06,LightVehicles,leve,DODGE,CHALLENGER R/T PLUS,,ICE,usado,qty7_as_1,1,7,1
2026-06,LightVehicles,leve,DODGE,CHALLENGER SXT,,ICE,usado,qty7_as_1,1,7,1
2026-06,LightVehicles,leve,DODGE,CHARGER RT TIPO SEDAN,,ICE,usado,qty7_as_1,1,7,1
2026-06,LightVehicles,leve,DODGE,CHARGER SRT8,,ICE,usado,qty7_as_1,1,7,1
2026-06,LightVehicles,leve,DODGE,DURANGO,,ICE,usado,qty7_as_1,1,7,1
2026-06,LightVehicles,leve,FIAT,500,,ICE,usado,qty7_as_1,1,7,1
2026-06,LightVehicles,leve,FIAT,BARCHETTA,,ICE,usado,qty7_as_1,1,7,1
2026-06,LightVehicles,leve,FIAT,DUCATO,,ICE,usado,qty7_as_1,1,7,1
2026-06,LightVehicles,leve,FIAT,FULLBACK DCAB 4WD 2,,ICE,usado,qty7_as_1,1,7,1
2026-06,LightVehicles,leve,FORD,BRONCO RAPTOR,,ICE,usado,qty7_as_1,1,7,1
2026-06,LightVehicles,leve,FORD,EXPLORER LIMITED,,ICE,usado,qty7_as_1,1,7,1
2026-06,LightVehicles,leve,FORD,EXPLORER XLT,,ICE,usado,qty7_as_1,1,7,1
2026-06,LightVehicles,leve,FORD,EXPOLER LIMITED,,ICE,usado,qty7_as_1,1,7,1
2026-06,LightVehicles,leve,FORD,F-150,,ICE,usado,qty7_as_1,1,7,1
2026-06,LightVehicles,leve,FORD,F150,,ICE,usado,qty7_as_1,1,7,1
2026-06,LightVehicles,leve,FORD,F250,,ICE,usado,qty7_as_1,1,7,1
2026-06,LightVehicles,leve,FORD,MUSTANG GT,,ICE,usado,qty7_as_1,1,7,1
2026-06,LightVehicles,leve,FORD,MUSTANG GT A/O,,ICE,usado,qty7_as_1,1,7,1
2026-06,LightVehicles,leve,GMC,SIERRA,,ICE,usado,qty7_as_1,1,7,1
2026-06,LightVehicles,leve,HINO,(sin modelo),,ICE,usado,qty7_as_1,1,7,1
2026-06,LightVehicles,leve,HINO,DUTRO,,ICE,usado,qty7_as_1,1,7,1
2026-06,LightVehicles,leve,HONDA,ACTY,,ICE,usado,qty7_as_1,1,7,1
2026-06,LightVehicles,leve,HONDA,CIVIC,,ICE,usado,qty7_as_1,1,7,1
2026-06,LightVehicles,leve,HONDA,CIVIC TYPE R EURO,,ICE,usado,qty7_as_1,1,7,1
2026-06,LightVehicles,leve,HONDA,CRZ,,HEV,usado,qty7_as_1,1,7,1
2026-06,LightVehicles,leve,HONDA,FIT,,ICE,usado,qty7_as_1,1,7,1
2026-06,LightVehicles,leve,HONDA,FREED,,ICE,usado,qty7_as_1,1,7,1
2026-06,LightVehicles,leve,HUMMER,(sin modelo),,ICE,usado,qty7_as_1,1,7,1
2026-06,LightVehicles,leve,HYUNDAI,KONA,,ICE,usado,qty7_as_1,1,7,1
2026-06,LightVehicles,leve,HYUNDAI,MAXCRUZ,,ICE,usado,qty7_as_1,1,7,1
2026-06,LightVehicles,leve,HYUNDAI,SANTAFE,,ICE,usado,qty7_as_1,1,7,1
2026-06,LightVehicles,leve,HYUNDAI,SONATA,,ICE,usado,qty7_as_1,1,7,1
2026-06,LightVehicles,leve,HYUNDAI,TUCSON,,HEV,usado,qty7_as_1,1,7,1
2026-06,LightVehicles,leve,HYUNDAI,TUCSON A/O,,ICE,usado,qty7_as_1,1,7,1
2026-06,LightVehicles,leve,HYUNDAI,VELOSTER,,ICE,usado,qty7_as_1,1,7,1
2026-06,LightVehicles,leve,HYUNDAI,VELOSTER A/O,,ICE,usado,qty7_as_1,1,7,1
2026-06,LightVehicles,leve,INFINITI,(sin modelo),,ICE,usado,qty7_as_1,1,7,1
2026-06,LightVehicles,leve,ISUZU,(sin modelo),,ICE,usado,qty7_as_1,1,7,1
2026-06,LightVehicles,leve,ISUZU,BIGHORN,,ICE,usado,qty7_as_1,1,7,1
2026-06,LightVehicles,leve,JAGUAR,XE,,ICE,usado,qty7_as_1,1,7,1
2026-06,LightVehicles,leve,JEEP,CJ-7,,ICE,usado,qty7_as_1,1,7,1
2026-06,LightVehicles,leve,JEEP,GLADIATOR,,ICE,usado,qty7_as_1,1,7,1
2026-06,LightVehicles,leve,JEEP,WRANGLER UNLIMITED MOAB,,ICE,usado,qty7_as_1,1,7,1
2026-06,LightVehicles,leve,KIA,K3 A/O,,ICE,usado,qty7_as_1,1,7,1
2026-06,LightVehicles,leve,KIA,K7,,ICE,usado,qty7_as_1,1,7,1
2026-06,LightVehicles,leve,KIA,MOHAVE,,ICE,usado,qty7_as_1,1,7,1
2026-06,LightVehicles,leve,KIA,PRIDE,,ICE,usado,qty7_as_1,1,7,1
2026-06,LightVehicles,leve,KIA,SELTOS,,ICE,usado,qty7_as_1,1,7,1
2026-06,LightVehicles,leve,KIA,SORTAGE,,ICE,usado,qty7_as_1,1,7,1
2026-06,LightVehicles,leve,LAMBORGHINI,GALLARDO A/O,,ICE,usado,qty7_as_1,1,7,1
2026-06,LightVehicles,leve,LAND ROVER,DISCOVERY HSE TD5,,ICE,usado,qty7_as_1,1,7,1
2026-06,LightVehicles,leve,LAND ROVER,DISCOVERY SPORT,,ICE,usado,qty7_as_1,1,7,1
2026-06,LightVehicles,leve,LAND ROVER,RANGE ROVER EVOQUE P250 SE,,ICE,usado,qty7_as_1,1,7,1
2026-06,LightVehicles,leve,LAND ROVER,RANGE ROVER SPORT,,ICE,usado,qty7_as_1,1,7,1
2026-06,LightVehicles,leve,LEXUS,RX400H,,HEV,usado,qty7_as_1,1,7,1
2026-06,LightVehicles,leve,LOTUS,EXIGE,,ICE,usado,qty7_as_1,1,7,1
2026-06,LightVehicles,leve,MASERATI,(sin modelo),,ICE,usado,qty7_as_1,1,7,1
2026-06,LightVehicles,leve,MAZDA,AXELA,,ICE,usado,qty7_as_1,1,7,1
2026-06,LightVehicles,leve,MAZDA,AXELA SPORT,,ICE,usado,qty7_as_1,1,7,1
2026-06,LightVehicles,leve,MAZDA,CX-5,,ICE,usado,qty7_as_1,1,7,1
2026-06,LightVehicles,leve,MAZDA,RX 7,,ICE,usado,qty7_as_1,1,7,1
2026-06,LightVehicles,leve,MCLAREN,(sin modelo),,ICE,usado,qty7_as_1,1,7,1
2026-06,LightVehicles,leve,MERCEDES-BENZ,1218,,ICE,usado,qty7_as_1,1,7,1
2026-06,LightVehicles,leve,MERCEDES-BENZ,1317,,ICE,usado,qty7_as_1,1,7,1
2026-06,LightVehicles,leve,MERCEDES-BENZ,1520,,ICE,usado,qty7_as_1,1,7,1
2026-06,LightVehicles,leve,MERCEDES-BENZ,380SL A/O,,ICE,usado,qty7_as_1,1,7,1
2026-06,LightVehicles,leve,MERCEDES-BENZ,500 SL,,ICE,usado,qty7_as_1,1,7,1
2026-06,LightVehicles,leve,MERCEDES-BENZ,814,,ICE,usado,qty7_as_1,1,7,1
2026-06,LightVehicles,leve,MERCEDES-BENZ,914,,ICE,usado,qty7_as_1,1,7,1
2026-06,LightVehicles,leve,MERCEDES-BENZ,A35 AMG 4MATIC A/O,,ICE,usado,qty7_as_1,1,7,1
2026-06,LightVehicles,leve,MERCEDES-BENZ,A45 AMG 4MATIC A/O,,ICE,usado,qty7_as_1,1,7,1
2026-06,LightVehicles,leve,MERCEDES-BENZ,AMG GLE 53,,ICE,usado,qty7_as_1,1,7,1
2026-06,LightVehicles,leve,MERCEDES-BENZ,AMG SL43,,ICE,usado,qty7_as_1,1,7,1
2026-06,LightVehicles,leve,MERCEDES-BENZ,B180,,ICE,usado,qty7_as_1,1,7,1
2026-06,LightVehicles,leve,MERCEDES-BENZ,C 200,,ICE,usado,qty7_as_1,1,7,1
2026-06,LightVehicles,leve,MERCEDES-BENZ,C 250,,ICE,usado,qty7_as_1,1,7,1
2026-06,LightVehicles,leve,MERCEDES-BENZ,C200,,ICE,usado,qty7_as_1,1,7,1
2026-06,LightVehicles,leve,MERCEDES-BENZ,C200 KOMPRESSOR,,ICE,usado,qty7_as_1,1,7,1
2026-06,LightVehicles,leve,MERCEDES-BENZ,C200-CLASS W205,,ICE,usado,qty7_as_1,1,7,1
2026-06,LightVehicles,leve,MERCEDES-BENZ,C220 COUPE,,ICE,usado,qty7_as_1,1,7,1
2026-06,LightVehicles,leve,MERCEDES-BENZ,C220D,,ICE,usado,qty7_as_1,1,7,1
2026-06,LightVehicles,leve,MERCEDES-BENZ,C230,,ICE,usado,qty7_as_1,1,7,1
2026-06,LightVehicles,leve,MERCEDES-BENZ,C320CDI,,ICE,usado,qty7_as_1,1,7,1
2026-06,LightVehicles,leve,MERCEDES-BENZ,CLA45 AMG 4MATIC A/O,,ICE,usado,qty7_as_1,1,7,1
2026-06,LightVehicles,leve,MERCEDES-BENZ,E 200,,ICE,usado,qty7_as_1,1,7,1
2026-06,LightVehicles,leve,MERCEDES-BENZ,E220D 4MATIC A/O,,ICE,usado,qty7_as_1,1,7,1
2026-06,LightVehicles,leve,MERCEDES-BENZ,E220D MOVIDO A DIESEL,,ICE,usado,qty7_as_1,1,7,1
2026-06,LightVehicles,leve,MERCEDES-BENZ,E350 4MATIC,,ICE,usado,qty7_as_1,1,7,1
2026-06,LightVehicles,leve,MERCEDES-BENZ,E350 4MATIC A/O,,ICE,usado,qty7_as_1,1,7,1
2026-06,LightVehicles,leve,MERCEDES-BENZ,E350 A/O,,ICE,usado,qty7_as_1,1,7,1
2026-06,LightVehicles,leve,MERCEDES-BENZ,GLA 200 CDI 4MATIC,,ICE,usado,qty7_as_1,1,7,1
2026-06,LightVehicles,leve,MERCEDES-BENZ,GLC 220D 4MATIC,,ICE,usado,qty7_as_1,1,7,1
2026-06,LightVehicles,leve,MERCEDES-BENZ,GLC 300,,ICE,usado,qty7_as_1,1,7,1
2026-06,LightVehicles,leve,MERCEDES-BENZ,GLE 350 D 4MATIC,,ICE,usado,qty7_as_1,1,7,1
2026-06,LightVehicles,leve,MERCEDES-BENZ,GLE 450 4MATIC,,ICE,usado,qty7_as_1,1,7,1
2026-06,LightVehicles,leve,MERCEDES-BENZ,GLE350 4MATIC,,ICE,usado,qty7_as_1,1,7,1
2026-06,LightVehicles,leve,MERCEDES-BENZ,ML 350 BLUETEC 4MATIC,,ICE,usado,qty7_as_1,1,7,1
2026-06,LightVehicles,leve,MERCEDES-BENZ,ML350,,ICE,usado,qty7_as_1,1,7,1
2026-06,LightVehicles,leve,MERCEDES-BENZ,ML350 BLUETEC,,ICE,usado,qty7_as_1,1,7,1
2026-06,LightVehicles,leve,MERCEDES-BENZ,P94-230,,ICE,usado,qty7_as_1,1,7,1
2026-06,LightVehicles,leve,MERCEDES-BENZ,S550,,ICE,usado,qty7_as_1,1,7,1
2026-06,LightVehicles,leve,MERCEDES-BENZ,S580,,ICE,usado,qty7_as_1,1,7,1
2026-06,LightVehicles,leve,MERCEDES-BENZ,SL 500,,ICE,usado,qty7_as_1,1,7,1
2026-06,LightVehicles,leve,MERCEDES-BENZ,SLC250 A/O,,ICE,usado,qty7_as_1,1,7,1
2026-06,LightVehicles,leve,MERCEDES-BENZ,SPRINTER,,ICE,usado,qty7_as_1,1,7,1
2026-06,LightVehicles,leve,MERCEDES-BENZ,SPRINTER 112KA,,ICE,usado,qty7_as_1,1,7,1
2026-06,LightVehicles,leve,MERCEDES-BENZ,SPRINTER 210 CDI,,ICE,usado,qty7_as_1,1,7,1
2026-06,LightVehicles,leve,MERCEDES-BENZ,SPRINTER 216 CDI,,ICE,usado,qty7_as_1,1,7,1
2026-06,LightVehicles,leve,MERCEDES-BENZ,SPRINTER 316,,ICE,usado,qty7_as_1,1,7,1
2026-06,LightVehicles,leve,MERCEDES-BENZ,SPRINTER 316 CDI,,ICE,usado,qty7_as_1,1,7,1
2026-06,LightVehicles,leve,MERCEDES-BENZ,SPRINTER 906 DIESEL,,ICE,usado,qty7_as_1,1,7,1
2026-06,LightVehicles,leve,MERCEDES-BENZ,SPTINTER 310 CDI,,ICE,usado,qty7_as_1,1,7,1
2026-06,LightVehicles,leve,MERCEDES-BENZ,VARIOS 815D,,ICE,usado,qty7_as_1,1,7,1
2026-06,LightVehicles,leve,MINI,COOPER,,ICE,usado,qty7_as_1,1,7,1
2026-06,LightVehicles,leve,MITSUBISHI,CANTER CUSTOMANIO,,ICE,usado,qty7_as_1,1,7,1
2026-06,LightVehicles,leve,MITSUBISHI,CANTER GUTSANIO,,ICE,usado,qty7_as_1,1,7,1
2026-06,LightVehicles,leve,MITSUBISHI,FUSO,,ICE,usado,qty7_as_1,1,7,1
2026-06,LightVehicles,leve,MITSUBISHI,FUSO CANTER,,ICE,usado,qty7_as_1,1,7,1
2026-06,LightVehicles,leve,MITSUBISHI,FUSO CANTER GUST,,ICE,usado,qty7_as_1,1,7,1
2026-06,LightVehicles,leve,MITSUBISHI,GTO,,ICE,usado,qty7_as_1,1,7,1
2026-06,LightVehicles,leve,MITSUBISHI,PAJERO IO,,ICE,usado,qty7_as_1,1,7,1
2026-06,LightVehicles,leve,MITSUBISHI,PAJERO MINI,,ICE,usado,qty7_as_1,1,7,1
2026-06,LightVehicles,leve,MITSUBISHI,PAJERO OI,,ICE,usado,qty7_as_1,1,7,1
2026-06,LightVehicles,leve,NISSAN,ATLAS ELF 100,,ICE,usado,qty7_as_1,1,7,1
2026-06,LightVehicles,leve,NISSAN,CARAVAN,,ICE,usado,qty7_as_1,1,7,1
2026-06,LightVehicles,leve,NISSAN,DAYS,,ICE,usado,qty7_as_1,1,7,1
2026-06,LightVehicles,leve,NISSAN,FIRELADY Z,,ICE,usado,qty7_as_1,1,7,1
2026-06,LightVehicles,leve,NISSAN,JUKE,,ICE,usado,qty7_as_1,1,7,1
2026-06,LightVehicles,leve,NISSAN,JUKE NISMO,,ICE,usado,qty7_as_1,1,7,1
2026-06,LightVehicles,leve,NISSAN,MARCH,,ICE,usado,qty7_as_1,1,7,1
2026-06,LightVehicles,leve,NISSAN,NAVARA,,ICE,usado,qty7_as_1,1,7,1
2026-06,LightVehicles,leve,NISSAN,SILVIA,,ICE,usado,qty7_as_1,1,7,1
2026-06,LightVehicles,leve,PORSCHE,(sin modelo),,ICE,usado,qty7_as_1,1,7,1
2026-06,LightVehicles,leve,PORSCHE,718 BOXSTER S,,ICE,usado,qty7_as_1,1,7,1
2026-06,LightVehicles,leve,PORSCHE,BOXSTERS,,ICE,usado,qty7_as_1,1,7,1
2026-06,LightVehicles,leve,PORSCHE,MACAN,,ICE,nuevo,qty7_as_1,1,7,1
2026-06,LightVehicles,leve,PORSCHE,MACAN,,ICE,usado,qty7_as_1,1,7,1
2026-06,LightVehicles,leve,RAM,(sin modelo),,ICE,usado,qty7_as_1,1,7,1
2026-06,LightVehicles,leve,RAM,1500,,ICE,usado,qty7_as_1,1,7,1
2026-06,LightVehicles,leve,SCANIA,G320,,ICE,usado,qty7_as_1,1,7,1
2026-06,LightVehicles,leve,SCANIA,P270,,ICE,usado,qty7_as_1,1,7,1
2026-06,LightVehicles,leve,SCANIA,P320,,ICE,usado,qty7_as_1,1,7,1
2026-06,LightVehicles,leve,SCANIA,P400,,ICE,usado,qty7_as_1,1,7,1
2026-06,LightVehicles,leve,SCANIA,P94-310,,ICE,usado,qty7_as_1,1,7,1
2026-06,LightVehicles,leve,SSANGYONG,ACTYON,,ICE,usado,qty7_as_1,1,7,1
2026-06,LightVehicles,leve,SUBARU,FORESTER,,ICE,usado,qty7_as_1,1,7,1
2026-06,LightVehicles,leve,SUBARU,IMPRESA WRX,,ICE,usado,qty7_as_1,1,7,1
2026-06,LightVehicles,leve,SUBARU,IMPREZA G4,,ICE,usado,qty7_as_1,1,7,1
2026-06,LightVehicles,leve,SUBARU,IMPREZA STI,,ICE,usado,qty7_as_1,1,7,1
2026-06,LightVehicles,leve,SUBARU,IMPREZA WRC STI,,ICE,usado,qty7_as_1,1,7,1
2026-06,LightVehicles,leve,SUBARU,IMPREZA WRX,,ICE,usado,qty7_as_1,1,7,1
2026-06,LightVehicles,leve,SUBARU,IMPREZA WRX S4,,ICE,usado,qty7_as_1,1,7,1
2026-06,LightVehicles,leve,SUBARU,IMPREZA WRX STI,,ICE,usado,qty7_as_1,1,7,1
2026-06,LightVehicles,leve,SUBARU,STELLA,,ICE,usado,qty7_as_1,1,7,1
2026-06,LightVehicles,leve,SUBARU,TREZIA A/O,,ICE,usado,qty7_as_1,1,7,1
2026-06,LightVehicles,leve,SUZUKI,PALETTE,,ICE,usado,qty7_as_1,1,7,1
2026-06,LightVehicles,leve,SUZUKI,SWIFT A/O,,ICE,usado,qty7_as_1,1,7,1
2026-06,LightVehicles,leve,TESLA,Model Y,,BEV,nuevo,qty7_as_1,1,7,1
2026-06,LightVehicles,leve,TOYOTA,(sin modelo),,HEV,nuevo,qty7_as_1,1,7,1
2026-06,LightVehicles,leve,TOYOTA,2,,ICE,usado,qty7_as_1,1,7,1
2026-06,LightVehicles,leve,TOYOTA,4RUNNER,,ICE,usado,qty7_as_1,1,7,1
2026-06,LightVehicles,leve,TOYOTA,ALEX,,ICE,usado,qty7_as_1,1,7,1
2026-06,LightVehicles,leve,TOYOTA,ALPHARD,,ICE,usado,qty7_as_1,1,7,1
2026-06,LightVehicles,leve,TOYOTA,AXIO,,ICE,usado,qty7_as_1,1,7,1
2026-06,LightVehicles,leve,TOYOTA,BB,,ICE,usado,qty7_as_1,1,7,1
2026-06,LightVehicles,leve,TOYOTA,BZ3X,,BEV,nuevo,qty7_as_1,1,7,1
2026-06,LightVehicles,leve,TOYOTA,CALDINA,,ICE,usado,qty7_as_1,1,7,1
2026-06,LightVehicles,leve,TOYOTA,CELICA,,ICE,usado,qty7_as_1,1,7,1
2026-06,LightVehicles,leve,TOYOTA,COROLLA CROSS,,ICE,usado,qty7_as_1,1,7,1
2026-06,LightVehicles,leve,TOYOTA,CROWN MAJESTA,,ICE,usado,qty7_as_1,1,7,1
2026-06,LightVehicles,leve,TOYOTA,CROWN ROYAL SALOON,,HEV,usado,qty7_as_1,1,7,1
2026-06,LightVehicles,leve,TOYOTA,DYNA,,ICE,usado,qty7_as_1,1,7,1
2026-06,LightVehicles,leve,TOYOTA,EO ALLEX,,ICE,usado,qty7_as_1,1,7,1
2026-06,LightVehicles,leve,TOYOTA,ESQUIRE,,ICE,usado,qty7_as_1,1,7,1
2026-06,LightVehicles,leve,TOYOTA,FUNCARGO 2,,ICE,usado,qty7_as_1,1,7,1
2026-06,LightVehicles,leve,TOYOTA,GR86,,ICE,usado,qty7_as_1,1,7,1
2026-06,LightVehicles,leve,TOYOTA,HIACE SUPER GL,,ICE,usado,qty7_as_1,1,7,1
2026-06,LightVehicles,leve,TOYOTA,HIACE V,,ICE,usado,qty7_as_1,1,7,1
2026-06,LightVehicles,leve,TOYOTA,LAND CRUSIER PRADO,,ICE,usado,qty7_as_1,1,7,1
2026-06,LightVehicles,leve,TOYOTA,PRADO,,ICE,usado,qty7_as_1,1,7,1
2026-06,LightVehicles,leve,TOYOTA,PREIMIO,,ICE,usado,qty7_as_1,1,7,1
2026-06,LightVehicles,leve,TOYOTA,PREMIO A/O,,ICE,usado,qty7_as_1,1,7,1
2026-06,LightVehicles,leve,TOYOTA,PROBOX,,ICE,usado,qty7_as_1,1,7,1
2026-06,LightVehicles,leve,TOYOTA,RAV4,,ICE,usado,qty7_as_1,1,7,1
2026-06,LightVehicles,leve,TOYOTA,RUNX,,ICE,usado,qty7_as_1,1,7,1
2026-06,LightVehicles,leve,TOYOTA,RUSH NAFTERO,,ICE,usado,qty7_as_1,1,7,1
2026-06,LightVehicles,leve,TOYOTA,SPORTAGE,,ICE,usado,qty7_as_1,1,7,1
2026-06,LightVehicles,leve,TOYOTA,SUPRA SZ,,ICE,usado,qty7_as_1,1,7,1
2026-06,LightVehicles,leve,TOYOTA,TACOMA LIMITED,,ICE,usado,qty7_as_1,1,7,1
2026-06,LightVehicles,leve,TOYOTA,TOWNACE TRUCK,,ICE,usado,qty7_as_1,1,7,1
2026-06,LightVehicles,leve,TOYOTA,VIITZ,,ICE,usado,qty7_as_1,1,7,1
2026-06,LightVehicles,leve,TOYOTA,VITZ,,PHEV,usado,qty7_as_1,1,7,1
2026-06,LightVehicles,leve,TOYOTA,VOXY,,HEV,usado,qty7_as_1,1,7,1
2026-06,LightVehicles,leve,TOYOTA,WISH A/O,,ICE,usado,qty7_as_1,1,7,1
2026-06,LightVehicles,leve,TOYOTA,YARIS,,ICE,usado,qty7_as_1,1,7,1
2026-06,LightVehicles,leve,VOLKSWAGEN,ARTEON A/O,,ICE,usado,qty7_as_1,1,7,1
2026-06,LightVehicles,leve,VOLKSWAGEN,BEETLE,,ICE,usado,qty7_as_1,1,7,1
2026-06,LightVehicles,leve,VOLKSWAGEN,GOLF,,ICE,usado,qty7_as_1,1,7,1
2026-06,LightVehicles,leve,VOLKSWAGEN,SCIROCCO A/O,,ICE,usado,qty7_as_1,1,7,1
2026-06,LightVehicles,leve,VOLKSWAGEN,SUPER BEETLE,,ICE,usado,qty7_as_1,1,7,1
2026-06,LightVehicles,leve,VOLKSWAGEN,WINNEBAGO,,ICE,usado,qty7_as_1,1,7,1
2026-06,LightVehicles,leve,VOLVO,S60,,ICE,usado,qty7_as_1,1,7,1
2026-06,LightVehicles,leve,YIWU,(sin modelo),,ICE,nuevo,qty7_desc_units=3,1,7,3
2026-06,LightVehicles,pesado,MERCEDES-BENZ,(sin modelo),,ICE,usado,qty7_as_1,17,119,17
2026-06,LightVehicles,pesado,MERCEDES-BENZ,ATEGO,,ICE,usado,qty7_as_1,9,63,9
2026-06,LightVehicles,pesado,SCANIA,(sin modelo),,ICE,usado,qty7_as_1,7,49,7
2026-06,LightVehicles,pesado,MERCEDES-BENZ,ATEGO 815,,ICE,usado,qty7_as_1,5,35,5
2026-06,LightVehicles,pesado,MERCEDES-BENZ,817,,ICE,usado,qty7_as_1,3,21,3
2026-06,LightVehicles,pesado,MERCEDES-BENZ,ATEGO 816,,ICE,usado,qty7_as_1,3,21,3
2026-06,LightVehicles,pesado,SCANIA,R420,,ICE,usado,qty7_as_1,3,21,3
2026-06,LightVehicles,pesado,MERCEDES-BENZ,1217,,ICE,usado,qty7_as_1,2,14,2
2026-06,LightVehicles,pesado,SCANIA,P 94,,ICE,usado,qty7_as_1,2,14,2
2026-06,LightVehicles,pesado,SCANIA,P270,,ICE,usado,qty7_as_1,2,14,2
2026-06,LightVehicles,pesado,SCANIA,P380,,ICE,usado,qty7_as_1,2,14,2
2026-06,LightVehicles,pesado,SCANIA,P94 - 220,,ICE,usado,qty7_as_1,2,14,2
2026-06,LightVehicles,pesado,SCANIA,R480,,ICE,usado,qty7_as_1,2,14,2
2026-06,LightVehicles,pesado,MERCEDES-BENZ,1218,,ICE,usado,qty7_as_1,1,7,1
2026-06,LightVehicles,pesado,MERCEDES-BENZ,1524L,,ICE,usado,qty7_as_1,1,7,1
2026-06,LightVehicles,pesado,MERCEDES-BENZ,814,,ICE,usado,qty7_as_1,1,7,1
2026-06,LightVehicles,pesado,MERCEDES-BENZ,823,,ICE,usado,qty7_as_1,1,7,1
2026-06,LightVehicles,pesado,MERCEDES-BENZ,ATEGO 816 A O,,ICE,usado,qty7_as_1,1,7,1
2026-06,LightVehicles,pesado,MERCEDES-BENZ,ATEGO 818,,ICE,usado,qty7_as_1,1,7,1
2026-06,LightVehicles,pesado,MERCEDES-BENZ,ATEGO 824,,ICE,usado,qty7_as_1,1,7,1
2026-06,LightVehicles,pesado,MERCEDES-BENZ,ATEGO 916,,ICE,usado,qty7_as_1,1,7,1
2026-06,LightVehicles,pesado,MERCEDES-BENZ,ATEGO 923,,ICE,usado,qty7_as_1,1,7,1
2026-06,LightVehicles,pesado,MERCEDES-BENZ,DELO ATEGO 816,,ICE,usado,qty7_as_1,1,7,1
2026-06,LightVehicles,pesado,NISSAN,ATLEON,,ICE,usado,qty7_as_1,1,7,1
2026-06,LightVehicles,pesado,NISSAN,CASBTAR,,ICE,usado,qty7_as_1,1,7,1
2026-06,LightVehicles,pesado,SCANIA,113,,ICE,usado,qty7_as_1,1,7,1
2026-06,LightVehicles,pesado,SCANIA,114 - 340,,ICE,usado,qty7_as_1,1,7,1
2026-06,LightVehicles,pesado,SCANIA,114 - 380,,ICE,usado,qty7_as_1,1,7,1
2026-06,LightVehicles,pesado,SCANIA,124 400,,ICE,usado,qty7_as_1,1,7,1
2026-06,LightVehicles,pesado,SCANIA,164G 480,,ICE,usado,qty7_as_1,1,7,1
2026-06,LightVehicles,pesado,SCANIA,93 - 220,,ICE,usado,qty7_as_1,1,7,1
2026-06,LightVehicles,pesado,SCANIA,G420,,ICE,usado,qty7_as_1,1,7,1
2026-06,LightVehicles,pesado,SCANIA,G440 - 10X4,,ICE,usado,qty7_as_1,1,7,1
2026-06,LightVehicles,pesado,SCANIA,P 400,,ICE,usado,qty7_as_1,1,7,1
2026-06,LightVehicles,pesado,SCANIA,P 420,,ICE,usado,qty7_as_1,1,7,1
2026-06,LightVehicles,pesado,SCANIA,P114,,ICE,usado,qty7_as_1,1,7,1
2026-06,LightVehicles,pesado,SCANIA,P114-340,,ICE,usado,qty7_as_1,1,7,1
2026-06,LightVehicles,pesado,SCANIA,P114/380,,ICE,usado,qty7_as_1,1,7,1
2026-06,LightVehicles,pesado,SCANIA,P124,,ICE,usado,qty7_as_1,1,7,1
2026-06,LightVehicles,pesado,SCANIA,P230,,ICE,usado,qty7_as_1,1,7,1
2026-06,LightVehicles,pesado,SCANIA,P280,,ICE,usado,qty7_as_1,1,7,1
2026-06,LightVehicles,pesado,SCANIA,P420,,ICE,usado,qty7_as_1,1,7,1
2026-06,LightVehicles,pesado,SCANIA,P94,,ICE,usado,qty7_as_1,1,7,1
2026-06,LightVehicles,pesado,SCANIA,P94 - 310,,ICE,usado,qty7_as_1,1,7,1
2026-06,LightVehicles,pesado,SCANIA,P94 A/O,,ICE,usado,qty7_as_1,1,7,1
2026-06,LightVehicles,pesado,SCANIA,R 143,,ICE,usado,qty7_as_1,1,7,1
2026-06,LightVehicles,pesado,SCANIA,R 440,,ICE,usado,qty7_as_1,1,7,1
2026-06,LightVehicles,pesado,SCANIA,R113,,ICE,usado,qty7_as_1,1,7,1
2026-06,LightVehicles,pesado,SCANIA,R124,,ICE,usado,qty7_as_1,1,7,1
2026-06,LightVehicles,pesado,SCANIA,R380,,ICE,usado,qty7_as_1,1,7,1
2026-06,LightVehicles,pesado,UD,CONDOR,,ICE,usado,qty7_as_1,1,7,1
2026-06,LightVehicles,pesado,VOLVO,FL612,,ICE,usado,qty7_as_1,1,7,1
2026-06,LightVehicles,pesado,VOLVO,FL7,,ICE,usado,qty7_as_1,1,7,1
2026-06,LightVehicles,recreativo,CLUB CAR,CLUB CAR,,ICE,usado,qty7_as_1,1,7,1
2026-07,LightVehicles,leve,TOYOTA,VITZ,,ICE,usado,qty7_as_1,1346,9422,1346
2026-07,LightVehicles,leve,KIA,SPORTAGE,,ICE,usado,qty7_as_1,637,4459,637
2026-07,LightVehicles,leve,TOYOTA,RACTIS,,ICE,usado,qty7_as_1,617,4319,617
2026-07,LightVehicles,leve,TOYOTA,AURIS,,ICE,usado,qty7_as_1,295,2065,295
2026-07,LightVehicles,leve,TOYOTA,(sin modelo),,ICE,usado,qty7_as_1,255,1785,255
2026-07,LightVehicles,leve,TOYOTA,VOXY,,ICE,usado,qty7_as_1,248,1736,248
2026-07,LightVehicles,leve,TOYOTA,PREMIO,,ICE,usado,qty7_as_1,231,1617,231
2026-07,LightVehicles,leve,TOYOTA,ALLION,,ICE,usado,qty7_as_1,229,1603,229
2026-07,LightVehicles,leve,TOYOTA,SIENTA,,ICE,usado,qty7_as_1,211,1477,211
2026-07,LightVehicles,leve,TOYOTA,WISH,,ICE,usado,qty7_as_1,189,1323,189
2026-07,LightVehicles,leve,TOYOTA,NOAH,,ICE,usado,qty7_as_1,156,1092,156
2026-07,LightVehicles,leve,KENTON,(sin modelo),,ICE,nuevo,qty7_as_1,146,1022,146
2026-07,LightVehicles,leve,TOYOTA,IST,,ICE,usado,qty7_as_1,127,889,127
2026-07,LightVehicles,leve,MITSUBISHI,CANTER,,ICE,usado,qty7_as_1,102,714,102
2026-07,LightVehicles,leve,HYUNDAI,TUCSON,,ICE,usado,qty7_as_1,84,588,84
2026-07,LightVehicles,leve,HYUNDAI,SANTA FE,,ICE,usado,qty7_as_1,81,567,81
2026-07,LightVehicles,leve,TOYOTA,COROLLA,,ICE,usado,qty7_as_1,68,476,68
2026-07,LightVehicles,leve,HYUNDAI,(sin modelo),,ICE,usado,qty7_as_1,57,399,57
2026-07,LightVehicles,leve,MITSUBISHI,(sin modelo),,ICE,usado,qty7_as_1,45,315,45
2026-07,LightVehicles,leve,KIA,K5,,ICE,usado,qty7_as_1,43,301,43
2026-07,LightVehicles,leve,TOYOTA,FUNCARGO,,ICE,usado,qty7_as_1,43,301,43
2026-07,LightVehicles,leve,KIA,(sin modelo),,ICE,usado,qty7_as_1,32,224,32
2026-07,LightVehicles,leve,TOYOTA,RUSH,,ICE,usado,qty7_as_1,32,224,32
2026-07,LightVehicles,leve,NISSAN,(sin modelo),,ICE,usado,qty7_as_1,29,203,29
2026-07,LightVehicles,leve,NISSAN,ATLAS,,ICE,usado,qty7_as_1,28,196,28
2026-07,LightVehicles,leve,SUBARU,(sin modelo),,ICE,usado,qty7_as_1,25,175,25
2026-07,LightVehicles,leve,TOYOTA,COROLLA AXIO,,ICE,usado,qty7_as_1,24,168,24
2026-07,LightVehicles,leve,TOYOTA,(sin modelo),,HEV,nuevo,qty7_as_1,23,161,23
2026-07,LightVehicles,leve,TOYOTA,CROWN ATHLETE,,ICE,usado,qty7_as_1,22,154,22
2026-07,LightVehicles,leve,KIA,SORENTO,,ICE,usado,qty7_as_1,18,126,18
2026-07,LightVehicles,leve,TOYOTA,AQUA,,HEV,usado,qty7_as_1,18,126,18
2026-07,LightVehicles,leve,TOYOTA,RAV4,,HEV,nuevo,qty7_as_1,18,126,18
2026-07,LightVehicles,leve,BAIC,BJ30E,,ICE,nuevo,qty7_as_1,17,119,17
2026-07,LightVehicles,leve,TOYOTA,BELTA,,ICE,usado,qty7_as_1,17,119,17
2026-07,LightVehicles,leve,TOYOTA,ALLEX,,ICE,usado,qty7_as_1,16,112,16
2026-07,LightVehicles,leve,SUBARU,TREZIA,,ICE,usado,qty7_as_1,13,91,13
2026-07,LightVehicles,leve,BMW,320D,,ICE,usado,qty7_as_1,12,84,12
2026-07,LightVehicles,leve,HYUNDAI,GRAND STAREX,,ICE,usado,qty7_as_1,12,84,12
2026-07,LightVehicles,leve,TOYOTA,COROLLA,,HEV,nuevo,qty7_as_1,12,84,12
2026-07,LightVehicles,leve,SUZUKI,SWIFT,,ICE,usado,qty7_as_1,11,77,11
2026-07,LightVehicles,leve,TOYOTA,HILUX,,ICE,usado,qty7_as_1,11,77,11
2026-07,LightVehicles,leve,BAIC,(sin modelo),,ICE,nuevo,qty7_as_1,10,70,10
2026-07,LightVehicles,leve,HYUNDAI,PORTER II,,ICE,usado,qty7_as_1,10,70,10
2026-07,LightVehicles,leve,MITSUBISHI,CANTER GUTS,,ICE,usado,qty7_as_1,10,70,10
2026-07,LightVehicles,leve,MAZDA,DEMIO,,ICE,usado,qty7_as_1,9,63,9
2026-07,LightVehicles,leve,TOYOTA,PASSO,,ICE,usado,qty7_as_1,9,63,9
2026-07,LightVehicles,leve,KIA,K3,,ICE,usado,qty7_as_1,8,56,8
2026-07,LightVehicles,leve,KIA,MORNING,,ICE,usado,qty7_as_1,8,56,8
2026-07,LightVehicles,leve,DODGE,CHALLENGER,,ICE,usado,qty7_as_1,7,49,7
2026-07,LightVehicles,leve,FORD,MUSTANG,,ICE,usado,qty7_as_1,7,49,7
2026-07,LightVehicles,leve,HYUNDAI,ACCENT,,ICE,usado,qty7_as_1,7,49,7
2026-07,LightVehicles,leve,KIA,CARNIVAL,,ICE,usado,qty7_as_1,7,49,7
2026-07,LightVehicles,leve,SUBARU,IMPREZA,,ICE,usado,qty7_as_1,7,49,7
2026-07,LightVehicles,leve,HYUNDAI,AVANTE,,ICE,usado,qty7_as_1,6,42,6
2026-07,LightVehicles,leve,MERCEDES-BENZ,ATEGO,,ICE,usado,qty7_as_1,6,42,6
2026-07,LightVehicles,leve,MITSUBISHI,CANTER GUTS DIESEL,,ICE,usado,qty7_as_1,6,42,6
2026-07,LightVehicles,leve,TOYOTA,CROWN,,ICE,usado,qty7_as_1,6,42,6
2026-07,LightVehicles,leve,TOYOTA,IQ,,ICE,usado,qty7_as_1,6,42,6
2026-07,LightVehicles,leve,TOYOTA,LAND CRUISER PRADO,,ICE,usado,qty7_as_1,6,42,6
2026-07,LightVehicles,leve,TOYOTA,MARK X,,ICE,usado,qty7_as_1,6,42,6
2026-07,LightVehicles,leve,BMW,(sin modelo),,ICE,usado,qty7_as_1,5,35,5
2026-07,LightVehicles,leve,CHEVROLET,CAMARO,,ICE,usado,qty7_as_1,5,35,5
2026-07,LightVehicles,leve,MERCEDES-BENZ,C300,,ICE,usado,qty7_as_1,5,35,5
2026-07,LightVehicles,leve,NISSAN,FAIRLADY Z,,ICE,usado,qty7_as_1,5,35,5
2026-07,LightVehicles,leve,TOYOTA,AURIS,,HEV,usado,qty7_as_1,5,35,5
2026-07,LightVehicles,leve,TOYOTA,COROLLA CROSS,,HEV,nuevo,qty7_as_1,5,35,5
2026-07,LightVehicles,leve,TOYOTA,CROWN ROYAL SALOON,,ICE,usado,qty7_as_1,5,35,5
2026-07,LightVehicles,leve,TOYOTA,GT86,,ICE,usado,qty7_as_1,5,35,5
2026-07,LightVehicles,leve,TOYOTA,LAND CRUISER,,ICE,nuevo,qty7_as_1,5,35,5
2026-07,LightVehicles,leve,TOYOTA,RUNX,,ICE,usado,qty7_as_1,5,35,5
2026-07,LightVehicles,leve,MERCEDES-BENZ,(sin modelo),,ICE,usado,qty7_as_1,4,28,4
2026-07,LightVehicles,leve,MERCEDES-BENZ,C200,,ICE,usado,qty7_as_1,4,28,4
2026-07,LightVehicles,leve,MITSUBISHI,FUSO CANTER GUTS,,ICE,usado,qty7_as_1,4,28,4
2026-07,LightVehicles,leve,NISSAN,MARCH,,ICE,usado,qty7_as_1,4,28,4
2026-07,LightVehicles,leve,TOYOTA,AQUA,,ICE,usado,qty7_as_1,4,28,4
2026-07,LightVehicles,leve,TOYOTA,AVENSIS,,ICE,usado,qty7_as_1,4,28,4
2026-07,LightVehicles,leve,TOYOTA,CALDINA,,ICE,usado,qty7_as_1,4,28,4
2026-07,LightVehicles,leve,TOYOTA,HIACE,,ICE,usado,qty7_as_1,4,28,4
2026-07,LightVehicles,leve,TOYOTA,HIACE REGIUS,,ICE,usado,qty7_as_1,4,28,4
2026-07,LightVehicles,leve,TOYOTA,REGIUS,,ICE,usado,qty7_as_1,4,28,4
2026-07,LightVehicles,leve,TOYOTA,TOWNACE,,ICE,usado,qty7_as_1,4,28,4
2026-07,LightVehicles,leve,DAIHATSU,MOVE,,ICE,usado,qty7_as_1,3,21,3
2026-07,LightVehicles,leve,FORD,MUSTANG GT,,ICE,usado,qty7_as_1,3,21,3
2026-07,LightVehicles,leve,HONDA,(sin modelo),,ICE,usado,qty7_as_1,3,21,3
2026-07,LightVehicles,leve,MAZDA,(sin modelo),,ICE,usado,qty7_as_1,3,21,3
2026-07,LightVehicles,leve,MERCEDES-BENZ,ATEGO 818,,ICE,usado,qty7_as_1,3,21,3
2026-07,LightVehicles,leve,MERCEDES-BENZ,E350,,ICE,usado,qty7_as_1,3,21,3
2026-07,LightVehicles,leve,MINI,COOPER,,ICE,usado,qty7_as_1,3,21,3
2026-07,LightVehicles,leve,MITSUBISHI,CANTER CUSTOM,,ICE,usado,qty7_as_1,3,21,3
2026-07,LightVehicles,leve,NISSAN,VANETTE,,ICE,usado,qty7_as_1,3,21,3
2026-07,LightVehicles,leve,SUBARU,IMPREZA WRX S4 GT,,ICE,usado,qty7_as_1,3,21,3
2026-07,LightVehicles,leve,SUBARU,WRX,,ICE,usado,qty7_as_1,3,21,3
2026-07,LightVehicles,leve,TOYOTA,BLADE,,ICE,usado,qty7_as_1,3,21,3
2026-07,LightVehicles,leve,TOYOTA,CELICA,,ICE,usado,qty7_as_1,3,21,3
2026-07,LightVehicles,leve,TOYOTA,GRAND HIACE,,ICE,usado,qty7_as_1,3,21,3
2026-07,LightVehicles,leve,TOYOTA,GRANVIA,,ICE,usado,qty7_as_1,3,21,3
2026-07,LightVehicles,leve,TOYOTA,HIACE GRAND CABIN G,,ICE,usado,qty7_as_1,3,21,3
2026-07,LightVehicles,leve,TOYOTA,HIACE SUPER GL,,ICE,usado,qty7_as_1,3,21,3
2026-07,LightVehicles,leve,TOYOTA,ISIS,,ICE,usado,qty7_as_1,3,21,3
2026-07,LightVehicles,leve,TOYOTA,LAND CRUISER,,ICE,usado,qty7_as_1,3,21,3
2026-07,LightVehicles,leve,TOYOTA,PLATZ,,ICE,usado,qty7_as_1,3,21,3
2026-07,LightVehicles,leve,TOYOTA,PRIUS,,HEV,usado,qty7_as_1,3,21,3
2026-07,LightVehicles,leve,TOYOTA,SIENTA,,HEV,usado,qty7_as_1,3,21,3
2026-07,LightVehicles,leve,TOYOTA,YARIS,,ICE,usado,qty7_as_1,3,21,3
2026-07,LightVehicles,leve,BMW,X5,,ICE,usado,qty7_as_1,2,14,2
2026-07,LightVehicles,leve,CHEVROLET,CRUZE,,ICE,usado,qty7_as_1,2,14,2
2026-07,LightVehicles,leve,CHEVROLET,SILVERADO,,ICE,usado,qty7_as_1,2,14,2
2026-07,LightVehicles,leve,DAIHATSU,BEGO,,ICE,usado,qty7_as_1,2,14,2
2026-07,LightVehicles,leve,FORD,(sin modelo),,ICE,usado,qty7_as_1,2,14,2
2026-07,LightVehicles,leve,HINO,DUTRO,,ICE,usado,qty7_as_1,2,14,2
2026-07,LightVehicles,leve,HINO,RANGER,,ICE,usado,qty7_as_1,2,14,2
2026-07,LightVehicles,leve,HYUNDAI,PALISADE,,ICE,usado,qty7_as_1,2,14,2
2026-07,LightVehicles,leve,HYUNDAI,VERACRUZ,,ICE,usado,qty7_as_1,2,14,2
2026-07,LightVehicles,leve,MAZDA,CX-5,,ICE,usado,qty7_as_1,2,14,2
2026-07,LightVehicles,leve,MERCEDES-BENZ,814,,ICE,usado,qty7_as_1,2,14,2
2026-07,LightVehicles,leve,MERCEDES-BENZ,ATEGO 715,,ICE,usado,qty7_as_1,2,14,2
2026-07,LightVehicles,leve,MERCEDES-BENZ,C220 CDI,,ICE,usado,qty7_as_1,2,14,2
2026-07,LightVehicles,leve,MERCEDES-BENZ,E550,,ICE,usado,qty7_as_1,2,14,2
2026-07,LightVehicles,leve,MERCEDES-BENZ,GLC 300,,ICE,usado,qty7_as_1,2,14,2
2026-07,LightVehicles,leve,MERCEDES-BENZ,GLC300,,ICE,usado,qty7_as_1,2,14,2
2026-07,LightVehicles,leve,MITSUBISHI,CANTER FUSO,,ICE,usado,qty7_as_1,2,14,2
2026-07,LightVehicles,leve,NISSAN,DATSUN,,ICE,usado,qty7_as_1,2,14,2
2026-07,LightVehicles,leve,NISSAN,JUKE,,ICE,usado,qty7_as_1,2,14,2
2026-07,LightVehicles,leve,NISSAN,SKYLINE,,ICE,usado,qty7_as_1,2,14,2
2026-07,LightVehicles,leve,SUBARU,IMPREZA WRX STI,,ICE,usado,qty7_as_1,2,14,2
2026-07,LightVehicles,leve,SUBARU,WRX S4,,ICE,usado,qty7_as_1,2,14,2
2026-07,LightVehicles,leve,SUZUKI,(sin modelo),,ICE,usado,qty7_as_1,2,14,2
2026-07,LightVehicles,leve,SUZUKI,ESCUDO,,ICE,usado,qty7_as_1,2,14,2
2026-07,LightVehicles,leve,TOYOTA,4RUNNER,,HEV,nuevo,qty7_as_1,2,14,2
2026-07,LightVehicles,leve,TOYOTA,COROLLA FIELDER,,ICE,usado,qty7_as_1,2,14,2
2026-07,LightVehicles,leve,TOYOTA,DYNA,,ICE,usado,qty7_as_1,2,14,2
2026-07,LightVehicles,leve,TOYOTA,HIACE SUPER CUSTOM,,ICE,usado,qty7_as_1,2,14,2
2026-07,LightVehicles,leve,TOYOTA,PREMIO NAFTERO,,ICE,usado,qty7_as_1,2,14,2
2026-07,LightVehicles,leve,TOYOTA,TOYOACE,,ICE,usado,qty7_as_1,2,14,2
2026-07,LightVehicles,leve,TOYOTA,TUNDRA,,ICE,usado,qty7_as_1,2,14,2
2026-07,LightVehicles,leve,VOLKSWAGEN,(sin modelo),,ICE,usado,qty7_as_1,2,14,2
2026-07,LightVehicles,leve,VOLKSWAGEN,GOLF,,ICE,usado,qty7_as_1,2,14,2
2026-07,LightVehicles,leve,VOLKSWAGEN,GTI,,ICE,usado,qty7_as_1,2,14,2
2026-07,LightVehicles,leve,AUDI,A4 CABRIOLET,,ICE,usado,qty7_as_1,1,7,1
2026-07,LightVehicles,leve,AUDI,A6,,ICE,usado,qty7_as_1,1,7,1
2026-07,LightVehicles,leve,AUDI,Q3,,ICE,usado,qty7_as_1,1,7,1
2026-07,LightVehicles,leve,AUDI,Q5,,ICE,usado,qty7_as_1,1,7,1
2026-07,LightVehicles,leve,AUDI,Q7,,ICE,usado,qty7_as_1,1,7,1
2026-07,LightVehicles,leve,AUDI,TT,,ICE,usado,qty7_as_1,1,7,1
2026-07,LightVehicles,leve,BMW,116I,,ICE,usado,qty7_as_1,1,7,1
2026-07,LightVehicles,leve,BMW,128I,,ICE,usado,qty7_as_1,1,7,1
2026-07,LightVehicles,leve,BMW,318 D,,ICE,usado,qty7_as_1,1,7,1
2026-07,LightVehicles,leve,BMW,320I NAFTERO,,ICE,usado,qty7_as_1,1,7,1
2026-07,LightVehicles,leve,BMW,323I,,ICE,usado,qty7_as_1,1,7,1
2026-07,LightVehicles,leve,BMW,330 CI,,ICE,usado,qty7_as_1,1,7,1
2026-07,LightVehicles,leve,BMW,335I,,ICE,usado,qty7_as_1,1,7,1
2026-07,LightVehicles,leve,BMW,435I,,ICE,usado,qty7_as_1,1,7,1
2026-07,LightVehicles,leve,BMW,520D,,ICE,usado,qty7_as_1,1,7,1
2026-07,LightVehicles,leve,BMW,635CSI,,ICE,usado,qty7_as_1,1,7,1
2026-07,LightVehicles,leve,BMW,635D,,ICE,usado,qty7_as_1,1,7,1
2026-07,LightVehicles,leve,BMW,640DX,,ICE,usado,qty7_as_1,1,7,1
2026-07,LightVehicles,leve,BMW,M4,,ICE,usado,qty7_as_1,1,7,1
2026-07,LightVehicles,leve,BMW,X1,,ICE,usado,qty7_as_1,1,7,1
2026-07,LightVehicles,leve,BMW,X2,,ICE,usado,qty7_as_1,1,7,1
2026-07,LightVehicles,leve,BMW,X3,,ICE,usado,qty7_as_1,1,7,1
2026-07,LightVehicles,leve,BMW,X4,,ICE,usado,qty7_as_1,1,7,1
2026-07,LightVehicles,leve,BMW,X4 SERIE M,,ICE,usado,qty7_as_1,1,7,1
2026-07,LightVehicles,leve,BMW,X5 XDRIVE 30D,,ICE,usado,qty7_as_1,1,7,1
2026-07,LightVehicles,leve,BMW,X6,,ICE,usado,qty7_as_1,1,7,1
2026-07,LightVehicles,leve,BMW,Z3,,ICE,usado,qty7_as_1,1,7,1
2026-07,LightVehicles,leve,CADILLAC,ESCALADE,,ICE,usado,qty7_as_1,1,7,1
2026-07,LightVehicles,leve,CHEVROLET,(sin modelo),,ICE,usado,qty7_as_1,1,7,1
2026-07,LightVehicles,leve,CHEVROLET,BELAIR,,ICE,usado,qty7_as_1,1,7,1
2026-07,LightVehicles,leve,CHEVROLET,CAMARO COUPE,,ICE,usado,qty7_as_1,1,7,1
2026-07,LightVehicles,leve,CHEVROLET,CAPTIVA,,ICE,usado,qty7_as_1,1,7,1
2026-07,LightVehicles,leve,CHEVROLET,SILVERADO K1500,,ICE,usado,qty7_as_1,1,7,1
2026-07,LightVehicles,leve,CITROEN,DS3,,ICE,usado,qty7_as_1,1,7,1
2026-07,LightVehicles,leve,DAIHATSU,(sin modelo),,ICE,usado,qty7_as_1,1,7,1
2026-07,LightVehicles,leve,DAIHATSU,HITEJ,,ICE,usado,qty7_as_1,1,7,1
2026-07,LightVehicles,leve,DAIHATSU,MIRA ES,,ICE,usado,qty7_as_1,1,7,1
2026-07,LightVehicles,leve,DAIHATSU,MOVE CUSTOM,,ICE,usado,qty7_as_1,1,7,1
2026-07,LightVehicles,leve,DAIHATSU,TERIOS KID,,ICE,usado,qty7_as_1,1,7,1
2026-07,LightVehicles,leve,DODGE,CHALLENGER R,,ICE,usado,qty7_as_1,1,7,1
2026-07,LightVehicles,leve,DODGE,CHARGER R/T,,ICE,usado,qty7_as_1,1,7,1
2026-07,LightVehicles,leve,DODGE,RAM1500,,ICE,usado,qty7_as_1,1,7,1
2026-07,LightVehicles,leve,FERRARI,(sin modelo),,ICE,usado,qty7_as_1,1,7,1
2026-07,LightVehicles,leve,FORD,BRONCO,,ICE,usado,qty7_as_1,1,7,1
2026-07,LightVehicles,leve,FORD,E-450 FOREST RIVER,,ICE,usado,qty7_as_1,1,7,1
2026-07,LightVehicles,leve,FORD,EXPLORER,,ICE,usado,qty7_as_1,1,7,1
2026-07,LightVehicles,leve,FORD,F-150,,ICE,usado,qty7_as_1,1,7,1
2026-07,LightVehicles,leve,FORD,F-250 SD,,ICE,usado,qty7_as_1,1,7,1
2026-07,LightVehicles,leve,FORD,F150,,ICE,usado,qty7_as_1,1,7,1
2026-07,LightVehicles,leve,FORD,FUSION TITANIUM,,ICE,usado,qty7_as_1,1,7,1
2026-07,LightVehicles,leve,FORD,TORINO,,ICE,usado,qty7_as_1,1,7,1
2026-07,LightVehicles,leve,HINO,DYNA,,ICE,usado,qty7_as_1,1,7,1
2026-07,LightVehicles,leve,HONDA,S2000,,ICE,usado,qty7_as_1,1,7,1
2026-07,LightVehicles,leve,HYUNDAI,ACCENT LS,,ICE,usado,qty7_as_1,1,7,1
2026-07,LightVehicles,leve,HYUNDAI,I30,,ICE,usado,qty7_as_1,1,7,1
2026-07,LightVehicles,leve,HYUNDAI,PORTER II DIESEL,,ICE,usado,qty7_as_1,1,7,1
2026-07,LightVehicles,leve,JEEP,(sin modelo),,ICE,usado,qty7_as_1,1,7,1
2026-07,LightVehicles,leve,JEEP,WRANGLER,,ICE,usado,qty7_as_1,1,7,1
2026-07,LightVehicles,leve,JEEP,WRANGLER X,,ICE,usado,qty7_as_1,1,7,1
2026-07,LightVehicles,leve,KIA,BONGO III,,ICE,usado,qty7_as_1,1,7,1
2026-07,LightVehicles,leve,KIA,PRIDE,,ICE,usado,qty7_as_1,1,7,1
2026-07,LightVehicles,leve,KIA,STONIC,,ICE,usado,qty7_as_1,1,7,1
2026-07,LightVehicles,leve,LAND ROVER,DEFENDER,,ICE,usado,qty7_as_1,1,7,1
2026-07,LightVehicles,leve,LAND ROVER,EVOQUE A/O,,ICE,usado,qty7_as_1,1,7,1
2026-07,LightVehicles,leve,LOTUS,(sin modelo),,ICE,usado,qty7_as_1,1,7,1
2026-07,LightVehicles,leve,MAZDA,AXELA SPORT,,ICE,usado,qty7_as_1,1,7,1
2026-07,LightVehicles,leve,MAZDA,CX 60 SKYACTIV G,,ICE,usado,qty7_as_1,1,7,1
2026-07,LightVehicles,leve,MAZDA,CX-3,,ICE,usado,qty7_as_1,1,7,1
2026-07,LightVehicles,leve,MAZDA,CX-60 MILD,,ICE,nuevo,qty7_as_1,1,7,1
2026-07,LightVehicles,leve,MERCEDES-BENZ,614,,ICE,usado,qty7_as_1,1,7,1
2026-07,LightVehicles,leve,MERCEDES-BENZ,813,,ICE,usado,qty7_as_1,1,7,1
2026-07,LightVehicles,leve,MERCEDES-BENZ,817,,ICE,usado,qty7_as_1,1,7,1
2026-07,LightVehicles,leve,MERCEDES-BENZ,A35 AMG 4MATIC A/O,,ICE,usado,qty7_as_1,1,7,1
2026-07,LightVehicles,leve,MERCEDES-BENZ,ATEGO 815,,ICE,usado,qty7_as_1,1,7,1
2026-07,LightVehicles,leve,MERCEDES-BENZ,C 200 D,,ICE,usado,qty7_as_1,1,7,1
2026-07,LightVehicles,leve,MERCEDES-BENZ,C- 250,,ICE,usado,qty7_as_1,1,7,1
2026-07,LightVehicles,leve,MERCEDES-BENZ,C200 CGI,,ICE,usado,qty7_as_1,1,7,1
2026-07,LightVehicles,leve,MERCEDES-BENZ,C200 CGI AMG,,ICE,usado,qty7_as_1,1,7,1
2026-07,LightVehicles,leve,MERCEDES-BENZ,C200 CLASS,,ICE,usado,qty7_as_1,1,7,1
2026-07,LightVehicles,leve,MERCEDES-BENZ,C220 A/O,,ICE,usado,qty7_as_1,1,7,1
2026-07,LightVehicles,leve,MERCEDES-BENZ,C220CDI,,ICE,usado,qty7_as_1,1,7,1
2026-07,LightVehicles,leve,MERCEDES-BENZ,C230 A/O,,ICE,usado,qty7_as_1,1,7,1
2026-07,LightVehicles,leve,MERCEDES-BENZ,C250,,ICE,usado,qty7_as_1,1,7,1
2026-07,LightVehicles,leve,MERCEDES-BENZ,C43,,ICE,usado,qty7_as_1,1,7,1
2026-07,LightVehicles,leve,MERCEDES-BENZ,CLA 250,,ICE,usado,qty7_as_1,1,7,1
2026-07,LightVehicles,leve,MERCEDES-BENZ,CLA 45 AMG,,ICE,usado,qty7_as_1,1,7,1
2026-07,LightVehicles,leve,MERCEDES-BENZ,CLK 320 CDI,,ICE,usado,qty7_as_1,1,7,1
2026-07,LightVehicles,leve,MERCEDES-BENZ,CLS63,,ICE,usado,qty7_as_1,1,7,1
2026-07,LightVehicles,leve,MERCEDES-BENZ,E 250 CDI 4MATIC,,ICE,usado,qty7_as_1,1,7,1
2026-07,LightVehicles,leve,MERCEDES-BENZ,E 350,,ICE,usado,qty7_as_1,1,7,1
2026-07,LightVehicles,leve,MERCEDES-BENZ,E220,,ICE,usado,qty7_as_1,1,7,1
2026-07,LightVehicles,leve,MERCEDES-BENZ,E220 CDI,,ICE,usado,qty7_as_1,1,7,1
2026-07,LightVehicles,leve,MERCEDES-BENZ,E250,,ICE,usado,qty7_as_1,1,7,1
2026-07,LightVehicles,leve,MERCEDES-BENZ,E350 CABRIOLET,,ICE,usado,qty7_as_1,1,7,1
2026-07,LightVehicles,leve,MERCEDES-BENZ,G63 AMG,,ICE,usado,qty7_as_1,1,7,1
2026-07,LightVehicles,leve,MERCEDES-BENZ,GL420 CDI 4MATIC,,ICE,usado,qty7_as_1,1,7,1
2026-07,LightVehicles,leve,MERCEDES-BENZ,GLA,,ICE,usado,qty7_as_1,1,7,1
2026-07,LightVehicles,leve,MERCEDES-BENZ,GLC 220D,,ICE,usado,qty7_as_1,1,7,1
2026-07,LightVehicles,leve,MERCEDES-BENZ,GLC 300 4MATIC COUPE,,ICE,usado,qty7_as_1,1,7,1
2026-07,LightVehicles,leve,MERCEDES-BENZ,GLE 350D,,ICE,usado,qty7_as_1,1,7,1
2026-07,LightVehicles,leve,MERCEDES-BENZ,GLE350,,ICE,usado,qty7_as_1,1,7,1
2026-07,LightVehicles,leve,MERCEDES-BENZ,GLE350 4MATIC,,ICE,usado,qty7_as_1,1,7,1
2026-07,LightVehicles,leve,MERCEDES-BENZ,GLK 350,,ICE,usado,qty7_as_1,1,7,1
2026-07,LightVehicles,leve,MERCEDES-BENZ,ML 350,,ICE,usado,qty7_as_1,1,7,1
2026-07,LightVehicles,leve,MERCEDES-BENZ,SLK 200,,ICE,usado,qty7_as_1,1,7,1
2026-07,LightVehicles,leve,MERCEDES-BENZ,SLK 200 KOMPRESSOR,,ICE,usado,qty7_as_1,1,7,1
2026-07,LightVehicles,leve,MERCEDES-BENZ,SLK 250,,ICE,usado,qty7_as_1,1,7,1
2026-07,LightVehicles,leve,MERCEDES-BENZ,SPRINTER,,ICE,usado,qty7_as_1,1,7,1
2026-07,LightVehicles,leve,MERCEDES-BENZ,SPRINTER 211CDI,,ICE,usado,qty7_as_1,1,7,1
2026-07,LightVehicles,leve,MERCEDES-BENZ,SPRINTER 311CDI,,ICE,usado,qty7_as_1,1,7,1
2026-07,LightVehicles,leve,MERCEDES-BENZ,SPRINTER 316 A/O,,ICE,usado,qty7_as_1,1,7,1
2026-07,LightVehicles,leve,MINI,COOPER D,,ICE,usado,qty7_as_1,1,7,1
2026-07,LightVehicles,leve,MITSUBISHI,CANTER DIESEL,,ICE,usado,qty7_as_1,1,7,1
2026-07,LightVehicles,leve,MITSUBISHI,CANTER GUTS CUSTOM,,ICE,usado,qty7_as_1,1,7,1
2026-07,LightVehicles,leve,MITSUBISHI,EO CANTER,,ICE,usado,qty7_as_1,1,7,1
2026-07,LightVehicles,leve,MITSUBISHI,EVOLUTION LANCER,,ICE,usado,qty7_as_1,1,7,1
2026-07,LightVehicles,leve,MITSUBISHI,LANCER EVO 8,,ICE,usado,qty7_as_1,1,7,1
2026-07,LightVehicles,leve,MITSUBISHI,LANCER EVOLUTION X,,ICE,usado,qty7_as_1,1,7,1
2026-07,LightVehicles,leve,MITSUBISHI,OUTLANDER,,ICE,usado,qty7_as_1,1,7,1
2026-07,LightVehicles,leve,MITSUBISHI,PAJERO MINI,,ICE,usado,qty7_as_1,1,7,1
2026-07,LightVehicles,leve,MITSUBISHI FUSO,CANTER DIESEL,,ICE,usado,qty7_as_1,1,7,1
2026-07,LightVehicles,leve,NISSAN,370 Z,,ICE,usado,qty7_as_1,1,7,1
2026-07,LightVehicles,leve,NISSAN,370Z,,ICE,usado,qty7_as_1,1,7,1
2026-07,LightVehicles,leve,NISSAN,ALTAS,,ICE,usado,qty7_as_1,1,7,1
2026-07,LightVehicles,leve,NISSAN,ATLAS 150,,ICE,usado,qty7_as_1,1,7,1
2026-07,LightVehicles,leve,NISSAN,CARAVAN,,ICE,usado,qty7_as_1,1,7,1
2026-07,LightVehicles,leve,NISSAN,DUALIS,,ICE,usado,qty7_as_1,1,7,1
2026-07,LightVehicles,leve,NISSAN,FAIRLADY,,ICE,usado,qty7_as_1,1,7,1
2026-07,LightVehicles,leve,NISSAN,LATIO,,ICE,usado,qty7_as_1,1,7,1
2026-07,LightVehicles,leve,NISSAN,MARCH BOLERO,,ICE,usado,qty7_as_1,1,7,1
2026-07,LightVehicles,leve,NISSAN,MICRA,,ICE,usado,qty7_as_1,1,7,1
2026-07,LightVehicles,leve,NISSAN,NOTE,,ICE,usado,qty7_as_1,1,7,1
2026-07,LightVehicles,leve,NISSAN,QASHQAI,,ICE,usado,qty7_as_1,1,7,1
2026-07,LightVehicles,leve,NISSAN,Z,,ICE,usado,qty7_as_1,1,7,1
2026-07,LightVehicles,leve,PEUGEOT,208 RALLY 4,,ICE,usado,qty7_as_1,1,7,1
2026-07,LightVehicles,leve,PORSCHE,2018,,ICE,usado,qty7_as_1,1,7,1
2026-07,LightVehicles,leve,PORSCHE,911 CARRERA S,,ICE,usado,qty7_as_1,1,7,1
2026-07,LightVehicles,leve,PORSCHE,MACAN,,ICE,usado,qty7_as_1,1,7,1
2026-07,LightVehicles,leve,PORSCHE,PANAMERA,,ICE,usado,qty7_as_1,1,7,1
2026-07,LightVehicles,leve,PORSCHE,PANAMERA 4S,,ICE,usado,qty7_as_1,1,7,1
2026-07,LightVehicles,leve,RAM,1500,,ICE,usado,qty7_as_1,1,7,1
2026-07,LightVehicles,leve,ROX,(sin modelo),,BEV,nuevo,qty7_as_1,1,7,1
2026-07,LightVehicles,leve,SCANIA,R420,,ICE,usado,qty7_as_1,1,7,1
2026-07,LightVehicles,leve,SEAT,TOLEDO,,ICE,usado,qty7_as_1,1,7,1
2026-07,LightVehicles,leve,SIN MARCA,RACTIS,,ICE,usado,qty7_as_1,1,7,1
2026-07,LightVehicles,leve,SUBARU,LEGACY,,ICE,usado,qty7_as_1,1,7,1
2026-07,LightVehicles,leve,SUZUKI,SWIFT,,HEV,usado,qty7_as_1,1,7,1
2026-07,LightVehicles,leve,SUZUKI,SWIFT SPORTS,,ICE,usado,qty7_as_1,1,7,1
2026-07,LightVehicles,leve,THOR MOTOR COACH,OUTLAW,,ICE,usado,qty7_as_1,1,7,1
2026-07,LightVehicles,leve,TOYOTA,86 GT,,ICE,usado,qty7_as_1,1,7,1
2026-07,LightVehicles,leve,TOYOTA,ALLEX NAFTERO,,ICE,usado,qty7_as_1,1,7,1
2026-07,LightVehicles,leve,TOYOTA,ALPHARD,,ICE,usado,qty7_as_1,1,7,1
2026-07,LightVehicles,leve,TOYOTA,CAMRY,,ICE,usado,qty7_as_1,1,7,1
2026-07,LightVehicles,leve,TOYOTA,CANTER,,ICE,usado,qty7_as_1,1,7,1
2026-07,LightVehicles,leve,TOYOTA,COROLLA,,HEV,usado,qty7_as_1,1,7,1
2026-07,LightVehicles,leve,TOYOTA,COROLLA CROSS,,ICE,usado,qty7_as_1,1,7,1
2026-07,LightVehicles,leve,TOYOTA,DINA,,ICE,usado,qty7_as_1,1,7,1
2026-07,LightVehicles,leve,TOYOTA,FIELDER,,ICE,usado,qty7_as_1,1,7,1
2026-07,LightVehicles,leve,TOYOTA,FUNCARCO,,ICE,usado,qty7_as_1,1,7,1
2026-07,LightVehicles,leve,TOYOTA,FUNCARGO ALO,,ICE,usado,qty7_as_1,1,7,1
2026-07,LightVehicles,leve,TOYOTA,GRAND CABIN G,,ICE,usado,qty7_as_1,1,7,1
2026-07,LightVehicles,leve,TOYOTA,GT 86,,ICE,usado,qty7_as_1,1,7,1
2026-07,LightVehicles,leve,TOYOTA,HIACE GRAND CABING,,ICE,usado,qty7_as_1,1,7,1
2026-07,LightVehicles,leve,TOYOTA,HIACE VAN TIPO FURGON CARGUERO,,ICE,usado,qty7_as_1,1,7,1
2026-07,LightVehicles,leve,TOYOTA,HIGHLANDER,,ICE,usado,qty7_as_1,1,7,1
2026-07,LightVehicles,leve,TOYOTA,LITEACE,,ICE,usado,qty7_as_1,1,7,1
2026-07,LightVehicles,leve,TOYOTA,MARK X 250G,,ICE,usado,qty7_as_1,1,7,1
2026-07,LightVehicles,leve,TOYOTA,MARK X GS,,ICE,usado,qty7_as_1,1,7,1
2026-07,LightVehicles,leve,TOYOTA,PORTE,,ICE,usado,qty7_as_1,1,7,1
2026-07,LightVehicles,leve,TOYOTA,SPACIO,,ICE,usado,qty7_as_1,1,7,1
2026-07,LightVehicles,leve,TOYOTA,SPORTAGE,,ICE,usado,qty7_as_1,1,7,1
2026-07,LightVehicles,leve,TOYOTA,STATION WAGON,,ICE,usado,qty7_as_1,1,7,1
2026-07,LightVehicles,leve,TOYOTA,TANK,,ICE,usado,qty7_as_1,1,7,1
2026-07,LightVehicles,leve,TOYOTA,VITZ,,HEV,usado,qty7_as_1,1,7,1
2026-07,LightVehicles,leve,TOYOTA,VOXY,,HEV,usado,qty7_as_1,1,7,1
2026-07,LightVehicles,leve,TOYOTA,VVITZ,,ICE,usado,qty7_as_1,1,7,1
2026-07,LightVehicles,leve,TOYOTA,WISH NAFTERO,,ICE,usado,qty7_as_1,1,7,1
2026-07,LightVehicles,leve,TOYOTA,WISHA O,,ICE,usado,qty7_as_1,1,7,1
2026-07,LightVehicles,leve,VOLKSWAGEN,BEETLE,,ICE,usado,qty7_as_1,1,7,1
2026-07,LightVehicles,leve,VOLKSWAGEN,CABRIOLET,,ICE,usado,qty7_as_1,1,7,1
2026-07,LightVehicles,leve,VOLKSWAGEN,NEW BEETLE,,ICE,usado,qty7_as_1,1,7,1
2026-07,LightVehicles,leve,VOLKSWAGEN,SANTANA COMFORTLINE,,ICE,usado,qty7_as_1,1,7,1
2026-07,LightVehicles,leve,VOLKSWAGEN,SCIROCCO,,ICE,usado,qty7_as_1,1,7,1
2026-07,LightVehicles,leve,VOLKSWAGEN,TYPE 181,,ICE,usado,qty7_as_1,1,7,1
2026-07,LightVehicles,leve,XINHAMAI,(sin modelo),,BEV,nuevo,qty7_as_1,1,7,1
2026-07,LightVehicles,pesado,MERCEDES-BENZ,ATEGO,,ICE,usado,qty7_as_1,10,70,10
2026-07,LightVehicles,pesado,SCANIA,(sin modelo),,ICE,usado,qty7_as_1,6,42,6
2026-07,LightVehicles,pesado,SCANIA,P94,,ICE,usado,qty7_as_1,5,35,5
2026-07,LightVehicles,pesado,MERCEDES-BENZ,(sin modelo),,ICE,usado,qty7_as_1,4,28,4
2026-07,LightVehicles,pesado,MERCEDES-BENZ,ATEGO 815,,ICE,usado,qty7_as_1,4,28,4
2026-07,LightVehicles,pesado,MERCEDES-BENZ,815,,ICE,usado,qty7_as_1,3,21,3
2026-07,LightVehicles,pesado,SCANIA,P 94,,ICE,usado,qty7_as_1,3,21,3
2026-07,LightVehicles,pesado,SCANIA,P310,,ICE,usado,qty7_as_1,3,21,3
2026-07,LightVehicles,pesado,MERCEDES-BENZ,ATEGO 818,,ICE,usado,qty7_as_1,2,14,2
2026-07,LightVehicles,pesado,MITSUBISHI,(sin modelo),,ICE,usado,qty7_as_1,2,14,2
2026-07,LightVehicles,pesado,SCANIA,P114,,ICE,usado,qty7_as_1,2,14,2
2026-07,LightVehicles,pesado,SCANIA,P230,,ICE,usado,qty7_as_1,2,14,2
2026-07,LightVehicles,pesado,SCANIA,P270,,ICE,usado,qty7_as_1,2,14,2
2026-07,LightVehicles,pesado,SCANIA,P94 - 260,,ICE,usado,qty7_as_1,2,14,2
2026-07,LightVehicles,pesado,SCANIA,P94/220,,ICE,usado,qty7_as_1,2,14,2
2026-07,LightVehicles,pesado,SCANIA,R420,,ICE,usado,qty7_as_1,2,14,2
2026-07,LightVehicles,pesado,IVECO,ML100E17,,ICE,usado,qty7_as_1,1,7,1
2026-07,LightVehicles,pesado,MERCEDES-BENZ,1023,,ICE,usado,qty7_as_1,1,7,1
2026-07,LightVehicles,pesado,MERCEDES-BENZ,1114,,ICE,usado,qty7_as_1,1,7,1
2026-07,LightVehicles,pesado,MERCEDES-BENZ,1212 A/O,,ICE,usado,qty7_as_1,1,7,1
2026-07,LightVehicles,pesado,MERCEDES-BENZ,1323,,ICE,usado,qty7_as_1,1,7,1
2026-07,LightVehicles,pesado,MERCEDES-BENZ,1325,,ICE,usado,qty7_as_1,1,7,1
2026-07,LightVehicles,pesado,MERCEDES-BENZ,813 DIESEL,,ICE,usado,qty7_as_1,1,7,1
2026-07,LightVehicles,pesado,MERCEDES-BENZ,818,,ICE,usado,qty7_as_1,1,7,1
2026-07,LightVehicles,pesado,MERCEDES-BENZ,ATEGO 1218L,,ICE,usado,qty7_as_1,1,7,1
2026-07,LightVehicles,pesado,MERCEDES-BENZ,ATEGO 809D,,ICE,usado,qty7_as_1,1,7,1
2026-07,LightVehicles,pesado,MERCEDES-BENZ,ATEGO 816,,ICE,usado,qty7_as_1,1,7,1
2026-07,LightVehicles,pesado,MERCEDES-BENZ,ATEGO 816 DIESEL,,ICE,usado,qty7_as_1,1,7,1
2026-07,LightVehicles,pesado,MERCEDES-BENZ,ATEGO 817,,ICE,usado,qty7_as_1,1,7,1
2026-07,LightVehicles,pesado,MERCEDES-BENZ,ATEGO 818 A/O,,ICE,usado,qty7_as_1,1,7,1
2026-07,LightVehicles,pesado,MERCEDES-BENZ,ATEGO 822,,ICE,usado,qty7_as_1,1,7,1
2026-07,LightVehicles,pesado,MERCEDES-BENZ,SPRINTER 213 A/O,,ICE,usado,qty7_as_1,1,7,1
2026-07,LightVehicles,pesado,MERCEDES-BENZ,SPRINTER 311 CDI A/O,,ICE,usado,qty7_as_1,1,7,1
2026-07,LightVehicles,pesado,NISSAN,ATLEON,,ICE,usado,qty7_as_1,1,7,1
2026-07,LightVehicles,pesado,NISSAN,NT500,,ICE,usado,qty7_as_1,1,7,1
2026-07,LightVehicles,pesado,SCANIA,94 - 260,,ICE,usado,qty7_as_1,1,7,1
2026-07,LightVehicles,pesado,SCANIA,94G,,ICE,usado,qty7_as_1,1,7,1
2026-07,LightVehicles,pesado,SCANIA,G420,,ICE,usado,qty7_as_1,1,7,1
2026-07,LightVehicles,pesado,SCANIA,G420 A/O,,ICE,usado,qty7_as_1,1,7,1
2026-07,LightVehicles,pesado,SCANIA,P 114,,ICE,usado,qty7_as_1,1,7,1
2026-07,LightVehicles,pesado,SCANIA,P 94 - 310,,ICE,usado,qty7_as_1,1,7,1
2026-07,LightVehicles,pesado,SCANIA,P124C - 420,,ICE,usado,qty7_as_1,1,7,1
2026-07,LightVehicles,pesado,SCANIA,P280,,ICE,usado,qty7_as_1,1,7,1
2026-07,LightVehicles,pesado,SCANIA,P360,,ICE,usado,qty7_as_1,1,7,1
2026-07,LightVehicles,pesado,SCANIA,P94 - 230,,ICE,usado,qty7_as_1,1,7,1
2026-07,LightVehicles,pesado,SCANIA,P94 300,,ICE,usado,qty7_as_1,1,7,1
2026-07,LightVehicles,pesado,SCANIA,P94/310,,ICE,usado,qty7_as_1,1,7,1
2026-07,LightVehicles,pesado,SCANIA,R 410,,ICE,usado,qty7_as_1,1,7,1
2026-07,LightVehicles,pesado,SCANIA,R 450,,ICE,usado,qty7_as_1,1,7,1
2026-07,LightVehicles,pesado,SCANIA,R124 420,,ICE,usado,qty7_as_1,1,7,1
2026-07,LightVehicles,pesado,SCANIA,R124-400,,ICE,usado,qty7_as_1,1,7,1
2026-07,LightVehicles,pesado,SCANIA,R124-420C A/O,,ICE,usado,qty7_as_1,1,7,1
2026-07,LightVehicles,pesado,SCANIA,R410 6X2,,ICE,usado,qty7_as_1,1,7,1
2026-07,LightVehicles,pesado,SCANIA,R650,,ICE,usado,qty7_as_1,1,7,1
2026-07,LightVehicles,pesado,TOYOTA,DYNA,,ICE,usado,qty7_as_1,1,7,1
2026-07,LightVehicles,pesado,VOLVO,FM9,,ICE,usado,qty7_as_1,1,7,1
2026-07,LightVehicles,recreativo,CLUB CAR,(sin modelo),,ICE,nuevo,qty7_as_1,8,56,8
2026-07,LightVehicles,recreativo,WELIFT,(sin modelo),,ICE,nuevo,qty7_as_1,8,56,8
2026-07,LightVehicles,recreativo,YAMAHA,YXZ1000,,ICE,usado,qty7_as_1,1,7,1
2026-08,LightVehicles,leve,TOYOTA,VITZ,,ICE,usado,qty7_as_1,825,5775,825
2026-08,LightVehicles,leve,TOYOTA,RACTIS,,ICE,usado,qty7_as_1,355,2485,355
2026-08,LightVehicles,leve,KIA,SPORTAGE,,ICE,usado,qty7_as_1,312,2184,312
2026-08,LightVehicles,leve,TOYOTA,(sin modelo),,ICE,usado,qty7_as_1,178,1246,178
2026-08,LightVehicles,leve,TOYOTA,VOXY,,ICE,usado,qty7_as_1,172,1204,172
2026-08,LightVehicles,leve,TOYOTA,AURIS,,ICE,usado,qty7_as_1,167,1169,167
2026-08,LightVehicles,leve,TOYOTA,SIENTA,,ICE,usado,qty7_as_1,153,1071,153
2026-08,LightVehicles,leve,TOYOTA,WISH,,ICE,usado,qty7_as_1,108,756,108
2026-08,LightVehicles,leve,TOYOTA,PREMIO,,ICE,usado,qty7_as_1,93,651,93
2026-08,LightVehicles,leve,TOYOTA,ALLION,,ICE,usado,qty7_as_1,81,567,81
2026-08,LightVehicles,leve,TOYOTA,NOAH,,ICE,usado,qty7_as_1,71,497,71
2026-08,LightVehicles,leve,TOYOTA,IST,,ICE,usado,qty7_as_1,67,469,67
2026-08,LightVehicles,leve,MITSUBISHI,CANTER,,ICE,usado,qty7_as_1,49,343,49
2026-08,LightVehicles,leve,TOYOTA,COROLLA CROSS,,HEV,nuevo,qty7_as_1,43,301,43
2026-08,LightVehicles,leve,TOYOTA,RAV4,,HEV,nuevo,qty7_as_1,42,294,42
2026-08,LightVehicles,leve,TOYOTA,COROLLA,,ICE,usado,qty7_as_1,38,266,38
2026-08,LightVehicles,leve,HYUNDAI,(sin modelo),,ICE,usado,qty7_as_1,35,245,35
2026-08,LightVehicles,leve,HYUNDAI,SANTA FE,,ICE,usado,qty7_as_1,33,231,33
2026-08,LightVehicles,leve,TOYOTA,FUNCARGO,,ICE,usado,qty7_as_1,32,224,32
2026-08,LightVehicles,leve,HYUNDAI,TUCSON,,ICE,usado,qty7_as_1,30,210,30
2026-08,LightVehicles,leve,MITSUBISHI,(sin modelo),,ICE,usado,qty7_as_1,24,168,24
2026-08,LightVehicles,leve,TOYOTA,COROLLA,,HEV,nuevo,qty7_as_1,24,168,24
2026-08,LightVehicles,leve,TOYOTA,COROLLA AXIO,,ICE,usado,qty7_as_1,20,140,20
2026-08,LightVehicles,leve,KIA,SORENTO,,ICE,usado,qty7_as_1,19,133,19
2026-08,LightVehicles,leve,DODGE,CHALLENGER,,ICE,usado,qty7_as_1,16,112,16
2026-08,LightVehicles,leve,TOYOTA,RUSH,,ICE,usado,qty7_as_1,16,112,16
2026-08,LightVehicles,leve,KIA,K5,,ICE,usado,qty7_as_1,15,105,15
2026-08,LightVehicles,leve,NISSAN,(sin modelo),,ICE,usado,qty7_as_1,15,105,15
2026-08,LightVehicles,leve,KIA,(sin modelo),,ICE,usado,qty7_as_1,14,98,14
2026-08,LightVehicles,leve,MITSUBISHI,CANTER GUTS,,ICE,usado,qty7_as_1,14,98,14
2026-08,LightVehicles,leve,TOYOTA,HILUX,,ICE,usado,qty7_as_1,14,98,14
2026-08,LightVehicles,leve,DAIHATSU,MOVE,,ICE,usado,qty7_as_1,13,91,13
2026-08,LightVehicles,leve,TOYOTA,ALLEX,,ICE,usado,qty7_as_1,13,91,13
2026-08,LightVehicles,leve,TOYOTA,CROWN ROYAL SALOON,,ICE,usado,qty7_as_1,12,84,12
2026-08,LightVehicles,leve,TOYOTA,IQ,,ICE,usado,qty7_as_1,12,84,12
2026-08,LightVehicles,leve,NISSAN,ATLAS,,ICE,usado,qty7_as_1,11,77,11
2026-08,LightVehicles,leve,SUZUKI,SWIFT,,ICE,usado,qty7_as_1,11,77,11
2026-08,LightVehicles,leve,SUBARU,(sin modelo),,ICE,usado,qty7_as_1,10,70,10
2026-08,LightVehicles,leve,SUBARU,TREZIA,,ICE,usado,qty7_as_1,10,70,10
2026-08,LightVehicles,leve,HYUNDAI,AVANTE,,ICE,usado,qty7_as_1,9,63,9
2026-08,LightVehicles,leve,KIA,CARNIVAL,,ICE,usado,qty7_as_1,9,63,9
2026-08,LightVehicles,leve,NISSAN,FAIRLADY Z,,ICE,usado,qty7_as_1,9,63,9
2026-08,LightVehicles,leve,FORD,(sin modelo),,ICE,usado,qty7_as_1,8,56,8
2026-08,LightVehicles,leve,MITSUBISHI,CANTER FUSO,,ICE,usado,qty7_as_1,8,56,8
2026-08,LightVehicles,leve,TOYOTA,AQUA,,HEV,usado,qty7_as_1,8,56,8
2026-08,LightVehicles,leve,BMW,320D,,ICE,usado,qty7_as_1,7,49,7
2026-08,LightVehicles,leve,CHEVROLET,CAMARO,,ICE,usado,qty7_as_1,7,49,7
2026-08,LightVehicles,leve,TOYOTA,CROWN ATHLETE,,ICE,usado,qty7_as_1,7,49,7
2026-08,LightVehicles,leve,TOYOTA,GRAND HIACE,,ICE,usado,qty7_as_1,7,49,7
2026-08,LightVehicles,leve,DONGFENG,FENGSHEN E70,,BEV,usado,qty7_as_1,6,42,6
2026-08,LightVehicles,leve,HYUNDAI,PORTER II,,ICE,usado,qty7_as_1,6,42,6
2026-08,LightVehicles,leve,MERCEDES-BENZ,C220 CDI,,ICE,usado,qty7_as_1,6,42,6
2026-08,LightVehicles,leve,MERCEDES-BENZ,C300,,ICE,usado,qty7_as_1,6,42,6
2026-08,LightVehicles,leve,TOYOTA,BELTA,,ICE,usado,qty7_as_1,6,42,6
2026-08,LightVehicles,leve,TOYOTA,PASSO,,ICE,usado,qty7_as_1,6,42,6
2026-08,LightVehicles,leve,KIA,MORNING,,ICE,usado,qty7_as_1,5,35,5
2026-08,LightVehicles,leve,MAZDA,DEMIO,,ICE,usado,qty7_as_1,5,35,5
2026-08,LightVehicles,leve,NISSAN,350Z,,ICE,usado,qty7_as_1,5,35,5
2026-08,LightVehicles,leve,SUBARU,IMPREZA,,ICE,usado,qty7_as_1,5,35,5
2026-08,LightVehicles,leve,TOYOTA,ALTIS,,ICE,usado,qty7_as_1,5,35,5
2026-08,LightVehicles,leve,HYUNDAI,PALISADE,,ICE,usado,qty7_as_1,4,28,4
2026-08,LightVehicles,leve,JEEP,WRANGLER,,ICE,usado,qty7_as_1,4,28,4
2026-08,LightVehicles,leve,MERCEDES-BENZ,(sin modelo),,ICE,usado,qty7_as_1,4,28,4
2026-08,LightVehicles,leve,MITSUBISHI,FUSO CANTER GUTS,,ICE,usado,qty7_as_1,4,28,4
2026-08,LightVehicles,leve,MITSUBISHI,LANCER EVOLUTION,,ICE,usado,qty7_as_1,4,28,4
2026-08,LightVehicles,leve,TOYOTA,4RUNNER,,HEV,nuevo,qty7_as_1,4,28,4
2026-08,LightVehicles,leve,TOYOTA,MARK X,,ICE,usado,qty7_as_1,4,28,4
2026-08,LightVehicles,leve,CHEVROLET,(sin modelo),,ICE,usado,qty7_as_1,3,21,3
2026-08,LightVehicles,leve,DODGE,(sin modelo),,ICE,usado,qty7_as_1,3,21,3
2026-08,LightVehicles,leve,FORD,MUSTANG,,ICE,usado,qty7_as_1,3,21,3
2026-08,LightVehicles,leve,HYUNDAI,ACCENT,,ICE,usado,qty7_as_1,3,21,3
2026-08,LightVehicles,leve,KIA,BONGO III,,ICE,usado,qty7_as_1,3,21,3
2026-08,LightVehicles,leve,KIA,K3,,ICE,usado,qty7_as_1,3,21,3
2026-08,LightVehicles,leve,MERCEDES-BENZ,C200,,ICE,usado,qty7_as_1,3,21,3
2026-08,LightVehicles,leve,MITSUBISHI,FUSO CANTER,,ICE,usado,qty7_as_1,3,21,3
2026-08,LightVehicles,leve,TOYOTA,DYNA,,ICE,usado,qty7_as_1,3,21,3
2026-08,LightVehicles,leve,TOYOTA,SIENTA,,HEV,usado,qty7_as_1,3,21,3
2026-08,LightVehicles,leve,TOYOTA,TOYOACE,,ICE,usado,qty7_as_1,3,21,3
2026-08,LightVehicles,leve,BAIC,(sin modelo),,ICE,nuevo,qty7_as_1,2,14,2
2026-08,LightVehicles,leve,BMW,(sin modelo),,ICE,usado,qty7_as_1,2,14,2
2026-08,LightVehicles,leve,BMW,320DX,,ICE,usado,qty7_as_1,2,14,2
2026-08,LightVehicles,leve,BMW,320I,,ICE,usado,qty7_as_1,2,14,2
2026-08,LightVehicles,leve,BMW,520D,,ICE,usado,qty7_as_1,2,14,2
2026-08,LightVehicles,leve,BMW,X6,,ICE,usado,qty7_as_1,2,14,2
2026-08,LightVehicles,leve,BYD,YUAN PLUS,,BEV,nuevo,qty7_as_1,2,14,2
2026-08,LightVehicles,leve,CHEVROLET,SILVERADO,,ICE,usado,qty7_as_1,2,14,2
2026-08,LightVehicles,leve,DAIHATSU,(sin modelo),,ICE,usado,qty7_as_1,2,14,2
2026-08,LightVehicles,leve,DODGE,CHALLENGER R/T,,ICE,usado,qty7_as_1,2,14,2
2026-08,LightVehicles,leve,DONGFENG,EX1 PRO,,BEV,usado,qty7_as_1,2,14,2
2026-08,LightVehicles,leve,FORD,F-250,,ICE,usado,qty7_as_1,2,14,2
2026-08,LightVehicles,leve,FORD,F150,,ICE,usado,qty7_as_1,2,14,2
2026-08,LightVehicles,leve,FORD,RANGER RAPTOR,,ICE,usado,qty7_as_1,2,14,2
2026-08,LightVehicles,leve,HYUNDAI,GRAND STAREX,,ICE,usado,qty7_as_1,2,14,2
2026-08,LightVehicles,leve,HYUNDAI,I40,,ICE,usado,qty7_as_1,2,14,2
2026-08,LightVehicles,leve,KIA,RIO,,ICE,usado,qty7_as_1,2,14,2
2026-08,LightVehicles,leve,MERCEDES-BENZ,380 SL,,ICE,usado,qty7_as_1,2,14,2
2026-08,LightVehicles,leve,MERCEDES-BENZ,C 250,,ICE,usado,qty7_as_1,2,14,2
2026-08,LightVehicles,leve,MERCEDES-BENZ,C220,,ICE,usado,qty7_as_1,2,14,2
2026-08,LightVehicles,leve,MERCEDES-BENZ,GLC 300,,ICE,usado,qty7_as_1,2,14,2
2026-08,LightVehicles,leve,MERCEDES-BENZ,GLC300,,ICE,usado,qty7_as_1,2,14,2
2026-08,LightVehicles,leve,MERCEDES-BENZ,VITO,,ICE,usado,qty7_as_1,2,14,2
2026-08,LightVehicles,leve,MINI,COOPER,,ICE,usado,qty7_as_1,2,14,2
2026-08,LightVehicles,leve,MITSUBISHI,DELICA D5,,ICE,usado,qty7_as_1,2,14,2
2026-08,LightVehicles,leve,NISSAN,350 Z A/O,,ICE,usado,qty7_as_1,2,14,2
2026-08,LightVehicles,leve,NISSAN,370Z,,ICE,usado,qty7_as_1,2,14,2
2026-08,LightVehicles,leve,NISSAN,FIRELADY Z,,ICE,usado,qty7_as_1,2,14,2
2026-08,LightVehicles,leve,NISSAN,NOTE,,ICE,usado,qty7_as_1,2,14,2
2026-08,LightVehicles,leve,NISSAN,SKYLINE,,ICE,usado,qty7_as_1,2,14,2
2026-08,LightVehicles,leve,RAM,(sin modelo),,ICE,nuevo,qty7_as_1,2,14,2
2026-08,LightVehicles,leve,SSANGYONG,KORANDO SPORTS,,ICE,usado,qty7_as_1,2,14,2
2026-08,LightVehicles,leve,SUBARU,WRX STI,,ICE,usado,qty7_as_1,2,14,2
2026-08,LightVehicles,leve,TOYOTA,4RUNNER,,ICE,usado,qty7_as_1,2,14,2
2026-08,LightVehicles,leve,TOYOTA,AURIS,,HEV,usado,qty7_as_1,2,14,2
2026-08,LightVehicles,leve,TOYOTA,AVENSIS,,ICE,usado,qty7_as_1,2,14,2
2026-08,LightVehicles,leve,TOYOTA,COROLLA FIELDER,,ICE,usado,qty7_as_1,2,14,2
2026-08,LightVehicles,leve,TOYOTA,CROWN,,ICE,usado,qty7_as_1,2,14,2
2026-08,LightVehicles,leve,TOYOTA,GT86,,ICE,usado,qty7_as_1,2,14,2
2026-08,LightVehicles,leve,TOYOTA,HIACE,,ICE,usado,qty7_as_1,2,14,2
2026-08,LightVehicles,leve,TOYOTA,HIACE GRAND CABIN G,,ICE,usado,qty7_as_1,2,14,2
2026-08,LightVehicles,leve,TOYOTA,HIACE SUPER GL,,ICE,usado,qty7_as_1,2,14,2
2026-08,LightVehicles,leve,TOYOTA,LAND CRUISER,,ICE,usado,qty7_as_1,2,14,2
2026-08,LightVehicles,leve,TOYOTA,LITEACE,,ICE,usado,qty7_as_1,2,14,2
2026-08,LightVehicles,leve,TOYOTA,PLATZ,,ICE,usado,qty7_as_1,2,14,2
2026-08,LightVehicles,leve,TOYOTA,TOWNACE,,ICE,usado,qty7_as_1,2,14,2
2026-08,LightVehicles,leve,TOYOTA,VELLFIRE,,ICE,usado,qty7_as_1,2,14,2
2026-08,LightVehicles,leve,TOYOTA,YARIS,,ICE,usado,qty7_as_1,2,14,2
2026-08,LightVehicles,leve,VOLKSWAGEN,BEETLE,,ICE,usado,qty7_as_1,2,14,2
2026-08,LightVehicles,leve,VOLKSWAGEN,PASSAT,,ICE,usado,qty7_as_1,2,14,2
2026-08,LightVehicles,leve,AUDI,A7,,ICE,usado,qty7_as_1,1,7,1
2026-08,LightVehicles,leve,AUDI,A8,,ICE,usado,qty7_as_1,1,7,1
2026-08,LightVehicles,leve,BMW,330I,,ICE,usado,qty7_as_1,1,7,1
2026-08,LightVehicles,leve,BMW,340I,,ICE,usado,qty7_as_1,1,7,1
2026-08,LightVehicles,leve,BMW,750 4DR A/O,,ICE,usado,qty7_as_1,1,7,1
2026-08,LightVehicles,leve,BMW,750I XDRIVE,,ICE,usado,qty7_as_1,1,7,1
2026-08,LightVehicles,leve,BMW,E93 320D,,ICE,usado,qty7_as_1,1,7,1
2026-08,LightVehicles,leve,BMW,M240I,,ICE,usado,qty7_as_1,1,7,1
2026-08,LightVehicles,leve,BMW,M3,,ICE,usado,qty7_as_1,1,7,1
2026-08,LightVehicles,leve,BMW,M4,,ICE,usado,qty7_as_1,1,7,1
2026-08,LightVehicles,leve,BMW,M5 TOURING,,PHEV,nuevo,qty7_as_1,1,7,1
2026-08,LightVehicles,leve,BMW,M760LI A/O,,ICE,usado,qty7_as_1,1,7,1
2026-08,LightVehicles,leve,BMW,X2 XDRIVER28I,,ICE,usado,qty7_as_1,1,7,1
2026-08,LightVehicles,leve,BMW,X4,,ICE,usado,qty7_as_1,1,7,1
2026-08,LightVehicles,leve,BMW,X7,,ICE,usado,qty7_as_1,1,7,1
2026-08,LightVehicles,leve,BMW,Z4,,ICE,usado,qty7_as_1,1,7,1
2026-08,LightVehicles,leve,CADILLAC,ESCALADE,,ICE,usado,qty7_as_1,1,7,1
2026-08,LightVehicles,leve,CHEVROLET,CORVETTE,,ICE,usado,qty7_as_1,1,7,1
2026-08,LightVehicles,leve,CHEVROLET,CRUZE,,ICE,usado,qty7_as_1,1,7,1
2026-08,LightVehicles,leve,CHEVROLET,SILVERADO 1500LT Z71 CREW CAB,,ICE,usado,qty7_as_1,1,7,1
2026-08,LightVehicles,leve,DAIHATSU,BEGO,,ICE,usado,qty7_as_1,1,7,1
2026-08,LightVehicles,leve,DAIHATSU,MOVE CUSTOM,,ICE,usado,qty7_as_1,1,7,1
2026-08,LightVehicles,leve,DODGE,CHANGELLER,,ICE,usado,qty7_as_1,1,7,1
2026-08,LightVehicles,leve,DODGE,DURANGO GT,,ICE,nuevo,qty7_as_1,1,7,1
2026-08,LightVehicles,leve,FIAT,500,,ICE,usado,qty7_as_1,1,7,1
2026-08,LightVehicles,leve,FIAT,500X,,ICE,usado,qty7_as_1,1,7,1
2026-08,LightVehicles,leve,FORD,EXPLORER XLT,,ICE,usado,qty7_as_1,1,7,1
2026-08,LightVehicles,leve,FORD,F-150 REGULAR CAB 5,,ICE,usado,qty7_as_1,1,7,1
2026-08,LightVehicles,leve,FORD,F150 XLT,,ICE,usado,qty7_as_1,1,7,1
2026-08,LightVehicles,leve,FORD,FOCUS,,ICE,usado,qty7_as_1,1,7,1
2026-08,LightVehicles,leve,FORD,MUSTANG COUPE A/O,,ICE,usado,qty7_as_1,1,7,1
2026-08,LightVehicles,leve,FORD,MUSTANG ECOBOOST,,ICE,usado,qty7_as_1,1,7,1
2026-08,LightVehicles,leve,FORD,MUSTANG GT,,ICE,usado,qty7_as_1,1,7,1
2026-08,LightVehicles,leve,GENESIS,GV80,,ICE,usado,qty7_as_1,1,7,1
2026-08,LightVehicles,leve,GMC,(sin modelo),,ICE,usado,qty7_as_1,1,7,1
2026-08,LightVehicles,leve,GMC,SIERRA,,ICE,usado,qty7_as_1,1,7,1
2026-08,LightVehicles,leve,HINO,(sin modelo),,ICE,usado,qty7_as_1,1,7,1
2026-08,LightVehicles,leve,HONDA,(sin modelo),,ICE,usado,qty7_as_1,1,7,1
2026-08,LightVehicles,leve,HONDA,CIVIC,,ICE,usado,qty7_as_1,1,7,1
2026-08,LightVehicles,leve,HONDA,S200,,ICE,usado,qty7_as_1,1,7,1
2026-08,LightVehicles,leve,HYUNDAI,COUNTY,,ICE,usado,qty7_as_1,1,7,1
2026-08,LightVehicles,leve,HYUNDAI,GRAND STAREX DIESEL,,ICE,usado,qty7_as_1,1,7,1
2026-08,LightVehicles,leve,HYUNDAI,HYUNDAI,,ICE,usado,qty7_as_1,1,7,1
2026-08,LightVehicles,leve,HYUNDAI,I30,,ICE,usado,qty7_as_1,1,7,1
2026-08,LightVehicles,leve,HYUNDAI,KONA,,ICE,usado,qty7_as_1,1,7,1
2026-08,LightVehicles,leve,HYUNDAI,MATRIX,,ICE,usado,qty7_as_1,1,7,1
2026-08,LightVehicles,leve,HYUNDAI,SANTA FE A/O,,ICE,usado,qty7_as_1,1,7,1
2026-08,LightVehicles,leve,HYUNDAI,SONATA,,ICE,usado,qty7_as_1,1,7,1
2026-08,LightVehicles,leve,HYUNDAI,VELOSTER,,ICE,usado,qty7_as_1,1,7,1
2026-08,LightVehicles,leve,ISUZU,ELF,,ICE,usado,qty7_as_1,1,7,1
2026-08,LightVehicles,leve,JAGUAR,F-PACE,,ICE,usado,qty7_as_1,1,7,1
2026-08,LightVehicles,leve,JAGUAR,XF,,ICE,usado,qty7_as_1,1,7,1
2026-08,LightVehicles,leve,JEEP,GRAND CHEROKEE,,ICE,usado,qty7_as_1,1,7,1
2026-08,LightVehicles,leve,JEEP,WRANGLER A/O,,ICE,usado,qty7_as_1,1,7,1
2026-08,LightVehicles,leve,JEEP,WRNAGLER,,ICE,usado,qty7_as_1,1,7,1
2026-08,LightVehicles,leve,JOHN DEERE,(sin modelo),,ICE,usado,qty7_as_1,1,7,1
2026-08,LightVehicles,leve,KIA,K5ANIO,,ICE,usado,qty7_as_1,1,7,1
2026-08,LightVehicles,leve,KIA,SOUL,,ICE,usado,qty7_as_1,1,7,1
2026-08,LightVehicles,leve,LEXUS,IS250,,ICE,usado,qty7_as_1,1,7,1
2026-08,LightVehicles,leve,MASERATI,LEVANTE,,ICE,usado,qty7_as_1,1,7,1
2026-08,LightVehicles,leve,MAZDA,AXELA,,ICE,usado,qty7_as_1,1,7,1
2026-08,LightVehicles,leve,MAZDA,AXELA SPORT,,ICE,usado,qty7_as_1,1,7,1
2026-08,LightVehicles,leve,MAZDA,CX-8,,ICE,usado,qty7_as_1,1,7,1
2026-08,LightVehicles,leve,MERCEDES-BENZ,814,,ICE,usado,qty7_as_1,1,7,1
2026-08,LightVehicles,leve,MERCEDES-BENZ,817,,ICE,usado,qty7_as_1,1,7,1
2026-08,LightVehicles,leve,MERCEDES-BENZ,A35 AMG,,ICE,usado,qty7_as_1,1,7,1
2026-08,LightVehicles,leve,MERCEDES-BENZ,A35 AMG 4MATIC A/O,,ICE,usado,qty7_as_1,1,7,1
2026-08,LightVehicles,leve,MERCEDES-BENZ,A45 AMG,,ICE,usado,qty7_as_1,1,7,1
2026-08,LightVehicles,leve,MERCEDES-BENZ,AMG CLA 45,,ICE,usado,qty7_as_1,1,7,1
2026-08,LightVehicles,leve,MERCEDES-BENZ,AMG GTS,,ICE,usado,qty7_as_1,1,7,1
2026-08,LightVehicles,leve,MERCEDES-BENZ,ATEGO 815,,ICE,usado,qty7_as_1,1,7,1
2026-08,LightVehicles,leve,MERCEDES-BENZ,C200 CGI,,ICE,usado,qty7_as_1,1,7,1
2026-08,LightVehicles,leve,MERCEDES-BENZ,C220D,,ICE,usado,qty7_as_1,1,7,1
2026-08,LightVehicles,leve,MERCEDES-BENZ,C230 A/O,,ICE,usado,qty7_as_1,1,7,1
2026-08,LightVehicles,leve,MERCEDES-BENZ,C250,,ICE,usado,qty7_as_1,1,7,1
2026-08,LightVehicles,leve,MERCEDES-BENZ,C250 A/O,,ICE,usado,qty7_as_1,1,7,1
2026-08,LightVehicles,leve,MERCEDES-BENZ,C300 4MATIC,,ICE,usado,qty7_as_1,1,7,1
2026-08,LightVehicles,leve,MERCEDES-BENZ,C300 ESTADO USADO CON DANHOS,,ICE,usado,qty7_as_1,1,7,1
2026-08,LightVehicles,leve,MERCEDES-BENZ,CLK350 A/O,,ICE,usado,qty7_as_1,1,7,1
2026-08,LightVehicles,leve,MERCEDES-BENZ,E 350,,ICE,usado,qty7_as_1,1,7,1
2026-08,LightVehicles,leve,MERCEDES-BENZ,E200,,ICE,usado,qty7_as_1,1,7,1
2026-08,LightVehicles,leve,MERCEDES-BENZ,E220D 4MATIC,,ICE,usado,qty7_as_1,1,7,1
2026-08,LightVehicles,leve,MERCEDES-BENZ,E220D 4MATIC A/O,,ICE,usado,qty7_as_1,1,7,1
2026-08,LightVehicles,leve,MERCEDES-BENZ,E300 CDI A/O,,ICE,usado,qty7_as_1,1,7,1
2026-08,LightVehicles,leve,MERCEDES-BENZ,E300 E-CLASS,,ICE,usado,qty7_as_1,1,7,1
2026-08,LightVehicles,leve,MERCEDES-BENZ,E350,,ICE,usado,qty7_as_1,1,7,1
2026-08,LightVehicles,leve,MERCEDES-BENZ,E450,,ICE,usado,qty7_as_1,1,7,1
2026-08,LightVehicles,leve,MERCEDES-BENZ,E500,,ICE,usado,qty7_as_1,1,7,1
2026-08,LightVehicles,leve,MERCEDES-BENZ,G500 G - CLASS,,ICE,usado,qty7_as_1,1,7,1
2026-08,LightVehicles,leve,MERCEDES-BENZ,G63,,ICE,usado,qty7_as_1,1,7,1
2026-08,LightVehicles,leve,MERCEDES-BENZ,GLA 220,,ICE,usado,qty7_as_1,1,7,1
2026-08,LightVehicles,leve,MERCEDES-BENZ,GLB 250 4MATIC,,ICE,usado,qty7_as_1,1,7,1
2026-08,LightVehicles,leve,MERCEDES-BENZ,GLC 220D,,ICE,usado,qty7_as_1,1,7,1
2026-08,LightVehicles,leve,MERCEDES-BENZ,GLE350,,ICE,usado,qty7_as_1,1,7,1
2026-08,LightVehicles,leve,MERCEDES-BENZ,SL280,,ICE,usado,qty7_as_1,1,7,1
2026-08,LightVehicles,leve,MERCEDES-BENZ,SL500,,ICE,usado,qty7_as_1,1,7,1
2026-08,LightVehicles,leve,MERCEDES-BENZ,SLK280,,ICE,usado,qty7_as_1,1,7,1
2026-08,LightVehicles,leve,MERCEDES-BENZ,SPRINTER,,ICE,usado,qty7_as_1,1,7,1
2026-08,LightVehicles,leve,MERCEDES-BENZ,SPRINTER 316,,ICE,usado,qty7_as_1,1,7,1
2026-08,LightVehicles,leve,MERCEDES-BENZ,VITO 115 CDI A/O,,ICE,usado,qty7_as_1,1,7,1
2026-08,LightVehicles,leve,MINI,COOPER S,,ICE,usado,qty7_as_1,1,7,1
2026-08,LightVehicles,leve,MITSUBISHI,CANTER GUTS CUSTOM,,ICE,usado,qty7_as_1,1,7,1
2026-08,LightVehicles,leve,MITSUBISHI,COLT,,ICE,usado,qty7_as_1,1,7,1
2026-08,LightVehicles,leve,MITSUBISHI,LANCER,,ICE,usado,qty7_as_1,1,7,1
2026-08,LightVehicles,leve,MITSUBISHI,OUTLANDER,,ICE,usado,qty7_as_1,1,7,1
2026-08,LightVehicles,leve,MITSUBISHI,PAJERO MINI,,ICE,usado,qty7_as_1,1,7,1
2026-08,LightVehicles,leve,MITSUBISHI FUSO,(sin modelo),,ICE,usado,qty7_as_1,1,7,1
2026-08,LightVehicles,leve,MITSUBISHI FUSO,CANTER,,ICE,usado,qty7_as_1,1,7,1
2026-08,LightVehicles,leve,NISSAN,300ZX,,ICE,usado,qty7_as_1,1,7,1
2026-08,LightVehicles,leve,NISSAN,DATSUN,,ICE,usado,qty7_as_1,1,7,1
2026-08,LightVehicles,leve,NISSAN,FAIRLAZDY Z,,ICE,usado,qty7_as_1,1,7,1
2026-08,LightVehicles,leve,NISSAN,MARCH,,ICE,usado,qty7_as_1,1,7,1
2026-08,LightVehicles,leve,NISSAN,NP 300,,ICE,usado,qty7_as_1,1,7,1
2026-08,LightVehicles,leve,NISSAN,SKYLINE COUPE,,ICE,usado,qty7_as_1,1,7,1
2026-08,LightVehicles,leve,OPEL,COMBO,,ICE,usado,qty7_as_1,1,7,1
2026-08,LightVehicles,leve,PEUGEOT,(sin modelo),,ICE,usado,qty7_as_1,1,7,1
2026-08,LightVehicles,leve,PORSCHE,MACAN,,ICE,usado,qty7_as_1,1,7,1
2026-08,LightVehicles,leve,RAM,1500,,ICE,usado,qty7_as_1,1,7,1
2026-08,LightVehicles,leve,RAM,3500,LIMITED LONGHORN EDITION,ICE,nuevo,qty7_as_1,1,7,1
2026-08,LightVehicles,leve,SAMSUNG,(sin modelo),,ICE,usado,qty7_as_1,1,7,1
2026-08,LightVehicles,leve,SCANIA,R124-360,,ICE,usado,qty7_as_1,1,7,1
2026-08,LightVehicles,leve,SUBARU,IMPREZA WRX,,ICE,usado,qty7_as_1,1,7,1
2026-08,LightVehicles,leve,SUBARU,WRX S4,,ICE,usado,qty7_as_1,1,7,1
2026-08,LightVehicles,leve,SUZUKI,ESCUDO,,ICE,usado,qty7_as_1,1,7,1
2026-08,LightVehicles,leve,TOYOTA,500,,ICE,usado,qty7_as_1,1,7,1
2026-08,LightVehicles,leve,TOYOTA,86,,ICE,usado,qty7_as_1,1,7,1
2026-08,LightVehicles,leve,TOYOTA,AXIO,,ICE,usado,qty7_as_1,1,7,1
2026-08,LightVehicles,leve,TOYOTA,BLADE,,ICE,usado,qty7_as_1,1,7,1
2026-08,LightVehicles,leve,TOYOTA,CELICA,,ICE,usado,qty7_as_1,1,7,1
2026-08,LightVehicles,leve,TOYOTA,COROLLA AXIO,,HEV,usado,qty7_as_1,1,7,1
2026-08,LightVehicles,leve,TOYOTA,COROLLA CROSS,,ICE,usado,qty7_as_1,1,7,1
2026-08,LightVehicles,leve,TOYOTA,ESQUIRE,,ICE,usado,qty7_as_1,1,7,1
2026-08,LightVehicles,leve,TOYOTA,FJ CRUISER,,ICE,usado,qty7_as_1,1,7,1
2026-08,LightVehicles,leve,TOYOTA,GRANVIA,,ICE,usado,qty7_as_1,1,7,1
2026-08,LightVehicles,leve,TOYOTA,HIACE SUPER CUSTOM,,ICE,usado,qty7_as_1,1,7,1
2026-08,LightVehicles,leve,TOYOTA,HIGHLANDER,,ICE,usado,qty7_as_1,1,7,1
2026-08,LightVehicles,leve,TOYOTA,ISIS PLATANA,,ICE,usado,qty7_as_1,1,7,1
2026-08,LightVehicles,leve,TOYOTA,LAND CRUISER,,ICE,nuevo,qty7_as_1,1,7,1
2026-08,LightVehicles,leve,TOYOTA,LAND CRUISER PRADO,,ICE,usado,qty7_as_1,1,7,1
2026-08,LightVehicles,leve,TOYOTA,PRIUS,,HEV,usado,qty7_as_1,1,7,1
2026-08,LightVehicles,leve,TOYOTA,RACTIZ,,ICE,usado,qty7_as_1,1,7,1
2026-08,LightVehicles,leve,TOYOTA,REGIUSACE,,ICE,usado,qty7_as_1,1,7,1
2026-08,LightVehicles,leve,TOYOTA,SIENNA,,ICE,usado,qty7_as_1,1,7,1
2026-08,LightVehicles,leve,TOYOTA,VITZAO 2,,ICE,usado,qty7_as_1,1,7,1
2026-08,LightVehicles,leve,TOYOTA,WISH A2010,,ICE,usado,qty7_as_1,1,7,1
2026-08,LightVehicles,leve,VOLKSWAGEN,(sin modelo),,ICE,usado,qty7_as_1,1,7,1
2026-08,LightVehicles,leve,VOLKSWAGEN,CABRIOLET,,ICE,usado,qty7_as_1,1,7,1
2026-08,LightVehicles,leve,VOLKSWAGEN,GOLF GTI,,ICE,usado,qty7_as_1,1,7,1
2026-08,LightVehicles,leve,VOLKSWAGEN,TOUREG,,ICE,usado,qty7_as_1,1,7,1
2026-08,LightVehicles,leve,VOLKSWAGEN,VENTO,,ICE,usado,qty7_as_1,1,7,1
2026-08,LightVehicles,pesado,MERCEDES-BENZ,814,,ICE,usado,qty7_as_1,6,42,6
2026-08,LightVehicles,pesado,SCANIA,P94,,ICE,usado,qty7_as_1,6,42,6
2026-08,LightVehicles,pesado,MERCEDES-BENZ,ATEGO 815,,ICE,usado,qty7_as_1,5,35,5
2026-08,LightVehicles,pesado,MERCEDES-BENZ,ATEGO,,ICE,usado,qty7_as_1,4,28,4
2026-08,LightVehicles,pesado,SCANIA,(sin modelo),,ICE,usado,qty7_as_1,3,21,3
2026-08,LightVehicles,pesado,MERCEDES-BENZ,1117,,ICE,usado,qty7_as_1,2,14,2
2026-08,LightVehicles,pesado,NISSAN,CABSTAR,,ICE,usado,qty7_as_1,2,14,2
2026-08,LightVehicles,pesado,SCANIA,P114,,ICE,usado,qty7_as_1,2,14,2
2026-08,LightVehicles,pesado,MERCEDES-BENZ,(sin modelo),,ICE,usado,qty7_as_1,1,7,1
2026-08,LightVehicles,pesado,MERCEDES-BENZ,1317,,ICE,usado,qty7_as_1,1,7,1
2026-08,LightVehicles,pesado,MERCEDES-BENZ,1320,,ICE,usado,qty7_as_1,1,7,1
2026-08,LightVehicles,pesado,MERCEDES-BENZ,1524,,ICE,usado,qty7_as_1,1,7,1
2026-08,LightVehicles,pesado,MERCEDES-BENZ,917,,ICE,usado,qty7_as_1,1,7,1
2026-08,LightVehicles,pesado,MERCEDES-BENZ,ANTOS,,ICE,usado,qty7_as_1,1,7,1
2026-08,LightVehicles,pesado,MERCEDES-BENZ,ATEGO 812 A/O,,ICE,usado,qty7_as_1,1,7,1
2026-08,LightVehicles,pesado,MERCEDES-BENZ,ATEGO 814,,ICE,usado,qty7_as_1,1,7,1
2026-08,LightVehicles,pesado,MERCEDES-BENZ,ATEGO 818 A/O,,ICE,usado,qty7_as_1,1,7,1
2026-08,LightVehicles,pesado,NISSAN,TRADE,,ICE,usado,qty7_as_1,1,7,1
2026-08,LightVehicles,pesado,SCANIA,124,,ICE,usado,qty7_as_1,1,7,1
2026-08,LightVehicles,pesado,SCANIA,G420 6X4,,ICE,usado,qty7_as_1,1,7,1
2026-08,LightVehicles,pesado,SCANIA,G480,,ICE,usado,qty7_as_1,1,7,1
2026-08,LightVehicles,pesado,SCANIA,P124,,ICE,usado,qty7_as_1,1,7,1
2026-08,LightVehicles,pesado,SCANIA,P270,,ICE,usado,qty7_as_1,1,7,1
2026-08,LightVehicles,pesado,SCANIA,P310,,ICE,usado,qty7_as_1,1,7,1
2026-08,LightVehicles,pesado,SCANIA,P340,,ICE,usado,qty7_as_1,1,7,1
2026-08,LightVehicles,pesado,SCANIA,P380,,ICE,usado,qty7_as_1,1,7,1
2026-08,LightVehicles,pesado,SCANIA,P380 8X4,,ICE,usado,qty7_as_1,1,7,1
2026-08,LightVehicles,pesado,SCANIA,P400 6X2,,ICE,usado,qty7_as_1,1,7,1
2026-08,LightVehicles,pesado,SCANIA,P420,,ICE,usado,qty7_as_1,1,7,1
2026-08,LightVehicles,pesado,SCANIA,P93,,ICE,usado,qty7_as_1,1,7,1
2026-08,LightVehicles,pesado,SCANIA,P94-260,,ICE,usado,qty7_as_1,1,7,1
2026-08,LightVehicles,pesado,SCANIA,PY112,,ICE,usado,qty7_as_1,1,7,1
2026-08,LightVehicles,pesado,SCANIA,R113,,ICE,usado,qty7_as_1,1,7,1
2026-08,LightVehicles,pesado,SCANIA,R124,,ICE,usado,qty7_as_1,1,7,1
2026-08,LightVehicles,pesado,SCANIA,R380,,ICE,usado,qty7_as_1,1,7,1
2026-08,LightVehicles,pesado,VOLVO,FL4,,ICE,usado,qty7_as_1,1,7,1
2026-08,LightVehicles,recreativo,CASARIN,THUNDER X,,ICE,nuevo,qty7_as_1,1,7,1
2026-08,LightVehicles,recreativo,CFMOTO,CF600AU-3L,,ICE,usado,qty7_as_1,1,7,1
2026-08,LightVehicles,recreativo,TOMBERLIN,E-MERGE,,ICE,usado,qty7_as_1,1,7,1
2026-09,LightVehicles,leve,TOYOTA,VITZ,,ICE,usado,qty7_as_1,1076,7532,1076
2026-09,LightVehicles,leve,TOYOTA,RACTIS,,ICE,usado,qty7_as_1,596,4172,596
2026-09,LightVehicles,leve,KIA,SPORTAGE,,ICE,usado,qty7_as_1,543,3801,543
2026-09,LightVehicles,leve,TOYOTA,AURIS,,ICE,usado,qty7_as_1,274,1918,274
2026-09,LightVehicles,leve,TOYOTA,SIENTA,,ICE,usado,qty7_as_1,217,1519,217
2026-09,LightVehicles,leve,TOYOTA,(sin modelo),,ICE,usado,qty7_as_1,216,1512,216
2026-09,LightVehicles,leve,TOYOTA,ALLION,,ICE,usado,qty7_as_1,193,1351,193
2026-09,LightVehicles,leve,TOYOTA,VOXY,,ICE,usado,qty7_as_1,190,1330,190
2026-09,LightVehicles,leve,TOYOTA,PREMIO,,ICE,usado,qty7_as_1,174,1218,174
2026-09,LightVehicles,leve,TOYOTA,WISH,,ICE,usado,qty7_as_1,171,1197,171
2026-09,LightVehicles,leve,TOYOTA,IST,,ICE,usado,qty7_as_1,170,1190,170
2026-09,LightVehicles,leve,TOYOTA,NOAH,,ICE,usado,qty7_as_1,104,728,104
2026-09,LightVehicles,leve,TOYOTA,COROLLA,,ICE,usado,qty7_as_1,91,637,91
2026-09,LightVehicles,leve,MITSUBISHI,CANTER,,ICE,usado,qty7_as_1,79,553,79
2026-09,LightVehicles,leve,HYUNDAI,SANTA FE,,ICE,usado,qty7_as_1,68,476,68
2026-09,LightVehicles,leve,TOYOTA,COROLLA CROSS,,HEV,nuevo,qty7_as_1,66,462,66
2026-09,LightVehicles,leve,HYUNDAI,TUCSON,,ICE,usado,qty7_as_1,62,434,62
2026-09,LightVehicles,leve,MITSUBISHI,(sin modelo),,ICE,usado,qty7_as_1,49,343,49
2026-09,LightVehicles,leve,TOYOTA,FUNCARGO,,ICE,usado,qty7_as_1,44,308,44
2026-09,LightVehicles,leve,HYUNDAI,(sin modelo),,ICE,usado,qty7_as_1,42,294,42
2026-09,LightVehicles,leve,TOYOTA,RUSH,,ICE,usado,qty7_as_1,39,273,39
2026-09,LightVehicles,leve,KIA,K5,,ICE,usado,qty7_as_1,33,231,33
2026-09,LightVehicles,leve,TOYOTA,AQUA,,HEV,usado,qty7_as_1,30,210,30
2026-09,LightVehicles,leve,TOYOTA,COROLLA AXIO,,ICE,usado,qty7_as_1,24,168,24
2026-09,LightVehicles,leve,NISSAN,ATLAS,,ICE,usado,qty7_as_1,23,161,23
2026-09,LightVehicles,leve,TOYOTA,ALLEX,,ICE,usado,qty7_as_1,23,161,23
2026-09,LightVehicles,leve,TOYOTA,CROWN ATHLETE,,ICE,usado,qty7_as_1,23,161,23
2026-09,LightVehicles,leve,KIA,(sin modelo),,ICE,usado,qty7_as_1,21,147,21
2026-09,LightVehicles,leve,TOYOTA,COROLLA,,HEV,nuevo,qty7_as_1,20,140,20
2026-09,LightVehicles,leve,KIA,SORENTO,,ICE,usado,qty7_as_1,18,126,18
2026-09,LightVehicles,leve,SUBARU,IMPREZA,,ICE,usado,qty7_as_1,18,126,18
2026-09,LightVehicles,leve,SUBARU,TREZIA,,ICE,usado,qty7_as_1,17,119,17
2026-09,LightVehicles,leve,TOYOTA,BELTA,,ICE,usado,qty7_as_1,17,119,17
2026-09,LightVehicles,leve,NISSAN,(sin modelo),,ICE,usado,qty7_as_1,16,112,16
2026-09,LightVehicles,leve,MAZDA,DEMIO,,ICE,usado,qty7_as_1,15,105,15
2026-09,LightVehicles,leve,MITSUBISHI,CANTER GUTS,,ICE,usado,qty7_as_1,13,91,13
2026-09,LightVehicles,leve,SUBARU,(sin modelo),,ICE,usado,qty7_as_1,13,91,13
2026-09,LightVehicles,leve,TOYOTA,HILUX,,ICE,usado,qty7_as_1,13,91,13
2026-09,LightVehicles,leve,BMW,320D,,ICE,usado,qty7_as_1,12,84,12
2026-09,LightVehicles,leve,MITSUBISHI,CANTER FUSO,,ICE,usado,qty7_as_1,12,84,12
2026-09,LightVehicles,leve,FORD,MUSTANG,,ICE,usado,qty7_as_1,11,77,11
2026-09,LightVehicles,leve,SUZUKI,SWIFT,,ICE,usado,qty7_as_1,10,70,10
2026-09,LightVehicles,leve,BMW,(sin modelo),,ICE,usado,qty7_as_1,9,63,9
2026-09,LightVehicles,leve,DAIHATSU,MOVE,,ICE,usado,qty7_as_1,9,63,9
2026-09,LightVehicles,leve,TOYOTA,CROWN,,ICE,usado,qty7_as_1,9,63,9
2026-09,LightVehicles,leve,TOYOTA,HIACE,,ICE,usado,qty7_as_1,9,63,9
2026-09,LightVehicles,leve,TOYOTA,LAND CRUISER PRADO,,ICE,usado,qty7_as_1,9,63,9
2026-09,LightVehicles,leve,TOYOTA,CROWN ROYAL SALOON,,ICE,usado,qty7_as_1,8,56,8
2026-09,LightVehicles,leve,DODGE,CHALLENGER,,ICE,usado,qty7_as_1,7,49,7
2026-09,LightVehicles,leve,HYUNDAI,PORTER II,,ICE,usado,qty7_as_1,7,49,7
2026-09,LightVehicles,leve,KIA,CARNIVAL,,ICE,usado,qty7_as_1,7,49,7
2026-09,LightVehicles,leve,MAZDA,(sin modelo),,ICE,usado,qty7_as_1,7,49,7
2026-09,LightVehicles,leve,MERCEDES-BENZ,(sin modelo),,ICE,usado,qty7_as_1,7,49,7
2026-09,LightVehicles,leve,TOYOTA,IQ,,ICE,usado,qty7_as_1,7,49,7
2026-09,LightVehicles,leve,TOYOTA,PASSO,,ICE,usado,qty7_as_1,7,49,7
2026-09,LightVehicles,leve,TOYOTA,SIENTA,,HEV,usado,qty7_as_1,7,49,7
2026-09,LightVehicles,leve,KIA,K3,,ICE,usado,qty7_as_1,6,42,6
2026-09,LightVehicles,leve,NISSAN,DATSUN,,ICE,usado,qty7_as_1,6,42,6
2026-09,LightVehicles,leve,NISSAN,FAIRLADY Z,,ICE,usado,qty7_as_1,6,42,6
2026-09,LightVehicles,leve,TOYOTA,(sin modelo),,HEV,nuevo,qty7_as_1,6,42,6
2026-09,LightVehicles,leve,TOYOTA,AURIS,,HEV,usado,qty7_as_1,6,42,6
2026-09,LightVehicles,leve,AUDI,TT,,ICE,usado,qty7_as_1,5,35,5
2026-09,LightVehicles,leve,TOYOTA,AVENSIS,,ICE,usado,qty7_as_1,5,35,5
2026-09,LightVehicles,leve,TOYOTA,HIACE SUPER GL,,ICE,usado,qty7_as_1,5,35,5
2026-09,LightVehicles,leve,TOYOTA,MARK X,,ICE,usado,qty7_as_1,5,35,5
2026-09,LightVehicles,leve,TOYOTA,RAV4,,HEV,nuevo,qty7_as_1,5,35,5
2026-09,LightVehicles,leve,TOYOTA,YARIS,,ICE,usado,qty7_as_1,5,35,5
2026-09,LightVehicles,leve,CHEVROLET,CAMARO,,ICE,usado,qty7_as_1,4,28,4
2026-09,LightVehicles,leve,DAIHATSU,BEGO,,ICE,usado,qty7_as_1,4,28,4
2026-09,LightVehicles,leve,HYUNDAI,AVANTE,,ICE,usado,qty7_as_1,4,28,4
2026-09,LightVehicles,leve,HYUNDAI,GRAND STAREX,,ICE,usado,qty7_as_1,4,28,4
2026-09,LightVehicles,leve,HYUNDAI,I30,,ICE,usado,qty7_as_1,4,28,4
2026-09,LightVehicles,leve,HYUNDAI,MAXCRUZ,,ICE,usado,qty7_as_1,4,28,4
2026-09,LightVehicles,leve,KIA,BONGO III,,ICE,usado,qty7_as_1,4,28,4
2026-09,LightVehicles,leve,MERCEDES-BENZ,ATEGO,,ICE,usado,qty7_as_1,4,28,4
2026-09,LightVehicles,leve,MITSUBISHI,FUSO CANTER GUTS,,ICE,usado,qty7_as_1,4,28,4
2026-09,LightVehicles,leve,NISSAN,NOTE,,ICE,usado,qty7_as_1,4,28,4
2026-09,LightVehicles,leve,SUBARU,IMPREZA WRX STI,,ICE,usado,qty7_as_1,4,28,4
2026-09,LightVehicles,leve,TOYOTA,PRIUS,,HEV,usado,qty7_as_1,4,28,4
2026-09,LightVehicles,leve,VOLKSWAGEN,GOLF,,ICE,usado,qty7_as_1,4,28,4
2026-09,LightVehicles,leve,BMW,X3,,ICE,usado,qty7_as_1,3,21,3
2026-09,LightVehicles,leve,BMW,Z4,,ICE,usado,qty7_as_1,3,21,3
2026-09,LightVehicles,leve,FORD,(sin modelo),,ICE,usado,qty7_as_1,3,21,3
2026-09,LightVehicles,leve,FORD,F150,,ICE,usado,qty7_as_1,3,21,3
2026-09,LightVehicles,leve,FORD,MUSTANG GT,,ICE,usado,qty7_as_1,3,21,3
2026-09,LightVehicles,leve,HINO,DUTRO,,ICE,usado,qty7_as_1,3,21,3
2026-09,LightVehicles,leve,JEEP,(sin modelo),,ICE,usado,qty7_as_1,3,21,3
2026-09,LightVehicles,leve,JEEP,WRANGLER SPORT,,ICE,usado,qty7_as_1,3,21,3
2026-09,LightVehicles,leve,MERCEDES-BENZ,C 300,,ICE,usado,qty7_as_1,3,21,3
2026-09,LightVehicles,leve,MERCEDES-BENZ,C200,,ICE,usado,qty7_as_1,3,21,3
2026-09,LightVehicles,leve,MERCEDES-BENZ,C250,,ICE,usado,qty7_as_1,3,21,3
2026-09,LightVehicles,leve,MERCEDES-BENZ,C300,,ICE,usado,qty7_as_1,3,21,3
2026-09,LightVehicles,leve,SCANIA,P270,,ICE,usado,qty7_as_1,3,21,3
2026-09,LightVehicles,leve,TOYOTA,COROLLA FIELDER,,ICE,usado,qty7_as_1,3,21,3
2026-09,LightVehicles,leve,TOYOTA,COROLLA FIELDER,,HEV,usado,qty7_as_1,3,21,3
2026-09,LightVehicles,leve,TOYOTA,GRAND HIACE,,ICE,usado,qty7_as_1,3,21,3
2026-09,LightVehicles,leve,TOYOTA,HIACE REGIUS,,ICE,usado,qty7_as_1,3,21,3
2026-09,LightVehicles,leve,TOYOTA,REGIUS,,ICE,usado,qty7_as_1,3,21,3
2026-09,LightVehicles,leve,TOYOTA,TACOMA,,ICE,usado,qty7_as_1,3,21,3
2026-09,LightVehicles,leve,AUDI,(sin modelo),,ICE,usado,qty7_as_1,2,14,2
2026-09,LightVehicles,leve,BMW,320 D,,ICE,usado,qty7_as_1,2,14,2
2026-09,LightVehicles,leve,BMW,320I,,ICE,usado,qty7_as_1,2,14,2
2026-09,LightVehicles,leve,BMW,X1,,ICE,usado,qty7_as_1,2,14,2
2026-09,LightVehicles,leve,DODGE,(sin modelo),,ICE,usado,qty7_as_1,2,14,2
2026-09,LightVehicles,leve,FERRARI,CALIFORNIA,,ICE,usado,qty7_as_1,2,14,2
2026-09,LightVehicles,leve,FORD,F-150,,ICE,usado,qty7_as_1,2,14,2
2026-09,LightVehicles,leve,FORD,F250,,ICE,usado,qty7_as_1,2,14,2
2026-09,LightVehicles,leve,HINO,(sin modelo),,ICE,usado,qty7_as_1,2,14,2
2026-09,LightVehicles,leve,HYUNDAI,ACCENT,,ICE,usado,qty7_as_1,2,14,2
2026-09,LightVehicles,leve,HYUNDAI,SPORTAGE,,ICE,usado,qty7_as_1,2,14,2
2026-09,LightVehicles,leve,MAZDA,CX-5,,ICE,usado,qty7_as_1,2,14,2
2026-09,LightVehicles,leve,MERCEDES-BENZ,ATEGO 815,,ICE,usado,qty7_as_1,2,14,2
2026-09,LightVehicles,leve,MERCEDES-BENZ,C 250,,ICE,usado,qty7_as_1,2,14,2
2026-09,LightVehicles,leve,MERCEDES-BENZ,E300,,ICE,usado,qty7_as_1,2,14,2
2026-09,LightVehicles,leve,MERCEDES-BENZ,GLC 300,,ICE,usado,qty7_as_1,2,14,2
2026-09,LightVehicles,leve,MERCEDES-BENZ,SL500,,ICE,usado,qty7_as_1,2,14,2
2026-09,LightVehicles,leve,NISSAN,370Z,,ICE,usado,qty7_as_1,2,14,2
2026-09,LightVehicles,leve,NISSAN,MARCH,,ICE,usado,qty7_as_1,2,14,2
2026-09,LightVehicles,leve,NISSAN,SKYLINE,,ICE,usado,qty7_as_1,2,14,2
2026-09,LightVehicles,leve,SUBARU,IMPREZA WRX,,ICE,usado,qty7_as_1,2,14,2
2026-09,LightVehicles,leve,SUBARU,WRX S4,,ICE,usado,qty7_as_1,2,14,2
2026-09,LightVehicles,leve,SUBARU,WRX STI,,ICE,usado,qty7_as_1,2,14,2
2026-09,LightVehicles,leve,SUZUKI,(sin modelo),,ICE,usado,qty7_as_1,2,14,2
2026-09,LightVehicles,leve,TESLA,(sin modelo),,BEV,usado,qty7_as_1,2,14,2
2026-09,LightVehicles,leve,TOYOTA,ALLION NAFTERO,,ICE,usado,qty7_as_1,2,14,2
2026-09,LightVehicles,leve,TOYOTA,GRANVIA,,ICE,usado,qty7_as_1,2,14,2
2026-09,LightVehicles,leve,TOYOTA,GT86,,ICE,usado,qty7_as_1,2,14,2
2026-09,LightVehicles,leve,TOYOTA,NOAH,,HEV,usado,qty7_as_1,2,14,2
2026-09,LightVehicles,leve,TOYOTA,REGIUS ACE,,ICE,usado,qty7_as_1,2,14,2
2026-09,LightVehicles,leve,TOYOTA,SCION XA,,ICE,usado,qty7_as_1,2,14,2
2026-09,LightVehicles,leve,TOYOTA,TOURING HIACE,,ICE,usado,qty7_as_1,2,14,2
2026-09,LightVehicles,leve,ASTON MARTIN,RAPIDE,,ICE,usado,qty7_as_1,1,7,1
2026-09,LightVehicles,leve,AUDI,A3,,ICE,usado,qty7_as_1,1,7,1
2026-09,LightVehicles,leve,AUDI,A6 TDI,,ICE,usado,qty7_as_1,1,7,1
2026-09,LightVehicles,leve,AUDI,Q7,,ICE,usado,qty7_as_1,1,7,1
2026-09,LightVehicles,leve,BMW,128I,,ICE,usado,qty7_as_1,1,7,1
2026-09,LightVehicles,leve,BMW,325I,,ICE,usado,qty7_as_1,1,7,1
2026-09,LightVehicles,leve,BMW,328I,,ICE,usado,qty7_as_1,1,7,1
2026-09,LightVehicles,leve,BMW,330I,,ICE,usado,qty7_as_1,1,7,1
2026-09,LightVehicles,leve,BMW,420D,,ICE,usado,qty7_as_1,1,7,1
2026-09,LightVehicles,leve,BMW,428I,,ICE,usado,qty7_as_1,1,7,1
2026-09,LightVehicles,leve,BMW,520D,,ICE,usado,qty7_as_1,1,7,1
2026-09,LightVehicles,leve,BMW,520D GT,,ICE,usado,qty7_as_1,1,7,1
2026-09,LightVehicles,leve,BMW,M2,,ICE,usado,qty7_as_1,1,7,1
2026-09,LightVehicles,leve,BMW,M3,,ICE,usado,qty7_as_1,1,7,1
2026-09,LightVehicles,leve,BMW,M340I,,ICE,usado,qty7_as_1,1,7,1
2026-09,LightVehicles,leve,BMW,M5 A/O,,ICE,usado,qty7_as_1,1,7,1
2026-09,LightVehicles,leve,BMW,X4,,ICE,usado,qty7_as_1,1,7,1
2026-09,LightVehicles,leve,BMW,X4 M40IX,,ICE,usado,qty7_as_1,1,7,1
2026-09,LightVehicles,leve,BMW,X4 XDRIVE20D,,ICE,usado,qty7_as_1,1,7,1
2026-09,LightVehicles,leve,BMW,X5,,ICE,usado,qty7_as_1,1,7,1
2026-09,LightVehicles,leve,BMW,X6 M50D,,ICE,usado,qty7_as_1,1,7,1
2026-09,LightVehicles,leve,CADILLAC,PROFESIONAL,,ICE,usado,qty7_as_1,1,7,1
2026-09,LightVehicles,leve,CHEVROLET,(sin modelo),,ICE,usado,qty7_as_1,1,7,1
2026-09,LightVehicles,leve,CHEVROLET,CORVETTE,,ICE,usado,qty7_as_1,1,7,1
2026-09,LightVehicles,leve,CHEVROLET,CRUZE,,ICE,usado,qty7_as_1,1,7,1
2026-09,LightVehicles,leve,CHEVROLET,K1500,,ICE,usado,qty7_as_1,1,7,1
2026-09,LightVehicles,leve,CITROEN,(sin modelo),,ICE,nuevo,qty7_as_1,1,7,1
2026-09,LightVehicles,leve,DAIHATSU,COPEN,,ICE,usado,qty7_as_1,1,7,1
2026-09,LightVehicles,leve,DAIHATSU,MOVE CUSTOM,,ICE,usado,qty7_as_1,1,7,1
2026-09,LightVehicles,leve,DODGE,CHALLENGER A/O,,ICE,usado,qty7_as_1,1,7,1
2026-09,LightVehicles,leve,DODGE,CHALLENGER R/T,,ICE,usado,qty7_as_1,1,7,1
2026-09,LightVehicles,leve,DODGE,DURANGO CITADEL,,ICE,usado,qty7_as_1,1,7,1
2026-09,LightVehicles,leve,DODGE,RAM,,ICE,nuevo,qty7_as_1,1,7,1
2026-09,LightVehicles,leve,FIAT,500,,ICE,usado,qty7_as_1,1,7,1
2026-09,LightVehicles,leve,FORD,BRONCO,,ICE,usado,qty7_as_1,1,7,1
2026-09,LightVehicles,leve,FORD,F350,,ICE,usado,qty7_as_1,1,7,1
2026-09,LightVehicles,leve,FORD,MUSTANG ECOBOOST,,ICE,usado,qty7_as_1,1,7,1
2026-09,LightVehicles,leve,FORD,RANGER,,ICE,usado,qty7_as_1,1,7,1
2026-09,LightVehicles,leve,FORD,THUNDERBIRD,,ICE,usado,qty7_as_1,1,7,1
2026-09,LightVehicles,leve,FORD,TRANSIT CONNECT,,ICE,usado,qty7_as_1,1,7,1
2026-09,LightVehicles,leve,GENESIS,(sin modelo),,ICE,usado,qty7_as_1,1,7,1
2026-09,LightVehicles,leve,GMC,HUMMER EV,,BEV,usado,qty7_as_1,1,7,1
2026-09,LightVehicles,leve,HONDA,FIT,,HEV,usado,qty7_as_1,1,7,1
2026-09,LightVehicles,leve,HONDA,INTEGRA DC5,,ICE,usado,qty7_as_1,1,7,1
2026-09,LightVehicles,leve,HONDA,RANCHER,,ICE,usado,qty7_as_1,1,7,1
2026-09,LightVehicles,leve,HONDA,TRX420FM1,,ICE,usado,qty7_as_1,1,7,1
2026-09,LightVehicles,leve,HUMMER,AM GENERAL M998,,ICE,usado,qty7_as_1,1,7,1
2026-09,LightVehicles,leve,HYUNDAI,PALISADE,,ICE,usado,qty7_as_1,1,7,1
2026-09,LightVehicles,leve,HYUNDAI,PORTE II,,ICE,usado,qty7_as_1,1,7,1
2026-09,LightVehicles,leve,HYUNDAI,SONATA,,ICE,usado,qty7_as_1,1,7,1
2026-09,LightVehicles,leve,HYUNDAI,XELO SANTA FE,,ICE,usado,qty7_as_1,1,7,1
2026-09,LightVehicles,leve,JEEP,GLADIATOR MOJAVE,,ICE,usado,qty7_as_1,1,7,1
2026-09,LightVehicles,leve,JEEP,GLADIATOR RUBICON,,ICE,usado,qty7_as_1,1,7,1
2026-09,LightVehicles,leve,JEEP,RENEGADE LONGITUDE,,ICE,usado,qty7_as_1,1,7,1
2026-09,LightVehicles,leve,JEEP,WILLYS CJ2,,ICE,usado,qty7_as_1,1,7,1
2026-09,LightVehicles,leve,JEEP,WRANGLER,,ICE,usado,qty7_as_1,1,7,1
2026-09,LightVehicles,leve,JEEP,WRANGLER RUBICON,,ICE,usado,qty7_as_1,1,7,1
2026-09,LightVehicles,leve,JEEP,WRANGLER SAHARA,,ICE,usado,qty7_as_1,1,7,1
2026-09,LightVehicles,leve,JEEP,WRANGLER UNLIMITED RUBICON,,PHEV,usado,qty7_as_1,1,7,1
2026-09,LightVehicles,leve,JEEP,WRANGLER UNLIMITED SPORT,,ICE,usado,qty7_as_1,1,7,1
2026-09,LightVehicles,leve,KIA,K5,,HEV,usado,qty7_as_1,1,7,1
2026-09,LightVehicles,leve,KIA,K5 PLATEADO,,ICE,usado,qty7_as_1,1,7,1
2026-09,LightVehicles,leve,KIA,PRIDE,,ICE,usado,qty7_as_1,1,7,1
2026-09,LightVehicles,leve,KIA,SANTA FE,,ICE,usado,qty7_as_1,1,7,1
2026-09,LightVehicles,leve,KIA,STONIC,,ICE,usado,qty7_as_1,1,7,1
2026-09,LightVehicles,leve,LAND ROVER,RANGE ROVER SPORT A/O,,ICE,usado,qty7_as_1,1,7,1
2026-09,LightVehicles,leve,MAZDA,CX-3,,ICE,usado,qty7_as_1,1,7,1
2026-09,LightVehicles,leve,MAZDA,TITAN DASH,,ICE,usado,qty7_as_1,1,7,1
2026-09,LightVehicles,leve,MERCEDES-BENZ,1217,,ICE,usado,qty7_as_1,1,7,1
2026-09,LightVehicles,leve,MERCEDES-BENZ,1317,,ICE,usado,qty7_as_1,1,7,1
2026-09,LightVehicles,leve,MERCEDES-BENZ,814,,ICE,usado,qty7_as_1,1,7,1
2026-09,LightVehicles,leve,MERCEDES-BENZ,A35 AMG,,ICE,usado,qty7_as_1,1,7,1
2026-09,LightVehicles,leve,MERCEDES-BENZ,A45 AMG,,ICE,usado,qty7_as_1,1,7,1
2026-09,LightVehicles,leve,MERCEDES-BENZ,ATEGO 818,,ICE,usado,qty7_as_1,1,7,1
2026-09,LightVehicles,leve,MERCEDES-BENZ,B200 CDI,,ICE,usado,qty7_as_1,1,7,1
2026-09,LightVehicles,leve,MERCEDES-BENZ,C200CGI,,ICE,usado,qty7_as_1,1,7,1
2026-09,LightVehicles,leve,MERCEDES-BENZ,C220 CDI,,ICE,usado,qty7_as_1,1,7,1
2026-09,LightVehicles,leve,MERCEDES-BENZ,C220D,,ICE,usado,qty7_as_1,1,7,1
2026-09,LightVehicles,leve,MERCEDES-BENZ,C250 A/O,,ICE,usado,qty7_as_1,1,7,1
2026-09,LightVehicles,leve,MERCEDES-BENZ,C43,,ICE,usado,qty7_as_1,1,7,1
2026-09,LightVehicles,leve,MERCEDES-BENZ,CLA250,,ICE,usado,qty7_as_1,1,7,1
2026-09,LightVehicles,leve,MERCEDES-BENZ,CLK 350,,ICE,usado,qty7_as_1,1,7,1
2026-09,LightVehicles,leve,MERCEDES-BENZ,CLS63 AMG 4MATIC,,ICE,usado,qty7_as_1,1,7,1
2026-09,LightVehicles,leve,MERCEDES-BENZ,E 350,,ICE,usado,qty7_as_1,1,7,1
2026-09,LightVehicles,leve,MERCEDES-BENZ,E 350 BLUETEC,,ICE,usado,qty7_as_1,1,7,1
2026-09,LightVehicles,leve,MERCEDES-BENZ,E200 CABRIOLET,,ICE,usado,qty7_as_1,1,7,1
2026-09,LightVehicles,leve,MERCEDES-BENZ,E220 CDI,,ICE,usado,qty7_as_1,1,7,1
2026-09,LightVehicles,leve,MERCEDES-BENZ,E220D,,ICE,usado,qty7_as_1,1,7,1
2026-09,LightVehicles,leve,MERCEDES-BENZ,E220D A/O,,ICE,usado,qty7_as_1,1,7,1
2026-09,LightVehicles,leve,MERCEDES-BENZ,E320 CABRIOLET,,ICE,usado,qty7_as_1,1,7,1
2026-09,LightVehicles,leve,MERCEDES-BENZ,E350 BLUETEC A/O,,ICE,usado,qty7_as_1,1,7,1
2026-09,LightVehicles,leve,MERCEDES-BENZ,GLE 350D,,ICE,usado,qty7_as_1,1,7,1
2026-09,LightVehicles,leve,MERCEDES-BENZ,GLE 450,,ICE,usado,qty7_as_1,1,7,1
2026-09,LightVehicles,leve,MERCEDES-BENZ,ML280 CDI,,ICE,usado,qty7_as_1,1,7,1
2026-09,LightVehicles,leve,MERCEDES-BENZ,ML350,,ICE,usado,qty7_as_1,1,7,1
2026-09,LightVehicles,leve,MERCEDES-BENZ,S 55,,ICE,usado,qty7_as_1,1,7,1
2026-09,LightVehicles,leve,MERCEDES-BENZ,S550,,ICE,usado,qty7_as_1,1,7,1
2026-09,LightVehicles,leve,MERCEDES-BENZ,SLK350,,ICE,usado,qty7_as_1,1,7,1
2026-09,LightVehicles,leve,MERCEDES-BENZ,SPRINTER 314,,ICE,usado,qty7_as_1,1,7,1
2026-09,LightVehicles,leve,MERCEDES-BENZ,SPRINTER 316,,ICE,usado,qty7_as_1,1,7,1
2026-09,LightVehicles,leve,MERCEDES-BENZ,SPRINTER 319 CDI EXTRALANG,,ICE,nuevo,qty7_as_1,1,7,1
2026-09,LightVehicles,leve,MERCEDES-BENZ,SPRINTER A/O,,ICE,usado,qty7_as_1,1,7,1
2026-09,LightVehicles,leve,MINI,COOPER D PACEMAN,,ICE,usado,qty7_as_1,1,7,1
2026-09,LightVehicles,leve,MITSUBISHI,CANTER CUSTOM,,ICE,usado,qty7_as_1,1,7,1
2026-09,LightVehicles,leve,MITSUBISHI,DELICA,,ICE,usado,qty7_as_1,1,7,1
2026-09,LightVehicles,leve,MITSUBISHI,EO CANTER,,ICE,usado,qty7_as_1,1,7,1
2026-09,LightVehicles,leve,MITSUBISHI,LANCER,,ICE,usado,qty7_as_1,1,7,1
2026-09,LightVehicles,leve,MITSUBISHI,LANCER EVOLUTION VII,,ICE,usado,qty7_as_1,1,7,1
2026-09,LightVehicles,leve,MITSUBISHI,PAJERO,,ICE,usado,qty7_as_1,1,7,1
2026-09,LightVehicles,leve,NISSAN,ATLAS O,,ICE,usado,qty7_as_1,1,7,1
2026-09,LightVehicles,leve,NISSAN,FAIRLADY,,ICE,usado,qty7_as_1,1,7,1
2026-09,LightVehicles,leve,NISSAN,NAVARA DOBLE CABINA,,ICE,usado,qty7_as_1,1,7,1
2026-09,LightVehicles,leve,NISSAN,NOTE NISMO,,ICE,usado,qty7_as_1,1,7,1
2026-09,LightVehicles,leve,NISSAN,SKYLINE 350GT,,ICE,usado,qty7_as_1,1,7,1
2026-09,LightVehicles,leve,NISSAN,TERRANO,,ICE,usado,qty7_as_1,1,7,1
2026-09,LightVehicles,leve,NISSAN,VANETTE,,ICE,usado,qty7_as_1,1,7,1
2026-09,LightVehicles,leve,NISSAN,VERSA,,ICE,usado,qty7_as_1,1,7,1
2026-09,LightVehicles,leve,NISSAN,X TRAIL,,ICE,usado,qty7_as_1,1,7,1
2026-09,LightVehicles,leve,OLDSMOBILE,TORONADO,,ICE,usado,qty7_as_1,1,7,1
2026-09,LightVehicles,leve,PEUGEOT,(sin modelo),,ICE,usado,qty7_as_1,1,7,1
2026-09,LightVehicles,leve,PEUGEOT,208 GTI,,ICE,usado,qty7_as_1,1,7,1
2026-09,LightVehicles,leve,PEUGEOT,BOXER,,ICE,usado,qty7_as_1,1,7,1
2026-09,LightVehicles,leve,PORSCHE,(sin modelo),,ICE,usado,qty7_as_1,1,7,1
2026-09,LightVehicles,leve,PORSCHE,718 CAYMAN GTS,,ICE,usado,qty7_as_1,1,7,1
2026-09,LightVehicles,leve,PORSCHE,911,,ICE,usado,qty7_as_1,1,7,1
2026-09,LightVehicles,leve,PORSCHE,911 CARRERA,,ICE,usado,qty7_as_1,1,7,1
2026-09,LightVehicles,leve,PORSCHE,911 TARGA 4,,ICE,usado,qty7_as_1,1,7,1
2026-09,LightVehicles,leve,PORSCHE,MACAN S,,ICE,usado,qty7_as_1,1,7,1
2026-09,LightVehicles,leve,RAM,(sin modelo),,ICE,nuevo,qty7_as_1,1,7,1
2026-09,LightVehicles,leve,RANGE ROVER,EVOQUE D200,,ICE,usado,qty7_as_1,1,7,1
2026-09,LightVehicles,leve,RENAULT,LAGUNA,,ICE,usado,qty7_as_1,1,7,1
2026-09,LightVehicles,leve,RENAULT,LUTECIA,,ICE,usado,qty7_as_1,1,7,1
2026-09,LightVehicles,leve,RENAULT,MASTER,,ICE,usado,qty7_as_1,1,7,1
2026-09,LightVehicles,leve,SCANIA,P114-340,,ICE,usado,qty7_as_1,1,7,1
2026-09,LightVehicles,leve,SCANIA,P340,,ICE,usado,qty7_as_1,1,7,1
2026-09,LightVehicles,leve,SCANIA,P94-220,,ICE,usado,qty7_as_1,1,7,1
2026-09,LightVehicles,leve,SCANIA,P94-230,,ICE,usado,qty7_as_1,1,7,1
2026-09,LightVehicles,leve,SCANIA,R94-260,,ICE,usado,qty7_as_1,1,7,1
2026-09,LightVehicles,leve,SCION,FR-S,,ICE,usado,qty7_as_1,1,7,1
2026-09,LightVehicles,leve,SSANGYONG,(sin modelo),,ICE,usado,qty7_as_1,1,7,1
2026-09,LightVehicles,leve,SSANGYONG,KORANDO,,ICE,usado,qty7_as_1,1,7,1
2026-09,LightVehicles,leve,SSANGYONG,REXTON SPORTS KHAN,,ICE,usado,qty7_as_1,1,7,1
2026-09,LightVehicles,leve,SUBARU,BRZ,,ICE,usado,qty7_as_1,1,7,1
2026-09,LightVehicles,leve,SUBARU,BRZ A/O,,ICE,usado,qty7_as_1,1,7,1
2026-09,LightVehicles,leve,SUBARU,FORESTER,,ICE,usado,qty7_as_1,1,7,1
2026-09,LightVehicles,leve,SUBARU,IMPREZA ANESIS,,ICE,usado,qty7_as_1,1,7,1
2026-09,LightVehicles,leve,SUBARU,IMPREZA WRX S4,,ICE,usado,qty7_as_1,1,7,1
2026-09,LightVehicles,leve,SUBARU,STELLA,,ICE,usado,qty7_as_1,1,7,1
2026-09,LightVehicles,leve,SUZUKI,JIMNY,,ICE,usado,qty7_as_1,1,7,1
2026-09,LightVehicles,leve,TOYOTA,2009,,ICE,usado,qty7_as_1,1,7,1
2026-09,LightVehicles,leve,TOYOTA,2024,,ICE,nuevo,qty7_as_1,1,7,1
2026-09,LightVehicles,leve,TOYOTA,4RUNNER,,HEV,nuevo,qty7_as_1,1,7,1
2026-09,LightVehicles,leve,TOYOTA,4RUNNER,,ICE,usado,qty7_as_1,1,7,1
2026-09,LightVehicles,leve,TOYOTA,ALLIION,,ICE,usado,qty7_as_1,1,7,1
2026-09,LightVehicles,leve,TOYOTA,ALPHARD,,ICE,usado,qty7_as_1,1,7,1
2026-09,LightVehicles,leve,TOYOTA,BZ3X,,BEV,nuevo,qty7_as_1,1,7,1
2026-09,LightVehicles,leve,TOYOTA,CAMRY,,HEV,usado,qty7_as_1,1,7,1
2026-09,LightVehicles,leve,TOYOTA,CARINA,,ICE,usado,qty7_as_1,1,7,1
2026-09,LightVehicles,leve,TOYOTA,CELICA,,ICE,usado,qty7_as_1,1,7,1
2026-09,LightVehicles,leve,TOYOTA,CENTURY,,ICE,usado,qty7_as_1,1,7,1
2026-09,LightVehicles,leve,TOYOTA,COROLLA AXIO,,HEV,usado,qty7_as_1,1,7,1
2026-09,LightVehicles,leve,TOYOTA,COROLLA CROSS,,ICE,usado,qty7_as_1,1,7,1
2026-09,LightVehicles,leve,TOYOTA,CROWN ATHLETE S I-FOUR,,ICE,usado,qty7_as_1,1,7,1
2026-09,LightVehicles,leve,TOYOTA,DYNA TRUCK,,ICE,usado,qty7_as_1,1,7,1
2026-09,LightVehicles,leve,TOYOTA,ESQUIRE,,ICE,usado,qty7_as_1,1,7,1
2026-09,LightVehicles,leve,TOYOTA,FJ CRUISER,,ICE,usado,qty7_as_1,1,7,1
2026-09,LightVehicles,leve,TOYOTA,FORTUNER,,ICE,usado,qty7_as_1,1,7,1
2026-09,LightVehicles,leve,TOYOTA,FUNCARCO,,ICE,usado,qty7_as_1,1,7,1
2026-09,LightVehicles,leve,TOYOTA,HIACE GRAND CABIN G,,ICE,usado,qty7_as_1,1,7,1
2026-09,LightVehicles,leve,TOYOTA,HILIX SURF,,ICE,usado,qty7_as_1,1,7,1
2026-09,LightVehicles,leve,TOYOTA,ISIS PLATANA,,ICE,usado,qty7_as_1,1,7,1
2026-09,LightVehicles,leve,TOYOTA,LAND CRUISER PRADO,,HEV,nuevo,qty7_as_1,1,7,1
2026-09,LightVehicles,leve,TOYOTA,LEVIN,,ICE,usado,qty7_as_1,1,7,1
2026-09,LightVehicles,leve,TOYOTA,LITEACE,,ICE,usado,qty7_as_1,1,7,1
2026-09,LightVehicles,leve,TOYOTA,RAIZE,,ICE,usado,qty7_as_1,1,7,1
2026-09,LightVehicles,leve,TOYOTA,RAV 4 A/O,,HEV,usado,qty7_as_1,1,7,1
2026-09,LightVehicles,leve,TOYOTA,RAV4,,ICE,usado,qty7_as_1,1,7,1
2026-09,LightVehicles,leve,TOYOTA,REGIUSACE,,ICE,usado,qty7_as_1,1,7,1
2026-09,LightVehicles,leve,TOYOTA,REGIUSACE SUPER GL,,ICE,usado,qty7_as_1,1,7,1
2026-09,LightVehicles,leve,TOYOTA,RUNX,,ICE,usado,qty7_as_1,1,7,1
2026-09,LightVehicles,leve,TOYOTA,SIENTAS,,ICE,usado,qty7_as_1,1,7,1
2026-09,LightVehicles,leve,TOYOTA,SPORTAGE,,ICE,usado,qty7_as_1,1,7,1
2026-09,LightVehicles,leve,TOYOTA,TACOMA,,HEV,nuevo,qty7_as_1,1,7,1
2026-09,LightVehicles,leve,TOYOTA,TOWNACE,,ICE,usado,qty7_as_1,1,7,1
2026-09,LightVehicles,leve,TOYOTA,TOYOACE,,ICE,usado,qty7_as_1,1,7,1
2026-09,LightVehicles,leve,TOYOTA,TUNDRA,,ICE,usado,qty7_as_1,1,7,1
2026-09,LightVehicles,leve,TOYOTA,VELLFIRE,,ICE,usado,qty7_as_1,1,7,1
2026-09,LightVehicles,leve,TOYOTA,VERSO A/O,,ICE,usado,qty7_as_1,1,7,1
2026-09,LightVehicles,leve,VOLKSWAGEN,(sin modelo),,ICE,usado,qty7_as_1,1,7,1
2026-09,LightVehicles,leve,VOLKSWAGEN,GOLF 2,,ICE,usado,qty7_as_1,1,7,1
2026-09,LightVehicles,leve,VOLKSWAGEN,PASSAT,,ICE,usado,qty7_as_1,1,7,1
2026-09,LightVehicles,leve,VOLKSWAGEN,TIGUAN,,ICE,usado,qty7_as_1,1,7,1
2026-09,LightVehicles,pesado,MERCEDES-BENZ,ATEGO,,ICE,usado,qty7_as_1,8,56,8
2026-09,LightVehicles,pesado,MERCEDES-BENZ,(sin modelo),,ICE,usado,qty7_as_1,7,49,7
2026-09,LightVehicles,pesado,SCANIA,P94,,ICE,usado,qty7_as_1,6,42,6
2026-09,LightVehicles,pesado,MERCEDES-BENZ,815,,ICE,usado,qty7_as_1,4,28,4
2026-09,LightVehicles,pesado,SCANIA,(sin modelo),,ICE,usado,qty7_as_1,4,28,4
2026-09,LightVehicles,pesado,SCANIA,124,,ICE,usado,qty7_as_1,3,21,3
2026-09,LightVehicles,pesado,SCANIA,P340,,ICE,usado,qty7_as_1,3,21,3
2026-09,LightVehicles,pesado,MERCEDES-BENZ,0 818,,ICE,usado,qty7_as_1,2,14,2
2026-09,LightVehicles,pesado,MERCEDES-BENZ,917,,ICE,usado,qty7_as_1,2,14,2
2026-09,LightVehicles,pesado,SCANIA,P310,,ICE,usado,qty7_as_1,2,14,2
2026-09,LightVehicles,pesado,IVECO,ML180E28,,ICE,usado,qty7_as_1,1,7,1
2026-09,LightVehicles,pesado,MERCEDES-BENZ,0 815,,ICE,usado,qty7_as_1,1,7,1
2026-09,LightVehicles,pesado,MERCEDES-BENZ,0 822,,ICE,usado,qty7_as_1,1,7,1
2026-09,LightVehicles,pesado,MERCEDES-BENZ,1120,,ICE,usado,qty7_as_1,1,7,1
2026-09,LightVehicles,pesado,MERCEDES-BENZ,1218,,ICE,usado,qty7_as_1,1,7,1
2026-09,LightVehicles,pesado,MERCEDES-BENZ,1314,,ICE,usado,qty7_as_1,1,7,1
2026-09,LightVehicles,pesado,MERCEDES-BENZ,1317,,ICE,usado,qty7_as_1,1,7,1
2026-09,LightVehicles,pesado,MERCEDES-BENZ,1320,,ICE,usado,qty7_as_1,1,7,1
2026-09,LightVehicles,pesado,MERCEDES-BENZ,1828,,ICE,usado,qty7_as_1,1,7,1
2026-09,LightVehicles,pesado,MERCEDES-BENZ,711,,ICE,usado,qty7_as_1,1,7,1
2026-09,LightVehicles,pesado,MERCEDES-BENZ,809,,ICE,usado,qty7_as_1,1,7,1
2026-09,LightVehicles,pesado,MERCEDES-BENZ,814,,ICE,usado,qty7_as_1,1,7,1
2026-09,LightVehicles,pesado,MERCEDES-BENZ,814D,,ICE,usado,qty7_as_1,1,7,1
2026-09,LightVehicles,pesado,MERCEDES-BENZ,ATEGO 816,,ICE,usado,qty7_as_1,1,7,1
2026-09,LightVehicles,pesado,MERCEDES-BENZ,ATEGO 918,,ICE,usado,qty7_as_1,1,7,1
2026-09,LightVehicles,pesado,MITSUBISHI,CANTER,,ICE,usado,qty7_as_1,1,7,1
2026-09,LightVehicles,pesado,SCANIA,114 - 340,,ICE,usado,qty7_as_1,1,7,1
2026-09,LightVehicles,pesado,SCANIA,124 - 360,,ICE,usado,qty7_as_1,1,7,1
2026-09,LightVehicles,pesado,SCANIA,94 - 310,,ICE,usado,qty7_as_1,1,7,1
2026-09,LightVehicles,pesado,SCANIA,AK 105,,ICE,usado,qty7_as_1,1,7,1
2026-09,LightVehicles,pesado,SCANIA,G400,,ICE,usado,qty7_as_1,1,7,1
2026-09,LightVehicles,pesado,SCANIA,P114 - 340,,ICE,usado,qty7_as_1,1,7,1
2026-09,LightVehicles,pesado,SCANIA,P270,,ICE,usado,qty7_as_1,1,7,1
2026-09,LightVehicles,pesado,SCANIA,P420,,ICE,usado,qty7_as_1,1,7,1
2026-09,LightVehicles,pesado,SCANIA,P93,,ICE,usado,qty7_as_1,1,7,1
2026-09,LightVehicles,pesado,SCANIA,P94 - 230,,ICE,usado,qty7_as_1,1,7,1
2026-09,LightVehicles,pesado,SCANIA,R420,,ICE,usado,qty7_as_1,1,7,1
2026-09,LightVehicles,pesado,VOLVO,FL7,,ICE,usado,qty7_as_1,1,7,1
2026-09,LightVehicles,pesado,VOLVO,FM12,,ICE,usado,qty7_as_1,1,7,1
2026-09,LightVehicles,recreativo,ZYCAR,(sin modelo),,ICE,nuevo,qty7_as_1,16,112,16
2026-09,LightVehicles,recreativo,CLUB CAR,PRO0995,,ICE,usado,qty7_as_1,1,7,1
2026-09,LightVehicles,recreativo,FIAT,DUCATO LMC LIBERTY,,ICE,usado,qty7_as_1,1,7,1
